date,model,actual_TMAX,prediction,lower_interval,upper_interval,interval_width,inside_interval,confidence_level
2024-05-07,Random Forest,19.2,19.01667013629121,14.054802499839635,23.978537772742786,9.923735272903151,True,0.9
2024-05-08,Random Forest,20.8,20.27272683697868,15.310859200527105,25.234594473430256,9.923735272903151,True,0.9
2024-05-09,Random Forest,18.4,21.647816432443125,16.68594879599155,26.6096840688947,9.923735272903151,True,0.9
2024-05-10,Random Forest,18.6,18.45704908680496,13.495181450353385,23.418916723256537,9.923735272903151,True,0.9
2024-05-11,Random Forest,20.6,19.53948017428293,14.577612537831353,24.501347810734504,9.923735272903151,True,0.9
2024-05-12,Random Forest,24.4,20.694852427433652,15.732984790982076,25.656720063885228,9.923735272903151,True,0.9
2024-05-13,Random Forest,29.6,20.971018203205475,16.0091505667539,25.93288583965705,9.923735272903151,False,0.9
2024-05-14,Random Forest,22.0,21.90506736425755,16.943199727805975,26.866935000709127,9.923735272903151,True,0.9
2024-05-15,Random Forest,21.0,21.742474053400816,16.78060641694924,26.70434168985239,9.923735272903151,True,0.9
2024-05-16,Random Forest,21.1,21.4269510650294,16.465083428577824,26.388818701480975,9.923735272903151,True,0.9
2024-05-17,Random Forest,24.3,21.91972766986516,16.957860033413585,26.881595306316736,9.923735272903151,True,0.9
2024-05-18,Random Forest,22.7,21.30528780467965,16.343420168228075,26.267155441131226,9.923735272903151,True,0.9
2024-05-19,Random Forest,24.8,21.197378630392212,16.235510993940636,26.159246266843788,9.923735272903151,True,0.9
2024-05-20,Random Forest,21.4,21.18821053748927,16.226342901037693,26.150078173940845,9.923735272903151,True,0.9
2024-05-21,Random Forest,21.5,21.872571736571857,16.91070410012028,26.834439373023432,9.923735272903151,True,0.9
2024-05-22,Random Forest,19.7,21.37274353008266,16.410875893631083,26.334611166534234,9.923735272903151,True,0.9
2024-05-23,Random Forest,23.4,20.30240909140737,15.340541454955794,25.264276727858945,9.923735272903151,True,0.9
2024-05-24,Random Forest,19.6,22.496058117299295,17.53419048084772,27.45792575375087,9.923735272903151,True,0.9
2024-05-25,Random Forest,20.4,20.21872512029549,15.256857483843913,25.180592756747064,9.923735272903151,True,0.9
2024-05-26,Random Forest,22.0,21.526788261660098,16.564920625208522,26.488655898111674,9.923735272903151,True,0.9
2024-05-27,Random Forest,27.2,20.551677363798554,15.589809727346978,25.51354500025013,9.923735272903151,False,0.9
2024-05-28,Random Forest,32.5,22.735665349511887,17.77379771306031,27.697532985963463,9.923735272903151,False,0.9
2024-05-29,Random Forest,17.2,23.635598642877024,18.67373100642545,28.5974662793286,9.923735272903151,False,0.9
2024-05-30,Random Forest,17.3,16.936663524123507,11.974795887671931,21.898531160575082,9.923735272903151,True,0.9
2024-05-31,Random Forest,18.7,19.63677064204336,14.674903005591784,24.598638278494935,9.923735272903151,True,0.9
2024-06-01,Random Forest,18.4,21.063875899571048,16.102008263119473,26.025743536022624,9.923735272903151,True,0.9
2024-06-02,Random Forest,15.1,20.341326705451845,15.37945906900027,25.30319434190342,9.923735272903151,False,0.9
2024-06-03,Random Forest,19.3,16.48304244252273,11.521174806071155,21.444910078974306,9.923735272903151,True,0.9
2024-06-04,Random Forest,17.5,16.797023830050122,11.835156193598547,21.758891466501698,9.923735272903151,True,0.9
2024-06-05,Random Forest,17.2,16.183457432109137,11.221589795657561,21.145325068560712,9.923735272903151,True,0.9
2024-06-06,Random Forest,17.1,16.061863394087574,11.099995757635998,21.02373103053915,9.923735272903151,True,0.9
2024-06-07,Random Forest,17.8,17.18623153440064,12.224363897949065,22.148099170852216,9.923735272903151,True,0.9
2024-06-08,Random Forest,17.2,19.83674007871941,14.874872442267833,24.798607715170984,9.923735272903151,True,0.9
2024-06-09,Random Forest,25.5,18.22361326805362,13.261745631602043,23.185480904505194,9.923735272903151,False,0.9
2024-06-10,Random Forest,24.3,22.717289423649405,17.75542178719783,27.67915706010098,9.923735272903151,True,0.9
2024-06-11,Random Forest,19.2,17.936523604782153,12.974655968330577,22.89839124123373,9.923735272903151,True,0.9
2024-06-12,Random Forest,18.9,17.362806133877765,12.40093849742619,22.32467377032934,9.923735272903151,True,0.9
2024-06-13,Random Forest,19.6,19.498051816117183,14.536184179665607,24.45991945256876,9.923735272903151,True,0.9
2024-06-14,Random Forest,20.6,20.31616533196843,15.354297695516856,25.278032968420007,9.923735272903151,True,0.9
2024-06-15,Random Forest,22.2,20.121946606331466,15.16007896987989,25.083814242783042,9.923735272903151,True,0.9
2024-06-16,Random Forest,20.1,21.41659740909343,16.454729772641855,26.378465045545006,9.923735272903151,True,0.9
2024-06-17,Random Forest,18.3,20.312375314085504,15.350507677633928,25.27424295053708,9.923735272903151,True,0.9
2024-06-18,Random Forest,16.6,16.75113116885217,11.789263532400593,21.712998805303744,9.923735272903151,True,0.9
2024-06-19,Random Forest,17.0,16.656503550596508,11.694635914144932,21.618371187048083,9.923735272903151,True,0.9
2024-06-20,Random Forest,18.1,17.262193892870535,12.300326256418959,22.22406152932211,9.923735272903151,True,0.9
2024-06-21,Random Forest,19.2,16.218879657972295,11.257012021520719,21.18074729442387,9.923735272903151,True,0.9
2024-06-22,Random Forest,20.8,17.774951135325182,12.813083498873606,22.736818771776758,9.923735272903151,True,0.9
2024-06-23,Random Forest,17.8,18.395288553806402,13.433420917354827,23.357156190257978,9.923735272903151,True,0.9
2024-06-24,Random Forest,17.7,19.316949266755167,14.35508163030359,24.278816903206742,9.923735272903151,True,0.9
2024-06-25,Random Forest,20.2,18.15823354691164,13.196365910460063,23.120101183363214,9.923735272903151,True,0.9
2024-06-26,Random Forest,25.1,19.460492393049474,14.498624756597899,24.42236002950105,9.923735272903151,False,0.9
2024-06-27,Random Forest,26.6,25.284674841430284,20.32280720497871,30.24654247788186,9.923735272903151,True,0.9
2024-06-28,Random Forest,21.4,22.413912657035766,17.45204502058419,27.37578029348734,9.923735272903151,True,0.9
2024-06-29,Random Forest,19.6,19.81098833783427,14.849120701382695,24.772855974285847,9.923735272903151,True,0.9
2024-06-30,Random Forest,17.0,20.9205854973922,15.958717860940624,25.882453133843775,9.923735272903151,True,0.9
2024-07-01,Random Forest,17.0,18.28327617957851,13.321408543126935,23.245143816030087,9.923735272903151,True,0.9
2024-07-02,Random Forest,15.5,17.158669140800708,12.196801504349132,22.120536777252283,9.923735272903151,True,0.9
2024-07-03,Random Forest,16.5,14.322530895357795,9.36066325890622,19.284398531809373,9.923735272903153,True,0.9
2024-07-04,Random Forest,17.0,15.339002726655005,10.37713509020343,20.300870363106583,9.923735272903153,True,0.9
2024-07-05,Random Forest,21.8,17.099401939810285,12.13753430335871,22.06126957626186,9.923735272903151,True,0.9
2024-07-06,Random Forest,14.6,21.190512570547387,16.22864493409581,26.152380206998963,9.923735272903151,False,0.9
2024-07-07,Random Forest,13.1,13.453622081197686,8.49175444474611,18.415489717649262,9.923735272903151,True,0.9
2024-07-08,Random Forest,15.4,15.13787170005552,10.176004063603944,20.099739336507096,9.923735272903151,True,0.9
2024-07-09,Random Forest,17.0,14.878233788142381,9.916366151690806,19.840101424593957,9.923735272903151,True,0.9
2024-07-10,Random Forest,17.2,16.256984844518303,11.295117208066728,21.21885248096988,9.923735272903151,True,0.9
2024-07-11,Random Forest,15.1,16.357136332473644,11.395268696022068,21.31900396892522,9.923735272903151,True,0.9
2024-07-12,Random Forest,13.4,16.491951949823598,11.530084313372022,21.453819586275173,9.923735272903151,True,0.9
2024-07-13,Random Forest,15.1,14.441103123312454,9.479235486860878,19.40297075976403,9.923735272903153,True,0.9
2024-07-14,Random Forest,16.3,14.534166425238983,9.572298788787407,19.49603406169056,9.923735272903151,True,0.9
2024-07-15,Random Forest,15.4,15.290493172167965,10.32862553571639,20.252360808619542,9.923735272903153,True,0.9
2024-07-16,Random Forest,14.9,14.887809272209113,9.925941635757537,19.84967690866069,9.923735272903153,True,0.9
2024-07-17,Random Forest,15.2,16.542160264525293,11.580292628073718,21.50402790097687,9.923735272903151,True,0.9
2024-07-18,Random Forest,16.1,14.000601815112244,9.038734178660668,18.96246945156382,9.923735272903151,True,0.9
2024-07-19,Random Forest,14.5,15.234810250972068,10.272942614520492,20.196677887423643,9.923735272903151,True,0.9
2024-07-20,Random Forest,14.2,15.51511774093895,10.553250104487374,20.476985377390527,9.923735272903153,True,0.9
2024-07-21,Random Forest,16.0,16.98252342028752,12.020655783835945,21.944391056739097,9.923735272903151,True,0.9
2024-07-22,Random Forest,15.4,16.670729971847326,11.70886233539575,21.6325976082989,9.923735272903151,True,0.9
2024-07-23,Random Forest,15.1,15.539190989721531,10.577323353269955,20.501058626173105,9.92373527290315,True,0.9
2024-07-24,Random Forest,18.7,15.345230178939941,10.383362542488365,20.307097815391515,9.92373527290315,True,0.9
2024-07-25,Random Forest,16.9,16.91305263283563,11.951184996384054,21.874920269287205,9.923735272903151,True,0.9
2024-07-26,Random Forest,14.4,16.134804517789217,11.172936881337641,21.096672154240792,9.923735272903151,True,0.9
2024-07-27,Random Forest,13.4,14.443568619425326,9.48170098297375,19.4054362558769,9.92373527290315,True,0.9
2024-07-28,Random Forest,14.4,15.098296449447028,10.136428812995453,20.060164085898606,9.923735272903153,True,0.9
2024-07-29,Random Forest,13.9,14.224682611951078,9.262814975499502,19.186550248402654,9.923735272903151,True,0.9
2024-07-30,Random Forest,14.0,14.984817787023303,10.022950150571727,19.94668542347488,9.923735272903151,True,0.9
2024-07-31,Random Forest,15.6,16.792775749027893,11.830908112576317,21.75464338547947,9.923735272903151,True,0.9
2024-08-01,Random Forest,15.4,16.75331831537663,11.791450678925056,21.715185951828207,9.923735272903151,True,0.9
2024-08-02,Random Forest,20.0,17.98047966538944,13.018612028937863,22.942347301841014,9.923735272903151,True,0.9
2024-08-03,Random Forest,13.8,19.766470667993925,14.80460303154235,24.7283383044455,9.923735272903151,False,0.9
2024-08-04,Random Forest,14.9,13.746179164095098,8.784311527643522,18.708046800546676,9.923735272903153,True,0.9
2024-08-05,Random Forest,18.3,16.37157429416308,11.409706657711503,21.333441930614654,9.923735272903151,True,0.9
2024-08-06,Random Forest,17.0,17.790016390036463,12.828148753584887,22.75188402648804,9.923735272903151,True,0.9
2024-08-07,Random Forest,14.4,18.635666108594013,13.673798472142437,23.597533745045588,9.923735272903151,True,0.9
2024-08-08,Random Forest,16.0,15.303462406948256,10.34159477049668,20.265330043399832,9.923735272903151,True,0.9
2024-08-09,Random Forest,17.0,16.337326237411773,11.375458600960197,21.29919387386335,9.923735272903151,True,0.9
2024-08-10,Random Forest,16.5,15.941996635932716,10.98012899948114,20.90386427238429,9.92373527290315,True,0.9
2024-08-11,Random Forest,16.8,16.25365974338907,11.291792106937493,21.215527379840644,9.923735272903151,True,0.9
2024-08-12,Random Forest,16.4,16.907101999666427,11.945234363214851,21.868969636118003,9.923735272903151,True,0.9
2024-08-13,Random Forest,13.9,13.969030583010035,9.00716294655846,18.93089821946161,9.923735272903151,True,0.9
2024-08-14,Random Forest,18.4,17.355563482467044,12.393695846015468,22.31743111891862,9.923735272903151,True,0.9
2024-08-15,Random Forest,17.4,17.0028529657183,12.040985329266725,21.964720602169876,9.923735272903151,True,0.9
2024-08-16,Random Forest,15.4,19.124777450386393,14.162909813934817,24.08664508683797,9.923735272903151,True,0.9
2024-08-17,Random Forest,18.0,16.245542766033264,11.283675129581688,21.20741040248484,9.923735272903151,True,0.9
2024-08-18,Random Forest,21.1,16.62667198944749,11.664804352995915,21.588539625899067,9.923735272903151,True,0.9
2024-08-19,Random Forest,19.9,20.03434088637265,15.072473249921075,24.996208522824226,9.923735272903151,True,0.9
2024-08-20,Random Forest,14.7,20.48242893176036,15.520561295308784,25.444296568211936,9.923735272903151,False,0.9
2024-08-21,Random Forest,18.0,14.464581215178802,9.502713578727226,19.426448851630376,9.92373527290315,True,0.9
2024-08-22,Random Forest,24.5,16.58359806495812,11.621730428506545,21.545465701409697,9.923735272903151,False,0.9
2024-08-23,Random Forest,17.0,20.444877123315845,15.483009486864269,25.40674475976742,9.923735272903151,True,0.9
2024-08-24,Random Forest,17.0,16.62053989158916,11.658672255137585,21.582407528040736,9.923735272903151,True,0.9
2024-08-25,Random Forest,16.2,17.283110090944426,12.32124245449285,22.244977727396,9.923735272903151,True,0.9
2024-08-26,Random Forest,14.1,16.54734856594887,11.585480929497294,21.509216202400445,9.923735272903151,True,0.9
2024-08-27,Random Forest,11.8,15.413701666165608,10.451834029714032,20.375569302617183,9.923735272903151,True,0.9
2024-08-28,Random Forest,12.9,15.586609330638433,10.624741694186858,20.54847696709001,9.923735272903153,True,0.9
2024-08-29,Random Forest,17.2,16.823595136313678,11.861727499862102,21.785462772765253,9.923735272903151,True,0.9
2024-08-30,Random Forest,25.0,18.15652656441051,13.194658927958933,23.118394200862085,9.923735272903151,False,0.9
2024-08-31,Random Forest,19.1,21.54370552365996,16.581837887208383,26.505573160111535,9.923735272903151,True,0.9
2024-09-01,Random Forest,29.4,19.931184965554245,14.969317329102669,24.89305260200582,9.923735272903151,False,0.9
2024-09-02,Random Forest,20.2,24.691750913571504,19.729883277119928,29.65361855002308,9.923735272903151,True,0.9
2024-09-03,Random Forest,17.5,19.001259541110954,14.039391904659379,23.96312717756253,9.923735272903151,True,0.9
2024-09-04,Random Forest,14.6,18.76819996361179,13.806332327160213,23.730067600063364,9.923735272903151,True,0.9
2024-09-05,Random Forest,16.6,16.61782035821967,11.655952721768095,21.579687994671247,9.923735272903151,True,0.9
2024-09-06,Random Forest,15.8,16.598093363302716,11.63622572685114,21.559960999754292,9.923735272903151,True,0.9
2024-09-07,Random Forest,14.6,18.431817692318358,13.469950055866782,23.393685328769934,9.923735272903151,True,0.9
2024-09-08,Random Forest,19.0,16.543951880764318,11.582084244312743,21.505819517215894,9.923735272903151,True,0.9
2024-09-09,Random Forest,20.8,18.7479910158113,13.786123379359726,23.709858652262877,9.923735272903151,True,0.9
2024-09-10,Random Forest,23.8,21.608656638433622,16.646789001982047,26.570524274885198,9.923735272903151,True,0.9
2024-09-11,Random Forest,19.6,21.412970864552776,16.4511032281012,26.37483850100435,9.923735272903151,True,0.9
2024-09-12,Random Forest,17.8,17.8762620609678,12.914394424516225,22.838129697419376,9.923735272903151,True,0.9
2024-09-13,Random Forest,19.5,17.93661948796583,12.974751851514256,22.898487124417407,9.923735272903151,True,0.9
2024-09-14,Random Forest,18.0,19.3570440834663,14.395176447014723,24.318911719917875,9.923735272903151,True,0.9
2024-09-15,Random Forest,17.3,19.04307688042667,14.081209243975096,24.004944516878247,9.923735272903151,True,0.9
2024-09-16,Random Forest,16.6,18.3600954497484,13.398227813296824,23.321963086199975,9.923735272903151,True,0.9
2024-09-17,Random Forest,15.9,19.900869722637307,14.939002086185731,24.862737359088882,9.923735272903151,True,0.9
2024-09-18,Random Forest,15.9,16.555741792008394,11.593874155556819,21.51760942845997,9.923735272903151,True,0.9
2024-09-19,Random Forest,20.0,17.052457439963934,12.090589803512358,22.01432507641551,9.923735272903151,True,0.9
2024-09-20,Random Forest,22.5,19.92977423416458,14.967906597713004,24.891641870616155,9.923735272903151,True,0.9
2024-09-21,Random Forest,26.0,21.713119493579317,16.75125185712774,26.674987130030893,9.923735272903151,True,0.9
2024-09-22,Random Forest,26.1,24.221559711523913,19.259692075072337,29.18342734797549,9.923735272903151,True,0.9
2024-09-23,Random Forest,20.9,23.39721962039019,18.435351983938613,28.359087256841764,9.923735272903151,True,0.9
2024-09-24,Random Forest,17.4,21.269699655472532,16.307832019020957,26.231567291924108,9.923735272903151,True,0.9
2024-09-25,Random Forest,19.8,17.95179260605832,12.989924969606744,22.913660242509895,9.923735272903151,True,0.9
2024-09-26,Random Forest,17.5,20.353666202088295,15.39179856563672,25.31553383853987,9.923735272903151,True,0.9
2024-09-27,Random Forest,17.1,19.61008718241139,14.648219545959815,24.571954818862967,9.923735272903151,True,0.9
2024-09-28,Random Forest,14.6,16.17164025304321,11.209772616591636,21.133507889494787,9.923735272903151,True,0.9
2024-09-29,Random Forest,14.4,16.91673579808367,11.954868161632096,21.878603434535247,9.923735272903151,True,0.9
2024-09-30,Random Forest,15.1,16.210618703996595,11.248751067545019,21.17248634044817,9.923735272903151,True,0.9
2024-10-01,Random Forest,22.9,16.970381835865037,12.008514199413462,21.932249472316613,9.923735272903151,False,0.9
2024-10-02,Random Forest,28.8,21.668549903879505,16.70668226742793,26.63041754033108,9.923735272903151,False,0.9
2024-10-03,Random Forest,28.7,25.552052837011313,20.590185200559738,30.51392047346289,9.923735272903151,True,0.9
2024-10-04,Random Forest,26.6,25.343716587662456,20.38184895121088,30.305584224114032,9.923735272903151,True,0.9
2024-10-05,Random Forest,26.3,24.814289796216794,19.85242215976522,29.77615743266837,9.923735272903151,True,0.9
2024-10-06,Random Forest,30.8,23.57281012895112,18.610942492499543,28.534677765402694,9.923735272903151,False,0.9
2024-10-07,Random Forest,24.0,28.1078529295765,23.145985293124923,33.069720566028074,9.923735272903151,True,0.9
2024-10-08,Random Forest,22.3,22.88010349086741,17.918235854415833,27.841971127318985,9.923735272903151,True,0.9
2024-10-09,Random Forest,19.6,23.473160206083012,18.511292569631436,28.435027842534588,9.923735272903151,True,0.9
2024-10-10,Random Forest,20.9,21.019290186549902,16.057422550098327,25.981157823001478,9.923735272903151,True,0.9
2024-10-11,Random Forest,22.1,21.322533079807805,16.36066544335623,26.28440071625938,9.923735272903151,True,0.9
2024-10-12,Random Forest,21.7,22.141062959646263,17.179195323194687,27.10293059609784,9.923735272903151,True,0.9
2024-10-13,Random Forest,19.5,21.671482496958856,16.70961486050728,26.63335013341043,9.923735272903151,True,0.9
2024-10-14,Random Forest,28.6,20.930225948529277,15.9683583120777,25.892093584980852,9.923735272903151,False,0.9
2024-10-15,Random Forest,29.5,24.396738411724602,19.434870775273026,29.358606048176178,9.923735272903151,False,0.9
2024-10-16,Random Forest,22.0,24.153417630344116,19.19154999389254,29.11528526679569,9.923735272903151,True,0.9
2024-10-17,Random Forest,19.7,21.58541173312673,16.623544096675154,26.547279369578305,9.923735272903151,True,0.9
2024-10-18,Random Forest,18.3,21.656678663027105,16.69481102657553,26.61854629947868,9.923735272903151,True,0.9
2024-10-19,Random Forest,21.3,21.28245550786607,16.320587871414496,26.244323144317647,9.923735272903151,True,0.9
2024-10-20,Random Forest,25.8,23.532960009805578,18.571092373354002,28.494827646257153,9.923735272903151,True,0.9
2024-10-21,Random Forest,27.5,23.054179234298466,18.09231159784689,28.016046870750042,9.923735272903151,True,0.9
2024-10-22,Random Forest,29.6,23.89444664800514,18.932579011553564,28.856314284456715,9.923735272903151,False,0.9
2024-10-23,Random Forest,20.8,26.707322735557987,21.74545509910641,31.669190372009563,9.923735272903151,False,0.9
2024-10-24,Random Forest,20.7,23.193309795021033,18.231442158569457,28.15517743147261,9.923735272903151,True,0.9
2024-10-25,Random Forest,27.5,21.73351989361244,16.771652257160863,26.695387530064014,9.923735272903151,False,0.9
2024-10-26,Random Forest,18.4,25.435615384541013,20.473747748089437,30.39748302099259,9.923735272903151,False,0.9
2024-10-27,Random Forest,20.2,19.078151864489573,14.116284228037998,24.04001950094115,9.923735272903151,True,0.9
2024-10-28,Random Forest,20.2,21.357239527844612,16.395371891393037,26.319107164296188,9.923735272903151,True,0.9
2024-10-29,Random Forest,23.0,22.238491471749494,17.27662383529792,27.20035910820107,9.923735272903151,True,0.9
2024-10-30,Random Forest,25.6,23.357909622034626,18.39604198558305,28.3197772584862,9.923735272903151,True,0.9
2024-10-31,Random Forest,25.3,24.219422180297382,19.257554543845806,29.181289816748958,9.923735272903151,True,0.9
2024-11-01,Random Forest,23.9,22.440359629503742,17.478491993052167,27.402227265955318,9.923735272903151,True,0.9
2024-11-02,Random Forest,21.8,21.691706630479395,16.72983899402782,26.65357426693097,9.923735272903151,True,0.9
2024-11-03,Random Forest,15.4,23.457216336461048,18.495348700009473,28.419083972912624,9.923735272903151,False,0.9
2024-11-04,Random Forest,19.8,17.341412410285585,12.37954477383401,22.30328004673716,9.923735272903151,True,0.9
2024-11-05,Random Forest,24.1,21.737732255806204,16.77586461935463,26.69959989225778,9.923735272903151,True,0.9
2024-11-06,Random Forest,30.0,25.07706052078612,20.115192884334544,30.038928157237695,9.923735272903151,True,0.9
2024-11-07,Random Forest,25.0,26.109254732909925,21.14738709645835,31.0711223693615,9.923735272903151,True,0.9
2024-11-08,Random Forest,26.1,24.074450130164916,19.11258249371334,29.03631776661649,9.923735272903151,True,0.9
2024-11-09,Random Forest,23.0,25.183381377706183,20.221513741254608,30.14524901415776,9.923735272903151,True,0.9
2024-11-10,Random Forest,26.9,23.276341165728706,18.31447352927713,28.23820880218028,9.923735272903151,True,0.9
2024-11-11,Random Forest,21.3,24.914848586859513,19.952980950407937,29.87671622331109,9.923735272903151,True,0.9
2024-11-12,Random Forest,23.1,23.128486403474767,18.16661876702319,28.090354039926343,9.923735272903151,True,0.9
2024-11-13,Random Forest,27.5,24.111433135725743,19.149565499274168,29.07330077217732,9.923735272903151,True,0.9
2024-11-14,Random Forest,25.2,24.80326466026968,19.841397023818104,29.765132296721255,9.923735272903151,True,0.9
2024-11-15,Random Forest,21.5,23.036831981494792,18.074964345043217,27.998699617946368,9.923735272903151,True,0.9
2024-11-16,Random Forest,27.4,23.726186120061122,18.764318483609546,28.688053756512698,9.923735272903151,True,0.9
2024-11-17,Random Forest,22.5,24.974567364732046,20.01269972828047,29.93643500118362,9.923735272903151,True,0.9
2024-11-18,Random Forest,24.9,23.78947347523706,18.827605838785484,28.751341111688635,9.923735272903151,True,0.9
2024-11-19,Random Forest,25.7,24.83797336695205,19.876105730500473,29.799841003403625,9.923735272903151,True,0.9
2024-11-20,Random Forest,24.9,22.436383610936993,17.474515974485417,27.39825124738857,9.923735272903151,True,0.9
2024-11-21,Random Forest,24.1,25.998274859758475,21.0364072233069,30.96014249621005,9.923735272903151,True,0.9
2024-11-22,Random Forest,24.9,24.878854426991534,19.91698679053996,29.84072206344311,9.923735272903151,True,0.9
2024-11-23,Random Forest,28.5,25.17921338841851,20.217345751966935,30.141081024870086,9.923735272903151,True,0.9
2024-11-24,Random Forest,23.8,24.612484859611914,19.65061722316034,29.57435249606349,9.923735272903151,True,0.9
2024-11-25,Random Forest,19.5,22.83340577897645,17.871538142524873,27.795273415428024,9.923735272903151,True,0.9
2024-11-26,Random Forest,20.5,22.16823111289713,17.206363476445553,27.130098749348704,9.923735272903151,True,0.9
2024-11-27,Random Forest,24.5,20.889773742145334,15.927906105693758,25.85164137859691,9.923735272903151,True,0.9
2024-11-28,Random Forest,27.5,24.530230105191105,19.56836246873953,29.49209774164268,9.923735272903151,True,0.9
2024-11-29,Random Forest,23.3,24.887224437087177,19.9253568006356,29.849092073538753,9.923735272903151,True,0.9
2024-11-30,Random Forest,23.2,24.4638042115734,19.501936575121825,29.425671848024976,9.923735272903151,True,0.9
2024-12-01,Random Forest,27.8,24.33943719848586,19.377569562034285,29.301304834937437,9.923735272903151,True,0.9
2024-12-02,Random Forest,25.5,25.125323532173926,20.16345589572235,30.087191168625502,9.923735272903151,True,0.9
2024-12-03,Random Forest,27.0,23.387502980539384,18.42563534408781,28.34937061699096,9.923735272903151,True,0.9
2024-12-04,Random Forest,23.7,24.970104247526717,20.00823661107514,29.931971883978292,9.923735272903151,True,0.9
2024-12-05,Random Forest,20.9,22.96336951510119,18.001501878649613,27.925237151552764,9.923735272903151,True,0.9
2024-12-06,Random Forest,24.8,22.523564567154928,17.561696930703352,27.485432203606504,9.923735272903151,True,0.9
2024-12-07,Random Forest,23.5,25.277001161496052,20.315133525044477,30.238868797947628,9.923735272903151,True,0.9
2024-12-08,Random Forest,29.6,24.228789716442417,19.26692207999084,29.190657352893993,9.923735272903151,False,0.9
2024-12-09,Random Forest,27.2,25.61854590171159,20.656678265260016,30.580413538163167,9.923735272903151,True,0.9
2024-12-10,Random Forest,26.5,24.864231474210634,19.902363837759058,29.82609911066221,9.923735272903151,True,0.9
2024-12-11,Random Forest,25.0,25.37362734617708,20.411759709725505,30.335494982628656,9.923735272903151,True,0.9
2024-12-12,Random Forest,22.3,23.917272749427568,18.955405112975992,28.879140385879143,9.923735272903151,True,0.9
2024-12-13,Random Forest,24.6,22.573679960522526,17.61181232407095,27.5355475969741,9.923735272903151,True,0.9
2024-12-14,Random Forest,20.4,24.443137315772734,19.48126967932116,29.40500495222431,9.923735272903151,True,0.9
2024-12-15,Random Forest,22.6,21.11129626468302,16.149428628231444,26.073163901134595,9.923735272903151,True,0.9
2024-12-16,Random Forest,22.8,24.831985872090513,19.870118235638937,29.79385350854209,9.923735272903151,True,0.9
2024-12-17,Random Forest,23.2,25.283726012456793,20.321858376005217,30.24559364890837,9.923735272903151,True,0.9
2024-12-18,Random Forest,25.8,24.023190693945747,19.06132305749417,28.985058330397322,9.923735272903151,True,0.9
2024-12-19,Random Forest,25.0,24.955669017136714,19.993801380685138,29.91753665358829,9.923735272903151,True,0.9
2024-12-20,Random Forest,26.0,25.52078984296187,20.558922206510296,30.482657479413447,9.923735272903151,True,0.9
2024-12-21,Random Forest,26.5,27.584435932733875,22.6225682962823,32.546303569185454,9.923735272903155,True,0.9
2024-12-22,Random Forest,22.9,26.10602848632158,21.144160849870005,31.067896122773156,9.923735272903151,True,0.9
2024-12-23,Random Forest,28.2,24.92266677033117,19.960799133879593,29.884534406782745,9.923735272903151,True,0.9
2024-12-24,Random Forest,33.6,27.68405910240325,22.722191465951674,32.645926738854826,9.923735272903151,False,0.9
2024-12-25,Random Forest,35.6,31.098028320209693,26.136160683758117,36.059895956661265,9.923735272903148,True,0.9
2024-12-26,Random Forest,26.1,29.902945891700057,24.94107825524848,34.86481352815163,9.923735272903148,True,0.9
2024-12-27,Random Forest,27.9,25.058245245658746,20.09637760920717,30.020112882110322,9.923735272903151,True,0.9
2024-12-28,Random Forest,27.2,28.181544097282003,23.219676460830428,33.14341173373358,9.923735272903151,True,0.9
2024-12-29,Random Forest,26.9,24.584615789517944,19.622748153066368,29.54648342596952,9.923735272903151,True,0.9
2024-12-30,Random Forest,25.6,24.476378369387078,19.514510732935502,29.438246005838653,9.923735272903151,True,0.9
2024-12-31,Random Forest,25.7,26.026432479932698,21.064564843481122,30.988300116384274,9.923735272903151,True,0.9
2025-01-01,Random Forest,23.6,26.39076967068977,21.428902034238195,31.352637307141347,9.923735272903151,True,0.9
2025-01-02,Random Forest,26.0,26.487133614679877,21.5252659782283,31.449001251131453,9.923735272903151,True,0.9
2025-01-03,Random Forest,29.0,27.26636910152666,22.304501465075084,32.228236737978236,9.923735272903151,True,0.9
2025-01-04,Random Forest,22.4,26.76657807710125,21.804710440649675,31.728445713552826,9.923735272903151,True,0.9
2025-01-05,Random Forest,22.8,25.051228344919267,20.08936070846769,30.013095981370842,9.923735272903151,True,0.9
2025-01-06,Random Forest,24.8,26.88963128595372,21.927763649502143,31.851498922405295,9.923735272903151,True,0.9
2025-01-07,Random Forest,24.9,27.055035323010273,22.093167686558697,32.016902959461845,9.923735272903148,True,0.9
2025-01-08,Random Forest,26.0,26.288724682324084,21.326857045872508,31.25059231877566,9.923735272903151,True,0.9
2025-01-09,Random Forest,24.0,26.577334324568806,21.61546668811723,31.53920196102038,9.923735272903151,True,0.9
2025-01-10,Random Forest,26.4,26.447907459294473,21.486039822842898,31.40977509574605,9.923735272903151,True,0.9
2025-01-11,Random Forest,25.3,26.060944909850374,21.099077273398798,31.02281254630195,9.923735272903151,True,0.9
2025-01-12,Random Forest,31.1,25.65931937691808,20.697451740466505,30.621187013369656,9.923735272903151,False,0.9
2025-01-13,Random Forest,24.5,28.78175093614141,23.819883299689835,33.743618572592986,9.923735272903151,True,0.9
2025-01-14,Random Forest,21.2,24.1463663849813,19.184498748529723,29.108234021432875,9.923735272903151,True,0.9
2025-01-15,Random Forest,25.4,23.21445449570033,18.252586859248755,28.176322132151906,9.923735272903151,True,0.9
2025-01-16,Random Forest,29.0,27.35912279612674,22.397255159675165,32.32099043257831,9.923735272903148,True,0.9
2025-01-17,Random Forest,23.9,25.983216565238326,21.02134892878675,30.9450842016899,9.923735272903151,True,0.9
2025-01-18,Random Forest,25.6,26.210081174063554,21.248213537611978,31.17194881051513,9.923735272903151,True,0.9
2025-01-19,Random Forest,24.1,26.203308739744227,21.24144110329265,31.165176376195802,9.923735272903151,True,0.9
2025-01-20,Random Forest,34.7,25.754711246907544,20.792843610455968,30.71657888335912,9.923735272903151,False,0.9
2025-01-21,Random Forest,35.8,32.283493830320474,27.321626193868898,37.24536146677205,9.923735272903155,True,0.9
2025-01-22,Random Forest,28.8,29.259820014095816,24.29795237764424,34.221687650547395,9.923735272903155,True,0.9
2025-01-23,Random Forest,28.5,25.240987175205277,20.2791195387537,30.202854811656852,9.923735272903151,True,0.9
2025-01-24,Random Forest,30.5,26.03444611136421,21.072578474912635,30.996313747815787,9.923735272903151,True,0.9
2025-01-25,Random Forest,26.5,27.97112239964757,23.009254763195994,32.93299003609914,9.923735272903148,True,0.9
2025-01-26,Random Forest,27.5,26.756883224849812,21.795015588398236,31.718750861301388,9.923735272903151,True,0.9
2025-01-27,Random Forest,35.8,27.86168666092067,22.899819024469096,32.82355429737225,9.923735272903151,False,0.9
2025-01-28,Random Forest,31.4,30.163601038995246,25.20173340254367,35.125468675446825,9.923735272903155,True,0.9
2025-01-29,Random Forest,25.8,27.35990738333509,22.398039746883516,32.32177501978667,9.923735272903155,True,0.9
2025-01-30,Random Forest,24.0,25.33648413565901,20.374616499207434,30.298351772110586,9.923735272903151,True,0.9
2025-01-31,Random Forest,24.9,26.14347778461812,21.181610148166545,31.105345421069696,9.923735272903151,True,0.9
2025-02-01,Random Forest,25.5,26.797647530915253,21.835779894463677,31.75951516736683,9.923735272903151,True,0.9
2025-02-02,Random Forest,25.2,26.634410896391707,21.67254325994013,31.596278532843282,9.923735272903151,True,0.9
2025-02-03,Random Forest,25.1,26.733214318936554,21.771346682484978,31.69508195538813,9.923735272903151,True,0.9
2025-02-04,Random Forest,21.1,26.537928683103697,21.57606104665212,31.499796319555273,9.923735272903151,False,0.9
2025-02-05,Random Forest,27.4,23.538108017532355,18.57624038108078,28.49997565398393,9.923735272903151,True,0.9
2025-02-06,Random Forest,36.2,27.900968123597075,22.9391004871455,32.862835760048654,9.923735272903155,False,0.9
2025-02-07,Random Forest,26.8,30.41476805501487,25.452900418563296,35.37663569146645,9.923735272903151,True,0.9
2025-02-08,Random Forest,23.5,25.855433277839957,20.89356564138838,30.817300914291533,9.923735272903151,True,0.9
2025-02-09,Random Forest,27.5,27.101500574239285,22.13963293778771,32.06336821069086,9.923735272903151,True,0.9
2025-02-10,Random Forest,30.7,27.050092415295058,22.088224778843482,32.011960051746634,9.923735272903151,True,0.9
2025-02-11,Random Forest,31.9,28.588885890469793,23.627018254018218,33.55075352692137,9.923735272903151,True,0.9
2025-02-12,Random Forest,22.4,26.666488616424086,21.70462097997251,31.628356252875662,9.923735272903151,True,0.9
2025-02-13,Random Forest,22.9,24.740540464880336,19.77867282842876,29.702408101331912,9.923735272903151,True,0.9
2025-02-14,Random Forest,26.2,26.47659511961463,21.514727483163053,31.438462756066205,9.923735272903151,True,0.9
2025-02-15,Random Forest,25.5,27.852830299271602,22.890962662820026,32.814697935723174,9.923735272903148,True,0.9
2025-02-16,Random Forest,27.4,27.274597683024663,22.312730046573087,32.23646531947624,9.923735272903151,True,0.9
2025-02-17,Random Forest,26.3,27.78898311446512,22.827115478013543,32.7508507509167,9.923735272903155,True,0.9
2025-02-18,Random Forest,33.8,27.507563234293006,22.54569559784143,32.46943087074458,9.923735272903151,False,0.9
2025-02-19,Random Forest,34.7,30.100750944155656,25.13888330770408,35.062618580607236,9.923735272903155,True,0.9
2025-02-20,Random Forest,27.6,27.167700531737687,22.20583289528611,32.129568168189266,9.923735272903155,True,0.9
2025-02-21,Random Forest,28.8,24.499255808167703,19.537388171716128,29.46112344461928,9.923735272903151,True,0.9
2025-02-22,Random Forest,23.6,28.21707908245922,23.255211446007646,33.178946718910794,9.923735272903148,True,0.9
2025-02-23,Random Forest,25.8,26.939127519753168,21.977259883301592,31.900995156204743,9.923735272903151,True,0.9
2025-02-24,Random Forest,26.5,26.432480542123294,21.470612905671718,31.39434817857487,9.923735272903151,True,0.9
2025-02-25,Random Forest,31.7,28.011114571020777,23.0492469345692,32.972982207472356,9.923735272903155,True,0.9
2025-02-26,Random Forest,28.1,30.99823689877671,26.036369262325135,35.96010453522828,9.923735272903148,True,0.9
2025-02-27,Random Forest,28.1,27.43742896657966,22.475561330128084,32.39929660303123,9.923735272903148,True,0.9
2025-02-28,Random Forest,25.8,28.201990326704454,23.24012269025288,33.16385796315603,9.923735272903155,True,0.9
2025-03-01,Random Forest,34.5,26.34783656587846,21.385968929426884,31.309704202330035,9.923735272903151,False,0.9
2025-03-02,Random Forest,35.2,30.044898934202326,25.08303129775075,35.0067665706539,9.923735272903151,False,0.9
2025-03-03,Random Forest,26.5,27.50070818226985,22.538840545818275,32.462575818721426,9.923735272903151,True,0.9
2025-03-04,Random Forest,27.9,25.04623729097048,20.084369654518905,30.008104927422057,9.923735272903151,True,0.9
2025-03-05,Random Forest,25.3,27.385357475343355,22.42348983889178,32.34722511179493,9.923735272903148,True,0.9
2025-03-06,Random Forest,27.8,25.44823877936548,20.486371142913903,30.410106415817054,9.923735272903151,True,0.9
2025-03-07,Random Forest,31.5,26.648242257474017,21.68637462102244,31.610109893925593,9.923735272903151,True,0.9
2025-03-08,Random Forest,25.5,28.8071151837158,23.845247547264226,33.76898282016738,9.923735272903155,True,0.9
2025-03-09,Random Forest,22.5,23.355374113692847,18.39350647724127,28.317241750144422,9.923735272903151,True,0.9
2025-03-10,Random Forest,26.5,25.54596438478007,20.584096748328495,30.507832021231646,9.923735272903151,True,0.9
2025-03-11,Random Forest,28.5,26.893556337921847,21.93168870147027,31.855423974373423,9.923735272903151,True,0.9
2025-03-12,Random Forest,29.3,26.97696576040494,22.015098123953365,31.938833396856516,9.923735272903151,True,0.9
2025-03-13,Random Forest,35.9,27.863136623217905,22.90126898676633,32.825004259669484,9.923735272903155,False,0.9
2025-03-14,Random Forest,29.0,29.49886773471709,24.537000098265516,34.46073537116867,9.923735272903151,True,0.9
2025-03-15,Random Forest,26.6,27.60129325317729,22.639425616725713,32.56316088962886,9.923735272903148,True,0.9
2025-03-16,Random Forest,27.0,24.887068286077884,19.92520064962631,29.84893592252946,9.923735272903151,True,0.9
2025-03-17,Random Forest,31.6,26.752016317835665,21.79014868138409,31.71388395428724,9.923735272903151,True,0.9
2025-03-18,Random Forest,32.8,28.63505859304744,23.673190956595864,33.59692622949902,9.923735272903155,True,0.9
2025-03-19,Random Forest,29.1,27.34945337052805,22.387585734076474,32.311321006979625,9.923735272903151,True,0.9
2025-03-20,Random Forest,26.2,22.54355274246536,17.581685106013783,27.505420378916934,9.923735272903151,True,0.9
2025-03-21,Random Forest,24.6,23.47474415757799,18.512876521126415,28.436611794029567,9.923735272903151,True,0.9
2025-03-22,Random Forest,22.2,24.00800924707518,19.046141610623604,28.969876883526755,9.923735272903151,True,0.9
2025-03-23,Random Forest,23.6,23.329405174705844,18.36753753825427,28.29127281115742,9.923735272903151,True,0.9
2025-03-24,Random Forest,23.5,25.08529471195982,20.123427075508243,30.047162348411394,9.923735272903151,True,0.9
2025-03-25,Random Forest,22.5,22.204954516064902,17.243086879613326,27.166822152516477,9.923735272903151,True,0.9
2025-03-26,Random Forest,29.6,24.15950191705539,19.197634280603815,29.121369553506966,9.923735272903151,False,0.9
2025-03-27,Random Forest,30.9,27.252427436788874,22.2905598003373,32.21429507324045,9.923735272903151,True,0.9
2025-03-28,Random Forest,24.6,27.674227024112504,22.71235938766093,32.63609466056408,9.923735272903155,True,0.9
2025-03-29,Random Forest,23.1,22.93679826698829,17.974930630536715,27.898665903439866,9.923735272903151,True,0.9
2025-03-30,Random Forest,25.8,23.88767182804769,18.925804191596114,28.849539464499266,9.923735272903151,True,0.9
2025-03-31,Random Forest,22.1,22.95487421407125,17.993006577619674,27.916741850522826,9.923735272903151,True,0.9
2025-04-01,Random Forest,24.5,22.871331867233845,17.90946423078227,27.83319950368542,9.923735272903151,True,0.9
2025-04-02,Random Forest,29.9,25.511811732150136,20.54994409569856,30.47367936860171,9.923735272903151,True,0.9
2025-04-03,Random Forest,29.9,26.035428648714912,21.073561012263337,30.997296285166488,9.923735272903151,True,0.9
2025-04-04,Random Forest,31.6,27.861763350303065,22.89989571385149,32.82363098675464,9.923735272903148,True,0.9
2025-04-05,Random Forest,31.8,28.76531857594416,23.803450939492585,33.727186212395736,9.923735272903151,True,0.9
2025-04-06,Random Forest,30.9,27.717996365345442,22.756128728893867,32.679864001797014,9.923735272903148,True,0.9
2025-04-07,Random Forest,21.4,27.189681746817115,22.22781411036554,32.15154938326869,9.923735272903148,False,0.9
2025-04-08,Random Forest,22.6,23.309581449152287,18.34771381270071,28.271449085603862,9.923735272903151,True,0.9
2025-04-09,Random Forest,24.5,23.06589856528793,18.104030928836355,28.027766201739507,9.923735272903151,True,0.9
2025-04-10,Random Forest,27.7,24.664136761656717,19.70226912520514,29.626004398108293,9.923735272903151,True,0.9
2025-04-11,Random Forest,19.8,25.997680136041403,21.035812499589827,30.95954777249298,9.923735272903151,False,0.9
2025-04-12,Random Forest,19.5,20.593559490972986,15.63169185452141,25.55542712742456,9.923735272903151,True,0.9
2025-04-13,Random Forest,19.5,21.67442882576253,16.712561189310954,26.636296462214105,9.923735272903151,True,0.9
2025-04-14,Random Forest,23.4,21.889087776442373,16.927220139990798,26.85095541289395,9.923735272903151,True,0.9
2025-04-15,Random Forest,24.9,24.143624147130918,19.181756510679342,29.105491783582494,9.923735272903151,True,0.9
2025-04-16,Random Forest,27.3,25.428719697171406,20.46685206071983,30.39058733362298,9.923735272903151,True,0.9
2025-04-17,Random Forest,31.0,25.96386721316545,21.001999576713875,30.925734849617026,9.923735272903151,False,0.9
2025-04-18,Random Forest,22.6,27.563848254259185,22.60198061780761,32.52571589071076,9.923735272903148,False,0.9
2025-04-19,Random Forest,22.5,22.20767914646165,17.245811510010075,27.169546782913226,9.923735272903151,True,0.9
2025-04-20,Random Forest,21.3,23.94208226612369,18.980214629672115,28.903949902575267,9.923735272903151,True,0.9
2025-04-21,Random Forest,25.0,22.42047514918357,17.458607512731994,27.382342785635146,9.923735272903151,True,0.9
2025-04-22,Random Forest,24.3,25.24946946149743,20.287601825045854,30.211337097949006,9.923735272903151,True,0.9
2025-04-23,Random Forest,24.8,24.706962202791143,19.745094566339567,29.66882983924272,9.923735272903151,True,0.9
2025-04-24,Random Forest,24.1,24.19317660531108,19.231308968859505,29.155044241762656,9.923735272903151,True,0.9
2025-04-25,Random Forest,26.6,23.667498104739177,18.705630468287602,28.629365741190753,9.923735272903151,True,0.9
2025-04-26,Random Forest,34.3,26.554285159196972,21.592417522745396,31.516152795648548,9.923735272903151,False,0.9
2025-04-27,Random Forest,22.9,28.421061746143454,23.45919410969188,33.38292938259503,9.923735272903151,False,0.9
2025-04-28,Random Forest,20.0,24.246843819816505,19.28497618336493,29.20871145626808,9.923735272903151,True,0.9
2025-04-29,Random Forest,19.0,22.106436239492243,17.144568603040668,27.06830387594382,9.923735272903151,True,0.9
2025-04-30,Random Forest,15.9,21.043155746777085,16.08128811032551,26.00502338322866,9.923735272903151,False,0.9
2025-05-01,Random Forest,16.5,17.251894646376154,12.290027009924579,22.21376228282773,9.923735272903151,True,0.9
2025-05-02,Random Forest,19.6,17.528434962933638,12.566567326482062,22.490302599385213,9.923735272903151,True,0.9
2025-05-03,Random Forest,25.0,19.90059878421482,14.938731147763246,24.862466420666397,9.923735272903151,False,0.9
2025-05-04,Random Forest,21.1,22.046297393025363,17.084429756573787,27.008165029476938,9.923735272903151,True,0.9
2025-05-05,Random Forest,20.5,19.529397171653986,14.56752953520241,24.491264808105562,9.923735272903151,True,0.9
2025-05-06,Random Forest,19.8,22.148706076755193,17.186838440303617,27.11057371320677,9.923735272903151,True,0.9
2025-05-07,Random Forest,19.8,20.992774912056603,16.030907275605028,25.95464254850818,9.923735272903151,True,0.9
2025-05-08,Random Forest,20.6,20.67696501530733,15.715097378855756,25.638832651758907,9.923735272903151,True,0.9
2025-05-09,Random Forest,17.8,20.825409893650715,15.86354225719914,25.78727753010229,9.923735272903151,True,0.9
2025-05-10,Random Forest,18.0,18.43473119557275,13.472863559121173,23.396598832024324,9.923735272903151,True,0.9
2025-05-11,Random Forest,20.1,17.87784954258974,12.915981906138164,22.839717179041315,9.923735272903151,True,0.9
2025-05-12,Random Forest,21.0,20.127555540084074,15.165687903632499,25.08942317653565,9.923735272903151,True,0.9
2025-05-13,Random Forest,21.5,20.85726481037558,15.895397173924003,25.819132446827155,9.923735272903151,True,0.9
2025-05-14,Random Forest,23.6,20.176519918684427,15.214652282232851,25.138387555136003,9.923735272903151,True,0.9
2025-05-15,Random Forest,26.7,23.37945330317009,18.417585666718516,28.341320939621667,9.923735272903151,True,0.9
2025-05-16,Random Forest,23.2,24.28135489274277,19.319487256291193,29.243222529194345,9.923735272903151,True,0.9
2025-05-17,Random Forest,24.6,22.833441158044632,17.871573521593056,27.795308794496208,9.923735272903151,True,0.9
2025-05-18,Random Forest,19.9,21.66020455856961,16.698336922118035,26.622072195021186,9.923735272903151,True,0.9
2025-05-19,Random Forest,15.3,20.411789169755515,15.44992153330394,25.37365680620709,9.923735272903151,False,0.9
2025-05-20,Random Forest,16.4,15.33641883935405,10.374551202902474,20.298286475805625,9.923735272903151,True,0.9
2025-05-21,Random Forest,19.2,16.898568243218993,11.936700606767417,21.86043587967057,9.923735272903151,True,0.9
2025-05-22,Random Forest,18.9,19.58585883864671,14.623991202195135,24.547726475098287,9.923735272903151,True,0.9
2025-05-23,Random Forest,26.5,19.187646899326413,14.225779262874838,24.14951453577799,9.923735272903151,False,0.9
2025-05-24,Random Forest,21.4,23.05512824617648,18.093260609724904,28.016995882628056,9.923735272903151,True,0.9
2025-05-25,Random Forest,16.7,21.614336677884296,16.65246904143272,26.57620431433587,9.923735272903151,True,0.9
2025-05-26,Random Forest,20.1,17.24850024664435,12.286632610192775,22.210367883095927,9.923735272903151,True,0.9
2025-05-27,Random Forest,18.5,19.82578876400404,14.863921127552466,24.787656400455617,9.923735272903151,True,0.9
2025-05-28,Random Forest,18.4,17.535570526672892,12.573702890221316,22.497438163124468,9.923735272903151,True,0.9
2025-05-29,Random Forest,18.0,17.637079291665316,12.67521165521374,22.59894692811689,9.923735272903151,True,0.9
2025-05-30,Random Forest,18.2,17.364850477780866,12.40298284132929,22.326718114232442,9.923735272903151,True,0.9
2025-05-31,Random Forest,18.6,18.886222495875135,13.924354859423559,23.84809013232671,9.923735272903151,True,0.9
2025-06-01,Random Forest,17.5,19.630808664233395,14.66894102778182,24.59267630068497,9.923735272903151,True,0.9
2025-06-02,Random Forest,15.7,20.52514365613949,15.563276019687915,25.487011292591067,9.923735272903151,True,0.9
2025-06-03,Random Forest,17.7,16.79041985603714,11.828552219585564,21.752287492488716,9.923735272903151,True,0.9
2025-06-04,Random Forest,18.6,18.214209928190268,13.252342291738692,23.176077564641844,9.923735272903151,True,0.9
2025-06-05,Random Forest,16.6,20.465311160976306,15.50344352452473,25.42717879742788,9.923735272903151,True,0.9
2025-06-06,Random Forest,14.8,17.74905096764308,12.787183331191503,22.710918604094655,9.923735272903151,True,0.9
2025-06-07,Random Forest,13.9,14.907122036475021,9.945254400023446,19.868989672926595,9.92373527290315,True,0.9
2025-06-08,Random Forest,15.5,14.987834239692932,10.025966603241356,19.94970187614451,9.923735272903153,True,0.9
2025-06-09,Random Forest,16.4,16.1742436419105,11.212376005458925,21.136111278362076,9.923735272903151,True,0.9
2025-06-10,Random Forest,18.0,17.183328369233223,12.221460732781647,22.1451960056848,9.923735272903151,True,0.9
2025-06-11,Random Forest,18.9,19.317634452667757,14.355766816216182,24.279502089119333,9.923735272903151,True,0.9
2025-06-12,Random Forest,22.5,19.187464816535844,14.225597180084268,24.14933245298742,9.923735272903151,True,0.9
2025-06-13,Random Forest,25.1,20.23968583928716,15.277818202835583,25.201553475738734,9.923735272903151,True,0.9
2025-06-14,Random Forest,25.0,22.033618490791024,17.07175085433945,26.9954861272426,9.923735272903151,True,0.9
2025-06-15,Random Forest,15.7,21.046048335778252,16.084180699326676,26.007915972229828,9.923735272903151,False,0.9
2025-06-16,Random Forest,15.3,16.299248056021234,11.337380419569659,21.26111569247281,9.923735272903151,True,0.9
2025-06-17,Random Forest,17.1,16.720435526550748,11.758567890099172,21.682303163002324,9.923735272903151,True,0.9
2025-06-18,Random Forest,16.0,15.75002609593682,10.788158459485244,20.711893732388397,9.923735272903153,True,0.9
2025-06-19,Random Forest,18.2,16.422174310800692,11.460306674349116,21.384041947252268,9.923735272903151,True,0.9
2025-06-20,Random Forest,19.8,17.263414921636176,12.3015472851846,22.225282558087752,9.923735272903151,True,0.9
2025-06-21,Random Forest,15.1,18.645557879611776,13.6836902431602,23.60742551606335,9.923735272903151,True,0.9
2025-06-22,Random Forest,17.2,16.437408494570487,11.475540858118912,21.399276131022063,9.923735272903151,True,0.9
2025-06-23,Random Forest,17.2,16.653158420559222,11.691290784107647,21.615026057010798,9.923735272903151,True,0.9
2025-06-24,Random Forest,13.1,19.011779657093708,14.049912020642132,23.973647293545284,9.923735272903151,False,0.9
2025-06-25,Random Forest,13.4,14.61589563129207,9.654027994840494,19.577763267743645,9.923735272903151,True,0.9
2025-06-26,Random Forest,13.2,14.21928849970815,9.257420863256574,19.181156136159725,9.923735272903151,True,0.9
2025-06-27,Random Forest,14.6,14.595790105387962,9.633922468936387,19.557657741839538,9.923735272903151,True,0.9
2025-06-28,Random Forest,18.4,15.309185206863363,10.347317570411787,20.27105284331494,9.923735272903153,True,0.9
2025-06-29,Random Forest,18.0,16.058961857357243,11.097094220905667,21.02082949380882,9.923735272903151,True,0.9
2025-06-30,Random Forest,15.9,19.503392576809265,14.54152494035769,24.46526021326084,9.923735272903151,True,0.9
2025-07-01,Random Forest,16.5,17.4875411033549,12.525673466903324,22.449408739806476,9.923735272903151,True,0.9
2025-07-02,Random Forest,14.0,16.855318265370506,11.89345062891893,21.817185901822082,9.923735272903151,True,0.9
2025-07-03,Random Forest,13.7,13.866235315560923,8.904367679109347,18.8281029520125,9.923735272903153,True,0.9
2025-07-04,Random Forest,14.3,14.031134040719301,9.069266404267726,18.993001677170877,9.923735272903151,True,0.9
2025-07-05,Random Forest,14.6,14.466954399999183,9.505086763547608,19.42882203645076,9.923735272903153,True,0.9
2025-07-06,Random Forest,15.4,14.41536891782306,9.453501281371484,19.377236554274635,9.923735272903151,True,0.9
2025-07-07,Random Forest,18.6,15.759820913948555,10.79795327749698,20.72168855040013,9.923735272903151,True,0.9
2025-07-08,Random Forest,16.8,18.55900756181732,13.597139925365745,23.520875198268897,9.923735272903151,True,0.9
2025-07-09,Random Forest,16.8,17.966815975533375,13.0049483390818,22.92868361198495,9.923735272903151,True,0.9
2025-07-10,Random Forest,13.8,17.001189769881194,12.039322133429618,21.96305740633277,9.923735272903151,True,0.9
2025-07-11,Random Forest,14.9,15.320463744953916,10.35859610850234,20.28233138140549,9.923735272903151,True,0.9
2025-07-12,Random Forest,15.2,16.910120489725465,11.948252853273889,21.87198812617704,9.923735272903151,True,0.9
2025-07-13,Random Forest,15.9,17.020606124737334,12.058738488285758,21.98247376118891,9.923735272903151,True,0.9
2025-07-14,Random Forest,16.5,16.05003488758596,11.088167251134383,21.011902524037534,9.923735272903151,True,0.9
2025-07-15,Random Forest,17.0,16.076360449345824,11.114492812894248,21.0382280857974,9.923735272903151,True,0.9
2025-07-16,Random Forest,16.3,16.64056944658662,11.678701810135045,21.602437083038197,9.923735272903151,True,0.9
2025-07-17,Random Forest,15.0,15.137157971454092,10.175290335002517,20.099025607905666,9.92373527290315,True,0.9
2025-07-18,Random Forest,16.4,16.930247092277327,11.968379455825751,21.892114728728902,9.923735272903151,True,0.9
2025-07-19,Random Forest,18.6,17.59927259730617,12.637404960854596,22.561140233757747,9.923735272903151,True,0.9
2025-07-20,Random Forest,14.8,18.69196538136667,13.730097744915096,23.653833017818247,9.923735272903151,True,0.9
2025-07-21,Random Forest,16.9,15.6458128450059,10.683945208554324,20.607680481457475,9.923735272903151,True,0.9
2025-07-22,Random Forest,17.2,16.875862191052217,11.913994554600642,21.837729827503793,9.923735272903151,True,0.9
2025-07-23,Random Forest,16.6,17.429280425831163,12.467412789379587,22.39114806228274,9.923735272903151,True,0.9
2025-07-24,Random Forest,14.6,16.979288882026843,12.017421245575267,21.94115651847842,9.923735272903151,True,0.9
2025-07-25,Random Forest,15.1,15.87975811282636,10.917890476374785,20.841625749277938,9.923735272903153,True,0.9
2025-07-26,Random Forest,19.0,16.80407257051522,11.842204934063645,21.765940206966796,9.923735272903151,True,0.9
2025-07-27,Random Forest,21.0,17.164881973000785,12.20301433654921,22.12674960945236,9.923735272903151,True,0.9
2025-07-28,Random Forest,26.6,21.029772233514567,16.06790459706299,25.991639869966143,9.923735272903151,False,0.9
2025-07-29,Random Forest,15.9,22.536189082076856,17.57432144562528,27.49805671852843,9.923735272903151,False,0.9
2025-07-30,Random Forest,13.3,16.224752029197443,11.262884392745868,21.18661966564902,9.923735272903151,True,0.9
2025-07-31,Random Forest,15.6,15.583641420285819,10.621773783834243,20.545509056737394,9.923735272903151,True,0.9
2025-08-01,Random Forest,23.0,16.678612453585956,11.71674481713438,21.64048009003753,9.923735272903151,False,0.9
2025-08-02,Random Forest,21.2,20.011690808146664,15.049823171695088,24.97355844459824,9.923735272903151,True,0.9
2025-08-03,Random Forest,14.4,19.487477105406295,14.52560946895472,24.44934474185787,9.923735272903151,False,0.9
2025-08-04,Random Forest,14.8,15.762830360508215,10.800962724056639,20.72469799695979,9.923735272903151,True,0.9
2025-08-05,Random Forest,15.1,15.516659213588776,10.5547915771372,20.478526850040353,9.923735272903153,True,0.9
2025-08-06,Random Forest,17.0,15.182868827968823,10.221001191517248,20.144736464420397,9.92373527290315,True,0.9
2025-08-07,Random Forest,17.2,16.464893900010576,11.503026263559,21.426761536462152,9.923735272903151,True,0.9
2025-08-08,Random Forest,14.4,17.763636117966566,12.80176848151499,22.725503754418142,9.923735272903151,True,0.9
2025-08-09,Random Forest,15.1,14.969542805753882,10.007675169302306,19.931410442205458,9.923735272903151,True,0.9
2025-08-10,Random Forest,15.9,15.941378221982113,10.979510585530537,20.90324585843369,9.923735272903151,True,0.9
2025-08-11,Random Forest,16.5,17.507539351898327,12.545671715446751,22.469406988349903,9.923735272903151,True,0.9
2025-08-12,Random Forest,16.4,17.173197120269734,12.211329483818158,22.13506475672131,9.923735272903151,True,0.9
2025-08-13,Random Forest,15.0,17.55282294005659,12.590955303605014,22.514690576508166,9.923735272903151,True,0.9
2025-08-14,Random Forest,16.6,17.39912866866224,12.437261032210664,22.360996305113815,9.923735272903151,True,0.9
2025-08-15,Random Forest,16.9,16.39271707141322,11.430849434961644,21.354584707864795,9.923735272903151,True,0.9
2025-08-16,Random Forest,19.5,16.412127088747646,11.45025945229607,21.37399472519922,9.923735272903151,True,0.9
2025-08-17,Random Forest,19.6,19.637540032458084,14.675672396006508,24.59940766890966,9.923735272903151,True,0.9
2025-08-18,Random Forest,18.9,20.852858890496897,15.890991254045321,25.814726526948473,9.923735272903151,True,0.9
2025-08-19,Random Forest,17.6,17.732101944822745,12.770234308371169,22.69396958127432,9.923735272903151,True,0.9
2025-08-20,Random Forest,17.2,16.10156135628632,11.139693719834746,21.063428992737897,9.923735272903151,True,0.9
2025-08-21,Random Forest,17.2,17.06018695681634,12.098319320364766,22.022054593267917,9.923735272903151,True,0.9
2025-08-22,Random Forest,15.4,16.822126611934237,11.860258975482662,21.783994248385813,9.923735272903151,True,0.9
2025-08-23,Random Forest,16.2,16.592332106578578,11.630464470127002,21.554199743030154,9.923735272903151,True,0.9
2025-08-24,Random Forest,16.2,15.833213528073145,10.87134589162157,20.79508116452472,9.923735272903151,True,0.9
2025-08-25,Random Forest,19.0,17.7850021874032,12.823134550951625,22.746869823854777,9.923735272903151,True,0.9
2025-08-26,Random Forest,18.4,19.3435743960344,14.381706759582823,24.305442032485974,9.923735272903151,True,0.9
2025-08-27,Random Forest,19.0,19.436795393408577,14.474927756957001,24.398663029860153,9.923735272903151,True,0.9
2025-08-28,Random Forest,20.0,18.92923113490574,13.967363498454166,23.891098771357317,9.923735272903151,True,0.9
2025-08-29,Random Forest,19.4,20.04077140997616,15.078903773524583,25.002639046427735,9.923735272903151,True,0.9
2025-08-30,Random Forest,18.6,19.55881422373983,14.596946587288254,24.520681860191406,9.923735272903151,True,0.9
2025-08-31,Random Forest,21.5,18.48626527418306,13.524397637731486,23.448132910634637,9.923735272903151,True,0.9
2025-09-01,Random Forest,20.5,21.439156082084065,16.47728844563249,26.40102371853564,9.923735272903151,True,0.9
2025-09-02,Random Forest,19.2,20.128224974626715,15.166357338175139,25.09009261107829,9.923735272903151,True,0.9
2025-09-03,Random Forest,18.9,19.33557772320276,14.373710086751185,24.297445359654336,9.923735272903151,True,0.9
2025-09-04,Random Forest,17.8,19.38174007734067,14.419872440889094,24.343607713792245,9.923735272903151,True,0.9
2025-09-05,Random Forest,17.0,19.412424514097683,14.450556877646108,24.37429215054926,9.923735272903151,True,0.9
2025-09-06,Random Forest,19.0,18.510452636578197,13.548585000126621,23.472320273029773,9.923735272903151,True,0.9
2025-09-07,Random Forest,26.5,20.302743266564796,15.34087563011322,25.264610903016372,9.923735272903151,False,0.9
2025-09-08,Random Forest,25.7,23.800561542040747,18.83869390558917,28.762429178492322,9.923735272903151,True,0.9
2025-09-09,Random Forest,19.5,22.004669525826806,17.04280188937523,26.96653716227838,9.923735272903151,True,0.9
2025-09-10,Random Forest,19.1,19.667459278277054,14.705591641825478,24.62932691472863,9.923735272903151,True,0.9
2025-09-11,Random Forest,18.7,19.153026430954128,14.191158794502552,24.114894067405704,9.923735272903151,True,0.9
2025-09-12,Random Forest,20.0,20.421679206849916,15.45981157039834,25.38354684330149,9.923735272903151,True,0.9
2025-09-13,Random Forest,21.4,20.87952803750359,15.917660401052014,25.841395673955166,9.923735272903151,True,0.9
2025-09-14,Random Forest,17.9,22.162503855002978,17.200636218551402,27.124371491454554,9.923735272903151,True,0.9
2025-09-15,Random Forest,17.1,16.706577874285525,11.74471023783395,21.6684455107371,9.923735272903151,True,0.9
2025-09-16,Random Forest,15.7,16.90111106888843,11.939243432436854,21.862978705340005,9.923735272903151,True,0.9
2025-09-17,Random Forest,16.8,18.636676106361858,13.674808469910282,23.598543742813433,9.923735272903151,True,0.9
2025-09-18,Random Forest,22.3,17.805376148390504,12.843508511938929,22.76724378484208,9.923735272903151,True,0.9
2025-09-19,Random Forest,20.4,21.575087616235848,16.613219979784272,26.536955252687424,9.923735272903151,True,0.9
2025-09-20,Random Forest,17.8,19.68173318644332,14.719865549991745,24.643600822894896,9.923735272903151,True,0.9
2025-09-21,Random Forest,19.4,18.4431641359513,13.481296499499724,23.405031772402875,9.923735272903151,True,0.9
2025-09-22,Random Forest,16.4,18.18415332752064,13.222285691069064,23.146020963972216,9.923735272903151,True,0.9
2025-09-23,Random Forest,18.5,16.730736819023637,11.768869182572061,21.692604455475212,9.923735272903151,True,0.9
2025-09-24,Random Forest,19.4,18.51830676072292,13.556439124271343,23.480174397174494,9.923735272903151,True,0.9
2025-09-25,Random Forest,26.6,20.26534668462435,15.303479048172775,25.227214321075927,9.923735272903151,False,0.9
2025-09-26,Random Forest,23.6,25.009313879297633,20.047446242846057,29.97118151574921,9.923735272903151,True,0.9
2025-09-27,Random Forest,19.9,21.010153268042988,16.048285631591412,25.972020904494563,9.923735272903151,True,0.9
2025-09-28,Random Forest,24.1,21.789642779641397,16.82777514318982,26.751510416092973,9.923735272903151,True,0.9
2025-09-29,Random Forest,34.5,23.73124038614293,18.769372749691353,28.693108022594505,9.923735272903151,False,0.9
2025-09-30,Random Forest,20.8,26.573153201290157,21.61128556483858,31.535020837741733,9.923735272903151,False,0.9
2025-10-01,Random Forest,18.4,18.596856470087655,13.63498883363608,23.55872410653923,9.923735272903151,True,0.9
2025-10-02,Random Forest,25.6,20.73479323000574,15.772925593554163,25.696660866457314,9.923735272903151,True,0.9
2025-10-03,Random Forest,22.4,24.53524256234203,19.573374925890455,29.497110198793607,9.923735272903151,True,0.9
2025-10-04,Random Forest,19.0,21.571223740151428,16.609356103699852,26.533091376603004,9.923735272903151,True,0.9
2025-10-05,Random Forest,19.5,20.127984419350415,15.16611678289884,25.08985205580199,9.923735272903151,True,0.9
2025-10-06,Random Forest,20.6,18.170598402433097,13.208730765981521,23.132466038884672,9.923735272903151,True,0.9
2025-10-07,Random Forest,20.9,21.59217243231915,16.630304795867573,26.554040068770725,9.923735272903151,True,0.9
2025-10-08,Random Forest,27.2,21.560185780779864,16.59831814432829,26.52205341723144,9.923735272903151,False,0.9
2025-10-09,Random Forest,27.0,24.097463713979607,19.13559607752803,29.059331350431183,9.923735272903151,True,0.9
2025-10-10,Random Forest,24.0,23.033458270429584,18.07159063397801,27.99532590688116,9.923735272903151,True,0.9
2025-10-11,Random Forest,23.7,22.30068167350709,17.338814037055513,27.262549309958665,9.923735272903151,True,0.9
2025-10-12,Random Forest,22.1,22.95235532083172,17.990487684380145,27.914222957283297,9.923735272903151,True,0.9
2025-10-13,Random Forest,19.8,23.952268343219007,18.99040070676743,28.914135979670583,9.923735272903151,True,0.9
2025-10-14,Random Forest,19.1,19.197980383583488,14.236112747131912,24.159848020035064,9.923735272903151,True,0.9
2025-10-15,Random Forest,18.6,21.45972634125118,16.497858704799604,26.421593977702756,9.923735272903151,True,0.9
2025-10-16,Random Forest,27.8,19.018464408792855,14.05659677234128,23.98033204524443,9.923735272903151,False,0.9
2025-10-17,Random Forest,19.6,25.281773759549655,20.31990612309808,30.24364139600123,9.923735272903151,False,0.9
2025-10-18,Random Forest,24.5,21.011979987271076,16.0501123508195,25.97384762372265,9.923735272903151,True,0.9
2025-10-19,Random Forest,28.8,23.898623326105778,18.936755689654202,28.860490962557353,9.923735272903151,True,0.9
2025-10-20,Random Forest,31.4,24.862225419106498,19.900357782654922,29.824093055558073,9.923735272903151,False,0.9
2025-10-21,Random Forest,31.5,30.550032182751522,25.588164546299947,35.511899819203094,9.923735272903148,True,0.9
2025-10-22,Random Forest,22.5,26.58348794356266,21.621620307111083,31.545355580014235,9.923735272903151,True,0.9
2025-10-23,Random Forest,20.4,23.112768808027166,18.15090117157559,28.07463644447874,9.923735272903151,True,0.9
2025-10-24,Random Forest,19.5,22.25638556253769,17.294517926086115,27.218253198989267,9.923735272903151,True,0.9
2025-10-25,Random Forest,17.6,19.073964363715056,14.11209672726348,24.035832000166632,9.923735272903151,True,0.9
2025-10-26,Random Forest,20.4,17.88225981438028,12.920392177928704,22.844127450831856,9.923735272903151,True,0.9
2025-10-27,Random Forest,20.5,21.74181600580811,16.779948369356536,26.703683642259687,9.923735272903151,True,0.9
2025-10-28,Random Forest,21.6,22.543548922877783,17.581681286426207,27.50541655932936,9.923735272903151,True,0.9
2025-10-29,Random Forest,31.5,22.95849247740004,17.996624840948463,27.920360113851615,9.923735272903151,False,0.9
2025-10-30,Random Forest,22.2,28.190095924336067,23.22822828788449,33.15196356078764,9.923735272903151,False,0.9
2025-10-31,Random Forest,20.6,21.57906897854752,16.617201342095946,26.540936614999097,9.923735272903151,True,0.9
2025-11-01,Random Forest,21.0,19.155284042846272,14.193416406394697,24.117151679297848,9.923735272903151,True,0.9
2025-11-02,Random Forest,23.2,23.01373879090639,18.051871154454815,27.975606427357967,9.923735272903151,True,0.9
2025-11-03,Random Forest,22.4,24.65116158358005,19.689293947128473,29.613029220031624,9.923735272903151,True,0.9
2025-11-04,Random Forest,27.1,22.757010518193667,17.79514288174209,27.718878154645243,9.923735272903151,True,0.9
2025-11-05,Random Forest,29.9,25.059659270167902,20.097791633716326,30.021526906619478,9.923735272903151,True,0.9
2025-11-06,Random Forest,34.3,27.30859309254938,22.346725456097804,32.27046072900096,9.923735272903155,False,0.9
2025-11-07,Random Forest,30.9,30.173311386450276,25.2114437499987,35.13517902290185,9.923735272903151,True,0.9
2025-11-08,Random Forest,29.9,28.41917701369967,23.457309377248095,33.381044650151246,9.923735272903151,True,0.9
2025-11-09,Random Forest,28.6,27.98837314494636,23.026505508494786,32.95024078139794,9.923735272903151,True,0.9
2025-11-10,Random Forest,25.9,26.04586833880635,21.084000702354775,31.007735975257926,9.923735272903151,True,0.9
2025-11-11,Random Forest,25.3,24.52791073732857,19.566043100876993,29.489778373780144,9.923735272903151,True,0.9
2025-11-12,Random Forest,28.0,24.860206386937033,19.898338750485458,29.82207402338861,9.923735272903151,True,0.9
2025-11-13,Random Forest,25.5,26.841676570362367,21.87980893391079,31.803544206813942,9.923735272903151,True,0.9
2025-11-14,Random Forest,22.1,24.18451160852454,19.222643972072966,29.146379244976117,9.923735272903151,True,0.9
2025-11-15,Random Forest,25.8,23.251115997144996,18.28924836069342,28.212983633596572,9.923735272903151,True,0.9
2025-11-16,Random Forest,30.5,25.602151046370683,20.640283409919107,30.564018682822258,9.923735272903151,True,0.9
2025-11-17,Random Forest,24.5,26.647217819899748,21.685350183448172,31.609085456351323,9.923735272903151,True,0.9
2025-11-18,Random Forest,25.4,24.85802803551872,19.896160399067146,29.819895671970297,9.923735272903151,True,0.9
2025-11-19,Random Forest,25.1,25.64767145209474,20.685803815643165,30.609539088546317,9.923735272903151,True,0.9
2025-11-20,Random Forest,27.6,25.177962058756684,20.21609442230511,30.13982969520826,9.923735272903151,True,0.9
2025-11-21,Random Forest,29.9,26.81380092833374,21.851933291882165,31.775668564785317,9.923735272903151,True,0.9
2025-11-22,Random Forest,25.4,26.92896927032243,21.967101633870854,31.890836906774005,9.923735272903151,True,0.9
2025-11-23,Random Forest,24.6,25.446168701285174,20.4843010648336,30.40803633773675,9.923735272903151,True,0.9
2025-11-24,Random Forest,34.5,25.18532986846874,20.223462232017166,30.147197504920317,9.923735272903151,False,0.9
2025-11-25,Random Forest,25.9,30.936146904968044,25.97427926851647,35.89801454141962,9.923735272903151,False,0.9
2025-11-26,Random Forest,32.6,25.58911344521579,20.627245808764215,30.550981081667366,9.923735272903151,False,0.9
2025-11-27,Random Forest,27.5,30.4491903799307,25.487322743479126,35.41105801638228,9.923735272903151,True,0.9
2025-11-28,Random Forest,24.0,24.20489100303407,19.243023366582495,29.166758639485646,9.923735272903151,True,0.9
2025-11-29,Random Forest,27.1,23.445287465962007,18.48341982951043,28.407155102413583,9.923735272903151,True,0.9
2025-11-30,Random Forest,26.0,25.990376455278764,21.028508818827188,30.95224409173034,9.923735272903151,True,0.9
2025-12-01,Random Forest,24.6,25.133017394247144,20.17114975779557,30.09488503069872,9.923735272903151,True,0.9
2025-12-02,Random Forest,29.6,25.566006988901844,20.604139352450268,30.52787462535342,9.923735272903151,True,0.9
2025-12-03,Random Forest,32.3,29.40196747102745,24.440099834575875,34.36383510747903,9.923735272903151,True,0.9
2025-12-04,Random Forest,24.9,26.46544553742275,21.503577900971173,31.427313173874325,9.923735272903151,True,0.9
2025-12-05,Random Forest,23.6,25.45756661357157,20.495698977119993,30.419434250023144,9.923735272903151,True,0.9
2025-12-06,Random Forest,27.5,25.822214963652808,20.860347327201232,30.784082600104384,9.923735272903151,True,0.9
2025-12-07,Random Forest,23.8,25.583293464263942,20.621425827812367,30.545161100715518,9.923735272903151,True,0.9
2025-12-08,Random Forest,24.4,24.230877560224037,19.26900992377246,29.192745196675613,9.923735272903151,True,0.9
2025-12-09,Random Forest,30.8,24.975969945618143,20.014102309166567,29.93783758206972,9.923735272903151,False,0.9
2025-12-10,Random Forest,33.5,29.742518715472173,24.780651079020597,34.704386351923745,9.923735272903148,True,0.9
2025-12-11,Random Forest,24.4,27.649666404924076,22.6877987684725,32.61153404137565,9.923735272903148,True,0.9
2025-12-12,Random Forest,20.6,23.315815936938726,18.35394830048715,28.277683573390302,9.923735272903151,True,0.9
2025-12-13,Random Forest,23.6,23.14768900634781,18.185821369896235,28.109556642799387,9.923735272903151,True,0.9
2025-12-14,Random Forest,24.7,25.17637855582627,20.214510919374693,30.138246192277844,9.923735272903151,True,0.9
2025-12-15,Random Forest,27.0,24.2290278842506,19.267160247799023,29.190895520702174,9.923735272903151,True,0.9
2025-12-16,Random Forest,21.3,25.08363378423423,20.121766147782655,30.045501420685806,9.923735272903151,True,0.9
2025-12-17,Random Forest,23.1,23.40610374796307,18.444236111511493,28.367971384414645,9.923735272903151,True,0.9
2025-12-18,Random Forest,23.5,24.804084296441623,19.842216659990047,29.7659519328932,9.923735272903151,True,0.9
2025-12-19,Random Forest,30.2,24.464742475921163,19.502874839469587,29.42661011237274,9.923735272903151,False,0.9
2025-12-20,Random Forest,34.5,28.99752510768439,24.035657471232813,33.95939274413597,9.923735272903155,False,0.9
2025-12-21,Random Forest,30.8,31.783768767082446,26.82190113063087,36.74563640353402,9.923735272903151,True,0.9
2025-12-22,Random Forest,23.5,27.19574218612917,22.233874549677594,32.157609822580746,9.923735272903151,True,0.9
2025-12-23,Random Forest,27.9,24.874354246019962,19.912486609568386,29.836221882471538,9.923735272903151,True,0.9
2025-12-24,Random Forest,29.0,27.36289627603243,22.401028639580854,32.324763912484,9.923735272903148,True,0.9
2025-12-25,Random Forest,28.8,26.657783672430835,21.69591603597926,31.61965130888241,9.923735272903151,True,0.9
2025-12-26,Random Forest,27.9,26.32822127491303,21.366353638461455,31.290088911364606,9.923735272903151,True,0.9
2025-12-27,Random Forest,30.5,26.562177451027836,21.60030981457626,31.52404508747941,9.923735272903151,True,0.9
2025-12-28,Random Forest,35.6,28.2715468141029,23.309679177651326,33.23341445055448,9.923735272903151,False,0.9
2025-12-29,Random Forest,30.2,29.934680510174015,24.97281287372244,34.89654814662559,9.923735272903151,True,0.9
2025-12-30,Random Forest,26.8,26.448286045046494,21.48641840859492,31.41015368149807,9.923735272903151,True,0.9
2024-05-07,XGBoost,19.2,20.103078842163086,15.262205123901367,24.943952560424805,9.681747436523438,True,0.9
2024-05-08,XGBoost,20.8,19.763280868530273,14.922407150268555,24.604154586791992,9.681747436523438,True,0.9
2024-05-09,XGBoost,18.4,21.792980194091797,16.952106475830078,26.633853912353516,9.681747436523438,True,0.9
2024-05-10,XGBoost,18.6,17.566505432128906,12.725631713867188,22.407379150390625,9.681747436523438,True,0.9
2024-05-11,XGBoost,20.6,19.819616317749023,14.978742599487305,24.660490036010742,9.681747436523438,True,0.9
2024-05-12,XGBoost,24.4,20.82703971862793,15.986166000366211,25.66791343688965,9.681747436523438,True,0.9
2024-05-13,XGBoost,29.6,20.610231399536133,15.769357681274414,25.45110511779785,9.681747436523438,False,0.9
2024-05-14,XGBoost,22.0,22.684999465942383,17.844125747680664,27.5258731842041,9.681747436523438,True,0.9
2024-05-15,XGBoost,21.0,21.265621185302734,16.424747467041016,26.106494903564453,9.681747436523438,True,0.9
2024-05-16,XGBoost,21.1,20.789966583251953,15.949092864990234,25.630840301513672,9.681747436523438,True,0.9
2024-05-17,XGBoost,24.3,21.488676071166992,16.647802352905273,26.32954978942871,9.681747436523438,True,0.9
2024-05-18,XGBoost,22.7,21.127897262573242,16.287023544311523,25.96877098083496,9.681747436523438,True,0.9
2024-05-19,XGBoost,24.8,20.383285522460938,15.542411804199219,25.224159240722656,9.681747436523438,True,0.9
2024-05-20,XGBoost,21.4,21.396074295043945,16.555200576782227,26.236948013305664,9.681747436523438,True,0.9
2024-05-21,XGBoost,21.5,21.550643920898438,16.70977020263672,26.391517639160156,9.681747436523438,True,0.9
2024-05-22,XGBoost,19.7,22.049205780029297,17.208332061767578,26.890079498291016,9.681747436523438,True,0.9
2024-05-23,XGBoost,23.4,21.5427188873291,16.701845169067383,26.38359260559082,9.681747436523438,True,0.9
2024-05-24,XGBoost,19.6,22.288251876831055,17.447378158569336,27.129125595092773,9.681747436523438,True,0.9
2024-05-25,XGBoost,20.4,20.438631057739258,15.597757339477539,25.279504776000977,9.681747436523438,True,0.9
2024-05-26,XGBoost,22.0,21.302955627441406,16.462081909179688,26.143829345703125,9.681747436523438,True,0.9
2024-05-27,XGBoost,27.2,21.154998779296875,16.314125061035156,25.995872497558594,9.681747436523438,False,0.9
2024-05-28,XGBoost,32.5,22.288251876831055,17.447378158569336,27.129125595092773,9.681747436523438,False,0.9
2024-05-29,XGBoost,17.2,23.605634689331055,18.764760971069336,28.446508407592773,9.681747436523438,False,0.9
2024-05-30,XGBoost,17.3,17.479522705078125,12.638648986816406,22.320396423339844,9.681747436523438,True,0.9
2024-05-31,XGBoost,18.7,19.48983383178711,14.64896011352539,24.330707550048828,9.681747436523438,True,0.9
2024-06-01,XGBoost,18.4,20.420501708984375,15.579627990722656,25.261375427246094,9.681747436523438,True,0.9
2024-06-02,XGBoost,15.1,19.878015518188477,15.037141799926758,24.718889236450195,9.681747436523438,True,0.9
2024-06-03,XGBoost,19.3,16.29958724975586,11.45871353149414,21.140460968017578,9.681747436523438,True,0.9
2024-06-04,XGBoost,17.5,17.601171493530273,12.760297775268555,22.442045211791992,9.681747436523438,True,0.9
2024-06-05,XGBoost,17.2,16.368528366088867,11.527654647827148,21.209402084350586,9.681747436523438,True,0.9
2024-06-06,XGBoost,17.1,15.84329891204834,11.002425193786621,20.68417263031006,9.681747436523438,True,0.9
2024-06-07,XGBoost,17.8,17.022306442260742,12.181432723999023,21.86318016052246,9.681747436523438,True,0.9
2024-06-08,XGBoost,17.2,19.437828063964844,14.596954345703125,24.278701782226562,9.681747436523438,True,0.9
2024-06-09,XGBoost,25.5,18.38994789123535,13.549074172973633,23.23082160949707,9.681747436523438,False,0.9
2024-06-10,XGBoost,24.3,21.419666290283203,16.578792572021484,26.260540008544922,9.681747436523438,True,0.9
2024-06-11,XGBoost,19.2,18.600793838500977,13.759920120239258,23.441667556762695,9.681747436523438,True,0.9
2024-06-12,XGBoost,18.9,17.41371726989746,12.572843551635742,22.25459098815918,9.681747436523438,True,0.9
2024-06-13,XGBoost,19.6,19.725107192993164,14.884233474731445,24.565980911254883,9.681747436523438,True,0.9
2024-06-14,XGBoost,20.6,20.697681427001953,15.856807708740234,25.538555145263672,9.681747436523438,True,0.9
2024-06-15,XGBoost,22.2,19.618858337402344,14.777984619140625,24.459732055664062,9.681747436523438,True,0.9
2024-06-16,XGBoost,20.1,20.24675750732422,15.4058837890625,25.087631225585938,9.681747436523438,True,0.9
2024-06-17,XGBoost,18.3,20.605731964111328,15.76485824584961,25.446605682373047,9.681747436523438,True,0.9
2024-06-18,XGBoost,16.6,17.132619857788086,12.291746139526367,21.973493576049805,9.681747436523438,True,0.9
2024-06-19,XGBoost,17.0,16.452865600585938,11.611991882324219,21.293739318847656,9.681747436523438,True,0.9
2024-06-20,XGBoost,18.1,18.240921020507812,13.400047302246094,23.08179473876953,9.681747436523438,True,0.9
2024-06-21,XGBoost,19.2,16.18703269958496,11.346158981323242,21.02790641784668,9.681747436523438,True,0.9
2024-06-22,XGBoost,20.8,17.284908294677734,12.444034576416016,22.125782012939453,9.681747436523438,True,0.9
2024-06-23,XGBoost,17.8,18.636131286621094,13.795257568359375,23.477005004882812,9.681747436523438,True,0.9
2024-06-24,XGBoost,17.7,19.5761775970459,14.73530387878418,24.417051315307617,9.681747436523438,True,0.9
2024-06-25,XGBoost,20.2,18.50138282775879,13.66050910949707,23.342256546020508,9.681747436523438,True,0.9
2024-06-26,XGBoost,25.1,19.422191619873047,14.581317901611328,24.263065338134766,9.681747436523438,False,0.9
2024-06-27,XGBoost,26.6,21.56556510925293,16.72469139099121,26.40643882751465,9.681747436523438,False,0.9
2024-06-28,XGBoost,21.4,21.64044761657715,16.79957389831543,26.481321334838867,9.681747436523438,True,0.9
2024-06-29,XGBoost,19.6,20.599475860595703,15.758602142333984,25.440349578857422,9.681747436523438,True,0.9
2024-06-30,XGBoost,17.0,19.84482192993164,15.003948211669922,24.68569564819336,9.681747436523438,True,0.9
2024-07-01,XGBoost,17.0,18.260658264160156,13.419784545898438,23.101531982421875,9.681747436523438,True,0.9
2024-07-02,XGBoost,15.5,16.707015991210938,11.866142272949219,21.547889709472656,9.681747436523438,True,0.9
2024-07-03,XGBoost,16.5,15.358887672424316,10.518013954162598,20.199761390686035,9.681747436523438,True,0.9
2024-07-04,XGBoost,17.0,15.443639755249023,10.602766036987305,20.284513473510742,9.681747436523438,True,0.9
2024-07-05,XGBoost,21.8,16.805049896240234,11.964176177978516,21.645923614501953,9.681747436523438,False,0.9
2024-07-06,XGBoost,14.6,18.940364837646484,14.099491119384766,23.781238555908203,9.681747436523438,True,0.9
2024-07-07,XGBoost,13.1,14.81473159790039,9.973857879638672,19.65560531616211,9.681747436523438,True,0.9
2024-07-08,XGBoost,15.4,15.162217140197754,10.321343421936035,20.003090858459473,9.681747436523438,True,0.9
2024-07-09,XGBoost,17.0,15.009477615356445,10.168603897094727,19.850351333618164,9.681747436523438,True,0.9
2024-07-10,XGBoost,17.2,16.032474517822266,11.191600799560547,20.873348236083984,9.681747436523438,True,0.9
2024-07-11,XGBoost,15.1,16.42316246032715,11.58228874206543,21.264036178588867,9.681747436523438,True,0.9
2024-07-12,XGBoost,13.4,15.898026466369629,11.05715274810791,20.738900184631348,9.681747436523438,True,0.9
2024-07-13,XGBoost,15.1,14.773614883422852,9.932741165161133,19.61448860168457,9.681747436523438,True,0.9
2024-07-14,XGBoost,16.3,15.197915077209473,10.357041358947754,20.03878879547119,9.681747436523438,True,0.9
2024-07-15,XGBoost,15.4,15.674756050109863,10.833882331848145,20.515629768371582,9.681747436523438,True,0.9
2024-07-16,XGBoost,14.9,15.636979103088379,10.79610538482666,20.477852821350098,9.681747436523438,True,0.9
2024-07-17,XGBoost,15.2,17.39044189453125,12.549568176269531,22.23131561279297,9.681747436523438,True,0.9
2024-07-18,XGBoost,16.1,15.138538360595703,10.297664642333984,19.979412078857422,9.681747436523438,True,0.9
2024-07-19,XGBoost,14.5,15.427480697631836,10.586606979370117,20.268354415893555,9.681747436523438,True,0.9
2024-07-20,XGBoost,14.2,15.728533744812012,10.887660026550293,20.56940746307373,9.681747436523438,True,0.9
2024-07-21,XGBoost,16.0,17.128829956054688,12.287956237792969,21.969703674316406,9.681747436523438,True,0.9
2024-07-22,XGBoost,15.4,17.09845542907715,12.25758171081543,21.939329147338867,9.681747436523438,True,0.9
2024-07-23,XGBoost,15.1,16.74856948852539,11.907695770263672,21.58944320678711,9.681747436523438,True,0.9
2024-07-24,XGBoost,18.7,15.910637855529785,11.069764137268066,20.751511573791504,9.681747436523438,True,0.9
2024-07-25,XGBoost,16.9,17.295536041259766,12.454662322998047,22.136409759521484,9.681747436523438,True,0.9
2024-07-26,XGBoost,14.4,16.004268646240234,11.163394927978516,20.845142364501953,9.681747436523438,True,0.9
2024-07-27,XGBoost,13.4,15.447713851928711,10.606840133666992,20.28858757019043,9.681747436523438,True,0.9
2024-07-28,XGBoost,14.4,15.185704231262207,10.344830513000488,20.026577949523926,9.681747436523438,True,0.9
2024-07-29,XGBoost,13.9,15.218860626220703,10.377986907958984,20.059734344482422,9.681747436523438,True,0.9
2024-07-30,XGBoost,14.0,15.162217140197754,10.321343421936035,20.003090858459473,9.681747436523438,True,0.9
2024-07-31,XGBoost,15.6,17.09845542907715,12.25758171081543,21.939329147338867,9.681747436523438,True,0.9
2024-08-01,XGBoost,15.4,17.09845542907715,12.25758171081543,21.939329147338867,9.681747436523438,True,0.9
2024-08-02,XGBoost,20.0,17.462154388427734,12.621280670166016,22.303028106689453,9.681747436523438,True,0.9
2024-08-03,XGBoost,13.8,17.895097732543945,13.054224014282227,22.735971450805664,9.681747436523438,True,0.9
2024-08-04,XGBoost,14.9,14.752230644226074,9.911356925964355,19.593104362487793,9.681747436523438,True,0.9
2024-08-05,XGBoost,18.3,16.901573181152344,12.060699462890625,21.742446899414062,9.681747436523438,True,0.9
2024-08-06,XGBoost,17.0,17.837390899658203,12.996517181396484,22.678264617919922,9.681747436523438,True,0.9
2024-08-07,XGBoost,14.4,17.646827697753906,12.805953979492188,22.487701416015625,9.681747436523438,True,0.9
2024-08-08,XGBoost,16.0,15.56031322479248,10.719439506530762,20.4011869430542,9.681747436523438,True,0.9
2024-08-09,XGBoost,17.0,16.09804916381836,11.25717544555664,20.938922882080078,9.681747436523438,True,0.9
2024-08-10,XGBoost,16.5,15.91079044342041,11.069916725158691,20.75166416168213,9.681747436523438,True,0.9
2024-08-11,XGBoost,16.8,16.289283752441406,11.448410034179688,21.130157470703125,9.681747436523438,True,0.9
2024-08-12,XGBoost,16.4,17.273683547973633,12.432809829711914,22.11455726623535,9.681747436523438,True,0.9
2024-08-13,XGBoost,13.9,15.432867050170898,10.59199333190918,20.273740768432617,9.681747436523438,True,0.9
2024-08-14,XGBoost,18.4,17.273683547973633,12.432809829711914,22.11455726623535,9.681747436523438,True,0.9
2024-08-15,XGBoost,17.4,17.355674743652344,12.514801025390625,22.196548461914062,9.681747436523438,True,0.9
2024-08-16,XGBoost,15.4,18.70948600769043,13.868612289428711,23.55035972595215,9.681747436523438,True,0.9
2024-08-17,XGBoost,18.0,16.229394912719727,11.388521194458008,21.070268630981445,9.681747436523438,True,0.9
2024-08-18,XGBoost,21.1,16.71284294128418,11.871969223022461,21.5537166595459,9.681747436523438,True,0.9
2024-08-19,XGBoost,19.9,18.571918487548828,13.73104476928711,23.412792205810547,9.681747436523438,True,0.9
2024-08-20,XGBoost,14.7,18.88288116455078,14.042007446289062,23.7237548828125,9.681747436523438,True,0.9
2024-08-21,XGBoost,18.0,15.637784957885742,10.796911239624023,20.47865867614746,9.681747436523438,True,0.9
2024-08-22,XGBoost,24.5,17.344650268554688,12.503776550292969,22.185523986816406,9.681747436523438,False,0.9
2024-08-23,XGBoost,17.0,19.269351959228516,14.428478240966797,24.110225677490234,9.681747436523438,True,0.9
2024-08-24,XGBoost,17.0,16.452537536621094,11.611663818359375,21.293411254882812,9.681747436523438,True,0.9
2024-08-25,XGBoost,16.2,17.21941566467285,12.378541946411133,22.06028938293457,9.681747436523438,True,0.9
2024-08-26,XGBoost,14.1,16.09853172302246,11.257658004760742,20.93940544128418,9.681747436523438,True,0.9
2024-08-27,XGBoost,11.8,15.666245460510254,10.825371742248535,20.507119178771973,9.681747436523438,True,0.9
2024-08-28,XGBoost,12.9,15.750252723693848,10.909379005432129,20.591126441955566,9.681747436523438,True,0.9
2024-08-29,XGBoost,17.2,17.7071533203125,12.866279602050781,22.54802703857422,9.681747436523438,True,0.9
2024-08-30,XGBoost,25.0,17.93860626220703,13.097732543945312,22.77947998046875,9.681747436523438,False,0.9
2024-08-31,XGBoost,19.1,19.067392349243164,14.226518630981445,23.908266067504883,9.681747436523438,True,0.9
2024-09-01,XGBoost,29.4,17.38005256652832,12.539178848266602,22.22092628479004,9.681747436523438,False,0.9
2024-09-02,XGBoost,20.2,22.13410186767578,17.293228149414062,26.9749755859375,9.681747436523438,True,0.9
2024-09-03,XGBoost,17.5,17.972108840942383,13.131235122680664,22.8129825592041,9.681747436523438,True,0.9
2024-09-04,XGBoost,14.6,18.68277359008789,13.841899871826172,23.52364730834961,9.681747436523438,True,0.9
2024-09-05,XGBoost,16.6,16.55352783203125,11.712654113769531,21.39440155029297,9.681747436523438,True,0.9
2024-09-06,XGBoost,15.8,17.70549201965332,12.864618301391602,22.54636573791504,9.681747436523438,True,0.9
2024-09-07,XGBoost,14.6,18.240276336669922,13.399402618408203,23.08115005493164,9.681747436523438,True,0.9
2024-09-08,XGBoost,19.0,16.40342903137207,11.562555313110352,21.24430274963379,9.681747436523438,True,0.9
2024-09-09,XGBoost,20.8,17.984594345092773,13.143720626831055,22.825468063354492,9.681747436523438,True,0.9
2024-09-10,XGBoost,23.8,19.09852409362793,14.257650375366211,23.93939781188965,9.681747436523438,True,0.9
2024-09-11,XGBoost,19.6,20.01030158996582,15.169427871704102,24.85117530822754,9.681747436523438,True,0.9
2024-09-12,XGBoost,17.8,17.178733825683594,12.337860107421875,22.019607543945312,9.681747436523438,True,0.9
2024-09-13,XGBoost,19.5,17.393224716186523,12.552350997924805,22.234098434448242,9.681747436523438,True,0.9
2024-09-14,XGBoost,18.0,19.356916427612305,14.516042709350586,24.197790145874023,9.681747436523438,True,0.9
2024-09-15,XGBoost,17.3,18.471797943115234,13.630924224853516,23.312671661376953,9.681747436523438,True,0.9
2024-09-16,XGBoost,16.6,19.395612716674805,14.554738998413086,24.236486434936523,9.681747436523438,True,0.9
2024-09-17,XGBoost,15.9,18.931568145751953,14.090694427490234,23.772441864013672,9.681747436523438,True,0.9
2024-09-18,XGBoost,15.9,16.39164161682129,11.55076789855957,21.232515335083008,9.681747436523438,True,0.9
2024-09-19,XGBoost,20.0,16.964975357055664,12.124101638793945,21.805849075317383,9.681747436523438,True,0.9
2024-09-20,XGBoost,22.5,19.22262191772461,14.38174819946289,24.063495635986328,9.681747436523438,True,0.9
2024-09-21,XGBoost,26.0,19.860027313232422,15.019153594970703,24.70090103149414,9.681747436523438,False,0.9
2024-09-22,XGBoost,26.1,22.83616828918457,17.99529457092285,27.67704200744629,9.681747436523438,True,0.9
2024-09-23,XGBoost,20.9,23.895240783691406,19.054367065429688,28.736114501953125,9.681747436523438,True,0.9
2024-09-24,XGBoost,17.4,20.769954681396484,15.929080963134766,25.610828399658203,9.681747436523438,True,0.9
2024-09-25,XGBoost,19.8,17.992042541503906,13.151168823242188,22.832916259765625,9.681747436523438,True,0.9
2024-09-26,XGBoost,17.5,20.442522048950195,15.601648330688477,25.283395767211914,9.681747436523438,True,0.9
2024-09-27,XGBoost,17.1,20.024986267089844,15.184112548828125,24.865859985351562,9.681747436523438,True,0.9
2024-09-28,XGBoost,14.6,16.29852294921875,11.457649230957031,21.13939666748047,9.681747436523438,True,0.9
2024-09-29,XGBoost,14.4,16.904258728027344,12.063385009765625,21.745132446289062,9.681747436523438,True,0.9
2024-09-30,XGBoost,15.1,16.15452766418457,11.313653945922852,20.99540138244629,9.681747436523438,True,0.9
2024-10-01,XGBoost,22.9,17.948476791381836,13.107603073120117,22.789350509643555,9.681747436523438,False,0.9
2024-10-02,XGBoost,28.8,20.692142486572266,15.851268768310547,25.533016204833984,9.681747436523438,False,0.9
2024-10-03,XGBoost,28.7,23.874671936035156,19.033798217773438,28.715545654296875,9.681747436523438,True,0.9
2024-10-04,XGBoost,26.6,24.759431838989258,19.91855812072754,29.600305557250977,9.681747436523438,True,0.9
2024-10-05,XGBoost,26.3,25.69066047668457,20.84978675842285,30.53153419494629,9.681747436523438,True,0.9
2024-10-06,XGBoost,30.8,23.760568618774414,18.919694900512695,28.601442337036133,9.681747436523438,False,0.9
2024-10-07,XGBoost,24.0,25.021270751953125,20.180397033691406,29.862144470214844,9.681747436523438,True,0.9
2024-10-08,XGBoost,22.3,22.69528579711914,17.854412078857422,27.53615951538086,9.681747436523438,True,0.9
2024-10-09,XGBoost,19.6,23.157581329345703,18.316707611083984,27.998455047607422,9.681747436523438,True,0.9
2024-10-10,XGBoost,20.9,20.614763259887695,15.773889541625977,25.455636978149414,9.681747436523438,True,0.9
2024-10-11,XGBoost,22.1,20.845911026000977,16.005037307739258,25.686784744262695,9.681747436523438,True,0.9
2024-10-12,XGBoost,21.7,21.403654098510742,16.562780380249023,26.24452781677246,9.681747436523438,True,0.9
2024-10-13,XGBoost,19.5,22.145191192626953,17.304317474365234,26.986064910888672,9.681747436523438,True,0.9
2024-10-14,XGBoost,28.6,21.11240005493164,16.271526336669922,25.95327377319336,9.681747436523438,False,0.9
2024-10-15,XGBoost,29.5,23.85344886779785,19.012575149536133,28.69432258605957,9.681747436523438,False,0.9
2024-10-16,XGBoost,22.0,24.28968048095703,19.448806762695312,29.13055419921875,9.681747436523438,True,0.9
2024-10-17,XGBoost,19.7,21.723907470703125,16.883033752441406,26.564781188964844,9.681747436523438,True,0.9
2024-10-18,XGBoost,18.3,22.122154235839844,17.281280517578125,26.963027954101562,9.681747436523438,True,0.9
2024-10-19,XGBoost,21.3,21.00397300720215,16.16309928894043,25.844846725463867,9.681747436523438,True,0.9
2024-10-20,XGBoost,25.8,22.94106674194336,18.10019302368164,27.781940460205078,9.681747436523438,True,0.9
2024-10-21,XGBoost,27.5,23.636001586914062,18.795127868652344,28.47687530517578,9.681747436523438,True,0.9
2024-10-22,XGBoost,29.6,24.656200408935547,19.815326690673828,29.497074127197266,9.681747436523438,False,0.9
2024-10-23,XGBoost,20.8,26.765546798706055,21.924673080444336,31.606420516967773,9.681747436523438,False,0.9
2024-10-24,XGBoost,20.7,23.660310745239258,18.81943702697754,28.501184463500977,9.681747436523438,True,0.9
2024-10-25,XGBoost,27.5,22.511194229125977,17.670320510864258,27.352067947387695,9.681747436523438,False,0.9
2024-10-26,XGBoost,18.4,24.38710594177246,19.546232223510742,29.22797966003418,9.681747436523438,False,0.9
2024-10-27,XGBoost,20.2,18.503873825073242,13.663000106811523,23.34474754333496,9.681747436523438,True,0.9
2024-10-28,XGBoost,20.2,21.041112899780273,16.200239181518555,25.881986618041992,9.681747436523438,True,0.9
2024-10-29,XGBoost,23.0,22.389636993408203,17.548763275146484,27.230510711669922,9.681747436523438,True,0.9
2024-10-30,XGBoost,25.6,23.37724494934082,18.5363712310791,28.21811866760254,9.681747436523438,True,0.9
2024-10-31,XGBoost,25.3,24.356693267822266,19.515819549560547,29.197566986083984,9.681747436523438,True,0.9
2024-11-01,XGBoost,23.9,23.57081413269043,18.72994041442871,28.41168785095215,9.681747436523438,True,0.9
2024-11-02,XGBoost,21.8,23.20222282409668,18.36134910583496,28.0430965423584,9.681747436523438,True,0.9
2024-11-03,XGBoost,15.4,22.88212013244629,18.04124641418457,27.722993850708008,9.681747436523438,False,0.9
2024-11-04,XGBoost,19.8,17.742185592651367,12.901311874389648,22.583059310913086,9.681747436523438,True,0.9
2024-11-05,XGBoost,24.1,22.025062561035156,17.184188842773438,26.865936279296875,9.681747436523438,True,0.9
2024-11-06,XGBoost,30.0,23.765310287475586,18.924436569213867,28.606184005737305,9.681747436523438,False,0.9
2024-11-07,XGBoost,25.0,26.3129940032959,21.47212028503418,31.153867721557617,9.681747436523438,True,0.9
2024-11-08,XGBoost,26.1,24.09192657470703,19.251052856445312,28.93280029296875,9.681747436523438,True,0.9
2024-11-09,XGBoost,23.0,24.901630401611328,20.06075668334961,29.742504119873047,9.681747436523438,True,0.9
2024-11-10,XGBoost,26.9,23.777633666992188,18.93675994873047,28.618507385253906,9.681747436523438,True,0.9
2024-11-11,XGBoost,21.3,24.769697189331055,19.928823471069336,29.610570907592773,9.681747436523438,True,0.9
2024-11-12,XGBoost,23.1,23.068458557128906,18.227584838867188,27.909332275390625,9.681747436523438,True,0.9
2024-11-13,XGBoost,27.5,22.86577033996582,18.0248966217041,27.70664405822754,9.681747436523438,True,0.9
2024-11-14,XGBoost,25.2,24.707265853881836,19.866392135620117,29.548139572143555,9.681747436523438,True,0.9
2024-11-15,XGBoost,21.5,23.493999481201172,18.653125762939453,28.33487319946289,9.681747436523438,True,0.9
2024-11-16,XGBoost,27.4,23.51625633239746,18.675382614135742,28.35713005065918,9.681747436523438,True,0.9
2024-11-17,XGBoost,22.5,24.31256675720215,19.47169303894043,29.153440475463867,9.681747436523438,True,0.9
2024-11-18,XGBoost,24.9,23.752161026000977,18.911287307739258,28.593034744262695,9.681747436523438,True,0.9
2024-11-19,XGBoost,25.7,24.127948760986328,19.28707504272461,28.968822479248047,9.681747436523438,True,0.9
2024-11-20,XGBoost,24.9,23.821414947509766,18.980541229248047,28.662288665771484,9.681747436523438,True,0.9
2024-11-21,XGBoost,24.1,25.272918701171875,20.432044982910156,30.113792419433594,9.681747436523438,True,0.9
2024-11-22,XGBoost,24.9,24.53765106201172,19.69677734375,29.378524780273438,9.681747436523438,True,0.9
2024-11-23,XGBoost,28.5,25.345577239990234,20.504703521728516,30.186450958251953,9.681747436523438,True,0.9
2024-11-24,XGBoost,23.8,24.361713409423828,19.52083969116211,29.202587127685547,9.681747436523438,True,0.9
2024-11-25,XGBoost,19.5,23.05023956298828,18.209365844726562,27.89111328125,9.681747436523438,True,0.9
2024-11-26,XGBoost,20.5,20.97026824951172,16.12939453125,25.811141967773438,9.681747436523438,True,0.9
2024-11-27,XGBoost,24.5,21.155120849609375,16.314247131347656,25.995994567871094,9.681747436523438,True,0.9
2024-11-28,XGBoost,27.5,24.686355590820312,19.845481872558594,29.52722930908203,9.681747436523438,True,0.9
2024-11-29,XGBoost,23.3,25.057876586914062,20.217002868652344,29.89875030517578,9.681747436523438,True,0.9
2024-11-30,XGBoost,23.2,24.47446632385254,19.63359260559082,29.315340042114258,9.681747436523438,True,0.9
2024-12-01,XGBoost,27.8,24.744403839111328,19.90353012084961,29.585277557373047,9.681747436523438,True,0.9
2024-12-02,XGBoost,25.5,25.411170959472656,20.570297241210938,30.252044677734375,9.681747436523438,True,0.9
2024-12-03,XGBoost,27.0,24.19171714782715,19.35084342956543,29.032590866088867,9.681747436523438,True,0.9
2024-12-04,XGBoost,23.7,25.564239501953125,20.723365783691406,30.405113220214844,9.681747436523438,True,0.9
2024-12-05,XGBoost,20.9,24.061389923095703,19.220516204833984,28.902263641357422,9.681747436523438,True,0.9
2024-12-06,XGBoost,24.8,22.42357063293457,17.58269691467285,27.26444435119629,9.681747436523438,True,0.9
2024-12-07,XGBoost,23.5,24.94691276550293,20.10603904724121,29.78778648376465,9.681747436523438,True,0.9
2024-12-08,XGBoost,29.6,24.785612106323242,19.944738388061523,29.62648582458496,9.681747436523438,True,0.9
2024-12-09,XGBoost,27.2,25.277320861816406,20.436447143554688,30.118194580078125,9.681747436523438,True,0.9
2024-12-10,XGBoost,26.5,25.313344955444336,20.472471237182617,30.154218673706055,9.681747436523438,True,0.9
2024-12-11,XGBoost,25.0,25.446752548217773,20.605878829956055,30.287626266479492,9.681747436523438,True,0.9
2024-12-12,XGBoost,22.3,24.009992599487305,19.169118881225586,28.850866317749023,9.681747436523438,True,0.9
2024-12-13,XGBoost,24.6,22.78059959411621,17.939725875854492,27.62147331237793,9.681747436523438,True,0.9
2024-12-14,XGBoost,20.4,24.606876373291016,19.766002655029297,29.447750091552734,9.681747436523438,True,0.9
2024-12-15,XGBoost,22.6,21.165828704833984,16.324954986572266,26.006702423095703,9.681747436523438,True,0.9
2024-12-16,XGBoost,22.8,23.67677116394043,18.83589744567871,28.51764488220215,9.681747436523438,True,0.9
2024-12-17,XGBoost,23.2,24.337112426757812,19.496238708496094,29.17798614501953,9.681747436523438,True,0.9
2024-12-18,XGBoost,25.8,24.582895278930664,19.742021560668945,29.423768997192383,9.681747436523438,True,0.9
2024-12-19,XGBoost,25.0,25.17951202392578,20.338638305664062,30.0203857421875,9.681747436523438,True,0.9
2024-12-20,XGBoost,26.0,25.54418182373047,20.70330810546875,30.385055541992188,9.681747436523438,True,0.9
2024-12-21,XGBoost,26.5,26.529481887817383,21.688608169555664,31.3703556060791,9.681747436523438,True,0.9
2024-12-22,XGBoost,22.9,25.920795440673828,21.07992172241211,30.761669158935547,9.681747436523438,True,0.9
2024-12-23,XGBoost,28.2,25.234060287475586,20.393186569213867,30.074934005737305,9.681747436523438,True,0.9
2024-12-24,XGBoost,33.6,27.04496955871582,22.2040958404541,31.88584327697754,9.681747436523438,False,0.9
2024-12-25,XGBoost,35.6,28.91642189025879,24.07554817199707,33.75729560852051,9.681747436523438,False,0.9
2024-12-26,XGBoost,26.1,30.251480102539062,25.410606384277344,35.09235382080078,9.681747436523438,True,0.9
2024-12-27,XGBoost,27.9,25.722930908203125,20.882057189941406,30.563804626464844,9.681747436523438,True,0.9
2024-12-28,XGBoost,27.2,28.142141342163086,23.301267623901367,32.983015060424805,9.681747436523438,True,0.9
2024-12-29,XGBoost,26.9,25.166105270385742,20.325231552124023,30.00697898864746,9.681747436523438,True,0.9
2024-12-30,XGBoost,25.6,24.686063766479492,19.845190048217773,29.52693748474121,9.681747436523438,True,0.9
2024-12-31,XGBoost,25.7,25.82362174987793,20.98274803161621,30.66449546813965,9.681747436523438,True,0.9
2025-01-01,XGBoost,23.6,26.205509185791016,21.364635467529297,31.046382904052734,9.681747436523438,True,0.9
2025-01-02,XGBoost,26.0,26.256906509399414,21.416032791137695,31.097780227661133,9.681747436523438,True,0.9
2025-01-03,XGBoost,29.0,27.014360427856445,22.173486709594727,31.855234146118164,9.681747436523438,True,0.9
2025-01-04,XGBoost,22.4,27.08078384399414,22.239910125732422,31.92165756225586,9.681747436523438,True,0.9
2025-01-05,XGBoost,22.8,24.2830810546875,19.44220733642578,29.12395477294922,9.681747436523438,True,0.9
2025-01-06,XGBoost,24.8,25.82591438293457,20.98504066467285,30.66678810119629,9.681747436523438,True,0.9
2025-01-07,XGBoost,24.9,26.20562171936035,21.364748001098633,31.04649543762207,9.681747436523438,True,0.9
2025-01-08,XGBoost,26.0,26.23418426513672,21.393310546875,31.075057983398438,9.681747436523438,True,0.9
2025-01-09,XGBoost,24.0,26.075435638427734,21.234561920166016,30.916309356689453,9.681747436523438,True,0.9
2025-01-10,XGBoost,26.4,26.458223342895508,21.61734962463379,31.299097061157227,9.681747436523438,True,0.9
2025-01-11,XGBoost,25.3,26.158849716186523,21.317975997924805,30.999723434448242,9.681747436523438,True,0.9
2025-01-12,XGBoost,31.1,25.982912063598633,21.142038345336914,30.82378578186035,9.681747436523438,False,0.9
2025-01-13,XGBoost,24.5,27.950977325439453,23.110103607177734,32.79185104370117,9.681747436523438,True,0.9
2025-01-14,XGBoost,21.2,24.330354690551758,19.48948097229004,29.171228408813477,9.681747436523438,True,0.9
2025-01-15,XGBoost,25.4,23.35915756225586,18.51828384399414,28.200031280517578,9.681747436523438,True,0.9
2025-01-16,XGBoost,29.0,26.508228302001953,21.667354583740234,31.349102020263672,9.681747436523438,True,0.9
2025-01-17,XGBoost,23.9,26.865009307861328,22.02413558959961,31.705883026123047,9.681747436523438,True,0.9
2025-01-18,XGBoost,25.6,25.851200103759766,21.010326385498047,30.692073822021484,9.681747436523438,True,0.9
2025-01-19,XGBoost,24.1,26.483665466308594,21.642791748046875,31.324539184570312,9.681747436523438,True,0.9
2025-01-20,XGBoost,34.7,25.525192260742188,20.68431854248047,30.366065979003906,9.681747436523438,False,0.9
2025-01-21,XGBoost,35.8,30.231294631958008,25.39042091369629,35.07216835021973,9.681747436523438,False,0.9
2025-01-22,XGBoost,28.8,29.893449783325195,25.052576065063477,34.734323501586914,9.681747436523438,True,0.9
2025-01-23,XGBoost,28.5,26.104097366333008,21.26322364807129,30.944971084594727,9.681747436523438,True,0.9
2025-01-24,XGBoost,30.5,26.61197280883789,21.771099090576172,31.45284652709961,9.681747436523438,True,0.9
2025-01-25,XGBoost,26.5,28.601009368896484,23.760135650634766,33.4418830871582,9.681747436523438,True,0.9
2025-01-26,XGBoost,27.5,28.236663818359375,23.395790100097656,33.077537536621094,9.681747436523438,True,0.9
2025-01-27,XGBoost,35.8,28.612417221069336,23.771543502807617,33.453290939331055,9.681747436523438,False,0.9
2025-01-28,XGBoost,31.4,29.26053810119629,24.41966438293457,34.10141181945801,9.681747436523438,True,0.9
2025-01-29,XGBoost,25.8,28.806346893310547,23.965473175048828,33.647220611572266,9.681747436523438,True,0.9
2025-01-30,XGBoost,24.0,25.736616134643555,20.895742416381836,30.577489852905273,9.681747436523438,True,0.9
2025-01-31,XGBoost,24.9,25.267593383789062,20.426719665527344,30.10846710205078,9.681747436523438,True,0.9
2025-02-01,XGBoost,25.5,26.437192916870117,21.5963191986084,31.278066635131836,9.681747436523438,True,0.9
2025-02-02,XGBoost,25.2,26.486862182617188,21.64598846435547,31.327735900878906,9.681747436523438,True,0.9
2025-02-03,XGBoost,25.1,26.535062789916992,21.694189071655273,31.37593650817871,9.681747436523438,True,0.9
2025-02-04,XGBoost,21.1,26.535062789916992,21.694189071655273,31.37593650817871,9.681747436523438,False,0.9
2025-02-05,XGBoost,27.4,23.863386154174805,19.022512435913086,28.704259872436523,9.681747436523438,True,0.9
2025-02-06,XGBoost,36.2,27.271486282348633,22.430612564086914,32.11236000061035,9.681747436523438,False,0.9
2025-02-07,XGBoost,26.8,29.349552154541016,24.508678436279297,34.190425872802734,9.681747436523438,True,0.9
2025-02-08,XGBoost,23.5,24.70172119140625,19.86084747314453,29.54259490966797,9.681747436523438,True,0.9
2025-02-09,XGBoost,27.5,26.502582550048828,21.66170883178711,31.343456268310547,9.681747436523438,True,0.9
2025-02-10,XGBoost,30.7,26.641769409179688,21.80089569091797,31.482643127441406,9.681747436523438,True,0.9
2025-02-11,XGBoost,31.9,28.29591178894043,23.45503807067871,33.13678550720215,9.681747436523438,True,0.9
2025-02-12,XGBoost,22.4,26.317747116088867,21.47687339782715,31.158620834350586,9.681747436523438,True,0.9
2025-02-13,XGBoost,22.9,24.450347900390625,19.609474182128906,29.291221618652344,9.681747436523438,True,0.9
2025-02-14,XGBoost,26.2,26.09336280822754,21.25248908996582,30.934236526489258,9.681747436523438,True,0.9
2025-02-15,XGBoost,25.5,27.38013458251953,22.539260864257812,32.22100830078125,9.681747436523438,True,0.9
2025-02-16,XGBoost,27.4,27.038816452026367,22.19794273376465,31.879690170288086,9.681747436523438,True,0.9
2025-02-17,XGBoost,26.3,27.51384735107422,22.6729736328125,32.35472106933594,9.681747436523438,True,0.9
2025-02-18,XGBoost,33.8,27.063581466674805,22.222707748413086,31.904455184936523,9.681747436523438,False,0.9
2025-02-19,XGBoost,34.7,29.87281608581543,25.03194236755371,34.71368980407715,9.681747436523438,True,0.9
2025-02-20,XGBoost,27.6,28.785263061523438,23.94438934326172,33.626136779785156,9.681747436523438,True,0.9
2025-02-21,XGBoost,28.8,24.832910537719727,19.992036819458008,29.673784255981445,9.681747436523438,True,0.9
2025-02-22,XGBoost,23.6,27.406164169311523,22.565290451049805,32.24703788757324,9.681747436523438,True,0.9
2025-02-23,XGBoost,25.8,26.254730224609375,21.413856506347656,31.095603942871094,9.681747436523438,True,0.9
2025-02-24,XGBoost,26.5,26.59037208557129,21.74949836730957,31.431245803833008,9.681747436523438,True,0.9
2025-02-25,XGBoost,31.7,27.429410934448242,22.588537216186523,32.27028465270996,9.681747436523438,True,0.9
2025-02-26,XGBoost,28.1,29.368040084838867,24.52716636657715,34.208913803100586,9.681747436523438,True,0.9
2025-02-27,XGBoost,28.1,28.17340087890625,23.33252716064453,33.01427459716797,9.681747436523438,True,0.9
2025-02-28,XGBoost,25.8,28.041942596435547,23.201068878173828,32.882816314697266,9.681747436523438,True,0.9
2025-03-01,XGBoost,34.5,26.722938537597656,21.882064819335938,31.563812255859375,9.681747436523438,False,0.9
2025-03-02,XGBoost,35.2,29.1256046295166,24.284730911254883,33.96647834777832,9.681747436523438,False,0.9
2025-03-03,XGBoost,26.5,29.19530487060547,24.35443115234375,34.03617858886719,9.681747436523438,True,0.9
2025-03-04,XGBoost,27.9,25.882492065429688,21.04161834716797,30.723365783691406,9.681747436523438,True,0.9
2025-03-05,XGBoost,25.3,27.221437454223633,22.380563735961914,32.06231117248535,9.681747436523438,True,0.9
2025-03-06,XGBoost,27.8,25.532516479492188,20.69164276123047,30.373390197753906,9.681747436523438,True,0.9
2025-03-07,XGBoost,31.5,27.443859100341797,22.602985382080078,32.284732818603516,9.681747436523438,True,0.9
2025-03-08,XGBoost,25.5,28.429859161376953,23.588985443115234,33.27073287963867,9.681747436523438,True,0.9
2025-03-09,XGBoost,22.5,24.668426513671875,19.827552795410156,29.509300231933594,9.681747436523438,True,0.9
2025-03-10,XGBoost,26.5,25.80650520324707,20.96563148498535,30.64737892150879,9.681747436523438,True,0.9
2025-03-11,XGBoost,28.5,26.472042083740234,21.631168365478516,31.312915802001953,9.681747436523438,True,0.9
2025-03-12,XGBoost,29.3,26.988344192504883,22.147470474243164,31.8292179107666,9.681747436523438,True,0.9
2025-03-13,XGBoost,35.9,28.36087989807129,23.52000617980957,33.20175361633301,9.681747436523438,False,0.9
2025-03-14,XGBoost,29.0,29.517139434814453,24.676265716552734,34.35801315307617,9.681747436523438,True,0.9
2025-03-15,XGBoost,26.6,27.833581924438477,22.992708206176758,32.674455642700195,9.681747436523438,True,0.9
2025-03-16,XGBoost,27.0,24.86546516418457,20.02459144592285,29.70633888244629,9.681747436523438,True,0.9
2025-03-17,XGBoost,31.6,26.9103946685791,22.069520950317383,31.75126838684082,9.681747436523438,True,0.9
2025-03-18,XGBoost,32.8,28.400894165039062,23.560020446777344,33.24176788330078,9.681747436523438,True,0.9
2025-03-19,XGBoost,29.1,27.745309829711914,22.904436111450195,32.58618354797363,9.681747436523438,True,0.9
2025-03-20,XGBoost,26.2,23.478097915649414,18.637224197387695,28.318971633911133,9.681747436523438,True,0.9
2025-03-21,XGBoost,24.6,24.301828384399414,19.460954666137695,29.142702102661133,9.681747436523438,True,0.9
2025-03-22,XGBoost,22.2,24.266550064086914,19.425676345825195,29.107423782348633,9.681747436523438,True,0.9
2025-03-23,XGBoost,23.6,23.136611938476562,18.295738220214844,27.97748565673828,9.681747436523438,True,0.9
2025-03-24,XGBoost,23.5,25.098669052124023,20.257795333862305,29.939542770385742,9.681747436523438,True,0.9
2025-03-25,XGBoost,22.5,22.176794052124023,17.335920333862305,27.017667770385742,9.681747436523438,True,0.9
2025-03-26,XGBoost,29.6,24.346412658691406,19.505538940429688,29.187286376953125,9.681747436523438,False,0.9
2025-03-27,XGBoost,30.9,26.954833984375,22.11396026611328,31.79570770263672,9.681747436523438,True,0.9
2025-03-28,XGBoost,24.6,26.756895065307617,21.9160213470459,31.597768783569336,9.681747436523438,True,0.9
2025-03-29,XGBoost,23.1,23.001399993896484,18.160526275634766,27.842273712158203,9.681747436523438,True,0.9
2025-03-30,XGBoost,25.8,23.61943817138672,18.778564453125,28.460311889648438,9.681747436523438,True,0.9
2025-03-31,XGBoost,22.1,22.63233757019043,17.79146385192871,27.47321128845215,9.681747436523438,True,0.9
2025-04-01,XGBoost,24.5,22.554975509643555,17.714101791381836,27.395849227905273,9.681747436523438,True,0.9
2025-04-02,XGBoost,29.9,25.320026397705078,20.47915267944336,30.160900115966797,9.681747436523438,True,0.9
2025-04-03,XGBoost,29.9,26.66126251220703,21.820388793945312,31.50213623046875,9.681747436523438,True,0.9
2025-04-04,XGBoost,31.6,27.795513153076172,22.954639434814453,32.63638687133789,9.681747436523438,True,0.9
2025-04-05,XGBoost,31.8,28.447174072265625,23.606300354003906,33.288047790527344,9.681747436523438,True,0.9
2025-04-06,XGBoost,30.9,28.35178565979004,23.51091194152832,33.19265937805176,9.681747436523438,True,0.9
2025-04-07,XGBoost,21.4,27.68780517578125,22.84693145751953,32.52867889404297,9.681747436523438,False,0.9
2025-04-08,XGBoost,22.6,22.2492618560791,17.408388137817383,27.09013557434082,9.681747436523438,True,0.9
2025-04-09,XGBoost,24.5,22.664230346679688,17.82335662841797,27.505104064941406,9.681747436523438,True,0.9
2025-04-10,XGBoost,27.7,24.807096481323242,19.966222763061523,29.64797019958496,9.681747436523438,True,0.9
2025-04-11,XGBoost,19.8,25.298311233520508,20.45743751525879,30.139184951782227,9.681747436523438,False,0.9
2025-04-12,XGBoost,19.5,20.674198150634766,15.833324432373047,25.515071868896484,9.681747436523438,True,0.9
2025-04-13,XGBoost,19.5,21.347501754760742,16.506628036499023,26.18837547302246,9.681747436523438,True,0.9
2025-04-14,XGBoost,23.4,22.43379020690918,17.59291648864746,27.2746639251709,9.681747436523438,True,0.9
2025-04-15,XGBoost,24.9,23.88135528564453,19.040481567382812,28.72222900390625,9.681747436523438,True,0.9
2025-04-16,XGBoost,27.3,24.459457397460938,19.61858367919922,29.300331115722656,9.681747436523438,True,0.9
2025-04-17,XGBoost,31.0,25.26289939880371,20.422025680541992,30.10377311706543,9.681747436523438,False,0.9
2025-04-18,XGBoost,22.6,27.161237716674805,22.320363998413086,32.00211143493652,9.681747436523438,True,0.9
2025-04-19,XGBoost,22.5,22.282346725463867,17.44147300720215,27.123220443725586,9.681747436523438,True,0.9
2025-04-20,XGBoost,21.3,24.615249633789062,19.774375915527344,29.45612335205078,9.681747436523438,True,0.9
2025-04-21,XGBoost,25.0,23.43590545654297,18.59503173828125,28.276779174804688,9.681747436523438,True,0.9
2025-04-22,XGBoost,24.3,24.611591339111328,19.77071762084961,29.452465057373047,9.681747436523438,True,0.9
2025-04-23,XGBoost,24.8,24.141597747802734,19.300724029541016,28.982471466064453,9.681747436523438,True,0.9
2025-04-24,XGBoost,24.1,23.44857406616211,18.60770034790039,28.289447784423828,9.681747436523438,True,0.9
2025-04-25,XGBoost,26.6,22.82973861694336,17.98886489868164,27.670612335205078,9.681747436523438,True,0.9
2025-04-26,XGBoost,34.3,25.015682220458984,20.174808502197266,29.856555938720703,9.681747436523438,False,0.9
2025-04-27,XGBoost,22.9,27.49761199951172,22.65673828125,32.33848571777344,9.681747436523438,True,0.9
2025-04-28,XGBoost,20.0,24.336326599121094,19.495452880859375,29.177200317382812,9.681747436523438,True,0.9
2025-04-29,XGBoost,19.0,22.180118560791016,17.339244842529297,27.020992279052734,9.681747436523438,True,0.9
2025-04-30,XGBoost,15.9,21.043010711669922,16.202136993408203,25.88388442993164,9.681747436523438,False,0.9
2025-05-01,XGBoost,16.5,17.285888671875,12.445014953613281,22.12676239013672,9.681747436523438,True,0.9
2025-05-02,XGBoost,19.6,18.014802932739258,13.173929214477539,22.855676651000977,9.681747436523438,True,0.9
2025-05-03,XGBoost,25.0,19.63408851623535,14.793214797973633,24.47496223449707,9.681747436523438,False,0.9
2025-05-04,XGBoost,21.1,22.509838104248047,17.668964385986328,27.350711822509766,9.681747436523438,True,0.9
2025-05-05,XGBoost,20.5,20.53942108154297,15.69854736328125,25.380294799804688,9.681747436523438,True,0.9
2025-05-06,XGBoost,19.8,22.120540618896484,17.279666900634766,26.961414337158203,9.681747436523438,True,0.9
2025-05-07,XGBoost,19.8,21.4325008392334,16.59162712097168,26.273374557495117,9.681747436523438,True,0.9
2025-05-08,XGBoost,20.6,21.028982162475586,16.188108444213867,25.869855880737305,9.681747436523438,True,0.9
2025-05-09,XGBoost,17.8,20.82703971862793,15.986166000366211,25.66791343688965,9.681747436523438,True,0.9
2025-05-10,XGBoost,18.0,17.546688079833984,12.705814361572266,22.387561798095703,9.681747436523438,True,0.9
2025-05-11,XGBoost,20.1,17.858598709106445,13.017724990844727,22.699472427368164,9.681747436523438,True,0.9
2025-05-12,XGBoost,21.0,20.82703971862793,15.986166000366211,25.66791343688965,9.681747436523438,True,0.9
2025-05-13,XGBoost,21.5,21.2749080657959,16.43403434753418,26.115781784057617,9.681747436523438,True,0.9
2025-05-14,XGBoost,23.6,20.610231399536133,15.769357681274414,25.45110511779785,9.681747436523438,True,0.9
2025-05-15,XGBoost,26.7,22.671934127807617,17.8310604095459,27.512807846069336,9.681747436523438,True,0.9
2025-05-16,XGBoost,23.2,23.746923446655273,18.906049728393555,28.587797164916992,9.681747436523438,True,0.9
2025-05-17,XGBoost,24.6,22.938636779785156,18.097763061523438,27.779510498046875,9.681747436523438,True,0.9
2025-05-18,XGBoost,19.9,20.934438705444336,16.093564987182617,25.775312423706055,9.681747436523438,True,0.9
2025-05-19,XGBoost,15.3,20.490097045898438,15.649223327636719,25.330970764160156,9.681747436523438,False,0.9
2025-05-20,XGBoost,16.4,16.66825294494629,11.82737922668457,21.509126663208008,9.681747436523438,True,0.9
2025-05-21,XGBoost,19.2,17.12175178527832,12.280878067016602,21.96262550354004,9.681747436523438,True,0.9
2025-05-22,XGBoost,18.9,20.01695442199707,15.176080703735352,24.85782814025879,9.681747436523438,True,0.9
2025-05-23,XGBoost,26.5,18.847148895263672,14.006275177001953,23.68802261352539,9.681747436523438,False,0.9
2025-05-24,XGBoost,21.4,21.78050994873047,16.93963623046875,26.621383666992188,9.681747436523438,True,0.9
2025-05-25,XGBoost,16.7,21.31557273864746,16.474699020385742,26.15644645690918,9.681747436523438,True,0.9
2025-05-26,XGBoost,20.1,17.510845184326172,12.669971466064453,22.35171890258789,9.681747436523438,True,0.9
2025-05-27,XGBoost,18.5,19.69904327392578,14.858169555664062,24.5399169921875,9.681747436523438,True,0.9
2025-05-28,XGBoost,18.4,17.209630966186523,12.368757247924805,22.050504684448242,9.681747436523438,True,0.9
2025-05-29,XGBoost,18.0,17.39675521850586,12.55588150024414,22.237628936767578,9.681747436523438,True,0.9
2025-05-30,XGBoost,18.2,18.081756591796875,13.240882873535156,22.922630310058594,9.681747436523438,True,0.9
2025-05-31,XGBoost,18.6,17.982145309448242,13.141271591186523,22.82301902770996,9.681747436523438,True,0.9
2025-06-01,XGBoost,17.5,19.481496810913086,14.640623092651367,24.322370529174805,9.681747436523438,True,0.9
2025-06-02,XGBoost,15.7,18.780092239379883,13.939218521118164,23.6209659576416,9.681747436523438,True,0.9
2025-06-03,XGBoost,17.7,16.68988609313965,11.84901237487793,21.530759811401367,9.681747436523438,True,0.9
2025-06-04,XGBoost,18.6,18.14871597290039,13.307842254638672,22.98958969116211,9.681747436523438,True,0.9
2025-06-05,XGBoost,16.6,20.662059783935547,15.821186065673828,25.502933502197266,9.681747436523438,True,0.9
2025-06-06,XGBoost,14.8,17.122394561767578,12.28152084350586,21.963268280029297,9.681747436523438,True,0.9
2025-06-07,XGBoost,13.9,15.74691390991211,10.90604019165039,20.587787628173828,9.681747436523438,True,0.9
2025-06-08,XGBoost,15.5,15.028474807739258,10.187601089477539,19.869348526000977,9.681747436523438,True,0.9
2025-06-09,XGBoost,16.4,16.321361541748047,11.480487823486328,21.162235260009766,9.681747436523438,True,0.9
2025-06-10,XGBoost,18.0,18.212486267089844,13.371612548828125,23.053359985351562,9.681747436523438,True,0.9
2025-06-11,XGBoost,18.9,18.751855850219727,13.910982131958008,23.592729568481445,9.681747436523438,True,0.9
2025-06-12,XGBoost,22.5,19.959625244140625,15.118751525878906,24.800498962402344,9.681747436523438,True,0.9
2025-06-13,XGBoost,25.1,20.363977432250977,15.523103713989258,25.204851150512695,9.681747436523438,True,0.9
2025-06-14,XGBoost,25.0,21.593339920043945,16.752466201782227,26.434213638305664,9.681747436523438,True,0.9
2025-06-15,XGBoost,15.7,21.629905700683594,16.789031982421875,26.470779418945312,9.681747436523438,False,0.9
2025-06-16,XGBoost,15.3,16.812358856201172,11.971485137939453,21.65323257446289,9.681747436523438,True,0.9
2025-06-17,XGBoost,17.1,16.868148803710938,12.027275085449219,21.709022521972656,9.681747436523438,True,0.9
2025-06-18,XGBoost,16.0,15.935322761535645,11.094449043273926,20.776196479797363,9.681747436523438,True,0.9
2025-06-19,XGBoost,18.2,16.332500457763672,11.491626739501953,21.17337417602539,9.681747436523438,True,0.9
2025-06-20,XGBoost,19.8,16.750732421875,11.909858703613281,21.59160614013672,9.681747436523438,True,0.9
2025-06-21,XGBoost,15.1,18.602222442626953,13.761348724365234,23.443096160888672,9.681747436523438,True,0.9
2025-06-22,XGBoost,17.2,15.960204124450684,11.119330406188965,20.801077842712402,9.681747436523438,True,0.9
2025-06-23,XGBoost,17.2,16.389144897460938,11.548271179199219,21.230018615722656,9.681747436523438,True,0.9
2025-06-24,XGBoost,13.1,18.76120376586914,13.920330047607422,23.60207748413086,9.681747436523438,False,0.9
2025-06-25,XGBoost,13.4,15.255457878112793,10.414584159851074,20.09633159637451,9.681747436523438,True,0.9
2025-06-26,XGBoost,13.2,14.327326774597168,9.48645305633545,19.168200492858887,9.681747436523438,True,0.9
2025-06-27,XGBoost,14.6,14.850162506103516,10.009288787841797,19.691036224365234,9.681747436523438,True,0.9
2025-06-28,XGBoost,18.4,15.176711082458496,10.335837364196777,20.017584800720215,9.681747436523438,True,0.9
2025-06-29,XGBoost,18.0,15.82397747039795,10.98310375213623,20.664851188659668,9.681747436523438,True,0.9
2025-06-30,XGBoost,15.9,18.929492950439453,14.088619232177734,23.770366668701172,9.681747436523438,True,0.9
2025-07-01,XGBoost,16.5,18.54639434814453,13.705520629882812,23.38726806640625,9.681747436523438,True,0.9
2025-07-02,XGBoost,14.0,16.208951950073242,11.368078231811523,21.04982566833496,9.681747436523438,True,0.9
2025-07-03,XGBoost,13.7,14.749574661254883,9.908700942993164,19.5904483795166,9.681747436523438,True,0.9
2025-07-04,XGBoost,14.3,14.40660572052002,9.5657320022583,19.24747943878174,9.681747436523438,True,0.9
2025-07-05,XGBoost,14.6,14.952496528625488,10.11162281036377,19.793370246887207,9.681747436523438,True,0.9
2025-07-06,XGBoost,15.4,14.660009384155273,9.819135665893555,19.500883102416992,9.681747436523438,True,0.9
2025-07-07,XGBoost,18.6,16.54173469543457,11.700860977172852,21.38260841369629,9.681747436523438,True,0.9
2025-07-08,XGBoost,16.8,17.76033592224121,12.919462203979492,22.60120964050293,9.681747436523438,True,0.9
2025-07-09,XGBoost,16.8,18.24820899963379,13.40733528137207,23.089082717895508,9.681747436523438,True,0.9
2025-07-10,XGBoost,13.8,16.439132690429688,11.598258972167969,21.280006408691406,9.681747436523438,True,0.9
2025-07-11,XGBoost,14.9,15.647830963134766,10.806957244873047,20.488704681396484,9.681747436523438,True,0.9
2025-07-12,XGBoost,15.2,17.131275177001953,12.290401458740234,21.972148895263672,9.681747436523438,True,0.9
2025-07-13,XGBoost,15.9,16.77353858947754,11.93266487121582,21.614412307739258,9.681747436523438,True,0.9
2025-07-14,XGBoost,16.5,16.738815307617188,11.897941589355469,21.579689025878906,9.681747436523438,True,0.9
2025-07-15,XGBoost,17.0,17.34494972229004,12.50407600402832,22.185823440551758,9.681747436523438,True,0.9
2025-07-16,XGBoost,16.3,17.766876220703125,12.926002502441406,22.607749938964844,9.681747436523438,True,0.9
2025-07-17,XGBoost,15.0,15.358887672424316,10.518013954162598,20.199761390686035,9.681747436523438,True,0.9
2025-07-18,XGBoost,16.4,17.165494918823242,12.324621200561523,22.00636863708496,9.681747436523438,True,0.9
2025-07-19,XGBoost,18.6,17.758853912353516,12.917980194091797,22.599727630615234,9.681747436523438,True,0.9
2025-07-20,XGBoost,14.8,18.18553352355957,13.344659805297852,23.02640724182129,9.681747436523438,True,0.9
2025-07-21,XGBoost,16.9,15.773903846740723,10.933030128479004,20.61477756500244,9.681747436523438,True,0.9
2025-07-22,XGBoost,17.2,17.295536041259766,12.454662322998047,22.136409759521484,9.681747436523438,True,0.9
2025-07-23,XGBoost,16.6,17.933115005493164,13.092241287231445,22.773988723754883,9.681747436523438,True,0.9
2025-07-24,XGBoost,14.6,17.18548011779785,12.344606399536133,22.02635383605957,9.681747436523438,True,0.9
2025-07-25,XGBoost,15.1,16.13123321533203,11.290359497070312,20.97210693359375,9.681747436523438,True,0.9
2025-07-26,XGBoost,19.0,17.057117462158203,12.216243743896484,21.897991180419922,9.681747436523438,True,0.9
2025-07-27,XGBoost,21.0,17.464330673217773,12.623456954956055,22.305204391479492,9.681747436523438,True,0.9
2025-07-28,XGBoost,26.6,19.633329391479492,14.792455673217773,24.47420310974121,9.681747436523438,False,0.9
2025-07-29,XGBoost,15.9,22.39256477355957,17.55169105529785,27.23343849182129,9.681747436523438,False,0.9
2025-07-30,XGBoost,13.3,16.111858367919922,11.270984649658203,20.95273208618164,9.681747436523438,True,0.9
2025-07-31,XGBoost,15.6,15.781265258789062,10.940391540527344,20.62213897705078,9.681747436523438,True,0.9
2025-08-01,XGBoost,23.0,17.106727600097656,12.265853881835938,21.947601318359375,9.681747436523438,False,0.9
2025-08-02,XGBoost,21.2,18.20305824279785,13.362184524536133,23.04393196105957,9.681747436523438,True,0.9
2025-08-03,XGBoost,14.4,20.224580764770508,15.383707046508789,25.065454483032227,9.681747436523438,False,0.9
2025-08-04,XGBoost,14.8,15.667219161987305,10.826345443725586,20.508092880249023,9.681747436523438,True,0.9
2025-08-05,XGBoost,15.1,15.155458450317383,10.314584732055664,19.9963321685791,9.681747436523438,True,0.9
2025-08-06,XGBoost,17.0,15.359297752380371,10.518424034118652,20.20017147064209,9.681747436523438,True,0.9
2025-08-07,XGBoost,17.2,16.95578956604004,12.11491584777832,21.796663284301758,9.681747436523438,True,0.9
2025-08-08,XGBoost,14.4,18.159523010253906,13.318649291992188,23.000396728515625,9.681747436523438,True,0.9
2025-08-09,XGBoost,15.1,15.152894020080566,10.312020301818848,19.993767738342285,9.681747436523438,True,0.9
2025-08-10,XGBoost,15.9,15.498520851135254,10.657647132873535,20.339394569396973,9.681747436523438,True,0.9
2025-08-11,XGBoost,16.5,17.758853912353516,12.917980194091797,22.599727630615234,9.681747436523438,True,0.9
2025-08-12,XGBoost,16.4,17.279205322265625,12.438331604003906,22.120079040527344,9.681747436523438,True,0.9
2025-08-13,XGBoost,15.0,17.75259017944336,12.91171646118164,22.593463897705078,9.681747436523438,True,0.9
2025-08-14,XGBoost,16.6,17.72221565246582,12.881341934204102,22.56308937072754,9.681747436523438,True,0.9
2025-08-15,XGBoost,16.9,16.239303588867188,11.398429870605469,21.080177307128906,9.681747436523438,True,0.9
2025-08-16,XGBoost,19.5,16.43730354309082,11.596429824829102,21.27817726135254,9.681747436523438,True,0.9
2025-08-17,XGBoost,19.6,19.55754852294922,14.7166748046875,24.398422241210938,9.681747436523438,True,0.9
2025-08-18,XGBoost,18.9,19.27019500732422,14.4293212890625,24.111068725585938,9.681747436523438,True,0.9
2025-08-19,XGBoost,17.6,17.196653366088867,12.355779647827148,22.037527084350586,9.681747436523438,True,0.9
2025-08-20,XGBoost,17.2,16.12055015563965,11.27967643737793,20.961423873901367,9.681747436523438,True,0.9
2025-08-21,XGBoost,17.2,16.753711700439453,11.912837982177734,21.594585418701172,9.681747436523438,True,0.9
2025-08-22,XGBoost,15.4,16.752519607543945,11.911645889282227,21.593393325805664,9.681747436523438,True,0.9
2025-08-23,XGBoost,16.2,16.404451370239258,11.563577651977539,21.245325088500977,9.681747436523438,True,0.9
2025-08-24,XGBoost,16.2,16.01773452758789,11.176860809326172,20.85860824584961,9.681747436523438,True,0.9
2025-08-25,XGBoost,19.0,18.011022567749023,13.170148849487305,22.851896286010742,9.681747436523438,True,0.9
2025-08-26,XGBoost,18.4,18.407503128051758,13.566629409790039,23.248376846313477,9.681747436523438,True,0.9
2025-08-27,XGBoost,19.0,19.274900436401367,14.434026718139648,24.115774154663086,9.681747436523438,True,0.9
2025-08-28,XGBoost,20.0,19.848073959350586,15.007200241088867,24.688947677612305,9.681747436523438,True,0.9
2025-08-29,XGBoost,19.4,19.77231216430664,14.931438446044922,24.61318588256836,9.681747436523438,True,0.9
2025-08-30,XGBoost,18.6,19.88770294189453,15.046829223632812,24.72857666015625,9.681747436523438,True,0.9
2025-08-31,XGBoost,21.5,19.109312057495117,14.268438339233398,23.950185775756836,9.681747436523438,True,0.9
2025-09-01,XGBoost,20.5,20.821020126342773,15.980146408081055,25.661893844604492,9.681747436523438,True,0.9
2025-09-02,XGBoost,19.2,20.049358367919922,15.208484649658203,24.89023208618164,9.681747436523438,True,0.9
2025-09-03,XGBoost,18.9,19.25200653076172,14.4111328125,24.092880249023438,9.681747436523438,True,0.9
2025-09-04,XGBoost,17.8,18.648778915405273,13.807905197143555,23.489652633666992,9.681747436523438,True,0.9
2025-09-05,XGBoost,17.0,18.986804962158203,14.145931243896484,23.827678680419922,9.681747436523438,True,0.9
2025-09-06,XGBoost,19.0,19.109312057495117,14.268438339233398,23.950185775756836,9.681747436523438,True,0.9
2025-09-07,XGBoost,26.5,20.020259857177734,15.179386138916016,24.861133575439453,9.681747436523438,False,0.9
2025-09-08,XGBoost,25.7,22.417190551757812,17.576316833496094,27.25806427001953,9.681747436523438,True,0.9
2025-09-09,XGBoost,19.5,22.263124465942383,17.422250747680664,27.1039981842041,9.681747436523438,True,0.9
2025-09-10,XGBoost,19.1,20.50065040588379,15.65977668762207,25.341524124145508,9.681747436523438,True,0.9
2025-09-11,XGBoost,18.7,18.7602596282959,13.91938591003418,23.601133346557617,9.681747436523438,True,0.9
2025-09-12,XGBoost,20.0,20.02576446533203,15.184890747070312,24.86663818359375,9.681747436523438,True,0.9
2025-09-13,XGBoost,21.4,20.714191436767578,15.87331771850586,25.555065155029297,9.681747436523438,True,0.9
2025-09-14,XGBoost,17.9,20.5523738861084,15.71150016784668,25.393247604370117,9.681747436523438,True,0.9
2025-09-15,XGBoost,17.1,16.680892944335938,11.840019226074219,21.521766662597656,9.681747436523438,True,0.9
2025-09-16,XGBoost,15.7,17.214712142944336,12.373838424682617,22.055585861206055,9.681747436523438,True,0.9
2025-09-17,XGBoost,16.8,18.893203735351562,14.052330017089844,23.73407745361328,9.681747436523438,True,0.9
2025-09-18,XGBoost,22.3,18.14581298828125,13.304939270019531,22.98668670654297,9.681747436523438,True,0.9
2025-09-19,XGBoost,20.4,20.06069564819336,15.21982192993164,24.901569366455078,9.681747436523438,True,0.9
2025-09-20,XGBoost,17.8,21.74313735961914,16.902263641357422,26.58401107788086,9.681747436523438,True,0.9
2025-09-21,XGBoost,19.4,18.518657684326172,13.677783966064453,23.35953140258789,9.681747436523438,True,0.9
2025-09-22,XGBoost,16.4,18.212886810302734,13.372013092041016,23.053760528564453,9.681747436523438,True,0.9
2025-09-23,XGBoost,18.5,17.19485092163086,12.35397720336914,22.035724639892578,9.681747436523438,True,0.9
2025-09-24,XGBoost,19.4,19.900896072387695,15.060022354125977,24.741769790649414,9.681747436523438,True,0.9
2025-09-25,XGBoost,26.6,20.244712829589844,15.403839111328125,25.085586547851562,9.681747436523438,False,0.9
2025-09-26,XGBoost,23.6,23.579303741455078,18.73843002319336,28.420177459716797,9.681747436523438,True,0.9
2025-09-27,XGBoost,19.9,22.07832145690918,17.23744773864746,26.9191951751709,9.681747436523438,True,0.9
2025-09-28,XGBoost,24.1,21.195049285888672,16.354175567626953,26.03592300415039,9.681747436523438,True,0.9
2025-09-29,XGBoost,34.5,22.761388778686523,17.920515060424805,27.602262496948242,9.681747436523438,False,0.9
2025-09-30,XGBoost,20.8,25.272939682006836,20.432065963745117,30.113813400268555,9.681747436523438,True,0.9
2025-10-01,XGBoost,18.4,18.192596435546875,13.351722717285156,23.033470153808594,9.681747436523438,True,0.9
2025-10-02,XGBoost,25.6,20.582246780395508,15.741373062133789,25.423120498657227,9.681747436523438,False,0.9
2025-10-03,XGBoost,22.4,23.058670043945312,18.217796325683594,27.89954376220703,9.681747436523438,True,0.9
2025-10-04,XGBoost,19.0,21.416568756103516,16.575695037841797,26.257442474365234,9.681747436523438,True,0.9
2025-10-05,XGBoost,19.5,20.47182273864746,15.630949020385742,25.31269645690918,9.681747436523438,True,0.9
2025-10-06,XGBoost,20.6,18.53710174560547,13.69622802734375,23.377975463867188,9.681747436523438,True,0.9
2025-10-07,XGBoost,20.9,21.513957977294922,16.673084259033203,26.35483169555664,9.681747436523438,True,0.9
2025-10-08,XGBoost,27.2,21.19047737121582,16.3496036529541,26.03135108947754,9.681747436523438,False,0.9
2025-10-09,XGBoost,27.0,24.0008544921875,19.15998077392578,28.84172821044922,9.681747436523438,True,0.9
2025-10-10,XGBoost,24.0,23.87105941772461,19.03018569946289,28.711933135986328,9.681747436523438,True,0.9
2025-10-11,XGBoost,23.7,22.358232498168945,17.517358779907227,27.199106216430664,9.681747436523438,True,0.9
2025-10-12,XGBoost,22.1,23.482423782348633,18.641550064086914,28.32329750061035,9.681747436523438,True,0.9
2025-10-13,XGBoost,19.8,23.67202377319336,18.83115005493164,28.512897491455078,9.681747436523438,True,0.9
2025-10-14,XGBoost,19.1,19.9266414642334,15.08576774597168,24.767515182495117,9.681747436523438,True,0.9
2025-10-15,XGBoost,18.6,21.06618881225586,16.22531509399414,25.907062530517578,9.681747436523438,True,0.9
2025-10-16,XGBoost,27.8,18.865585327148438,14.024711608886719,23.706459045410156,9.681747436523438,False,0.9
2025-10-17,XGBoost,19.6,24.269821166992188,19.42894744873047,29.110694885253906,9.681747436523438,True,0.9
2025-10-18,XGBoost,24.5,20.53056526184082,15.689691543579102,25.37143898010254,9.681747436523438,True,0.9
2025-10-19,XGBoost,28.8,23.150907516479492,18.310033798217773,27.99178123474121,9.681747436523438,False,0.9
2025-10-20,XGBoost,31.4,24.91859245300293,20.07771873474121,29.75946617126465,9.681747436523438,False,0.9
2025-10-21,XGBoost,31.5,26.008155822753906,21.167282104492188,30.849029541015625,9.681747436523438,False,0.9
2025-10-22,XGBoost,22.5,25.268924713134766,20.428050994873047,30.109798431396484,9.681747436523438,True,0.9
2025-10-23,XGBoost,20.4,23.19842529296875,18.35755157470703,28.03929901123047,9.681747436523438,True,0.9
2025-10-24,XGBoost,19.5,22.550107955932617,17.7092342376709,27.390981674194336,9.681747436523438,True,0.9
2025-10-25,XGBoost,17.6,19.813743591308594,14.972869873046875,24.654617309570312,9.681747436523438,True,0.9
2025-10-26,XGBoost,20.4,18.65436363220215,13.81348991394043,23.495237350463867,9.681747436523438,True,0.9
2025-10-27,XGBoost,20.5,21.79084587097168,16.94997215270996,26.6317195892334,9.681747436523438,True,0.9
2025-10-28,XGBoost,21.6,22.407251358032227,17.566377639770508,27.248125076293945,9.681747436523438,True,0.9
2025-10-29,XGBoost,31.5,23.37724494934082,18.5363712310791,28.21811866760254,9.681747436523438,False,0.9
2025-10-30,XGBoost,22.2,26.564878463745117,21.7240047454834,31.405752182006836,9.681747436523438,True,0.9
2025-10-31,XGBoost,20.6,22.2805118560791,17.439638137817383,27.12138557434082,9.681747436523438,True,0.9
2025-11-01,XGBoost,21.0,20.538393020629883,15.697519302368164,25.3792667388916,9.681747436523438,True,0.9
2025-11-02,XGBoost,23.2,22.83316993713379,17.99229621887207,27.674043655395508,9.681747436523438,True,0.9
2025-11-03,XGBoost,22.4,23.40593910217285,18.565065383911133,28.24681282043457,9.681747436523438,True,0.9
2025-11-04,XGBoost,27.1,23.248634338378906,18.407760620117188,28.089508056640625,9.681747436523438,True,0.9
2025-11-05,XGBoost,29.9,25.022249221801758,20.18137550354004,29.863122940063477,9.681747436523438,False,0.9
2025-11-06,XGBoost,34.3,26.6975040435791,21.856630325317383,31.53837776184082,9.681747436523438,False,0.9
2025-11-07,XGBoost,30.9,28.308076858520508,23.46720314025879,33.14895057678223,9.681747436523438,True,0.9
2025-11-08,XGBoost,29.9,27.799850463867188,22.95897674560547,32.640724182128906,9.681747436523438,True,0.9
2025-11-09,XGBoost,28.6,27.46953773498535,22.628664016723633,32.31041145324707,9.681747436523438,True,0.9
2025-11-10,XGBoost,25.9,24.941930770874023,20.101057052612305,29.782804489135742,9.681747436523438,True,0.9
2025-11-11,XGBoost,25.3,24.259174346923828,19.41830062866211,29.100048065185547,9.681747436523438,True,0.9
2025-11-12,XGBoost,28.0,24.803312301635742,19.962438583374023,29.64418601989746,9.681747436523438,True,0.9
2025-11-13,XGBoost,25.5,25.703235626220703,20.862361907958984,30.544109344482422,9.681747436523438,True,0.9
2025-11-14,XGBoost,22.1,24.34117317199707,19.50029945373535,29.18204689025879,9.681747436523438,True,0.9
2025-11-15,XGBoost,25.8,23.74726676940918,18.90639305114746,28.5881404876709,9.681747436523438,True,0.9
2025-11-16,XGBoost,30.5,24.895523071289062,20.054649353027344,29.73639678955078,9.681747436523438,False,0.9
2025-11-17,XGBoost,24.5,25.988740921020508,21.14786720275879,30.829614639282227,9.681747436523438,True,0.9
2025-11-18,XGBoost,25.4,24.46083641052246,19.619962692260742,29.30171012878418,9.681747436523438,True,0.9
2025-11-19,XGBoost,25.1,25.02129364013672,20.180419921875,29.862167358398438,9.681747436523438,True,0.9
2025-11-20,XGBoost,27.6,24.577423095703125,19.736549377441406,29.418296813964844,9.681747436523438,True,0.9
2025-11-21,XGBoost,29.9,25.88160514831543,21.04073143005371,30.72247886657715,9.681747436523438,True,0.9
2025-11-22,XGBoost,25.4,26.148225784301758,21.30735206604004,30.989099502563477,9.681747436523438,True,0.9
2025-11-23,XGBoost,24.6,25.14470672607422,20.3038330078125,29.985580444335938,9.681747436523438,True,0.9
2025-11-24,XGBoost,34.5,24.58201026916504,19.74113655090332,29.422883987426758,9.681747436523438,False,0.9
2025-11-25,XGBoost,25.9,29.195158004760742,24.354284286499023,34.03603172302246,9.681747436523438,True,0.9
2025-11-26,XGBoost,32.6,25.578937530517578,20.73806381225586,30.419811248779297,9.681747436523438,False,0.9
2025-11-27,XGBoost,27.5,28.79473876953125,23.95386505126953,33.63561248779297,9.681747436523438,True,0.9
2025-11-28,XGBoost,24.0,24.494827270507812,19.653953552246094,29.33570098876953,9.681747436523438,True,0.9
2025-11-29,XGBoost,27.1,23.675064086914062,18.834190368652344,28.51593780517578,9.681747436523438,True,0.9
2025-11-30,XGBoost,26.0,25.591468811035156,20.750595092773438,30.432342529296875,9.681747436523438,True,0.9
2025-12-01,XGBoost,24.6,25.23111343383789,20.390239715576172,30.07198715209961,9.681747436523438,True,0.9
2025-12-02,XGBoost,29.6,25.475330352783203,20.634456634521484,30.316204071044922,9.681747436523438,True,0.9
2025-12-03,XGBoost,32.3,28.2293643951416,23.388490676879883,33.07023811340332,9.681747436523438,True,0.9
2025-12-04,XGBoost,24.9,26.79991912841797,21.95904541015625,31.640792846679688,9.681747436523438,True,0.9
2025-12-05,XGBoost,23.6,25.5175724029541,20.676698684692383,30.35844612121582,9.681747436523438,True,0.9
2025-12-06,XGBoost,27.5,25.659996032714844,20.819122314453125,30.500869750976562,9.681747436523438,True,0.9
2025-12-07,XGBoost,23.8,25.594606399536133,20.753732681274414,30.43548011779785,9.681747436523438,True,0.9
2025-12-08,XGBoost,24.4,24.953664779663086,20.112791061401367,29.794538497924805,9.681747436523438,True,0.9
2025-12-09,XGBoost,30.8,25.564239501953125,20.723365783691406,30.405113220214844,9.681747436523438,False,0.9
2025-12-10,XGBoost,33.5,28.05342674255371,23.212553024291992,32.89430046081543,9.681747436523438,False,0.9
2025-12-11,XGBoost,24.4,27.881065368652344,23.040191650390625,32.72193908691406,9.681747436523438,True,0.9
2025-12-12,XGBoost,20.6,23.8016300201416,18.960756301879883,28.64250373840332,9.681747436523438,True,0.9
2025-12-13,XGBoost,23.6,22.12133026123047,17.28045654296875,26.962203979492188,9.681747436523438,True,0.9
2025-12-14,XGBoost,24.7,24.590953826904297,19.750080108642578,29.431827545166016,9.681747436523438,True,0.9
2025-12-15,XGBoost,27.0,24.887500762939453,20.046627044677734,29.728374481201172,9.681747436523438,True,0.9
2025-12-16,XGBoost,21.3,24.47471809387207,19.63384437561035,29.31559181213379,9.681747436523438,True,0.9
2025-12-17,XGBoost,23.1,22.93174934387207,18.09087562561035,27.77262306213379,9.681747436523438,True,0.9
2025-12-18,XGBoost,23.5,24.730854034423828,19.88998031616211,29.571727752685547,9.681747436523438,True,0.9
2025-12-19,XGBoost,30.2,25.06558609008789,20.224712371826172,29.90645980834961,9.681747436523438,False,0.9
2025-12-20,XGBoost,34.5,27.92183494567871,23.080961227416992,32.76270866394043,9.681747436523438,False,0.9
2025-12-21,XGBoost,30.8,28.975128173828125,24.134254455566406,33.816001892089844,9.681747436523438,True,0.9
2025-12-22,XGBoost,23.5,27.650667190551758,22.80979347229004,32.49154090881348,9.681747436523438,True,0.9
2025-12-23,XGBoost,27.9,24.60726547241211,19.76639175415039,29.448139190673828,9.681747436523438,True,0.9
2025-12-24,XGBoost,29.0,27.08265495300293,22.24178123474121,31.92352867126465,9.681747436523438,True,0.9
2025-12-25,XGBoost,28.8,26.578256607055664,21.737382888793945,31.419130325317383,9.681747436523438,True,0.9
2025-12-26,XGBoost,27.9,26.761503219604492,21.920629501342773,31.60237693786621,9.681747436523438,True,0.9
2025-12-27,XGBoost,30.5,26.831302642822266,21.990428924560547,31.672176361083984,9.681747436523438,True,0.9
2025-12-28,XGBoost,35.6,28.274620056152344,23.433746337890625,33.11549377441406,9.681747436523438,False,0.9
2025-12-29,XGBoost,30.2,29.907093048095703,25.066219329833984,34.74796676635742,9.681747436523438,True,0.9
2025-12-30,XGBoost,26.8,27.34740447998047,22.50653076171875,32.18827819824219,9.681747436523438,True,0.9
2024-05-07,MLP,19.2,20.264889558429235,15.459340105436947,25.070439011421524,9.611098905984576,True,0.9
2024-05-08,MLP,20.8,20.60470512079802,15.799155667805731,25.410254573790308,9.611098905984576,True,0.9
2024-05-09,MLP,18.4,22.15057351173992,17.345024058747633,26.95612296473221,9.611098905984576,True,0.9
2024-05-10,MLP,18.6,17.020484453520528,12.21493500052824,21.826033906512816,9.611098905984576,True,0.9
2024-05-11,MLP,20.6,19.2081612479965,14.402611795004212,24.01371070098879,9.611098905984576,True,0.9
2024-05-12,MLP,24.4,20.735589419429445,15.930039966437157,25.541138872421733,9.611098905984576,True,0.9
2024-05-13,MLP,29.6,21.383243981873598,16.57769452888131,26.188793434865886,9.611098905984576,False,0.9
2024-05-14,MLP,22.0,23.692482706079833,18.886933253087545,28.49803215907212,9.611098905984576,True,0.9
2024-05-15,MLP,21.0,20.915939186866886,16.110389733874598,25.721488639859174,9.611098905984576,True,0.9
2024-05-16,MLP,21.1,21.5305581172557,16.725008664263413,26.33610757024799,9.611098905984576,True,0.9
2024-05-17,MLP,24.3,22.260069023303686,17.454519570311398,27.065618476295974,9.611098905984576,True,0.9
2024-05-18,MLP,22.7,21.676615369069836,16.871065916077548,26.482164822062124,9.611098905984576,True,0.9
2024-05-19,MLP,24.8,20.86250905825296,16.056959605260673,25.66805851124525,9.611098905984576,True,0.9
2024-05-20,MLP,21.4,20.97112646693163,16.16557701393934,25.776675919923917,9.611098905984576,True,0.9
2024-05-21,MLP,21.5,20.40051042677932,15.594960973787032,25.206059879771608,9.611098905984576,True,0.9
2024-05-22,MLP,19.7,21.71268757118948,16.907138118197192,26.51823702418177,9.611098905984576,True,0.9
2024-05-23,MLP,23.4,20.059038091153703,15.253488638161414,24.86458754414599,9.611098905984576,True,0.9
2024-05-24,MLP,19.6,22.79197304159159,17.9864235885993,27.597522494583878,9.611098905984576,True,0.9
2024-05-25,MLP,20.4,20.71148639713396,15.905936944141672,25.51703585012625,9.611098905984576,True,0.9
2024-05-26,MLP,22.0,21.102532075351853,16.296982622359565,25.90808152834414,9.611098905984576,True,0.9
2024-05-27,MLP,27.2,20.665342469272975,15.859793016280687,25.470891922265263,9.611098905984576,False,0.9
2024-05-28,MLP,32.5,22.948866954440895,18.143317501448607,27.754416407433183,9.611098905984576,False,0.9
2024-05-29,MLP,17.2,25.37834012710404,20.57279067411175,30.183889580096327,9.611098905984576,False,0.9
2024-05-30,MLP,17.3,18.0814310064138,13.275881553421513,22.88698045940609,9.611098905984576,True,0.9
2024-05-31,MLP,18.7,18.235041661073804,13.429492208081516,23.040591114066093,9.611098905984576,True,0.9
2024-06-01,MLP,18.4,19.979424709214086,15.173875256221798,24.784974162206375,9.611098905984576,True,0.9
2024-06-02,MLP,15.1,19.38174373324721,14.57619428025492,24.187293186239497,9.611098905984576,True,0.9
2024-06-03,MLP,19.3,16.248977695714984,11.443428242722696,21.054527148707272,9.611098905984576,True,0.9
2024-06-04,MLP,17.5,16.60796587006181,11.802416417069523,21.4135153230541,9.611098905984576,True,0.9
2024-06-05,MLP,17.2,15.564097577420114,10.758548124427826,20.369647030412402,9.611098905984576,True,0.9
2024-06-06,MLP,17.1,15.369531376711468,10.56398192371918,20.175080829703756,9.611098905984576,True,0.9
2024-06-07,MLP,17.8,18.743814053996402,13.938264601004114,23.54936350698869,9.611098905984576,True,0.9
2024-06-08,MLP,17.2,19.355648925974346,14.550099472982058,24.161198378966635,9.611098905984576,True,0.9
2024-06-09,MLP,25.5,17.53985610331587,12.734306650323582,22.345405556308158,9.611098905984576,False,0.9
2024-06-10,MLP,24.3,23.222302193069268,18.41675274007698,28.027851646061556,9.611098905984576,True,0.9
2024-06-11,MLP,19.2,18.39699288041912,13.591443427426832,23.202542333411408,9.611098905984576,True,0.9
2024-06-12,MLP,18.9,19.881709966204703,15.076160513212415,24.68725941919699,9.611098905984576,True,0.9
2024-06-13,MLP,19.6,18.73789907787485,13.932349624882562,23.54344853086714,9.611098905984576,True,0.9
2024-06-14,MLP,20.6,20.540606913276413,15.735057460284125,25.3461563662687,9.611098905984576,True,0.9
2024-06-15,MLP,22.2,19.769942409271508,14.96439295627922,24.575491862263796,9.611098905984576,True,0.9
2024-06-16,MLP,20.1,20.959004131979984,16.153454678987696,25.764553584972273,9.611098905984576,True,0.9
2024-06-17,MLP,18.3,20.28487985238129,15.479330399389003,25.09042930537358,9.611098905984576,True,0.9
2024-06-18,MLP,16.6,15.988343439476534,11.182793986484246,20.793892892468822,9.611098905984576,True,0.9
2024-06-19,MLP,17.0,16.856643042373133,12.051093589380844,21.66219249536542,9.611098905984576,True,0.9
2024-06-20,MLP,18.1,17.956934636635125,13.151385183642837,22.762484089627414,9.611098905984576,True,0.9
2024-06-21,MLP,19.2,15.663782243403963,10.858232790411675,20.469331696396253,9.611098905984578,True,0.9
2024-06-22,MLP,20.8,17.283653016760123,12.478103563767835,22.08920246975241,9.611098905984576,True,0.9
2024-06-23,MLP,17.8,18.723374718854004,13.917825265861715,23.528924171846292,9.611098905984576,True,0.9
2024-06-24,MLP,17.7,19.20031381242942,14.394764359437133,24.00586326542171,9.611098905984576,True,0.9
2024-06-25,MLP,20.2,18.47386309841405,13.668313645421762,23.279412551406338,9.611098905984576,True,0.9
2024-06-26,MLP,25.1,19.37987714154037,14.574327688548081,24.185426594532657,9.611098905984576,False,0.9
2024-06-27,MLP,26.6,22.808748729519692,18.003199276527404,27.61429818251198,9.611098905984576,True,0.9
2024-06-28,MLP,21.4,23.536462005246086,18.7309125522538,28.342011458238375,9.611098905984576,True,0.9
2024-06-29,MLP,19.6,20.00287244823538,15.197322995243091,24.808421901227668,9.611098905984576,True,0.9
2024-06-30,MLP,17.0,20.6383647570344,15.83281530404211,25.443914210026687,9.611098905984576,True,0.9
2024-07-01,MLP,17.0,17.76257366836932,12.957024215377032,22.56812312136161,9.611098905984576,True,0.9
2024-07-02,MLP,15.5,17.31535168253236,12.509802229540071,22.120901135524647,9.611098905984576,True,0.9
2024-07-03,MLP,16.5,14.215912189482491,9.410362736490203,19.02146164247478,9.611098905984576,True,0.9
2024-07-04,MLP,17.0,14.879798829366349,10.07424937637406,19.68534828235864,9.611098905984578,True,0.9
2024-07-05,MLP,21.8,18.66060129300115,13.855051840008862,23.46615074599344,9.611098905984576,True,0.9
2024-07-06,MLP,14.6,20.643370754514024,15.837821301521736,25.448920207506312,9.611098905984576,False,0.9
2024-07-07,MLP,13.1,13.84397686079863,9.038427407806342,18.64952631379092,9.611098905984576,True,0.9
2024-07-08,MLP,15.4,15.35951942772687,10.553969974734581,20.165068880719158,9.611098905984576,True,0.9
2024-07-09,MLP,17.0,14.44410716103145,9.638557708039162,19.24965661402374,9.611098905984576,True,0.9
2024-07-10,MLP,17.2,15.472051324453988,10.6665018714617,20.277600777446274,9.611098905984575,True,0.9
2024-07-11,MLP,15.1,14.824263142034464,10.018713689042176,19.629812595026753,9.611098905984576,True,0.9
2024-07-12,MLP,13.4,16.12384848006507,11.318299027072783,20.92939793305736,9.611098905984576,True,0.9
2024-07-13,MLP,15.1,13.163776089887936,8.358226636895647,17.969325542880224,9.611098905984576,True,0.9
2024-07-14,MLP,16.3,15.366875602224297,10.56132614923201,20.172425055216586,9.611098905984576,True,0.9
2024-07-15,MLP,15.4,16.294851343487053,11.489301890494765,21.10040079647934,9.611098905984576,True,0.9
2024-07-16,MLP,14.9,14.869318290996421,10.063768838004133,19.67486774398871,9.611098905984576,True,0.9
2024-07-17,MLP,15.2,16.424837334358543,11.619287881366255,21.23038678735083,9.611098905984576,True,0.9
2024-07-18,MLP,16.1,14.572304125420139,9.766754672427851,19.377853578412427,9.611098905984576,True,0.9
2024-07-19,MLP,14.5,14.673468303826755,9.867918850834467,19.479017756819044,9.611098905984576,True,0.9
2024-07-20,MLP,14.2,15.784357245646715,10.978807792654427,20.589906698639005,9.611098905984578,True,0.9
2024-07-21,MLP,16.0,15.290560568888111,10.485011115895823,20.0961100218804,9.611098905984576,True,0.9
2024-07-22,MLP,15.4,16.796504083300746,11.990954630308458,21.602053536293035,9.611098905984576,True,0.9
2024-07-23,MLP,15.1,16.415224797994806,11.609675345002518,21.220774250987095,9.611098905984576,True,0.9
2024-07-24,MLP,18.7,15.980360243811951,11.174810790819663,20.78590969680424,9.611098905984576,True,0.9
2024-07-25,MLP,16.9,17.939279731520216,13.133730278527928,22.744829184512504,9.611098905984576,True,0.9
2024-07-26,MLP,14.4,15.487039452042989,10.6814899990507,20.292588905035277,9.611098905984576,True,0.9
2024-07-27,MLP,13.4,14.96946119109995,10.163911738107663,19.77501064409224,9.611098905984578,True,0.9
2024-07-28,MLP,14.4,13.753804537432488,8.9482550844402,18.559353990424775,9.611098905984575,True,0.9
2024-07-29,MLP,13.9,14.34201154767017,9.536462094677882,19.147561000662456,9.611098905984575,True,0.9
2024-07-30,MLP,14.0,15.505064687864905,10.699515234872617,20.310614140857194,9.611098905984576,True,0.9
2024-07-31,MLP,15.6,15.361575341208512,10.556025888216224,20.167124794200802,9.611098905984578,True,0.9
2024-08-01,MLP,15.4,16.14453881444651,11.338989361454221,20.950088267438797,9.611098905984576,True,0.9
2024-08-02,MLP,20.0,16.455965107700578,11.65041565470829,21.261514560692866,9.611098905984576,True,0.9
2024-08-03,MLP,13.8,17.579052807278142,12.773503354285854,22.38460226027043,9.611098905984576,True,0.9
2024-08-04,MLP,14.9,14.234451172906589,9.4289017199143,19.040000625898877,9.611098905984576,True,0.9
2024-08-05,MLP,18.3,16.484004570271605,11.678455117279317,21.289554023263893,9.611098905984576,True,0.9
2024-08-06,MLP,17.0,17.859628627741678,13.05407917474939,22.665178080733966,9.611098905984576,True,0.9
2024-08-07,MLP,14.4,16.686246963338967,11.880697510346678,21.491796416331255,9.611098905984576,True,0.9
2024-08-08,MLP,16.0,14.719766493397879,9.91421704040559,19.525315946390165,9.611098905984575,True,0.9
2024-08-09,MLP,17.0,16.62392850828935,11.818379055297061,21.429477961281638,9.611098905984576,True,0.9
2024-08-10,MLP,16.5,15.144339173371534,10.338789720379246,19.949888626363823,9.611098905984576,True,0.9
2024-08-11,MLP,16.8,16.635191723384487,11.829642270392199,21.440741176376775,9.611098905984576,True,0.9
2024-08-12,MLP,16.4,16.578025174370744,11.772475721378456,21.383574627363032,9.611098905984576,True,0.9
2024-08-13,MLP,13.9,15.060544476865392,10.254995023873104,19.86609392985768,9.611098905984576,True,0.9
2024-08-14,MLP,18.4,16.518153520380785,11.712604067388497,21.323702973373074,9.611098905984576,True,0.9
2024-08-15,MLP,17.4,17.238632030695353,12.433082577703065,22.04418148368764,9.611098905984576,True,0.9
2024-08-16,MLP,15.4,17.19775888940826,12.392209436415971,22.003308342400548,9.611098905984576,True,0.9
2024-08-17,MLP,18.0,16.6911898168779,11.88564036388561,21.496739269870186,9.611098905984576,True,0.9
2024-08-18,MLP,21.1,18.011610373457152,13.206060920464864,22.81715982644944,9.611098905984576,True,0.9
2024-08-19,MLP,19.9,18.668242474427462,13.862693021435174,23.47379192741975,9.611098905984576,True,0.9
2024-08-20,MLP,14.7,17.937120885927683,13.131571432935395,22.74267033891997,9.611098905984576,True,0.9
2024-08-21,MLP,18.0,14.938817062519716,10.133267609527428,19.744366515512006,9.611098905984578,True,0.9
2024-08-22,MLP,24.5,17.477825765074304,12.672276312082015,22.283375218066592,9.611098905984576,False,0.9
2024-08-23,MLP,17.0,19.787276294085007,14.98172684109272,24.592825747077296,9.611098905984576,True,0.9
2024-08-24,MLP,17.0,16.448850704172724,11.643301251180436,21.254400157165012,9.611098905984576,True,0.9
2024-08-25,MLP,16.2,17.22851144063458,12.422961987642292,22.03406089362687,9.611098905984576,True,0.9
2024-08-26,MLP,14.1,15.61310381930275,10.807554366310463,20.41865327229504,9.611098905984576,True,0.9
2024-08-27,MLP,11.8,15.455826900405167,10.65027744741288,20.261376353397456,9.611098905984576,True,0.9
2024-08-28,MLP,12.9,14.221608958686641,9.416059505694353,19.02715841167893,9.611098905984576,True,0.9
2024-08-29,MLP,17.2,17.53958896683291,12.73403951384062,22.345138419825197,9.611098905984576,True,0.9
2024-08-30,MLP,25.0,19.679846052845917,14.87429659985363,24.485395505838206,9.611098905984576,False,0.9
2024-08-31,MLP,19.1,20.398569366948994,15.593019913956706,25.204118819941282,9.611098905984576,True,0.9
2024-09-01,MLP,29.4,18.10293778420982,13.297388331217533,22.90848723720211,9.611098905984576,False,0.9
2024-09-02,MLP,20.2,23.117455903732818,18.31190645074053,27.923005356725106,9.611098905984576,True,0.9
2024-09-03,MLP,17.5,18.14819053203159,13.342641079039304,22.95373998502388,9.611098905984576,True,0.9
2024-09-04,MLP,14.6,17.910379993969237,13.104830540976948,22.715929446961525,9.611098905984576,True,0.9
2024-09-05,MLP,16.6,16.430338846452845,11.624789393460556,21.235888299445133,9.611098905984576,True,0.9
2024-09-06,MLP,15.8,17.31748643043245,12.511936977440161,22.123035883424738,9.611098905984576,True,0.9
2024-09-07,MLP,14.6,17.391454198801657,12.58590474580937,22.197003651793946,9.611098905984576,True,0.9
2024-09-08,MLP,19.0,16.78311875834163,11.977569305349341,21.588668211333918,9.611098905984576,True,0.9
2024-09-09,MLP,20.8,18.6222567550495,13.81670730205721,23.427806208041787,9.611098905984576,True,0.9
2024-09-10,MLP,23.8,19.591437819639257,14.785888366646969,24.396987272631545,9.611098905984576,True,0.9
2024-09-11,MLP,19.6,20.261273000680283,15.455723547687995,25.06682245367257,9.611098905984576,True,0.9
2024-09-12,MLP,17.8,18.205273064710163,13.399723611717874,23.01082251770245,9.611098905984576,True,0.9
2024-09-13,MLP,19.5,17.87105633058543,13.06550687759314,22.676605783577717,9.611098905984576,True,0.9
2024-09-14,MLP,18.0,19.236752271560107,14.431202818567819,24.042301724552395,9.611098905984576,True,0.9
2024-09-15,MLP,17.3,18.741417358271086,13.935867905278798,23.546966811263374,9.611098905984576,True,0.9
2024-09-16,MLP,16.6,18.31511758554074,13.509568132548452,23.12066703853303,9.611098905984576,True,0.9
2024-09-17,MLP,15.9,17.847585836655558,13.04203638366327,22.653135289647846,9.611098905984576,True,0.9
2024-09-18,MLP,15.9,16.193182377323712,11.387632924331424,20.998731830316,9.611098905984576,True,0.9
2024-09-19,MLP,20.0,17.62863296851675,12.823083515524463,22.43418242150904,9.611098905984576,True,0.9
2024-09-20,MLP,22.5,19.56131586164172,14.755766408649432,24.36686531463401,9.611098905984576,True,0.9
2024-09-21,MLP,26.0,20.382485598813247,15.576936145820959,25.188035051805535,9.611098905984576,False,0.9
2024-09-22,MLP,26.1,22.450584270396917,17.64503481740463,27.256133723389205,9.611098905984576,True,0.9
2024-09-23,MLP,20.9,21.9945020894714,17.18895263647911,26.800051542463688,9.611098905984576,True,0.9
2024-09-24,MLP,17.4,19.441650157321746,14.636100704329458,24.247199610314034,9.611098905984576,True,0.9
2024-09-25,MLP,19.8,18.513779480911953,13.708230027919665,23.31932893390424,9.611098905984576,True,0.9
2024-09-26,MLP,17.5,20.267953969773373,15.462404516781085,25.07350342276566,9.611098905984576,True,0.9
2024-09-27,MLP,17.1,19.267324917783448,14.46177546479116,24.072874370775736,9.611098905984576,True,0.9
2024-09-28,MLP,14.6,16.183006025469556,11.377456572477268,20.988555478461844,9.611098905984576,True,0.9
2024-09-29,MLP,14.4,16.29365872992091,11.488109276928622,21.0992081829132,9.611098905984576,True,0.9
2024-09-30,MLP,15.1,15.434377259876694,10.628827806884406,20.239926712868982,9.611098905984576,True,0.9
2024-10-01,MLP,22.9,19.036517675041402,14.230968222049114,23.84206712803369,9.611098905984576,True,0.9
2024-10-02,MLP,28.8,22.070079911082477,17.26453045809019,26.875629364074765,9.611098905984576,False,0.9
2024-10-03,MLP,28.7,24.556042358274368,19.75049290528208,29.361591811266656,9.611098905984576,True,0.9
2024-10-04,MLP,26.6,25.123759115520045,20.318209662527757,29.929308568512333,9.611098905984576,True,0.9
2024-10-05,MLP,26.3,24.297115305372856,19.491565852380567,29.102664758365144,9.611098905984576,True,0.9
2024-10-06,MLP,30.8,22.81246350901415,18.006914056021863,27.61801296200644,9.611098905984576,False,0.9
2024-10-07,MLP,24.0,25.14764426238029,20.342094809388,29.953193715372578,9.611098905984576,True,0.9
2024-10-08,MLP,22.3,21.231033705219197,16.42548425222691,26.036583158211485,9.611098905984576,True,0.9
2024-10-09,MLP,19.6,22.19212946028903,17.386580007296743,26.99767891328132,9.611098905984576,True,0.9
2024-10-10,MLP,20.9,21.25014051749293,16.444591064500642,26.05568997048522,9.611098905984576,True,0.9
2024-10-11,MLP,22.1,21.330682250055577,16.52513279706329,26.136231703047866,9.611098905984576,True,0.9
2024-10-12,MLP,21.7,21.489119231671424,16.683569778679136,26.294668684663712,9.611098905984576,True,0.9
2024-10-13,MLP,19.5,22.15363447980968,17.34808502681739,26.959183932801967,9.611098905984576,True,0.9
2024-10-14,MLP,28.6,20.94994573828655,16.144396285294263,25.75549519127884,9.611098905984576,False,0.9
2024-10-15,MLP,29.5,24.689269240211843,19.883719787219555,29.49481869320413,9.611098905984576,False,0.9
2024-10-16,MLP,22.0,24.86713802683568,20.06158857384339,29.672687479827967,9.611098905984576,True,0.9
2024-10-17,MLP,19.7,21.22876865854694,16.423219205554652,26.03431811153923,9.611098905984576,True,0.9
2024-10-18,MLP,18.3,21.5012412482157,16.69569179522341,26.306790701207987,9.611098905984576,True,0.9
2024-10-19,MLP,21.3,20.999960091072918,16.19441063808063,25.805509544065206,9.611098905984576,True,0.9
2024-10-20,MLP,25.8,22.589355031215355,17.783805578223067,27.394904484207643,9.611098905984576,True,0.9
2024-10-21,MLP,27.5,24.193786638032158,19.38823718503987,28.999336091024446,9.611098905984576,True,0.9
2024-10-22,MLP,29.6,25.382103127294165,20.576553674301877,30.187652580286453,9.611098905984576,True,0.9
2024-10-23,MLP,20.8,26.494082053264457,21.68853260027217,31.299631506256745,9.611098905984576,False,0.9
2024-10-24,MLP,20.7,22.584770738705586,17.779221285713298,27.390320191697874,9.611098905984576,True,0.9
2024-10-25,MLP,27.5,22.091882769683593,17.286333316691305,26.89743222267588,9.611098905984576,False,0.9
2024-10-26,MLP,18.4,25.064803521237565,20.259254068245276,29.870352974229853,9.611098905984576,False,0.9
2024-10-27,MLP,20.2,17.662240579011108,12.85669112601882,22.467790032003396,9.611098905984576,True,0.9
2024-10-28,MLP,20.2,19.252514043727974,14.446964590735686,24.058063496720262,9.611098905984576,True,0.9
2024-10-29,MLP,23.0,21.903407494759488,17.0978580417672,26.708956947751776,9.611098905984576,True,0.9
2024-10-30,MLP,25.6,22.969304874152314,18.163755421160026,27.774854327144602,9.611098905984576,True,0.9
2024-10-31,MLP,25.3,23.986378067771312,19.180828614779024,28.7919275207636,9.611098905984576,True,0.9
2024-11-01,MLP,23.9,23.15863459942664,18.353085146434353,27.96418405241893,9.611098905984576,True,0.9
2024-11-02,MLP,21.8,23.497647669092146,18.692098216099858,28.303197122084434,9.611098905984576,True,0.9
2024-11-03,MLP,15.4,22.330844147240647,17.52529469424836,27.136393600232935,9.611098905984576,False,0.9
2024-11-04,MLP,19.8,16.32054636778059,11.514996914788302,21.12609582077288,9.611098905984576,True,0.9
2024-11-05,MLP,24.1,22.1266484484101,17.321098995417813,26.93219790140239,9.611098905984576,True,0.9
2024-11-06,MLP,30.0,24.86271352854076,20.05716407554847,29.668262981533047,9.611098905984576,False,0.9
2024-11-07,MLP,25.0,27.596727869830858,22.79117841683857,32.402277322823146,9.611098905984576,True,0.9
2024-11-08,MLP,26.1,23.245369847537006,18.439820394544718,28.050919300529294,9.611098905984576,True,0.9
2024-11-09,MLP,23.0,25.162071840139276,20.35652238714699,29.967621293131565,9.611098905984576,True,0.9
2024-11-10,MLP,26.9,22.781009088349172,17.975459635356884,27.58655854134146,9.611098905984576,True,0.9
2024-11-11,MLP,21.3,25.575852824084325,20.770303371092037,30.381402277076614,9.611098905984576,True,0.9
2024-11-12,MLP,23.1,22.60008424814905,17.79453479515676,27.405633701141337,9.611098905984576,True,0.9
2024-11-13,MLP,27.5,23.690104416716906,18.884554963724618,28.495653869709194,9.611098905984576,True,0.9
2024-11-14,MLP,25.2,25.339279739914065,20.533730286921777,30.144829192906354,9.611098905984576,True,0.9
2024-11-15,MLP,21.5,23.008649129955593,18.203099676963305,27.81419858294788,9.611098905984576,True,0.9
2024-11-16,MLP,27.4,22.864739787400104,18.059190334407816,27.670289240392393,9.611098905984576,True,0.9
2024-11-17,MLP,22.5,25.10601881112779,20.3004693581355,29.911568264120078,9.611098905984576,True,0.9
2024-11-18,MLP,24.9,22.382784521999252,17.577235069006964,27.18833397499154,9.611098905984576,True,0.9
2024-11-19,MLP,25.7,24.79426699506402,19.988717542071733,29.59981644805631,9.611098905984576,True,0.9
2024-11-20,MLP,24.9,23.429282999331445,18.623733546339157,28.234832452323733,9.611098905984576,True,0.9
2024-11-21,MLP,24.1,24.544862368087774,19.739312915095486,29.350411821080062,9.611098905984576,True,0.9
2024-11-22,MLP,24.9,23.860929198599074,19.055379745606785,28.666478651591362,9.611098905984576,True,0.9
2024-11-23,MLP,28.5,24.523637546807226,19.718088093814938,29.329186999799514,9.611098905984576,True,0.9
2024-11-24,MLP,23.8,24.49110613061673,19.68555667762444,29.296655583609017,9.611098905984576,True,0.9
2024-11-25,MLP,19.5,22.20957780309876,17.404028350106472,27.01512725609105,9.611098905984576,True,0.9
2024-11-26,MLP,20.5,20.32109510699319,15.515545654000903,25.12664455998548,9.611098905984576,True,0.9
2024-11-27,MLP,24.5,22.147595951334097,17.34204649834181,26.953145404326385,9.611098905984576,True,0.9
2024-11-28,MLP,27.5,25.068678952521232,20.263129499528944,29.87422840551352,9.611098905984576,True,0.9
2024-11-29,MLP,23.3,25.42081786383578,20.61526841084349,30.226367316828068,9.611098905984576,True,0.9
2024-11-30,MLP,23.2,23.28202272531739,18.4764732723251,28.087572178309678,9.611098905984576,True,0.9
2024-12-01,MLP,27.8,24.49206388217123,19.686514429178942,29.29761333516352,9.611098905984576,True,0.9
2024-12-02,MLP,25.5,26.24598360156404,21.44043414857175,31.051533054556327,9.611098905984576,True,0.9
2024-12-03,MLP,27.0,24.238626234817563,19.433076781825275,29.04417568780985,9.611098905984576,True,0.9
2024-12-04,MLP,23.7,25.743263816058192,20.937714363065904,30.54881326905048,9.611098905984576,True,0.9
2024-12-05,MLP,20.9,23.754626934429712,18.949077481437424,28.560176387422,9.611098905984576,True,0.9
2024-12-06,MLP,24.8,22.79124256031618,17.985693107323893,27.59679201330847,9.611098905984576,True,0.9
2024-12-07,MLP,23.5,25.985143653810063,21.179594200817775,30.79069310680235,9.611098905984576,True,0.9
2024-12-08,MLP,29.6,24.247371473513812,19.441822020521524,29.0529209265061,9.611098905984576,False,0.9
2024-12-09,MLP,27.2,26.755959559902657,21.95041010691037,31.561509012894945,9.611098905984576,True,0.9
2024-12-10,MLP,26.5,25.475528531551248,20.66997907855896,30.281077984543536,9.611098905984576,True,0.9
2024-12-11,MLP,25.0,25.72240480556302,20.91685535257073,30.527954258555308,9.611098905984576,True,0.9
2024-12-12,MLP,22.3,24.434001708392287,19.6284522554,29.239551161384576,9.611098905984576,True,0.9
2024-12-13,MLP,24.6,23.603514490229607,18.79796503723732,28.409063943221895,9.611098905984576,True,0.9
2024-12-14,MLP,20.4,24.889366079823205,20.083816626830917,29.694915532815493,9.611098905984576,True,0.9
2024-12-15,MLP,22.6,21.501896598452024,16.696347145459736,26.307446051444312,9.611098905984576,True,0.9
2024-12-16,MLP,22.8,23.78003914089833,18.974489687906043,28.58558859389062,9.611098905984576,True,0.9
2024-12-17,MLP,23.2,24.25762057696612,19.45207112397383,29.063170029958407,9.611098905984576,True,0.9
2024-12-18,MLP,25.8,25.015238407272562,20.209688954280274,29.82078786026485,9.611098905984576,True,0.9
2024-12-19,MLP,25.0,25.829737505917805,21.024188052925517,30.635286958910093,9.611098905984576,True,0.9
2024-12-20,MLP,26.0,25.61691876667943,20.81136931368714,30.422468219671718,9.611098905984576,True,0.9
2024-12-21,MLP,26.5,26.643664895030305,21.838115442038017,31.449214348022593,9.611098905984576,True,0.9
2024-12-22,MLP,22.9,25.846401755776817,21.04085230278453,30.651951208769106,9.611098905984576,True,0.9
2024-12-23,MLP,28.2,24.696186566039298,19.89063711304701,29.501736019031586,9.611098905984576,True,0.9
2024-12-24,MLP,33.6,28.589160781852186,23.783611328859898,33.394710234844474,9.611098905984576,False,0.9
2024-12-25,MLP,35.6,30.25699445540396,25.45144500241167,35.06254390839625,9.61109890598458,False,0.9
2024-12-26,MLP,26.1,30.68437705791189,25.878827604919604,35.48992651090418,9.61109890598458,True,0.9
2024-12-27,MLP,27.9,24.941465884930093,20.135916431937805,29.74701533792238,9.611098905984576,True,0.9
2024-12-28,MLP,27.2,28.790959953002265,23.985410500009976,33.59650940599455,9.611098905984576,True,0.9
2024-12-29,MLP,26.9,25.640376596508897,20.83482714351661,30.445926049501185,9.611098905984576,True,0.9
2024-12-30,MLP,25.6,25.47502282282023,20.66947336982794,30.280572275812517,9.611098905984576,True,0.9
2024-12-31,MLP,25.7,25.981248579804976,21.175699126812688,30.786798032797265,9.611098905984576,True,0.9
2025-01-01,MLP,23.6,26.721947302682384,21.916397849690096,31.527496755674672,9.611098905984576,True,0.9
2025-01-02,MLP,26.0,26.440030298574754,21.634480845582466,31.245579751567043,9.611098905984576,True,0.9
2025-01-03,MLP,29.0,27.59399293073023,22.788443477737943,32.39954238372252,9.611098905984576,True,0.9
2025-01-04,MLP,22.4,27.78850590473944,22.982956451747153,32.59405535773173,9.61109890598458,False,0.9
2025-01-05,MLP,22.8,24.79622232017319,19.9906728671809,29.601771773165478,9.611098905984576,True,0.9
2025-01-06,MLP,24.8,26.380398142941445,21.574848689949157,31.185947595933733,9.611098905984576,True,0.9
2025-01-07,MLP,24.9,26.691939168130396,21.886389715138108,31.497488621122685,9.611098905984576,True,0.9
2025-01-08,MLP,26.0,27.017517735275337,22.21196828228305,31.823067188267625,9.611098905984576,True,0.9
2025-01-09,MLP,24.0,27.788429229448525,22.982879776456237,32.59397868244081,9.611098905984576,True,0.9
2025-01-10,MLP,26.4,26.186928666898787,21.3813792139065,30.992478119891075,9.611098905984576,True,0.9
2025-01-11,MLP,25.3,27.77102303983431,22.965473586842023,32.5765724928266,9.611098905984576,True,0.9
2025-01-12,MLP,31.1,27.03475591603157,22.229206463039283,31.84030536902386,9.611098905984576,True,0.9
2025-01-13,MLP,24.5,29.027008329051128,24.22145887605884,33.832557782043416,9.611098905984576,True,0.9
2025-01-14,MLP,21.2,23.30690332091799,18.5013538679257,28.112452773910277,9.611098905984576,True,0.9
2025-01-15,MLP,25.4,24.46376884234635,19.658219389354063,29.26931829533864,9.611098905984576,True,0.9
2025-01-16,MLP,29.0,26.960322461049856,22.154773008057568,31.765871914042144,9.611098905984576,True,0.9
2025-01-17,MLP,23.9,27.564243544305363,22.758694091313075,32.36979299729765,9.611098905984576,True,0.9
2025-01-18,MLP,25.6,25.663970335323686,20.858420882331398,30.469519788315974,9.611098905984576,True,0.9
2025-01-19,MLP,24.1,27.84304092246325,23.03749146947096,32.64859037545554,9.61109890598458,True,0.9
2025-01-20,MLP,34.7,26.46306363934019,21.657514186347903,31.26861309233248,9.611098905984576,False,0.9
2025-01-21,MLP,35.8,31.51987598986628,26.71432653687399,36.32542544285857,9.611098905984576,True,0.9
2025-01-22,MLP,28.8,30.933436351608844,26.127886898616556,35.73898580460113,9.611098905984573,True,0.9
2025-01-23,MLP,28.5,27.2722159842181,22.466666531225812,32.07776543721039,9.611098905984576,True,0.9
2025-01-24,MLP,30.5,28.794079826143204,23.988530373150915,33.59962927913549,9.611098905984576,True,0.9
2025-01-25,MLP,26.5,28.773402578736846,23.967853125744558,33.57895203172913,9.611098905984573,True,0.9
2025-01-26,MLP,27.5,27.288191997833586,22.482642544841298,32.093741450825874,9.611098905984576,True,0.9
2025-01-27,MLP,35.8,28.764768316598506,23.959218863606218,33.570317769590794,9.611098905984576,False,0.9
2025-01-28,MLP,31.4,33.094628062576504,28.289078609584216,37.90017751556879,9.611098905984576,True,0.9
2025-01-29,MLP,25.8,28.525203978752543,23.719654525760255,33.33075343174483,9.611098905984576,True,0.9
2025-01-30,MLP,24.0,26.748257380417744,21.942707927425456,31.553806833410032,9.611098905984576,True,0.9
2025-01-31,MLP,24.9,26.4093070519435,21.603757598951212,31.21485650493579,9.611098905984576,True,0.9
2025-02-01,MLP,25.5,26.907110215374995,22.101560762382707,31.712659668367284,9.611098905984576,True,0.9
2025-02-02,MLP,25.2,26.63596488191185,21.83041542891956,31.441514334904138,9.611098905984576,True,0.9
2025-02-03,MLP,25.1,26.456274913248947,21.65072546025666,31.261824366241235,9.611098905984576,True,0.9
2025-02-04,MLP,21.1,26.505037586516156,21.699488133523868,31.310587039508444,9.611098905984576,False,0.9
2025-02-05,MLP,27.4,24.086812763325327,19.28126331033304,28.892362216317615,9.611098905984576,True,0.9
2025-02-06,MLP,36.2,29.01532240061116,24.209772947618873,33.82087185360345,9.611098905984576,False,0.9
2025-02-07,MLP,26.8,30.88446498826238,26.07891553527009,35.69001444125467,9.611098905984576,True,0.9
2025-02-08,MLP,23.5,26.326682035774002,21.521132582781714,31.13223148876629,9.611098905984576,True,0.9
2025-02-09,MLP,27.5,26.950284308210605,22.144734855218317,31.755833761202894,9.611098905984576,True,0.9
2025-02-10,MLP,30.7,28.17531228780245,23.36976283481016,32.98086174079474,9.611098905984576,True,0.9
2025-02-11,MLP,31.9,28.29199447518115,23.48644502218886,33.09754392817344,9.611098905984576,True,0.9
2025-02-12,MLP,22.4,27.346189004504435,22.540639551512147,32.15173845749672,9.611098905984573,False,0.9
2025-02-13,MLP,22.9,24.431969516657677,19.62642006366539,29.237518969649965,9.611098905984576,True,0.9
2025-02-14,MLP,26.2,27.084055756074,22.278506303081713,31.88960520906629,9.611098905984576,True,0.9
2025-02-15,MLP,25.5,27.82822148851273,23.022672035520444,32.63377094150502,9.611098905984576,True,0.9
2025-02-16,MLP,27.4,27.174793923272695,22.369244470280407,31.980343376264983,9.611098905984576,True,0.9
2025-02-17,MLP,26.3,28.134944738693598,23.32939528570131,32.940494191685886,9.611098905984576,True,0.9
2025-02-18,MLP,33.8,26.954387172650264,22.148837719657976,31.759936625642553,9.611098905984576,False,0.9
2025-02-19,MLP,34.7,32.735954598863245,27.930405145870957,37.54150405185553,9.611098905984576,True,0.9
2025-02-20,MLP,27.6,29.297453969004394,24.491904516012106,34.10300342199668,9.611098905984576,True,0.9
2025-02-21,MLP,28.8,26.05810769192614,21.25255823893385,30.863657144918427,9.611098905984576,True,0.9
2025-02-22,MLP,23.6,29.079024041740528,24.27347458874824,33.88457349473282,9.61109890598458,False,0.9
2025-02-23,MLP,25.8,25.854535064990735,21.048985611998447,30.660084517983023,9.611098905984576,True,0.9
2025-02-24,MLP,26.5,27.761598862322018,22.95604940932973,32.567148315314306,9.611098905984576,True,0.9
2025-02-25,MLP,31.7,27.45378670966928,22.648237256676993,32.25933616266157,9.611098905984576,True,0.9
2025-02-26,MLP,28.1,30.375351421587634,25.569801968595346,35.18090087457992,9.611098905984573,True,0.9
2025-02-27,MLP,28.1,27.793695227827847,22.98814577483556,32.599244680820135,9.611098905984576,True,0.9
2025-02-28,MLP,25.8,28.2223180431561,23.416768590163812,33.02786749614839,9.611098905984576,True,0.9
2025-03-01,MLP,34.5,26.229108870653327,21.42355941766104,31.034658323645615,9.611098905984576,False,0.9
2025-03-02,MLP,35.2,31.811692049403725,27.006142596411436,36.61724150239601,9.611098905984576,True,0.9
2025-03-03,MLP,26.5,29.8042287236161,24.99867927062381,34.60977817660839,9.611098905984576,True,0.9
2025-03-04,MLP,27.9,26.94669832018078,22.14114886718849,31.752247773173067,9.611098905984576,True,0.9
2025-03-05,MLP,25.3,27.595057903757667,22.78950845076538,32.40060735674996,9.61109890598458,True,0.9
2025-03-06,MLP,27.8,25.126182811782115,20.320633358789827,29.931732264774404,9.611098905984576,True,0.9
2025-03-07,MLP,31.5,28.17803315904103,23.37248370604874,32.98358261203332,9.611098905984576,True,0.9
2025-03-08,MLP,25.5,28.338130656174755,23.532581203182467,33.14368010916704,9.611098905984576,True,0.9
2025-03-09,MLP,22.5,25.05504319917913,20.249493746186843,29.86059265217142,9.611098905984576,True,0.9
2025-03-10,MLP,26.5,25.56379827402684,20.758248821034552,30.36934772701913,9.611098905984576,True,0.9
2025-03-11,MLP,28.5,27.1327615352185,22.32721208222621,31.938310988210787,9.611098905984576,True,0.9
2025-03-12,MLP,29.3,26.90630008188718,22.100750628894893,31.71184953487947,9.611098905984576,True,0.9
2025-03-13,MLP,35.9,28.082433308488646,23.276883855496358,32.887982761480934,9.611098905984576,False,0.9
2025-03-14,MLP,29.0,31.8255266052725,27.019977152280212,36.63107605826479,9.611098905984576,True,0.9
2025-03-15,MLP,26.6,27.17088852983774,22.36533907684545,31.976437982830028,9.611098905984576,True,0.9
2025-03-16,MLP,27.0,26.636030851310768,21.83048139831848,31.441580304303056,9.611098905984576,True,0.9
2025-03-17,MLP,31.6,26.718659085728937,21.91310963273665,31.524208538721226,9.611098905984576,False,0.9
2025-03-18,MLP,32.8,29.15538582870483,24.349836375712542,33.96093528169712,9.611098905984576,True,0.9
2025-03-19,MLP,29.1,27.910072512345966,23.104523059353678,32.71562196533826,9.61109890598458,True,0.9
2025-03-20,MLP,26.2,22.553771650539304,17.748222197547015,27.35932110353159,9.611098905984576,True,0.9
2025-03-21,MLP,24.6,26.302990919781855,21.497441466789567,31.108540372774144,9.611098905984576,True,0.9
2025-03-22,MLP,22.2,25.15157895345309,20.3460295004608,29.957128406445378,9.611098905984576,True,0.9
2025-03-23,MLP,23.6,23.568523402116718,18.76297394912443,28.374072855109006,9.611098905984576,True,0.9
2025-03-24,MLP,23.5,25.01837381417851,20.21282436118622,29.823923267170798,9.611098905984576,True,0.9
2025-03-25,MLP,22.5,23.6675444613091,18.86199500831681,28.473093914301387,9.611098905984576,True,0.9
2025-03-26,MLP,29.6,24.654807890642644,19.849258437650356,29.460357343634932,9.611098905984576,False,0.9
2025-03-27,MLP,30.9,27.97967120032198,23.174121747329693,32.78522065331427,9.611098905984576,True,0.9
2025-03-28,MLP,24.6,27.53166544356467,22.72611599057238,32.33721489655696,9.611098905984576,True,0.9
2025-03-29,MLP,23.1,25.225501100680468,20.41995164768818,30.031050553672756,9.611098905984576,True,0.9
2025-03-30,MLP,25.8,24.793738329710905,19.988188876718617,29.599287782703193,9.611098905984576,True,0.9
2025-03-31,MLP,22.1,24.969845413204602,20.164295960212314,29.77539486619689,9.611098905984576,True,0.9
2025-04-01,MLP,24.5,23.469841249605736,18.664291796613448,28.275390702598024,9.611098905984576,True,0.9
2025-04-02,MLP,29.9,25.2720129496657,20.466463496673413,30.07756240265799,9.611098905984576,True,0.9
2025-04-03,MLP,29.9,27.31988963083672,22.51434017784443,32.12543908382901,9.611098905984576,True,0.9
2025-04-04,MLP,31.6,27.38675866587023,22.58120921287794,32.19230811886251,9.611098905984573,True,0.9
2025-04-05,MLP,31.8,28.82877023128493,24.023220778292643,33.634319684277216,9.611098905984573,True,0.9
2025-04-06,MLP,30.9,29.411041363588406,24.60549191059612,34.21659081658069,9.611098905984573,True,0.9
2025-04-07,MLP,21.4,27.381564657622025,22.576015204629737,32.18711411061432,9.61109890598458,False,0.9
2025-04-08,MLP,22.6,19.64652969636905,14.840980243376762,24.45207914936134,9.611098905984576,True,0.9
2025-04-09,MLP,24.5,24.20251675601667,19.396967303024383,29.00806620900896,9.611098905984576,True,0.9
2025-04-10,MLP,27.7,24.247194206795164,19.441644753802876,29.052743659787453,9.611098905984576,True,0.9
2025-04-11,MLP,19.8,25.547664361513007,20.74211490852072,30.353213814505295,9.611098905984576,False,0.9
2025-04-12,MLP,19.5,20.71707640639582,15.91152695340353,25.522625859388107,9.611098905984576,True,0.9
2025-04-13,MLP,19.5,22.548200820606844,17.742651367614556,27.353750273599132,9.611098905984576,True,0.9
2025-04-14,MLP,23.4,22.460422233499457,17.65487278050717,27.265971686491746,9.611098905984576,True,0.9
2025-04-15,MLP,24.9,23.52393789640628,18.718388443413993,28.32948734939857,9.611098905984576,True,0.9
2025-04-16,MLP,27.3,24.546847060919198,19.74129760792691,29.352396513911486,9.611098905984576,True,0.9
2025-04-17,MLP,31.0,26.429334311053726,21.623784858061438,31.234883764046014,9.611098905984576,True,0.9
2025-04-18,MLP,22.6,27.423582344399144,22.618032891406855,32.22913179739143,9.611098905984576,False,0.9
2025-04-19,MLP,22.5,22.57414674048018,17.768597287487893,27.37969619347247,9.611098905984576,True,0.9
2025-04-20,MLP,21.3,23.669758556150253,18.864209103157965,28.47530800914254,9.611098905984576,True,0.9
2025-04-21,MLP,25.0,21.844066355512428,17.03851690252014,26.649615808504716,9.611098905984576,True,0.9
2025-04-22,MLP,24.3,23.48862284593286,18.68307339294057,28.294172298925147,9.611098905984576,True,0.9
2025-04-23,MLP,24.8,23.821829597784582,19.016280144792294,28.62737905077687,9.611098905984576,True,0.9
2025-04-24,MLP,24.1,24.01145140384056,19.205901950848272,28.81700085683285,9.611098905984576,True,0.9
2025-04-25,MLP,26.6,24.181587776951133,19.376038323958845,28.98713722994342,9.611098905984576,True,0.9
2025-04-26,MLP,34.3,25.84355249567604,21.03800304268375,30.649101948668328,9.611098905984576,False,0.9
2025-04-27,MLP,22.9,27.65048784116429,22.844938388172,32.45603729415657,9.611098905984573,True,0.9
2025-04-28,MLP,20.0,22.961509839689324,18.155960386697036,27.767059292681612,9.611098905984576,True,0.9
2025-04-29,MLP,19.0,23.414925510074568,18.60937605708228,28.220474963066856,9.611098905984576,True,0.9
2025-04-30,MLP,15.9,20.8719560873766,16.06640663438431,25.677505540368887,9.611098905984576,False,0.9
2025-05-01,MLP,16.5,16.313426726493226,11.507877273500938,21.118976179485514,9.611098905984576,True,0.9
2025-05-02,MLP,19.6,18.814610788330242,14.009061335337954,23.62016024132253,9.611098905984576,True,0.9
2025-05-03,MLP,25.0,20.330359872391845,15.524810419399557,25.135909325384134,9.611098905984576,True,0.9
2025-05-04,MLP,21.1,22.518683593218384,17.713134140226096,27.324233046210672,9.611098905984576,True,0.9
2025-05-05,MLP,20.5,20.831900915428925,16.026351462436637,25.637450368421213,9.611098905984576,True,0.9
2025-05-06,MLP,19.8,21.934928330980366,17.129378877988078,26.740477783972654,9.611098905984576,True,0.9
2025-05-07,MLP,19.8,21.443522230353057,16.63797277736077,26.249071683345345,9.611098905984576,True,0.9
2025-05-08,MLP,20.6,20.69505238765756,15.889502934665273,25.50060184064985,9.611098905984576,True,0.9
2025-05-09,MLP,17.8,21.019417660760965,16.213868207768677,25.824967113753253,9.611098905984576,True,0.9
2025-05-10,MLP,18.0,16.61649286804323,11.810943415050943,21.42204232103552,9.611098905984576,True,0.9
2025-05-11,MLP,20.1,18.50282417584066,13.697274722848373,23.30837362883295,9.611098905984576,True,0.9
2025-05-12,MLP,21.0,20.158888612293048,15.35333915930076,24.964438065285336,9.611098905984576,True,0.9
2025-05-13,MLP,21.5,21.059127951983715,16.253578498991427,25.864677404976003,9.611098905984576,True,0.9
2025-05-14,MLP,23.6,21.104213541258606,16.298664088266317,25.909762994250894,9.611098905984576,True,0.9
2025-05-15,MLP,26.7,22.81673300714456,18.01118355415227,27.622282460136848,9.611098905984576,True,0.9
2025-05-16,MLP,23.2,23.487008230143246,18.681458777150958,28.292557683135534,9.611098905984576,True,0.9
2025-05-17,MLP,24.6,21.82293285715337,17.01738340416108,26.628482310145657,9.611098905984576,True,0.9
2025-05-18,MLP,19.9,21.269487769954978,16.46393831696269,26.075037222947266,9.611098905984576,True,0.9
2025-05-19,MLP,15.3,19.56918861778102,14.763639164788732,24.374738070773308,9.611098905984576,True,0.9
2025-05-20,MLP,16.4,16.036277458728488,11.2307280057362,20.841826911720776,9.611098905984576,True,0.9
2025-05-21,MLP,19.2,18.477705059876115,13.672155606883827,23.283254512868403,9.611098905984576,True,0.9
2025-05-22,MLP,18.9,19.228866660010013,14.423317207017725,24.0344161130023,9.611098905984576,True,0.9
2025-05-23,MLP,26.5,19.369906927245033,14.564357474252745,24.17545638023732,9.611098905984576,False,0.9
2025-05-24,MLP,21.4,23.280603310470795,18.475053857478507,28.086152763463083,9.611098905984576,True,0.9
2025-05-25,MLP,16.7,20.164319692407126,15.358770239414838,24.969869145399414,9.611098905984576,True,0.9
2025-05-26,MLP,20.1,17.83726174845396,13.031712295461674,22.64281120144625,9.611098905984576,True,0.9
2025-05-27,MLP,18.5,20.66595126503489,15.860401812042603,25.47150071802718,9.611098905984576,True,0.9
2025-05-28,MLP,18.4,17.024074132021568,12.21852467902928,21.829623585013856,9.611098905984576,True,0.9
2025-05-29,MLP,18.0,17.347229179664808,12.54167972667252,22.152778632657096,9.611098905984576,True,0.9
2025-05-30,MLP,18.2,18.259167281960565,13.453617828968277,23.064716734952853,9.611098905984576,True,0.9
2025-05-31,MLP,18.6,18.184083812443884,13.378534359451596,22.989633265436172,9.611098905984576,True,0.9
2025-06-01,MLP,17.5,18.448562359567447,13.643012906575159,23.254111812559735,9.611098905984576,True,0.9
2025-06-02,MLP,15.7,19.03127546078852,14.225726007796233,23.83682491378081,9.611098905984576,True,0.9
2025-06-03,MLP,17.7,15.818870016868448,11.01332056387616,20.624419469860737,9.611098905984576,True,0.9
2025-06-04,MLP,18.6,18.76769512785538,13.962145674863091,23.573244580847668,9.611098905984576,True,0.9
2025-06-05,MLP,16.6,19.996967855273436,15.191418402281148,24.802517308265724,9.611098905984576,True,0.9
2025-06-06,MLP,14.8,17.893360423227584,13.087810970235296,22.698909876219872,9.611098905984576,True,0.9
2025-06-07,MLP,13.9,16.063206885018033,11.257657432025745,20.86875633801032,9.611098905984576,True,0.9
2025-06-08,MLP,15.5,13.888185768390738,9.08263631539845,18.693735221383026,9.611098905984576,True,0.9
2025-06-09,MLP,16.4,16.74454388979909,11.938994436806802,21.550093342791378,9.611098905984576,True,0.9
2025-06-10,MLP,18.0,18.215232152742598,13.40968269975031,23.020781605734886,9.611098905984576,True,0.9
2025-06-11,MLP,18.9,19.002181829162645,14.196632376170356,23.807731282154933,9.611098905984576,True,0.9
2025-06-12,MLP,22.5,18.475083092738153,13.669533639745865,23.28063254573044,9.611098905984576,True,0.9
2025-06-13,MLP,25.1,20.31299189451383,15.50744244152154,25.118541347506117,9.611098905984576,True,0.9
2025-06-14,MLP,25.0,23.20277511803841,18.397225665046122,28.0083245710307,9.611098905984576,True,0.9
2025-06-15,MLP,15.7,21.472296734810758,16.66674728181847,26.277846187803046,9.611098905984576,False,0.9
2025-06-16,MLP,15.3,17.390300305754558,12.58475085276227,22.195849758746846,9.611098905984576,True,0.9
2025-06-17,MLP,17.1,17.343353103525295,12.537803650533007,22.148902556517584,9.611098905984576,True,0.9
2025-06-18,MLP,16.0,15.334989011458998,10.52943955846671,20.140538464451286,9.611098905984576,True,0.9
2025-06-19,MLP,18.2,16.518246627674735,11.712697174682447,21.323796080667023,9.611098905984576,True,0.9
2025-06-20,MLP,19.8,16.64551067876814,11.839961225775852,21.45106013176043,9.611098905984576,True,0.9
2025-06-21,MLP,15.1,18.45976912084482,13.65421966785253,23.265318573837106,9.611098905984576,True,0.9
2025-06-22,MLP,17.2,15.26801968259765,10.462470229605362,20.07356913558994,9.611098905984576,True,0.9
2025-06-23,MLP,17.2,16.779316630434586,11.973767177442298,21.584866083426874,9.611098905984576,True,0.9
2025-06-24,MLP,13.1,17.5565491985444,12.750999745552111,22.362098651536687,9.611098905984576,True,0.9
2025-06-25,MLP,13.4,14.163540265996573,9.357990813004285,18.96908971898886,9.611098905984576,True,0.9
2025-06-26,MLP,13.2,13.120706274745316,8.315156821753028,17.926255727737605,9.611098905984576,True,0.9
2025-06-27,MLP,14.6,13.475357491357553,8.669808038365264,18.28090694434984,9.611098905984576,True,0.9
2025-06-28,MLP,18.4,13.888057873610059,9.08250842061777,18.693607326602347,9.611098905984576,True,0.9
2025-06-29,MLP,18.0,16.55979453136266,11.75424507837037,21.365343984354947,9.611098905984576,True,0.9
2025-06-30,MLP,15.9,18.55010512265608,13.744555669663793,23.35565457564837,9.611098905984576,True,0.9
2025-07-01,MLP,16.5,17.392564878863343,12.587015425871055,22.19811433185563,9.611098905984576,True,0.9
2025-07-02,MLP,14.0,15.119050093288655,10.313500640296366,19.924599546280945,9.611098905984578,True,0.9
2025-07-03,MLP,13.7,13.549643436581912,8.744093983589623,18.355192889574198,9.611098905984575,True,0.9
2025-07-04,MLP,14.3,13.691457750001668,8.88590829700938,18.497007202993956,9.611098905984576,True,0.9
2025-07-05,MLP,14.6,14.289126181219617,9.483576728227328,19.094675634211903,9.611098905984575,True,0.9
2025-07-06,MLP,15.4,13.553748555512318,8.74819910252003,18.359298008504606,9.611098905984576,True,0.9
2025-07-07,MLP,18.6,16.02139739352701,11.215847940534722,20.8269468465193,9.611098905984576,True,0.9
2025-07-08,MLP,16.8,17.69438026946467,12.888830816472382,22.499929722456958,9.611098905984576,True,0.9
2025-07-09,MLP,16.8,18.129356533735766,13.323807080743478,22.934905986728054,9.611098905984576,True,0.9
2025-07-10,MLP,13.8,15.768035817970208,10.96248636497792,20.573585270962496,9.611098905984576,True,0.9
2025-07-11,MLP,14.9,14.782125453355235,9.976576000362947,19.587674906347523,9.611098905984576,True,0.9
2025-07-12,MLP,15.2,16.39775656333385,11.592207110341562,21.203306016326138,9.611098905984576,True,0.9
2025-07-13,MLP,15.9,16.459419814516767,11.65387036152448,21.264969267509056,9.611098905984576,True,0.9
2025-07-14,MLP,16.5,16.21738449327378,11.411835040281492,21.02293394626607,9.611098905984576,True,0.9
2025-07-15,MLP,17.0,16.78011656777058,11.974567114778292,21.58566602076287,9.611098905984576,True,0.9
2025-07-16,MLP,16.3,17.45881776223977,12.653268309247483,22.26436721523206,9.611098905984576,True,0.9
2025-07-17,MLP,15.0,14.595677345866779,9.79012789287449,19.401226798859067,9.611098905984576,True,0.9
2025-07-18,MLP,16.4,16.45747604913684,11.651926596144552,21.26302550212913,9.611098905984576,True,0.9
2025-07-19,MLP,18.6,17.32993017252309,12.5243807195308,22.135479625515377,9.611098905984576,True,0.9
2025-07-20,MLP,14.8,18.44707696581722,13.641527512824933,23.25262641880951,9.611098905984576,True,0.9
2025-07-21,MLP,16.9,16.0527598513533,11.247210398361013,20.85830930434559,9.611098905984576,True,0.9
2025-07-22,MLP,17.2,17.127307643652344,12.321758190660056,21.932857096644632,9.611098905984576,True,0.9
2025-07-23,MLP,16.6,17.806337226130793,13.000787773138505,22.61188667912308,9.611098905984576,True,0.9
2025-07-24,MLP,14.6,17.088116377138384,12.282566924146096,21.893665830130672,9.611098905984576,True,0.9
2025-07-25,MLP,15.1,15.489133872509376,10.683584419517087,20.294683325501666,9.611098905984578,True,0.9
2025-07-26,MLP,19.0,16.16254338316324,11.356993930170951,20.968092836155527,9.611098905984576,True,0.9
2025-07-27,MLP,21.0,18.421370514142986,13.615821061150697,23.226919967135274,9.611098905984576,True,0.9
2025-07-28,MLP,26.6,20.03345312356612,15.22790367057383,24.839002576558407,9.611098905984576,False,0.9
2025-07-29,MLP,15.9,24.24437054194145,19.43882108894916,29.049919994933738,9.611098905984576,False,0.9
2025-07-30,MLP,13.3,13.989143745460769,9.18359429246848,18.794693198453057,9.611098905984576,True,0.9
2025-07-31,MLP,15.6,15.697720766028285,10.892171313035997,20.50327021902057,9.611098905984575,True,0.9
2025-08-01,MLP,23.0,16.967256844316967,12.16170739132468,21.772806297309256,9.611098905984576,False,0.9
2025-08-02,MLP,21.2,20.656832593724115,15.851283140731827,25.462382046716403,9.611098905984576,True,0.9
2025-08-03,MLP,14.4,19.46001882738628,14.65446937439399,24.265568280378567,9.611098905984576,False,0.9
2025-08-04,MLP,14.8,14.389867804573962,9.584318351581674,19.19541725756625,9.611098905984575,True,0.9
2025-08-05,MLP,15.1,15.125716934493497,10.320167481501208,19.931266387485785,9.611098905984576,True,0.9
2025-08-06,MLP,17.0,15.401316788934631,10.595767335942343,20.206866241926917,9.611098905984575,True,0.9
2025-08-07,MLP,17.2,16.828547795810895,12.022998342818607,21.634097248803183,9.611098905984576,True,0.9
2025-08-08,MLP,14.4,16.930415021615502,12.124865568623214,21.73596447460779,9.611098905984576,True,0.9
2025-08-09,MLP,15.1,14.466555235626707,9.661005782634419,19.272104688618995,9.611098905984576,True,0.9
2025-08-10,MLP,15.9,16.409825302703876,11.604275849711588,21.215374755696164,9.611098905984576,True,0.9
2025-08-11,MLP,16.5,17.954194991307418,13.14864553831513,22.759744444299706,9.611098905984576,True,0.9
2025-08-12,MLP,16.4,17.38248258471458,12.576933131722292,22.18803203770687,9.611098905984576,True,0.9
2025-08-13,MLP,15.0,17.062360138423617,12.25681068543133,21.867909591415906,9.611098905984576,True,0.9
2025-08-14,MLP,16.6,16.930226597157866,12.124677144165577,21.735776050150154,9.611098905984576,True,0.9
2025-08-15,MLP,16.9,17.25686617463631,12.451316721644023,22.0624156276286,9.611098905984576,True,0.9
2025-08-16,MLP,19.5,16.980429525404542,12.174880072412254,21.78597897839683,9.611098905984576,True,0.9
2025-08-17,MLP,19.6,18.791373955604726,13.985824502612438,23.596923408597014,9.611098905984576,True,0.9
2025-08-18,MLP,18.9,19.427260434776397,14.621710981784108,24.232809887768685,9.611098905984576,True,0.9
2025-08-19,MLP,17.6,17.663055363090475,12.857505910098187,22.468604816082763,9.611098905984576,True,0.9
2025-08-20,MLP,17.2,16.397776346660603,11.592226893668315,21.20332579965289,9.611098905984576,True,0.9
2025-08-21,MLP,17.2,17.346593694312823,12.541044241320535,22.15214314730511,9.611098905984576,True,0.9
2025-08-22,MLP,15.4,16.97018340156273,12.16463394857044,21.775732854555017,9.611098905984576,True,0.9
2025-08-23,MLP,16.2,16.856032020366296,12.050482567374008,21.661581473358584,9.611098905984576,True,0.9
2025-08-24,MLP,16.2,16.37032626634766,11.564776813355373,21.17587571933995,9.611098905984576,True,0.9
2025-08-25,MLP,19.0,17.96216403998944,13.15661458699715,22.767713492981727,9.611098905984576,True,0.9
2025-08-26,MLP,18.4,18.89050827146754,14.08495881847525,23.696057724459827,9.611098905984576,True,0.9
2025-08-27,MLP,19.0,17.929341040734354,13.123791587742065,22.734890493726642,9.611098905984576,True,0.9
2025-08-28,MLP,20.0,18.859279911665887,14.053730458673598,23.664829364658175,9.611098905984576,True,0.9
2025-08-29,MLP,19.4,18.744522502073295,13.938973049081007,23.550071955065583,9.611098905984576,True,0.9
2025-08-30,MLP,18.6,18.425270762373174,13.619721309380886,23.230820215365462,9.611098905984576,True,0.9
2025-08-31,MLP,21.5,18.39294735615166,13.58739790315937,23.198496809143947,9.611098905984576,True,0.9
2025-09-01,MLP,20.5,20.22057999131612,15.415030538323833,25.02612944430841,9.611098905984576,True,0.9
2025-09-02,MLP,19.2,19.015337112796985,14.209787659804697,23.820886565789273,9.611098905984576,True,0.9
2025-09-03,MLP,18.9,18.679219995557194,13.873670542564906,23.484769448549482,9.611098905984576,True,0.9
2025-09-04,MLP,17.8,18.78153599886336,13.975986545871073,23.58708545185565,9.611098905984576,True,0.9
2025-09-05,MLP,17.0,18.833332130081544,14.027782677089256,23.638881583073832,9.611098905984576,True,0.9
2025-09-06,MLP,19.0,18.692749005113498,13.88719955212121,23.498298458105786,9.611098905984576,True,0.9
2025-09-07,MLP,26.5,19.40920159483681,14.60365214184452,24.214751047829097,9.611098905984576,False,0.9
2025-09-08,MLP,25.7,23.295753112857348,18.49020365986506,28.101302565849636,9.611098905984576,True,0.9
2025-09-09,MLP,19.5,20.38149940203806,15.575949949045771,25.187048855030348,9.611098905984576,True,0.9
2025-09-10,MLP,19.1,19.10701296958019,14.301463516587901,23.912562422572478,9.611098905984576,True,0.9
2025-09-11,MLP,18.7,18.54342621901735,13.73787676602506,23.348975672009637,9.611098905984576,True,0.9
2025-09-12,MLP,20.0,20.202470881419345,15.396921428427056,25.008020334411633,9.611098905984576,True,0.9
2025-09-13,MLP,21.4,20.15476515715939,15.3492157041671,24.960314610151677,9.611098905984576,True,0.9
2025-09-14,MLP,17.9,20.24156097572898,15.436011522736692,25.04711042872127,9.611098905984576,True,0.9
2025-09-15,MLP,17.1,16.8988629912654,12.093313538273112,21.704412444257688,9.611098905984576,True,0.9
2025-09-16,MLP,15.7,17.259811696137763,12.454262243145475,22.06536114913005,9.611098905984576,True,0.9
2025-09-17,MLP,16.8,17.62155719960332,12.816007746611032,22.427106652595608,9.611098905984576,True,0.9
2025-09-18,MLP,22.3,18.284853616918234,13.479304163925946,23.090403069910522,9.611098905984576,True,0.9
2025-09-19,MLP,20.4,21.177444619948837,16.37189516695655,25.982994072941125,9.611098905984576,True,0.9
2025-09-20,MLP,17.8,20.76386641551462,15.958316962522332,25.56941586850691,9.611098905984576,True,0.9
2025-09-21,MLP,19.4,18.67931324853576,13.873763795543471,23.484862701528048,9.611098905984576,True,0.9
2025-09-22,MLP,16.4,19.38156139274007,14.576011939747783,24.18711084573236,9.611098905984576,True,0.9
2025-09-23,MLP,18.5,18.282777175363183,13.477227722370895,23.08832662835547,9.611098905984576,True,0.9
2025-09-24,MLP,19.4,19.185973888013013,14.380424435020725,23.9915233410053,9.611098905984576,True,0.9
2025-09-25,MLP,26.6,20.105179754620604,15.299630301628316,24.910729207612892,9.611098905984576,False,0.9
2025-09-26,MLP,23.6,23.886222660940597,19.08067320794831,28.691772113932885,9.611098905984576,True,0.9
2025-09-27,MLP,19.9,21.121768260234006,16.316218807241718,25.927317713226294,9.611098905984576,True,0.9
2025-09-28,MLP,24.1,20.2769961371282,15.471446684135913,25.08254559012049,9.611098905984576,True,0.9
2025-09-29,MLP,34.5,21.42919963658705,16.623650183594762,26.23474908957934,9.611098905984576,False,0.9
2025-09-30,MLP,20.8,25.972347669488478,21.16679821649619,30.777897122480766,9.611098905984576,False,0.9
2025-10-01,MLP,18.4,18.255460884043615,13.449911431051326,23.061010337035903,9.611098905984576,True,0.9
2025-10-02,MLP,25.6,19.589618474368493,14.784069021376204,24.39516792736078,9.611098905984576,False,0.9
2025-10-03,MLP,22.4,24.467619651082803,19.662070198090515,29.27316910407509,9.611098905984576,True,0.9
2025-10-04,MLP,19.0,21.871363292557483,17.065813839565195,26.67691274554977,9.611098905984576,True,0.9
2025-10-05,MLP,19.5,20.19879948728395,15.393250034291661,25.004348940276238,9.611098905984576,True,0.9
2025-10-06,MLP,20.6,20.14741947898847,15.341870025996183,24.95296893198076,9.611098905984576,True,0.9
2025-10-07,MLP,20.9,21.481740482819422,16.676191029827134,26.28728993581171,9.611098905984576,True,0.9
2025-10-08,MLP,27.2,21.148462555419638,16.34291310242735,25.954012008411926,9.611098905984576,False,0.9
2025-10-09,MLP,27.0,24.47126896546193,19.665719512469643,29.27681841845422,9.611098905984576,True,0.9
2025-10-10,MLP,24.0,22.950373614833527,18.14482416184124,27.755923067825815,9.611098905984576,True,0.9
2025-10-11,MLP,23.7,21.823309218360578,17.01775976536829,26.628858671352866,9.611098905984576,True,0.9
2025-10-12,MLP,22.1,22.516922355841626,17.711372902849337,27.322471808833914,9.611098905984576,True,0.9
2025-10-13,MLP,19.8,22.713830129807445,17.908280676815156,27.519379582799733,9.611098905984576,True,0.9
2025-10-14,MLP,19.1,20.2241695251902,15.41862007219791,25.029718978182487,9.611098905984576,True,0.9
2025-10-15,MLP,18.6,21.267681432511058,16.46213197951877,26.073230885503346,9.611098905984576,True,0.9
2025-10-16,MLP,27.8,20.068309995258044,15.262760542265756,24.873859448250332,9.611098905984576,False,0.9
2025-10-17,MLP,19.6,26.12372526175873,21.31817580876644,30.929274714751017,9.611098905984576,False,0.9
2025-10-18,MLP,24.5,19.909361904589357,15.103812451597069,24.714911357581645,9.611098905984576,True,0.9
2025-10-19,MLP,28.8,23.48115226664463,18.675602813652343,28.28670171963692,9.611098905984576,False,0.9
2025-10-20,MLP,31.4,25.25846099444181,20.45291154144952,30.064010447434097,9.611098905984576,False,0.9
2025-10-21,MLP,31.5,26.50007227931046,21.69452282631817,31.305621732302747,9.611098905984576,False,0.9
2025-10-22,MLP,22.5,25.273225128380332,20.467675675388044,30.07877458137262,9.611098905984576,True,0.9
2025-10-23,MLP,20.4,22.07483564008141,17.269286187089122,26.8803850930737,9.611098905984576,True,0.9
2025-10-24,MLP,19.5,21.794519296369714,16.988969843377426,26.600068749362002,9.611098905984576,True,0.9
2025-10-25,MLP,17.6,20.481969232577423,15.676419779585135,25.28751868556971,9.611098905984576,True,0.9
2025-10-26,MLP,20.4,18.403917551857624,13.598368098865336,23.209467004849913,9.611098905984576,True,0.9
2025-10-27,MLP,20.5,21.40836042592405,16.602810972931763,26.21390987891634,9.611098905984576,True,0.9
2025-10-28,MLP,21.6,22.213922328323456,17.408372875331168,27.019471781315744,9.611098905984576,True,0.9
2025-10-29,MLP,31.5,22.428773306819554,17.623223853827266,27.234322759811842,9.611098905984576,False,0.9
2025-10-30,MLP,22.2,26.329155242486234,21.523605789493946,31.134704695478522,9.611098905984576,True,0.9
2025-10-31,MLP,20.6,21.169740749001903,16.364191296009615,25.97529020199419,9.611098905984576,True,0.9
2025-11-01,MLP,21.0,21.04896482272734,16.24341536973505,25.854514275719627,9.611098905984576,True,0.9
2025-11-02,MLP,23.2,23.028931377443662,18.223381924451374,27.83448083043595,9.611098905984576,True,0.9
2025-11-03,MLP,22.4,23.423835391447007,18.61828593845472,28.229384844439295,9.611098905984576,True,0.9
2025-11-04,MLP,27.1,22.55316078155076,17.74761132855847,27.358710234543047,9.611098905984576,True,0.9
2025-11-05,MLP,29.9,25.64076141495046,20.835211961958173,30.44631086794275,9.611098905984576,True,0.9
2025-11-06,MLP,34.3,25.651837407242358,20.84628795425007,30.457386860234646,9.611098905984576,False,0.9
2025-11-07,MLP,30.9,29.069454411222225,24.263904958229936,33.87500386421451,9.611098905984576,True,0.9
2025-11-08,MLP,29.9,28.38951791884423,23.583968465851942,33.195067371836515,9.611098905984573,True,0.9
2025-11-09,MLP,28.6,28.30647805954164,23.50092860654935,33.11202751253393,9.611098905984576,True,0.9
2025-11-10,MLP,25.9,25.014350184819243,20.208800731826955,29.81989963781153,9.611098905984576,True,0.9
2025-11-11,MLP,25.3,24.552922510845058,19.74737305785277,29.358471963837346,9.611098905984576,True,0.9
2025-11-12,MLP,28.0,24.619522337321907,19.81397288432962,29.425071790314195,9.611098905984576,True,0.9
2025-11-13,MLP,25.5,25.840192006672222,21.034642553679934,30.64574145966451,9.611098905984576,True,0.9
2025-11-14,MLP,22.1,23.70199030344154,18.896440850449252,28.50753975643383,9.611098905984576,True,0.9
2025-11-15,MLP,25.8,22.94069125491339,18.1351418019211,27.746240707905677,9.611098905984576,True,0.9
2025-11-16,MLP,30.5,24.86044350659349,20.054894053601203,29.66599295958578,9.611098905984576,False,0.9
2025-11-17,MLP,24.5,26.599650318935307,21.79410086594302,31.405199771927595,9.611098905984576,True,0.9
2025-11-18,MLP,25.4,23.567418233575488,18.7618687805832,28.372967686567776,9.611098905984576,True,0.9
2025-11-19,MLP,25.1,24.694292704351724,19.888743251359436,29.499842157344013,9.611098905984576,True,0.9
2025-11-20,MLP,27.6,24.170174689183597,19.36462523619131,28.975724142175885,9.611098905984576,True,0.9
2025-11-21,MLP,29.9,25.44887732234448,20.64332786935219,30.254426775336768,9.611098905984576,True,0.9
2025-11-22,MLP,25.4,25.926620314885447,21.12107086189316,30.732169767877735,9.611098905984576,True,0.9
2025-11-23,MLP,24.6,24.165996304097252,19.360446851104964,28.97154575708954,9.611098905984576,True,0.9
2025-11-24,MLP,34.5,24.72277217085892,19.917222717866633,29.52832162385121,9.611098905984576,False,0.9
2025-11-25,MLP,25.9,28.90569508847566,24.100145635483372,33.71124454146795,9.611098905984576,True,0.9
2025-11-26,MLP,32.6,23.666918580560516,18.861369127568228,28.472468033552804,9.611098905984576,False,0.9
2025-11-27,MLP,27.5,29.275382715155224,24.469833262162936,34.08093216814751,9.611098905984576,True,0.9
2025-11-28,MLP,24.0,24.545594180876208,19.74004472788392,29.351143633868496,9.611098905984576,True,0.9
2025-11-29,MLP,27.1,23.122662392119523,18.317112939127234,27.92821184511181,9.611098905984576,True,0.9
2025-11-30,MLP,26.0,25.66972787208678,20.864178419094493,30.47527732507907,9.611098905984576,True,0.9
2025-12-01,MLP,24.6,24.70465549181899,19.8991060388267,29.510204944811278,9.611098905984576,True,0.9
2025-12-02,MLP,29.6,24.83374887880389,20.0281994258116,29.639298331796176,9.611098905984576,True,0.9
2025-12-03,MLP,32.3,27.86116657767789,23.0556171246856,32.66671603067017,9.611098905984573,True,0.9
2025-12-04,MLP,24.9,26.386497148417305,21.580947695425017,31.192046601409594,9.611098905984576,True,0.9
2025-12-05,MLP,23.6,23.588419407923524,18.782869954931236,28.393968860915813,9.611098905984576,True,0.9
2025-12-06,MLP,27.5,25.206880782740807,20.40133132974852,30.012430235733095,9.611098905984576,True,0.9
2025-12-07,MLP,23.8,25.889340881188385,21.083791428196097,30.694890334180673,9.611098905984576,True,0.9
2025-12-08,MLP,24.4,24.344902119576602,19.539352666584314,29.15045157256889,9.611098905984576,True,0.9
2025-12-09,MLP,30.8,25.583066368116626,20.777516915124338,30.388615821108914,9.611098905984576,False,0.9
2025-12-10,MLP,33.5,28.71075727890035,23.90520782590806,33.51630673189264,9.61109890598458,True,0.9
2025-12-11,MLP,24.4,27.77986862667853,22.974319173686244,32.585418079670816,9.611098905984573,True,0.9
2025-12-12,MLP,20.6,22.991547727717652,18.185998274725364,27.79709718070994,9.611098905984576,True,0.9
2025-12-13,MLP,23.6,23.5872232247825,18.781673771790214,28.39277267777479,9.611098905984576,True,0.9
2025-12-14,MLP,24.7,25.067300862928214,20.261751409935925,29.872850315920502,9.611098905984576,True,0.9
2025-12-15,MLP,27.0,25.319777844813796,20.514228391821508,30.125327297806084,9.611098905984576,True,0.9
2025-12-16,MLP,21.3,26.45839923869017,21.65284978569788,31.263948691682458,9.611098905984576,False,0.9
2025-12-17,MLP,23.1,23.114057141529795,18.308507688537507,27.919606594522083,9.611098905984576,True,0.9
2025-12-18,MLP,23.5,25.58987805814083,20.78432860514854,30.395427511133118,9.611098905984576,True,0.9
2025-12-19,MLP,30.2,25.098571535237916,20.293022082245628,29.904120988230204,9.611098905984576,False,0.9
2025-12-20,MLP,34.5,28.809759056761397,24.00420960376911,33.61530850975369,9.61109890598458,False,0.9
2025-12-21,MLP,30.8,30.42527796538772,25.619728512395433,35.23082741838001,9.611098905984576,True,0.9
2025-12-22,MLP,23.5,27.330455146944065,22.524905693951776,32.136004599936356,9.61109890598458,True,0.9
2025-12-23,MLP,27.9,25.0014735550384,20.195924102046114,29.80702300803069,9.611098905984576,True,0.9
2025-12-24,MLP,29.0,27.736455746143015,22.930906293150727,32.5420051991353,9.611098905984576,True,0.9
2025-12-25,MLP,28.8,26.811835121408723,22.006285668416435,31.61738457440101,9.611098905984576,True,0.9
2025-12-26,MLP,27.9,27.172572086491837,22.36702263349955,31.978121539484125,9.611098905984576,True,0.9
2025-12-27,MLP,30.5,27.222256658803094,22.416707205810805,32.027806111795385,9.61109890598458,True,0.9
2025-12-28,MLP,35.6,29.032076708502636,24.226527255510348,33.837626161494924,9.611098905984576,False,0.9
2025-12-29,MLP,30.2,31.95698314672076,27.15143369372847,36.76253259971305,9.611098905984576,True,0.9
2025-12-30,MLP,26.8,25.7649307273254,20.95938127433311,30.570480180317688,9.611098905984576,True,0.9
