date,model,confidence_level,actual_TMAX,prediction,lower_interval,upper_interval,interval_width,inside_interval
2024-05-07,Random Forest,0.8,19.2,19.01667013629121,15.245445468870464,22.787894803711957,7.542449334841493,True
2024-05-08,Random Forest,0.8,20.8,20.27272683697868,16.501502169557934,24.043951504399427,7.542449334841493,True
2024-05-09,Random Forest,0.8,18.4,21.647816432443125,17.87659176502238,25.419041099863872,7.542449334841493,True
2024-05-10,Random Forest,0.8,18.6,18.45704908680496,14.685824419384215,22.228273754225707,7.542449334841493,True
2024-05-11,Random Forest,0.8,20.6,19.53948017428293,15.768255506862182,23.310704841703675,7.542449334841493,True
2024-05-12,Random Forest,0.8,24.4,20.694852427433652,16.923627760012906,24.4660770948544,7.542449334841493,True
2024-05-13,Random Forest,0.8,29.6,20.971018203205475,17.19979353578473,24.74224287062622,7.542449334841493,False
2024-05-14,Random Forest,0.8,22.0,21.90506736425755,18.133842696836805,25.676292031678297,7.542449334841493,True
2024-05-15,Random Forest,0.8,21.0,21.742474053400816,17.97124938598007,25.513698720821562,7.542449334841493,True
2024-05-16,Random Forest,0.8,21.1,21.4269510650294,17.655726397608653,25.198175732450146,7.542449334841493,True
2024-05-17,Random Forest,0.8,24.3,21.91972766986516,18.148503002444414,25.690952337285907,7.542449334841493,True
2024-05-18,Random Forest,0.8,22.7,21.30528780467965,17.534063137258904,25.076512472100397,7.542449334841493,True
2024-05-19,Random Forest,0.8,24.8,21.197378630392212,17.426153962971465,24.968603297812958,7.542449334841493,True
2024-05-20,Random Forest,0.8,21.4,21.18821053748927,17.416985870068523,24.959435204910015,7.542449334841493,True
2024-05-21,Random Forest,0.8,21.5,21.872571736571857,18.10134706915111,25.643796403992603,7.542449334841493,True
2024-05-22,Random Forest,0.8,19.7,21.37274353008266,17.601518862661912,25.143968197503405,7.542449334841493,True
2024-05-23,Random Forest,0.8,23.4,20.30240909140737,16.531184423986623,24.073633758828116,7.542449334841493,True
2024-05-24,Random Forest,0.8,19.6,22.496058117299295,18.72483344987855,26.26728278472004,7.542449334841493,True
2024-05-25,Random Forest,0.8,20.4,20.21872512029549,16.447500452874742,23.989949787716235,7.542449334841493,True
2024-05-26,Random Forest,0.8,22.0,21.526788261660098,17.75556359423935,25.298012929080844,7.542449334841493,True
2024-05-27,Random Forest,0.8,27.2,20.551677363798554,16.780452696377807,24.3229020312193,7.542449334841493,False
2024-05-28,Random Forest,0.8,32.5,22.735665349511887,18.96444068209114,26.506890016932633,7.542449334841493,False
2024-05-29,Random Forest,0.8,17.2,23.635598642877024,19.864373975456278,27.40682331029777,7.542449334841493,False
2024-05-30,Random Forest,0.8,17.3,16.936663524123507,13.16543885670276,20.707888191544253,7.542449334841493,True
2024-05-31,Random Forest,0.8,18.7,19.63677064204336,15.865545974622613,23.407995309464106,7.542449334841493,True
2024-06-01,Random Forest,0.8,18.4,21.063875899571048,17.292651232150302,24.835100566991795,7.542449334841493,True
2024-06-02,Random Forest,0.8,15.1,20.341326705451845,16.5701020380311,24.11255137287259,7.542449334841493,False
2024-06-03,Random Forest,0.8,19.3,16.48304244252273,12.711817775101984,20.254267109943477,7.542449334841493,True
2024-06-04,Random Forest,0.8,17.5,16.797023830050122,13.025799162629376,20.56824849747087,7.542449334841493,True
2024-06-05,Random Forest,0.8,17.2,16.183457432109137,12.41223276468839,19.954682099529883,7.542449334841493,True
2024-06-06,Random Forest,0.8,17.1,16.061863394087574,12.290638726666828,19.83308806150832,7.542449334841493,True
2024-06-07,Random Forest,0.8,17.8,17.18623153440064,13.415006866979894,20.957456201821387,7.542449334841493,True
2024-06-08,Random Forest,0.8,17.2,19.83674007871941,16.065515411298662,23.607964746140155,7.542449334841493,True
2024-06-09,Random Forest,0.8,25.5,18.22361326805362,14.452388600632872,21.994837935474365,7.542449334841493,False
2024-06-10,Random Forest,0.8,24.3,22.717289423649405,18.946064756228658,26.48851409107015,7.542449334841493,True
2024-06-11,Random Forest,0.8,19.2,17.936523604782153,14.165298937361406,21.7077482722029,7.542449334841493,True
2024-06-12,Random Forest,0.8,18.9,17.362806133877765,13.591581466457018,21.13403080129851,7.542449334841493,True
2024-06-13,Random Forest,0.8,19.6,19.498051816117183,15.726827148696437,23.26927648353793,7.542449334841493,True
2024-06-14,Random Forest,0.8,20.6,20.31616533196843,16.544940664547685,24.087389999389178,7.542449334841493,True
2024-06-15,Random Forest,0.8,22.2,20.121946606331466,16.35072193891072,23.893171273752213,7.542449334841493,True
2024-06-16,Random Forest,0.8,20.1,21.41659740909343,17.645372741672684,25.187822076514177,7.542449334841493,True
2024-06-17,Random Forest,0.8,18.3,20.312375314085504,16.541150646664757,24.08359998150625,7.542449334841493,True
2024-06-18,Random Forest,0.8,16.6,16.75113116885217,12.979906501431422,20.522355836272915,7.542449334841493,True
2024-06-19,Random Forest,0.8,17.0,16.656503550596508,12.885278883175761,20.427728218017254,7.542449334841493,True
2024-06-20,Random Forest,0.8,18.1,17.262193892870535,13.490969225449788,21.03341856029128,7.542449334841493,True
2024-06-21,Random Forest,0.8,19.2,16.218879657972295,12.447654990551548,19.99010432539304,7.542449334841493,True
2024-06-22,Random Forest,0.8,20.8,17.774951135325182,14.003726467904436,21.54617580274593,7.542449334841493,True
2024-06-23,Random Forest,0.8,17.8,18.395288553806402,14.624063886385656,22.16651322122715,7.542449334841493,True
2024-06-24,Random Forest,0.8,17.7,19.316949266755167,15.54572459933442,23.088173934175913,7.542449334841493,True
2024-06-25,Random Forest,0.8,20.2,18.15823354691164,14.387008879490892,21.929458214332385,7.542449334841493,True
2024-06-26,Random Forest,0.8,25.1,19.460492393049474,15.689267725628728,23.23171706047022,7.542449334841493,False
2024-06-27,Random Forest,0.8,26.6,25.284674841430284,21.513450174009538,29.05589950885103,7.542449334841493,True
2024-06-28,Random Forest,0.8,21.4,22.413912657035766,18.64268798961502,26.185137324456512,7.542449334841493,True
2024-06-29,Random Forest,0.8,19.6,19.81098833783427,16.039763670413524,23.582213005255017,7.542449334841493,True
2024-06-30,Random Forest,0.8,17.0,20.9205854973922,17.149360829971453,24.691810164812946,7.542449334841493,False
2024-07-01,Random Forest,0.8,17.0,18.28327617957851,14.512051512157765,22.054500846999257,7.542449334841493,True
2024-07-02,Random Forest,0.8,15.5,17.158669140800708,13.387444473379961,20.929893808221454,7.542449334841493,True
2024-07-03,Random Forest,0.8,16.5,14.322530895357795,10.551306227937049,18.09375556277854,7.542449334841491,True
2024-07-04,Random Forest,0.8,17.0,15.339002726655005,11.567778059234259,19.11022739407575,7.542449334841491,True
2024-07-05,Random Forest,0.8,21.8,17.099401939810285,13.328177272389539,20.87062660723103,7.542449334841493,False
2024-07-06,Random Forest,0.8,14.6,21.190512570547387,17.41928790312664,24.961737237968133,7.542449334841493,False
2024-07-07,Random Forest,0.8,13.1,13.453622081197686,9.68239741377694,17.224846748618432,7.542449334841493,True
2024-07-08,Random Forest,0.8,15.4,15.13787170005552,11.366647032634773,18.909096367476266,7.542449334841493,True
2024-07-09,Random Forest,0.8,17.0,14.878233788142381,11.107009120721635,18.649458455563128,7.542449334841493,True
2024-07-10,Random Forest,0.8,17.2,16.256984844518303,12.485760177097557,20.02820951193905,7.542449334841493,True
2024-07-11,Random Forest,0.8,15.1,16.357136332473644,12.585911665052897,20.12836099989439,7.542449334841493,True
2024-07-12,Random Forest,0.8,13.4,16.491951949823598,12.720727282402851,20.263176617244344,7.542449334841493,True
2024-07-13,Random Forest,0.8,15.1,14.441103123312454,10.669878455891707,18.212327790733198,7.542449334841491,True
2024-07-14,Random Forest,0.8,16.3,14.534166425238983,10.762941757818236,18.30539109265973,7.542449334841493,True
2024-07-15,Random Forest,0.8,15.4,15.290493172167965,11.519268504747219,19.06171783958871,7.542449334841491,True
2024-07-16,Random Forest,0.8,14.9,14.887809272209113,11.116584604788367,18.659033939629857,7.542449334841491,True
2024-07-17,Random Forest,0.8,15.2,16.542160264525293,12.770935597104547,20.31338493194604,7.542449334841493,True
2024-07-18,Random Forest,0.8,16.1,14.000601815112244,10.229377147691498,17.77182648253299,7.542449334841493,True
2024-07-19,Random Forest,0.8,14.5,15.234810250972068,11.463585583551321,19.006034918392814,7.542449334841493,True
2024-07-20,Random Forest,0.8,14.2,15.51511774093895,11.743893073518203,19.286342408359694,7.542449334841491,True
2024-07-21,Random Forest,0.8,16.0,16.98252342028752,13.211298752866774,20.753748087708267,7.542449334841493,True
2024-07-22,Random Forest,0.8,15.4,16.670729971847326,12.89950530442658,20.441954639268072,7.542449334841493,True
2024-07-23,Random Forest,0.8,15.1,15.539190989721531,11.767966322300785,19.31041565714228,7.5424493348414945,True
2024-07-24,Random Forest,0.8,18.7,15.345230178939941,11.574005511519195,19.11645484636069,7.5424493348414945,True
2024-07-25,Random Forest,0.8,16.9,16.91305263283563,13.141827965414883,20.684277300256376,7.542449334841493,True
2024-07-26,Random Forest,0.8,14.4,16.134804517789217,12.36357985036847,19.906029185209963,7.542449334841493,True
2024-07-27,Random Forest,0.8,13.4,14.443568619425326,10.67234395200458,18.214793286846074,7.5424493348414945,True
2024-07-28,Random Forest,0.8,14.4,15.098296449447028,11.327071782026282,18.869521116867773,7.542449334841491,True
2024-07-29,Random Forest,0.8,13.9,14.224682611951078,10.453457944530332,17.995907279371824,7.542449334841493,True
2024-07-30,Random Forest,0.8,14.0,14.984817787023303,11.213593119602557,18.75604245444405,7.542449334841493,True
2024-07-31,Random Forest,0.8,15.6,16.792775749027893,13.021551081607146,20.56400041644864,7.542449334841493,True
2024-08-01,Random Forest,0.8,15.4,16.75331831537663,12.982093647955885,20.524542982797378,7.542449334841493,True
2024-08-02,Random Forest,0.8,20.0,17.98047966538944,14.209254997968692,21.751704332810185,7.542449334841493,True
2024-08-03,Random Forest,0.8,13.8,19.766470667993925,15.995246000573179,23.53769533541467,7.542449334841493,False
2024-08-04,Random Forest,0.8,14.9,13.746179164095098,9.974954496674352,17.517403831515843,7.542449334841491,True
2024-08-05,Random Forest,0.8,18.3,16.37157429416308,12.600349626742332,20.142798961583825,7.542449334841493,True
2024-08-06,Random Forest,0.8,17.0,17.790016390036463,14.018791722615717,21.56124105745721,7.542449334841493,True
2024-08-07,Random Forest,0.8,14.4,18.635666108594013,14.864441441173266,22.40689077601476,7.542449334841493,False
2024-08-08,Random Forest,0.8,16.0,15.303462406948256,11.53223773952751,19.074687074369002,7.542449334841493,True
2024-08-09,Random Forest,0.8,17.0,16.337326237411773,12.566101569991027,20.10855090483252,7.542449334841493,True
2024-08-10,Random Forest,0.8,16.5,15.941996635932716,12.17077196851197,19.713221303353464,7.5424493348414945,True
2024-08-11,Random Forest,0.8,16.8,16.25365974338907,12.482435075968322,20.024884410809815,7.542449334841493,True
2024-08-12,Random Forest,0.8,16.4,16.907101999666427,13.13587733224568,20.678326667087173,7.542449334841493,True
2024-08-13,Random Forest,0.8,13.9,13.969030583010035,10.197805915589289,17.74025525043078,7.542449334841493,True
2024-08-14,Random Forest,0.8,18.4,17.355563482467044,13.584338815046298,21.12678814988779,7.542449334841493,True
2024-08-15,Random Forest,0.8,17.4,17.0028529657183,13.231628298297554,20.774077633139047,7.542449334841493,True
2024-08-16,Random Forest,0.8,15.4,19.124777450386393,15.353552782965647,22.89600211780714,7.542449334841493,True
2024-08-17,Random Forest,0.8,18.0,16.245542766033264,12.474318098612518,20.01676743345401,7.542449334841493,True
2024-08-18,Random Forest,0.8,21.1,16.62667198944749,12.855447322026745,20.397896656868237,7.542449334841493,False
2024-08-19,Random Forest,0.8,19.9,20.03434088637265,16.263116218951904,23.805565553793397,7.542449334841493,True
2024-08-20,Random Forest,0.8,14.7,20.48242893176036,16.711204264339614,24.253653599181106,7.542449334841493,False
2024-08-21,Random Forest,0.8,18.0,14.464581215178802,10.693356547758055,18.23580588259955,7.5424493348414945,True
2024-08-22,Random Forest,0.8,24.5,16.58359806495812,12.812373397537375,20.354822732378867,7.542449334841493,False
2024-08-23,Random Forest,0.8,17.0,20.444877123315845,16.6736524558951,24.21610179073659,7.542449334841493,True
2024-08-24,Random Forest,0.8,17.0,16.62053989158916,12.849315224168414,20.391764559009907,7.542449334841493,True
2024-08-25,Random Forest,0.8,16.2,17.283110090944426,13.51188542352368,21.054334758365172,7.542449334841493,True
2024-08-26,Random Forest,0.8,14.1,16.54734856594887,12.776123898528123,20.318573233369616,7.542449334841493,True
2024-08-27,Random Forest,0.8,11.8,15.413701666165608,11.642476998744861,19.184926333586354,7.542449334841493,True
2024-08-28,Random Forest,0.8,12.9,15.586609330638433,11.815384663217687,19.357833998059178,7.542449334841491,True
2024-08-29,Random Forest,0.8,17.2,16.823595136313678,13.052370468892931,20.594819803734424,7.542449334841493,True
2024-08-30,Random Forest,0.8,25.0,18.15652656441051,14.385301896989763,21.927751231831255,7.542449334841493,False
2024-08-31,Random Forest,0.8,19.1,21.54370552365996,17.772480856239213,25.314930191080705,7.542449334841493,True
2024-09-01,Random Forest,0.8,29.4,19.931184965554245,16.159960298133498,23.70240963297499,7.542449334841493,False
2024-09-02,Random Forest,0.8,20.2,24.691750913571504,20.920526246150757,28.46297558099225,7.542449334841493,False
2024-09-03,Random Forest,0.8,17.5,19.001259541110954,15.230034873690208,22.7724842085317,7.542449334841493,True
2024-09-04,Random Forest,0.8,14.6,18.76819996361179,14.996975296191042,22.539424631032535,7.542449334841493,False
2024-09-05,Random Forest,0.8,16.6,16.61782035821967,12.846595690798924,20.389045025640417,7.542449334841493,True
2024-09-06,Random Forest,0.8,15.8,16.598093363302716,12.82686869588197,20.369318030723463,7.542449334841493,True
2024-09-07,Random Forest,0.8,14.6,18.431817692318358,14.660593024897612,22.203042359739104,7.542449334841493,False
2024-09-08,Random Forest,0.8,19.0,16.543951880764318,12.772727213343572,20.315176548185065,7.542449334841493,True
2024-09-09,Random Forest,0.8,20.8,18.7479910158113,14.976766348390555,22.519215683232048,7.542449334841493,True
2024-09-10,Random Forest,0.8,23.8,21.608656638433622,17.837431971012876,25.37988130585437,7.542449334841493,True
2024-09-11,Random Forest,0.8,19.6,21.412970864552776,17.64174619713203,25.184195531973522,7.542449334841493,True
2024-09-12,Random Forest,0.8,17.8,17.8762620609678,14.105037393547054,21.647486728388547,7.542449334841493,True
2024-09-13,Random Forest,0.8,19.5,17.93661948796583,14.165394820545085,21.707844155386578,7.542449334841493,True
2024-09-14,Random Forest,0.8,18.0,19.3570440834663,15.585819416045553,23.128268750887045,7.542449334841493,True
2024-09-15,Random Forest,0.8,17.3,19.04307688042667,15.271852213005925,22.814301547847418,7.542449334841493,True
2024-09-16,Random Forest,0.8,16.6,18.3600954497484,14.588870782327653,22.131320117169146,7.542449334841493,True
2024-09-17,Random Forest,0.8,15.9,19.900869722637307,16.12964505521656,23.672094390058053,7.542449334841493,False
2024-09-18,Random Forest,0.8,15.9,16.555741792008394,12.784517124587648,20.32696645942914,7.542449334841493,True
2024-09-19,Random Forest,0.8,20.0,17.052457439963934,13.281232772543188,20.82368210738468,7.542449334841493,True
2024-09-20,Random Forest,0.8,22.5,19.92977423416458,16.158549566743833,23.700998901585326,7.542449334841493,True
2024-09-21,Random Forest,0.8,26.0,21.713119493579317,17.94189482615857,25.484344161000063,7.542449334841493,False
2024-09-22,Random Forest,0.8,26.1,24.221559711523913,20.450335044103166,27.99278437894466,7.542449334841493,True
2024-09-23,Random Forest,0.8,20.9,23.39721962039019,19.625994952969442,27.168444287810935,7.542449334841493,True
2024-09-24,Random Forest,0.8,17.4,21.269699655472532,17.498474988051786,25.04092432289328,7.542449334841493,False
2024-09-25,Random Forest,0.8,19.8,17.95179260605832,14.180567938637573,21.723017273479066,7.542449334841493,True
2024-09-26,Random Forest,0.8,17.5,20.353666202088295,16.58244153466755,24.12489086950904,7.542449334841493,True
2024-09-27,Random Forest,0.8,17.1,19.61008718241139,15.838862514990645,23.381311849832137,7.542449334841493,True
2024-09-28,Random Forest,0.8,14.6,16.17164025304321,12.400415585622465,19.942864920463958,7.542449334841493,True
2024-09-29,Random Forest,0.8,14.4,16.91673579808367,13.145511130662925,20.687960465504418,7.542449334841493,True
2024-09-30,Random Forest,0.8,15.1,16.210618703996595,12.439394036575848,19.98184337141734,7.542449334841493,True
2024-10-01,Random Forest,0.8,22.9,16.970381835865037,13.199157168444291,20.741606503285784,7.542449334841493,False
2024-10-02,Random Forest,0.8,28.8,21.668549903879505,17.89732523645876,25.43977457130025,7.542449334841493,False
2024-10-03,Random Forest,0.8,28.7,25.552052837011313,21.780828169590567,29.32327750443206,7.542449334841493,True
2024-10-04,Random Forest,0.8,26.6,25.343716587662456,21.57249192024171,29.114941255083203,7.542449334841493,True
2024-10-05,Random Forest,0.8,26.3,24.814289796216794,21.043065128796048,28.58551446363754,7.542449334841493,True
2024-10-06,Random Forest,0.8,30.8,23.57281012895112,19.801585461530372,27.344034796371865,7.542449334841493,False
2024-10-07,Random Forest,0.8,24.0,28.1078529295765,24.336628262155752,31.879077596997245,7.542449334841493,False
2024-10-08,Random Forest,0.8,22.3,22.88010349086741,19.108878823446663,26.651328158288155,7.542449334841493,True
2024-10-09,Random Forest,0.8,19.6,23.473160206083012,19.701935538662266,27.24438487350376,7.542449334841493,False
2024-10-10,Random Forest,0.8,20.9,21.019290186549902,17.248065519129156,24.79051485397065,7.542449334841493,True
2024-10-11,Random Forest,0.8,22.1,21.322533079807805,17.55130841238706,25.09375774722855,7.542449334841493,True
2024-10-12,Random Forest,0.8,21.7,22.141062959646263,18.369838292225516,25.91228762706701,7.542449334841493,True
2024-10-13,Random Forest,0.8,19.5,21.671482496958856,17.90025782953811,25.442707164379602,7.542449334841493,True
2024-10-14,Random Forest,0.8,28.6,20.930225948529277,17.15900128110853,24.701450615950023,7.542449334841493,False
2024-10-15,Random Forest,0.8,29.5,24.396738411724602,20.625513744303856,28.16796307914535,7.542449334841493,False
2024-10-16,Random Forest,0.8,22.0,24.153417630344116,20.38219296292337,27.924642297764862,7.542449334841493,True
2024-10-17,Random Forest,0.8,19.7,21.58541173312673,17.814187065705983,25.356636400547476,7.542449334841493,True
2024-10-18,Random Forest,0.8,18.3,21.656678663027105,17.88545399560636,25.42790333044785,7.542449334841493,True
2024-10-19,Random Forest,0.8,21.3,21.28245550786607,17.511230840445325,25.053680175286818,7.542449334841493,True
2024-10-20,Random Forest,0.8,25.8,23.532960009805578,19.76173534238483,27.304184677226324,7.542449334841493,True
2024-10-21,Random Forest,0.8,27.5,23.054179234298466,19.28295456687772,26.825403901719213,7.542449334841493,False
2024-10-22,Random Forest,0.8,29.6,23.89444664800514,20.123221980584393,27.665671315425886,7.542449334841493,False
2024-10-23,Random Forest,0.8,20.8,26.707322735557987,22.93609806813724,30.478547402978734,7.542449334841493,False
2024-10-24,Random Forest,0.8,20.7,23.193309795021033,19.422085127600287,26.96453446244178,7.542449334841493,True
2024-10-25,Random Forest,0.8,27.5,21.73351989361244,17.962295226191692,25.504744561033185,7.542449334841493,False
2024-10-26,Random Forest,0.8,18.4,25.435615384541013,21.664390717120266,29.20684005196176,7.542449334841493,False
2024-10-27,Random Forest,0.8,20.2,19.078151864489573,15.306927197068827,22.84937653191032,7.542449334841493,True
2024-10-28,Random Forest,0.8,20.2,21.357239527844612,17.586014860423866,25.12846419526536,7.542449334841493,True
2024-10-29,Random Forest,0.8,23.0,22.238491471749494,18.467266804328748,26.00971613917024,7.542449334841493,True
2024-10-30,Random Forest,0.8,25.6,23.357909622034626,19.58668495461388,27.129134289455372,7.542449334841493,True
2024-10-31,Random Forest,0.8,25.3,24.219422180297382,20.448197512876636,27.99064684771813,7.542449334841493,True
2024-11-01,Random Forest,0.8,23.9,22.440359629503742,18.669134962082996,26.21158429692449,7.542449334841493,True
2024-11-02,Random Forest,0.8,21.8,21.691706630479395,17.92048196305865,25.46293129790014,7.542449334841493,True
2024-11-03,Random Forest,0.8,15.4,23.457216336461048,19.685991669040302,27.228441003881795,7.542449334841493,False
2024-11-04,Random Forest,0.8,19.8,17.341412410285585,13.570187742864839,21.11263707770633,7.542449334841493,True
2024-11-05,Random Forest,0.8,24.1,21.737732255806204,17.966507588385458,25.50895692322695,7.542449334841493,True
2024-11-06,Random Forest,0.8,30.0,25.07706052078612,21.305835853365373,28.848285188206866,7.542449334841493,False
2024-11-07,Random Forest,0.8,25.0,26.109254732909925,22.33803006548918,29.88047940033067,7.542449334841493,True
2024-11-08,Random Forest,0.8,26.1,24.074450130164916,20.30322546274417,27.845674797585662,7.542449334841493,True
2024-11-09,Random Forest,0.8,23.0,25.183381377706183,21.412156710285437,28.95460604512693,7.542449334841493,True
2024-11-10,Random Forest,0.8,26.9,23.276341165728706,19.50511649830796,27.047565833149452,7.542449334841493,True
2024-11-11,Random Forest,0.8,21.3,24.914848586859513,21.143623919438767,28.68607325428026,7.542449334841493,True
2024-11-12,Random Forest,0.8,23.1,23.128486403474767,19.35726173605402,26.899711070895513,7.542449334841493,True
2024-11-13,Random Forest,0.8,27.5,24.111433135725743,20.340208468304997,27.88265780314649,7.542449334841493,True
2024-11-14,Random Forest,0.8,25.2,24.80326466026968,21.032039992848933,28.574489327690426,7.542449334841493,True
2024-11-15,Random Forest,0.8,21.5,23.036831981494792,19.265607314074046,26.80805664891554,7.542449334841493,True
2024-11-16,Random Forest,0.8,27.4,23.726186120061122,19.954961452640376,27.49741078748187,7.542449334841493,True
2024-11-17,Random Forest,0.8,22.5,24.974567364732046,21.2033426973113,28.745792032152792,7.542449334841493,True
2024-11-18,Random Forest,0.8,24.9,23.78947347523706,20.018248807816313,27.560698142657806,7.542449334841493,True
2024-11-19,Random Forest,0.8,25.7,24.83797336695205,21.066748699531303,28.609198034372795,7.542449334841493,True
2024-11-20,Random Forest,0.8,24.9,22.436383610936993,18.665158943516246,26.20760827835774,7.542449334841493,True
2024-11-21,Random Forest,0.8,24.1,25.998274859758475,22.227050192337728,29.76949952717922,7.542449334841493,True
2024-11-22,Random Forest,0.8,24.9,24.878854426991534,21.107629759570788,28.65007909441228,7.542449334841493,True
2024-11-23,Random Forest,0.8,28.5,25.17921338841851,21.407988720997764,28.950438055839257,7.542449334841493,True
2024-11-24,Random Forest,0.8,23.8,24.612484859611914,20.841260192191168,28.38370952703266,7.542449334841493,True
2024-11-25,Random Forest,0.8,19.5,22.83340577897645,19.062181111555702,26.604630446397195,7.542449334841493,True
2024-11-26,Random Forest,0.8,20.5,22.16823111289713,18.397006445476382,25.939455780317875,7.542449334841493,True
2024-11-27,Random Forest,0.8,24.5,20.889773742145334,17.118549074724587,24.66099840956608,7.542449334841493,True
2024-11-28,Random Forest,0.8,27.5,24.530230105191105,20.75900543777036,28.30145477261185,7.542449334841493,True
2024-11-29,Random Forest,0.8,23.3,24.887224437087177,21.11599976966643,28.658449104507923,7.542449334841493,True
2024-11-30,Random Forest,0.8,23.2,24.4638042115734,20.692579544152654,28.235028878994147,7.542449334841493,True
2024-12-01,Random Forest,0.8,27.8,24.33943719848586,20.568212531065114,28.110661865906607,7.542449334841493,True
2024-12-02,Random Forest,0.8,25.5,25.125323532173926,21.35409886475318,28.896548199594672,7.542449334841493,True
2024-12-03,Random Forest,0.8,27.0,23.387502980539384,19.616278313118638,27.15872764796013,7.542449334841493,True
2024-12-04,Random Forest,0.8,23.7,24.970104247526717,21.19887958010597,28.741328914947463,7.542449334841493,True
2024-12-05,Random Forest,0.8,20.9,22.96336951510119,19.192144847680442,26.734594182521935,7.542449334841493,True
2024-12-06,Random Forest,0.8,24.8,22.523564567154928,18.75233989973418,26.294789234575674,7.542449334841493,True
2024-12-07,Random Forest,0.8,23.5,25.277001161496052,21.505776494075306,29.0482258289168,7.542449334841493,True
2024-12-08,Random Forest,0.8,29.6,24.228789716442417,20.45756504902167,28.000014383863164,7.542449334841493,False
2024-12-09,Random Forest,0.8,27.2,25.61854590171159,21.847321234290845,29.389770569132338,7.542449334841493,True
2024-12-10,Random Forest,0.8,26.5,24.864231474210634,21.093006806789887,28.63545614163138,7.542449334841493,True
2024-12-11,Random Forest,0.8,25.0,25.37362734617708,21.602402678756334,29.144852013597827,7.542449334841493,True
2024-12-12,Random Forest,0.8,22.3,23.917272749427568,20.14604808200682,27.688497416848314,7.542449334841493,True
2024-12-13,Random Forest,0.8,24.6,22.573679960522526,18.80245529310178,26.344904627943272,7.542449334841493,True
2024-12-14,Random Forest,0.8,20.4,24.443137315772734,20.671912648351988,28.21436198319348,7.542449334841493,False
2024-12-15,Random Forest,0.8,22.6,21.11129626468302,17.340071597262273,24.882520932103766,7.542449334841493,True
2024-12-16,Random Forest,0.8,22.8,24.831985872090513,21.060761204669767,28.60321053951126,7.542449334841493,True
2024-12-17,Random Forest,0.8,23.2,25.283726012456793,21.512501345036046,29.05495067987754,7.542449334841493,True
2024-12-18,Random Forest,0.8,25.8,24.023190693945747,20.251966026525,27.794415361366493,7.542449334841493,True
2024-12-19,Random Forest,0.8,25.0,24.955669017136714,21.184444349715967,28.72689368455746,7.542449334841493,True
2024-12-20,Random Forest,0.8,26.0,25.52078984296187,21.749565175541125,29.292014510382618,7.542449334841493,True
2024-12-21,Random Forest,0.8,26.5,27.584435932733875,23.81321126531313,31.35566060015462,7.542449334841493,True
2024-12-22,Random Forest,0.8,22.9,26.10602848632158,22.334803818900834,29.877253153742327,7.542449334841493,True
2024-12-23,Random Forest,0.8,28.2,24.92266677033117,21.151442102910423,28.693891437751915,7.542449334841493,True
2024-12-24,Random Forest,0.8,33.6,27.68405910240325,23.912834434982503,31.455283769823996,7.542449334841493,False
2024-12-25,Random Forest,0.8,35.6,31.098028320209693,27.326803652788946,34.86925298763044,7.542449334841493,False
2024-12-26,Random Forest,0.8,26.1,29.902945891700057,26.13172122427931,33.6741705591208,7.542449334841493,False
2024-12-27,Random Forest,0.8,27.9,25.058245245658746,21.287020578238,28.829469913079492,7.542449334841493,True
2024-12-28,Random Forest,0.8,27.2,28.181544097282003,24.410319429861257,31.95276876470275,7.542449334841493,True
2024-12-29,Random Forest,0.8,26.9,24.584615789517944,20.813391122097197,28.35584045693869,7.542449334841493,True
2024-12-30,Random Forest,0.8,25.6,24.476378369387078,20.70515370196633,28.247603036807824,7.542449334841493,True
2024-12-31,Random Forest,0.8,25.7,26.026432479932698,22.25520781251195,29.797657147353444,7.542449334841493,True
2025-01-01,Random Forest,0.8,23.6,26.39076967068977,22.619545003269025,30.161994338110517,7.542449334841493,True
2025-01-02,Random Forest,0.8,26.0,26.487133614679877,22.71590894725913,30.258358282100623,7.542449334841493,True
2025-01-03,Random Forest,0.8,29.0,27.26636910152666,23.495144434105914,31.037593768947406,7.542449334841493,True
2025-01-04,Random Forest,0.8,22.4,26.76657807710125,22.995353409680504,30.537802744521997,7.542449334841493,False
2025-01-05,Random Forest,0.8,22.8,25.051228344919267,21.28000367749852,28.822453012340013,7.542449334841493,True
2025-01-06,Random Forest,0.8,24.8,26.88963128595372,23.118406618532973,30.660855953374465,7.542449334841493,True
2025-01-07,Random Forest,0.8,24.9,27.055035323010273,23.283810655589527,30.82625999043102,7.542449334841493,True
2025-01-08,Random Forest,0.8,26.0,26.288724682324084,22.517500014903337,30.05994934974483,7.542449334841493,True
2025-01-09,Random Forest,0.8,24.0,26.577334324568806,22.80610965714806,30.348558991989552,7.542449334841493,True
2025-01-10,Random Forest,0.8,26.4,26.447907459294473,22.676682791873727,30.21913212671522,7.542449334841493,True
2025-01-11,Random Forest,0.8,25.3,26.060944909850374,22.289720242429627,29.83216957727112,7.542449334841493,True
2025-01-12,Random Forest,0.8,31.1,25.65931937691808,21.888094709497334,29.430544044338827,7.542449334841493,False
2025-01-13,Random Forest,0.8,24.5,28.78175093614141,25.010526268720664,32.55297560356216,7.542449334841496,False
2025-01-14,Random Forest,0.8,21.2,24.1463663849813,20.375141717560552,27.917591052402045,7.542449334841493,True
2025-01-15,Random Forest,0.8,25.4,23.21445449570033,19.443229828279584,26.985679163121077,7.542449334841493,True
2025-01-16,Random Forest,0.8,29.0,27.35912279612674,23.587898128705994,31.130347463547487,7.542449334841493,True
2025-01-17,Random Forest,0.8,23.9,25.983216565238326,22.21199189781758,29.754441232659072,7.542449334841493,True
2025-01-18,Random Forest,0.8,25.6,26.210081174063554,22.438856506642807,29.9813058414843,7.542449334841493,True
2025-01-19,Random Forest,0.8,24.1,26.203308739744227,22.43208407232348,29.974533407164973,7.542449334841493,True
2025-01-20,Random Forest,0.8,34.7,25.754711246907544,21.983486579486797,29.52593591432829,7.542449334841493,False
2025-01-21,Random Forest,0.8,35.8,32.283493830320474,28.512269162899727,36.05471849774122,7.542449334841493,True
2025-01-22,Random Forest,0.8,28.8,29.259820014095816,25.48859534667507,33.03104468151656,7.542449334841493,True
2025-01-23,Random Forest,0.8,28.5,25.240987175205277,21.46976250778453,29.012211842626023,7.542449334841493,True
2025-01-24,Random Forest,0.8,30.5,26.03444611136421,22.263221443943465,29.805670778784958,7.542449334841493,False
2025-01-25,Random Forest,0.8,26.5,27.97112239964757,24.199897732226823,31.742347067068316,7.542449334841493,True
2025-01-26,Random Forest,0.8,27.5,26.756883224849812,22.985658557429065,30.528107892270558,7.542449334841493,True
2025-01-27,Random Forest,0.8,35.8,27.86168666092067,24.090461993499925,31.632911328341418,7.542449334841493,False
2025-01-28,Random Forest,0.8,31.4,30.163601038995246,26.3923763715745,33.93482570641599,7.542449334841493,True
2025-01-29,Random Forest,0.8,25.8,27.35990738333509,23.588682715914345,31.131132050755838,7.542449334841493,True
2025-01-30,Random Forest,0.8,24.0,25.33648413565901,21.565259468238263,29.107708803079756,7.542449334841493,True
2025-01-31,Random Forest,0.8,24.9,26.14347778461812,22.372253117197374,29.914702452038867,7.542449334841493,True
2025-02-01,Random Forest,0.8,25.5,26.797647530915253,23.026422863494506,30.568872198336,7.542449334841493,True
2025-02-02,Random Forest,0.8,25.2,26.634410896391707,22.86318622897096,30.405635563812453,7.542449334841493,True
2025-02-03,Random Forest,0.8,25.1,26.733214318936554,22.961989651515808,30.5044389863573,7.542449334841493,True
2025-02-04,Random Forest,0.8,21.1,26.537928683103697,22.76670401568295,30.309153350524443,7.542449334841493,False
2025-02-05,Random Forest,0.8,27.4,23.538108017532355,19.76688335011161,27.3093326849531,7.542449334841493,False
2025-02-06,Random Forest,0.8,36.2,27.900968123597075,24.129743456176328,31.67219279101782,7.542449334841493,False
2025-02-07,Random Forest,0.8,26.8,30.41476805501487,26.643543387594125,34.185992722435614,7.542449334841489,True
2025-02-08,Random Forest,0.8,23.5,25.855433277839957,22.08420861041921,29.626657945260703,7.542449334841493,True
2025-02-09,Random Forest,0.8,27.5,27.101500574239285,23.33027590681854,30.87272524166003,7.542449334841493,True
2025-02-10,Random Forest,0.8,30.7,27.050092415295058,23.278867747874312,30.821317082715805,7.542449334841493,True
2025-02-11,Random Forest,0.8,31.9,28.588885890469793,24.817661223049047,32.360110557890536,7.542449334841489,True
2025-02-12,Random Forest,0.8,22.4,26.666488616424086,22.89526394900334,30.437713283844833,7.542449334841493,False
2025-02-13,Random Forest,0.8,22.9,24.740540464880336,20.96931579745959,28.511765132301083,7.542449334841493,True
2025-02-14,Random Forest,0.8,26.2,26.47659511961463,22.705370452193883,30.247819787035375,7.542449334841493,True
2025-02-15,Random Forest,0.8,25.5,27.852830299271602,24.081605631850856,31.62405496669235,7.542449334841493,True
2025-02-16,Random Forest,0.8,27.4,27.274597683024663,23.503373015603916,31.04582235044541,7.542449334841493,True
2025-02-17,Random Forest,0.8,26.3,27.78898311446512,24.017758447044372,31.560207781885865,7.542449334841493,True
2025-02-18,Random Forest,0.8,33.8,27.507563234293006,23.73633856687226,31.278787901713752,7.542449334841493,False
2025-02-19,Random Forest,0.8,34.7,30.100750944155656,26.32952627673491,33.8719756115764,7.542449334841493,False
2025-02-20,Random Forest,0.8,27.6,27.167700531737687,23.39647586431694,30.938925199158433,7.542449334841493,True
2025-02-21,Random Forest,0.8,28.8,24.499255808167703,20.728031140746957,28.27048047558845,7.542449334841493,False
2025-02-22,Random Forest,0.8,23.6,28.21707908245922,24.445854415038475,31.988303749879968,7.542449334841493,False
2025-02-23,Random Forest,0.8,25.8,26.939127519753168,23.16790285233242,30.710352187173914,7.542449334841493,True
2025-02-24,Random Forest,0.8,26.5,26.432480542123294,22.661255874702547,30.20370520954404,7.542449334841493,True
2025-02-25,Random Forest,0.8,31.7,28.011114571020777,24.23988990360003,31.782339238441523,7.542449334841493,True
2025-02-26,Random Forest,0.8,28.1,30.99823689877671,27.227012231355964,34.76946156619746,7.542449334841493,True
2025-02-27,Random Forest,0.8,28.1,27.43742896657966,23.666204299158913,31.208653634000406,7.542449334841493,True
2025-02-28,Random Forest,0.8,25.8,28.201990326704454,24.430765659283708,31.9732149941252,7.542449334841493,True
2025-03-01,Random Forest,0.8,34.5,26.34783656587846,22.576611898457713,30.119061233299206,7.542449334841493,False
2025-03-02,Random Forest,0.8,35.2,30.044898934202326,26.27367426678158,33.816123601623076,7.542449334841496,False
2025-03-03,Random Forest,0.8,26.5,27.50070818226985,23.729483514849104,31.271932849690597,7.542449334841493,True
2025-03-04,Random Forest,0.8,27.9,25.04623729097048,21.275012623549735,28.817461958391227,7.542449334841493,True
2025-03-05,Random Forest,0.8,25.3,27.385357475343355,23.61413280792261,31.1565821427641,7.542449334841493,True
2025-03-06,Random Forest,0.8,27.8,25.44823877936548,21.677014111944732,29.219463446786225,7.542449334841493,True
2025-03-07,Random Forest,0.8,31.5,26.648242257474017,22.87701759005327,30.419466924894763,7.542449334841493,False
2025-03-08,Random Forest,0.8,25.5,28.8071151837158,25.035890516295055,32.57833985113655,7.542449334841493,True
2025-03-09,Random Forest,0.8,22.5,23.355374113692847,19.5841494462721,27.126598781113593,7.542449334841493,True
2025-03-10,Random Forest,0.8,26.5,25.54596438478007,21.774739717359324,29.317189052200817,7.542449334841493,True
2025-03-11,Random Forest,0.8,28.5,26.893556337921847,23.1223316705011,30.664781005342594,7.542449334841493,True
2025-03-12,Random Forest,0.8,29.3,26.97696576040494,23.205741092984194,30.748190427825687,7.542449334841493,True
2025-03-13,Random Forest,0.8,35.9,27.863136623217905,24.09191195579716,31.63436129063865,7.542449334841493,False
2025-03-14,Random Forest,0.8,29.0,29.49886773471709,25.727643067296345,33.270092402137834,7.542449334841489,True
2025-03-15,Random Forest,0.8,26.6,27.60129325317729,23.830068585756543,31.372517920598035,7.542449334841493,True
2025-03-16,Random Forest,0.8,27.0,24.887068286077884,21.115843618657138,28.65829295349863,7.542449334841493,True
2025-03-17,Random Forest,0.8,31.6,26.752016317835665,22.98079165041492,30.52324098525641,7.542449334841493,False
2025-03-18,Random Forest,0.8,32.8,28.63505859304744,24.863833925626693,32.406283260468186,7.542449334841493,False
2025-03-19,Random Forest,0.8,29.1,27.34945337052805,23.578228703107303,31.120678037948796,7.542449334841493,True
2025-03-20,Random Forest,0.8,26.2,22.54355274246536,18.772328075044612,26.314777409886105,7.542449334841493,True
2025-03-21,Random Forest,0.8,24.6,23.47474415757799,19.703519490157245,27.245968824998737,7.542449334841493,True
2025-03-22,Random Forest,0.8,22.2,24.00800924707518,20.236784579654433,27.779233914495926,7.542449334841493,True
2025-03-23,Random Forest,0.8,23.6,23.329405174705844,19.558180507285098,27.10062984212659,7.542449334841493,True
2025-03-24,Random Forest,0.8,23.5,25.08529471195982,21.314070044539072,28.856519379380565,7.542449334841493,True
2025-03-25,Random Forest,0.8,22.5,22.204954516064902,18.433729848644155,25.976179183485648,7.542449334841493,True
2025-03-26,Random Forest,0.8,29.6,24.15950191705539,20.388277249634644,27.930726584476137,7.542449334841493,False
2025-03-27,Random Forest,0.8,30.9,27.252427436788874,23.481202769368128,31.02365210420962,7.542449334841493,True
2025-03-28,Random Forest,0.8,24.6,27.674227024112504,23.903002356691758,31.44545169153325,7.542449334841493,True
2025-03-29,Random Forest,0.8,23.1,22.93679826698829,19.165573599567544,26.708022934409037,7.542449334841493,True
2025-03-30,Random Forest,0.8,25.8,23.88767182804769,20.116447160626944,27.658896495468436,7.542449334841493,True
2025-03-31,Random Forest,0.8,22.1,22.95487421407125,19.183649546650503,26.726098881491996,7.542449334841493,True
2025-04-01,Random Forest,0.8,24.5,22.871331867233845,19.1001071998131,26.64255653465459,7.542449334841493,True
2025-04-02,Random Forest,0.8,29.9,25.511811732150136,21.74058706472939,29.283036399570882,7.542449334841493,False
2025-04-03,Random Forest,0.8,29.9,26.035428648714912,22.264203981294166,29.80665331613566,7.542449334841493,False
2025-04-04,Random Forest,0.8,31.6,27.861763350303065,24.09053868288232,31.63298801772381,7.542449334841493,True
2025-04-05,Random Forest,0.8,31.8,28.76531857594416,24.994093908523414,32.5365432433649,7.542449334841489,True
2025-04-06,Random Forest,0.8,30.9,27.717996365345442,23.946771697924696,31.48922103276619,7.542449334841493,True
2025-04-07,Random Forest,0.8,21.4,27.189681746817115,23.41845707939637,30.96090641423786,7.542449334841493,False
2025-04-08,Random Forest,0.8,22.6,23.309581449152287,19.53835678173154,27.080806116573033,7.542449334841493,True
2025-04-09,Random Forest,0.8,24.5,23.06589856528793,19.294673897867185,26.837123232708677,7.542449334841493,True
2025-04-10,Random Forest,0.8,27.7,24.664136761656717,20.89291209423597,28.435361429077464,7.542449334841493,True
2025-04-11,Random Forest,0.8,19.8,25.997680136041403,22.226455468620657,29.76890480346215,7.542449334841493,False
2025-04-12,Random Forest,0.8,19.5,20.593559490972986,16.82233482355224,24.364784158393732,7.542449334841493,True
2025-04-13,Random Forest,0.8,19.5,21.67442882576253,17.903204158341783,25.445653493183276,7.542449334841493,True
2025-04-14,Random Forest,0.8,23.4,21.889087776442373,18.117863109021627,25.66031244386312,7.542449334841493,True
2025-04-15,Random Forest,0.8,24.9,24.143624147130918,20.37239947971017,27.914848814551664,7.542449334841493,True
2025-04-16,Random Forest,0.8,27.3,25.428719697171406,21.65749502975066,29.199944364592152,7.542449334841493,True
2025-04-17,Random Forest,0.8,31.0,25.96386721316545,22.192642545744704,29.735091880586197,7.542449334841493,False
2025-04-18,Random Forest,0.8,22.6,27.563848254259185,23.792623586838438,31.33507292167993,7.542449334841493,False
2025-04-19,Random Forest,0.8,22.5,22.20767914646165,18.436454479040904,25.978903813882397,7.542449334841493,True
2025-04-20,Random Forest,0.8,21.3,23.94208226612369,20.170857598702945,27.713306933544438,7.542449334841493,True
2025-04-21,Random Forest,0.8,25.0,22.42047514918357,18.649250481762824,26.191699816604316,7.542449334841493,True
2025-04-22,Random Forest,0.8,24.3,25.24946946149743,21.478244794076684,29.020694128918176,7.542449334841493,True
2025-04-23,Random Forest,0.8,24.8,24.706962202791143,20.935737535370397,28.47818687021189,7.542449334841493,True
2025-04-24,Random Forest,0.8,24.1,24.19317660531108,20.421951937890334,27.964401272731827,7.542449334841493,True
2025-04-25,Random Forest,0.8,26.6,23.667498104739177,19.89627343731843,27.438722772159924,7.542449334841493,True
2025-04-26,Random Forest,0.8,34.3,26.554285159196972,22.783060491776226,30.32550982661772,7.542449334841493,False
2025-04-27,Random Forest,0.8,22.9,28.421061746143454,24.649837078722708,32.192286413564204,7.542449334841496,False
2025-04-28,Random Forest,0.8,20.0,24.246843819816505,20.47561915239576,28.01806848723725,7.542449334841493,False
2025-04-29,Random Forest,0.8,19.0,22.106436239492243,18.335211572071497,25.87766090691299,7.542449334841493,True
2025-04-30,Random Forest,0.8,15.9,21.043155746777085,17.27193107935634,24.81438041419783,7.542449334841493,False
2025-05-01,Random Forest,0.8,16.5,17.251894646376154,13.480669978955408,21.0231193137969,7.542449334841493,True
2025-05-02,Random Forest,0.8,19.6,17.528434962933638,13.757210295512891,21.299659630354384,7.542449334841493,True
2025-05-03,Random Forest,0.8,25.0,19.90059878421482,16.129374116794075,23.671823451635568,7.542449334841493,False
2025-05-04,Random Forest,0.8,21.1,22.046297393025363,18.275072725604616,25.81752206044611,7.542449334841493,True
2025-05-05,Random Forest,0.8,20.5,19.529397171653986,15.75817250423324,23.300621839074733,7.542449334841493,True
2025-05-06,Random Forest,0.8,19.8,22.148706076755193,18.377481409334447,25.91993074417594,7.542449334841493,True
2025-05-07,Random Forest,0.8,19.8,20.992774912056603,17.221550244635857,24.76399957947735,7.542449334841493,True
2025-05-08,Random Forest,0.8,20.6,20.67696501530733,16.905740347886585,24.448189682728078,7.542449334841493,True
2025-05-09,Random Forest,0.8,17.8,20.825409893650715,17.05418522622997,24.59663456107146,7.542449334841493,True
2025-05-10,Random Forest,0.8,18.0,18.43473119557275,14.663506528152002,22.205955862993495,7.542449334841493,True
2025-05-11,Random Forest,0.8,20.1,17.87784954258974,14.106624875168993,21.649074210010486,7.542449334841493,True
2025-05-12,Random Forest,0.8,21.0,20.127555540084074,16.356330872663328,23.89878020750482,7.542449334841493,True
2025-05-13,Random Forest,0.8,21.5,20.85726481037558,17.086040142954833,24.628489477796325,7.542449334841493,True
2025-05-14,Random Forest,0.8,23.6,20.176519918684427,16.40529525126368,23.947744586105173,7.542449334841493,True
2025-05-15,Random Forest,0.8,26.7,23.37945330317009,19.608228635749345,27.150677970590838,7.542449334841493,True
2025-05-16,Random Forest,0.8,23.2,24.28135489274277,20.510130225322023,28.052579560163515,7.542449334841493,True
2025-05-17,Random Forest,0.8,24.6,22.833441158044632,19.062216490623886,26.60466582546538,7.542449334841493,True
2025-05-18,Random Forest,0.8,19.9,21.66020455856961,17.888979891148864,25.431429225990357,7.542449334841493,True
2025-05-19,Random Forest,0.8,15.3,20.411789169755515,16.64056450233477,24.18301383717626,7.542449334841493,False
2025-05-20,Random Forest,0.8,16.4,15.33641883935405,11.565194171933303,19.107643506774796,7.542449334841493,True
2025-05-21,Random Forest,0.8,19.2,16.898568243218993,13.127343575798246,20.66979291063974,7.542449334841493,True
2025-05-22,Random Forest,0.8,18.9,19.58585883864671,15.814634171225965,23.357083506067458,7.542449334841493,True
2025-05-23,Random Forest,0.8,26.5,19.187646899326413,15.416422231905667,22.95887156674716,7.542449334841493,False
2025-05-24,Random Forest,0.8,21.4,23.05512824617648,19.283903578755734,26.826352913597226,7.542449334841493,True
2025-05-25,Random Forest,0.8,16.7,21.614336677884296,17.84311201046355,25.385561345305042,7.542449334841493,False
2025-05-26,Random Forest,0.8,20.1,17.24850024664435,13.477275579223605,21.019724914065097,7.542449334841493,True
2025-05-27,Random Forest,0.8,18.5,19.82578876400404,16.054564096583295,23.597013431424788,7.542449334841493,True
2025-05-28,Random Forest,0.8,18.4,17.535570526672892,13.764345859252145,21.306795194093638,7.542449334841493,True
2025-05-29,Random Forest,0.8,18.0,17.637079291665316,13.86585462424457,21.408303959086062,7.542449334841493,True
2025-05-30,Random Forest,0.8,18.2,17.364850477780866,13.59362581036012,21.136075145201612,7.542449334841493,True
2025-05-31,Random Forest,0.8,18.6,18.886222495875135,15.114997828454388,22.65744716329588,7.542449334841493,True
2025-06-01,Random Forest,0.8,17.5,19.630808664233395,15.859583996812649,23.402033331654142,7.542449334841493,True
2025-06-02,Random Forest,0.8,15.7,20.52514365613949,16.753918988718745,24.296368323560237,7.542449334841493,False
2025-06-03,Random Forest,0.8,17.7,16.79041985603714,13.019195188616393,20.561644523457886,7.542449334841493,True
2025-06-04,Random Forest,0.8,18.6,18.214209928190268,14.442985260769522,21.985434595611014,7.542449334841493,True
2025-06-05,Random Forest,0.8,16.6,20.465311160976306,16.69408649355556,24.236535828397052,7.542449334841493,False
2025-06-06,Random Forest,0.8,14.8,17.74905096764308,13.977826300222333,21.520275635063825,7.542449334841493,True
2025-06-07,Random Forest,0.8,13.9,14.907122036475021,11.135897369054275,18.67834670389577,7.5424493348414945,True
2025-06-08,Random Forest,0.8,15.5,14.987834239692932,11.216609572272185,18.759058907113676,7.542449334841491,True
2025-06-09,Random Forest,0.8,16.4,16.1742436419105,12.403018974489754,19.945468309331247,7.542449334841493,True
2025-06-10,Random Forest,0.8,18.0,17.183328369233223,13.412103701812477,20.95455303665397,7.542449334841493,True
2025-06-11,Random Forest,0.8,18.9,19.317634452667757,15.546409785247011,23.088859120088504,7.542449334841493,True
2025-06-12,Random Forest,0.8,22.5,19.187464816535844,15.416240149115097,22.95868948395659,7.542449334841493,True
2025-06-13,Random Forest,0.8,25.1,20.23968583928716,16.468461171866412,24.010910506707905,7.542449334841493,False
2025-06-14,Random Forest,0.8,25.0,22.033618490791024,18.262393823370278,25.80484315821177,7.542449334841493,True
2025-06-15,Random Forest,0.8,15.7,21.046048335778252,17.274823668357506,24.817273003199,7.542449334841493,False
2025-06-16,Random Forest,0.8,15.3,16.299248056021234,12.528023388600488,20.07047272344198,7.542449334841493,True
2025-06-17,Random Forest,0.8,17.1,16.720435526550748,12.949210859130002,20.491660193971494,7.542449334841493,True
2025-06-18,Random Forest,0.8,16.0,15.75002609593682,11.978801428516073,19.521250763357564,7.542449334841491,True
2025-06-19,Random Forest,0.8,18.2,16.422174310800692,12.650949643379946,20.19339897822144,7.542449334841493,True
2025-06-20,Random Forest,0.8,19.8,17.263414921636176,13.49219025421543,21.034639589056923,7.542449334841493,True
2025-06-21,Random Forest,0.8,15.1,18.645557879611776,14.87433321219103,22.416782547032522,7.542449334841493,True
2025-06-22,Random Forest,0.8,17.2,16.437408494570487,12.666183827149741,20.208633161991234,7.542449334841493,True
2025-06-23,Random Forest,0.8,17.2,16.653158420559222,12.881933753138476,20.42438308797997,7.542449334841493,True
2025-06-24,Random Forest,0.8,13.1,19.011779657093708,15.240554989672962,22.783004324514454,7.542449334841493,False
2025-06-25,Random Forest,0.8,13.4,14.61589563129207,10.844670963871323,18.387120298712816,7.542449334841493,True
2025-06-26,Random Forest,0.8,13.2,14.21928849970815,10.448063832287403,17.990513167128896,7.542449334841493,True
2025-06-27,Random Forest,0.8,14.6,14.595790105387962,10.824565437967216,18.36701477280871,7.542449334841493,True
2025-06-28,Random Forest,0.8,18.4,15.309185206863363,11.537960539442617,19.080409874284108,7.542449334841491,True
2025-06-29,Random Forest,0.8,18.0,16.058961857357243,12.287737189936497,19.83018652477799,7.542449334841493,True
2025-06-30,Random Forest,0.8,15.9,19.503392576809265,15.732167909388519,23.27461724423001,7.542449334841493,True
2025-07-01,Random Forest,0.8,16.5,17.4875411033549,13.716316435934154,21.258765770775646,7.542449334841493,True
2025-07-02,Random Forest,0.8,14.0,16.855318265370506,13.08409359794976,20.626542932791253,7.542449334841493,True
2025-07-03,Random Forest,0.8,13.7,13.866235315560923,10.095010648140176,17.637459982981667,7.542449334841491,True
2025-07-04,Random Forest,0.8,14.3,14.031134040719301,10.259909373298555,17.802358708140048,7.542449334841493,True
2025-07-05,Random Forest,0.8,14.6,14.466954399999183,10.695729732578437,18.238179067419928,7.542449334841491,True
2025-07-06,Random Forest,0.8,15.4,14.41536891782306,10.644144250402313,18.186593585243806,7.542449334841493,True
2025-07-07,Random Forest,0.8,18.6,15.759820913948555,11.988596246527809,19.531045581369302,7.542449334841493,True
2025-07-08,Random Forest,0.8,16.8,18.55900756181732,14.787782894396575,22.330232229238067,7.542449334841493,True
2025-07-09,Random Forest,0.8,16.8,17.966815975533375,14.195591308112629,21.73804064295412,7.542449334841493,True
2025-07-10,Random Forest,0.8,13.8,17.001189769881194,13.229965102460447,20.77241443730194,7.542449334841493,True
2025-07-11,Random Forest,0.8,14.9,15.320463744953916,11.54923907753317,19.091688412374662,7.542449334841493,True
2025-07-12,Random Forest,0.8,15.2,16.910120489725465,13.138895822304718,20.68134515714621,7.542449334841493,True
2025-07-13,Random Forest,0.8,15.9,17.020606124737334,13.249381457316588,20.79183079215808,7.542449334841493,True
2025-07-14,Random Forest,0.8,16.5,16.05003488758596,12.278810220165212,19.821259555006705,7.542449334841493,True
2025-07-15,Random Forest,0.8,17.0,16.076360449345824,12.305135781925078,19.84758511676657,7.542449334841493,True
2025-07-16,Random Forest,0.8,16.3,16.64056944658662,12.869344779165875,20.411794114007368,7.542449334841493,True
2025-07-17,Random Forest,0.8,15.0,15.137157971454092,11.365933304033346,18.90838263887484,7.5424493348414945,True
2025-07-18,Random Forest,0.8,16.4,16.930247092277327,13.15902242485658,20.701471759698073,7.542449334841493,True
2025-07-19,Random Forest,0.8,18.6,17.59927259730617,13.828047929885425,21.370497264726918,7.542449334841493,True
2025-07-20,Random Forest,0.8,14.8,18.69196538136667,14.920740713945925,22.463190048787418,7.542449334841493,False
2025-07-21,Random Forest,0.8,16.9,15.6458128450059,11.874588177585153,19.417037512426646,7.542449334841493,True
2025-07-22,Random Forest,0.8,17.2,16.875862191052217,13.104637523631471,20.647086858472964,7.542449334841493,True
2025-07-23,Random Forest,0.8,16.6,17.429280425831163,13.658055758410416,21.20050509325191,7.542449334841493,True
2025-07-24,Random Forest,0.8,14.6,16.979288882026843,13.208064214606097,20.75051354944759,7.542449334841493,True
2025-07-25,Random Forest,0.8,15.1,15.87975811282636,12.108533445405614,19.650982780247105,7.542449334841491,True
2025-07-26,Random Forest,0.8,19.0,16.80407257051522,13.032847903094474,20.575297237935967,7.542449334841493,True
2025-07-27,Random Forest,0.8,21.0,17.164881973000785,13.393657305580039,20.93610664042153,7.542449334841493,False
2025-07-28,Random Forest,0.8,26.6,21.029772233514567,17.25854756609382,24.800996900935314,7.542449334841493,False
2025-07-29,Random Forest,0.8,15.9,22.536189082076856,18.76496441465611,26.307413749497602,7.542449334841493,False
2025-07-30,Random Forest,0.8,13.3,16.224752029197443,12.453527361776697,19.99597669661819,7.542449334841493,True
2025-07-31,Random Forest,0.8,15.6,15.583641420285819,11.812416752865072,19.354866087706565,7.542449334841493,True
2025-08-01,Random Forest,0.8,23.0,16.678612453585956,12.90738778616521,20.449837121006702,7.542449334841493,False
2025-08-02,Random Forest,0.8,21.2,20.011690808146664,16.240466140725918,23.78291547556741,7.542449334841493,True
2025-08-03,Random Forest,0.8,14.4,19.487477105406295,15.716252437985549,23.25870177282704,7.542449334841493,False
2025-08-04,Random Forest,0.8,14.8,15.762830360508215,11.991605693087468,19.53405502792896,7.542449334841493,True
2025-08-05,Random Forest,0.8,15.1,15.516659213588776,11.74543454616803,19.28788388100952,7.542449334841491,True
2025-08-06,Random Forest,0.8,17.0,15.182868827968823,11.411644160548077,18.95409349538957,7.5424493348414945,True
2025-08-07,Random Forest,0.8,17.2,16.464893900010576,12.69366923258983,20.236118567431323,7.542449334841493,True
2025-08-08,Random Forest,0.8,14.4,17.763636117966566,13.99241145054582,21.534860785387313,7.542449334841493,True
2025-08-09,Random Forest,0.8,15.1,14.969542805753882,11.198318138333136,18.74076747317463,7.542449334841493,True
2025-08-10,Random Forest,0.8,15.9,15.941378221982113,12.170153554561367,19.71260288940286,7.542449334841493,True
2025-08-11,Random Forest,0.8,16.5,17.507539351898327,13.73631468447758,21.278764019319073,7.542449334841493,True
2025-08-12,Random Forest,0.8,16.4,17.173197120269734,13.401972452848987,20.94442178769048,7.542449334841493,True
2025-08-13,Random Forest,0.8,15.0,17.55282294005659,13.781598272635843,21.324047607477336,7.542449334841493,True
2025-08-14,Random Forest,0.8,16.6,17.39912866866224,13.627904001241493,21.170353336082986,7.542449334841493,True
2025-08-15,Random Forest,0.8,16.9,16.39271707141322,12.621492403992473,20.163941738833966,7.542449334841493,True
2025-08-16,Random Forest,0.8,19.5,16.412127088747646,12.6409024213269,20.183351756168392,7.542449334841493,True
2025-08-17,Random Forest,0.8,19.6,19.637540032458084,15.866315365037337,23.40876469987883,7.542449334841493,True
2025-08-18,Random Forest,0.8,18.9,20.852858890496897,17.08163422307615,24.624083557917643,7.542449334841493,True
2025-08-19,Random Forest,0.8,17.6,17.732101944822745,13.960877277401998,21.50332661224349,7.542449334841493,True
2025-08-20,Random Forest,0.8,17.2,16.10156135628632,12.330336688865575,19.872786023707068,7.542449334841493,True
2025-08-21,Random Forest,0.8,17.2,17.06018695681634,13.288962289395595,20.831411624237088,7.542449334841493,True
2025-08-22,Random Forest,0.8,15.4,16.822126611934237,13.050901944513491,20.593351279354984,7.542449334841493,True
2025-08-23,Random Forest,0.8,16.2,16.592332106578578,12.821107439157831,20.363556773999324,7.542449334841493,True
2025-08-24,Random Forest,0.8,16.2,15.833213528073145,12.061988860652399,19.60443819549389,7.542449334841493,True
2025-08-25,Random Forest,0.8,19.0,17.7850021874032,14.013777519982455,21.556226854823947,7.542449334841493,True
2025-08-26,Random Forest,0.8,18.4,19.3435743960344,15.572349728613652,23.114799063455145,7.542449334841493,True
2025-08-27,Random Forest,0.8,19.0,19.436795393408577,15.66557072598783,23.208020060829323,7.542449334841493,True
2025-08-28,Random Forest,0.8,20.0,18.92923113490574,15.158006467484995,22.700455802326488,7.542449334841493,True
2025-08-29,Random Forest,0.8,19.4,20.04077140997616,16.269546742555413,23.811996077396905,7.542449334841493,True
2025-08-30,Random Forest,0.8,18.6,19.55881422373983,15.787589556319084,23.330038891160576,7.542449334841493,True
2025-08-31,Random Forest,0.8,21.5,18.48626527418306,14.715040606762315,22.257489941603808,7.542449334841493,True
2025-09-01,Random Forest,0.8,20.5,21.439156082084065,17.667931414663318,25.21038074950481,7.542449334841493,True
2025-09-02,Random Forest,0.8,19.2,20.128224974626715,16.35700030720597,23.89944964204746,7.542449334841493,True
2025-09-03,Random Forest,0.8,18.9,19.33557772320276,15.564353055782014,23.106802390623507,7.542449334841493,True
2025-09-04,Random Forest,0.8,17.8,19.38174007734067,15.610515409919923,23.152964744761416,7.542449334841493,True
2025-09-05,Random Forest,0.8,17.0,19.412424514097683,15.641199846676937,23.18364918151843,7.542449334841493,True
2025-09-06,Random Forest,0.8,19.0,18.510452636578197,14.73922796915745,22.281677303998944,7.542449334841493,True
2025-09-07,Random Forest,0.8,26.5,20.302743266564796,16.53151859914405,24.073967933985543,7.542449334841493,False
2025-09-08,Random Forest,0.8,25.7,23.800561542040747,20.02933687462,27.571786209461493,7.542449334841493,True
2025-09-09,Random Forest,0.8,19.5,22.004669525826806,18.23344485840606,25.775894193247552,7.542449334841493,True
2025-09-10,Random Forest,0.8,19.1,19.667459278277054,15.896234610856308,23.4386839456978,7.542449334841493,True
2025-09-11,Random Forest,0.8,18.7,19.153026430954128,15.381801763533382,22.924251098374874,7.542449334841493,True
2025-09-12,Random Forest,0.8,20.0,20.421679206849916,16.65045453942917,24.192903874270662,7.542449334841493,True
2025-09-13,Random Forest,0.8,21.4,20.87952803750359,17.108303370082844,24.650752704924336,7.542449334841493,True
2025-09-14,Random Forest,0.8,17.9,22.162503855002978,18.39127918758223,25.933728522423724,7.542449334841493,False
2025-09-15,Random Forest,0.8,17.1,16.706577874285525,12.935353206864779,20.47780254170627,7.542449334841493,True
2025-09-16,Random Forest,0.8,15.7,16.90111106888843,13.129886401467683,20.672335736309176,7.542449334841493,True
2025-09-17,Random Forest,0.8,16.8,18.636676106361858,14.865451438941111,22.407900773782604,7.542449334841493,True
2025-09-18,Random Forest,0.8,22.3,17.805376148390504,14.034151480969758,21.57660081581125,7.542449334841493,False
2025-09-19,Random Forest,0.8,20.4,21.575087616235848,17.8038629488151,25.346312283656594,7.542449334841493,True
2025-09-20,Random Forest,0.8,17.8,19.68173318644332,15.910508519022574,23.452957853864067,7.542449334841493,True
2025-09-21,Random Forest,0.8,19.4,18.4431641359513,14.671939468530553,22.214388803372046,7.542449334841493,True
2025-09-22,Random Forest,0.8,16.4,18.18415332752064,14.412928660099894,21.955377994941387,7.542449334841493,True
2025-09-23,Random Forest,0.8,18.5,16.730736819023637,12.95951215160289,20.501961486444383,7.542449334841493,True
2025-09-24,Random Forest,0.8,19.4,18.51830676072292,14.747082093302172,22.289531428143665,7.542449334841493,True
2025-09-25,Random Forest,0.8,26.6,20.26534668462435,16.494122017203605,24.036571352045097,7.542449334841493,False
2025-09-26,Random Forest,0.8,23.6,25.009313879297633,21.238089211876886,28.78053854671838,7.542449334841493,True
2025-09-27,Random Forest,0.8,19.9,21.010153268042988,17.23892860062224,24.781377935463734,7.542449334841493,True
2025-09-28,Random Forest,0.8,24.1,21.789642779641397,18.01841811222065,25.560867447062144,7.542449334841493,True
2025-09-29,Random Forest,0.8,34.5,23.73124038614293,19.960015718722182,27.502465053563675,7.542449334841493,False
2025-09-30,Random Forest,0.8,20.8,26.573153201290157,22.80192853386941,30.344377868710904,7.542449334841493,False
2025-10-01,Random Forest,0.8,18.4,18.596856470087655,14.825631802666908,22.3680811375084,7.542449334841493,True
2025-10-02,Random Forest,0.8,25.6,20.73479323000574,16.963568562584992,24.506017897426485,7.542449334841493,False
2025-10-03,Random Forest,0.8,22.4,24.53524256234203,20.764017894921285,28.306467229762777,7.542449334841493,True
2025-10-04,Random Forest,0.8,19.0,21.571223740151428,17.79999907273068,25.342448407572174,7.542449334841493,True
2025-10-05,Random Forest,0.8,19.5,20.127984419350415,16.35675975192967,23.89920908677116,7.542449334841493,True
2025-10-06,Random Forest,0.8,20.6,18.170598402433097,14.39937373501235,21.941823069853843,7.542449334841493,True
2025-10-07,Random Forest,0.8,20.9,21.59217243231915,17.820947764898403,25.363397099739895,7.542449334841493,True
2025-10-08,Random Forest,0.8,27.2,21.560185780779864,17.788961113359118,25.33141044820061,7.542449334841493,False
2025-10-09,Random Forest,0.8,27.0,24.097463713979607,20.32623904655886,27.868688381400354,7.542449334841493,True
2025-10-10,Random Forest,0.8,24.0,23.033458270429584,19.262233603008838,26.80468293785033,7.542449334841493,True
2025-10-11,Random Forest,0.8,23.7,22.30068167350709,18.529457006086343,26.071906340927836,7.542449334841493,True
2025-10-12,Random Forest,0.8,22.1,22.95235532083172,19.181130653410975,26.723579988252467,7.542449334841493,True
2025-10-13,Random Forest,0.8,19.8,23.952268343219007,20.18104367579826,27.723493010639753,7.542449334841493,False
2025-10-14,Random Forest,0.8,19.1,19.197980383583488,15.426755716162742,22.969205051004234,7.542449334841493,True
2025-10-15,Random Forest,0.8,18.6,21.45972634125118,17.688501673830434,25.230951008671926,7.542449334841493,True
2025-10-16,Random Forest,0.8,27.8,19.018464408792855,15.247239741372109,22.7896890762136,7.542449334841493,False
2025-10-17,Random Forest,0.8,19.6,25.281773759549655,21.510549092128908,29.0529984269704,7.542449334841493,False
2025-10-18,Random Forest,0.8,24.5,21.011979987271076,17.24075531985033,24.783204654691822,7.542449334841493,True
2025-10-19,Random Forest,0.8,28.8,23.898623326105778,20.12739865868503,27.669847993526524,7.542449334841493,False
2025-10-20,Random Forest,0.8,31.4,24.862225419106498,21.09100075168575,28.633450086527244,7.542449334841493,False
2025-10-21,Random Forest,0.8,31.5,30.550032182751522,26.778807515330776,34.32125685017227,7.542449334841493,True
2025-10-22,Random Forest,0.8,22.5,26.58348794356266,22.812263276141913,30.354712610983405,7.542449334841493,False
2025-10-23,Random Forest,0.8,20.4,23.112768808027166,19.34154414060642,26.883993475447912,7.542449334841493,True
2025-10-24,Random Forest,0.8,19.5,22.25638556253769,18.485160895116945,26.027610229958437,7.542449334841493,True
2025-10-25,Random Forest,0.8,17.6,19.073964363715056,15.30273969629431,22.845189031135803,7.542449334841493,True
2025-10-26,Random Forest,0.8,20.4,17.88225981438028,14.111035146959534,21.653484481801026,7.542449334841493,True
2025-10-27,Random Forest,0.8,20.5,21.74181600580811,17.970591338387365,25.513040673228858,7.542449334841493,True
2025-10-28,Random Forest,0.8,21.6,22.543548922877783,18.772324255457036,26.31477359029853,7.542449334841493,True
2025-10-29,Random Forest,0.8,31.5,22.95849247740004,19.187267809979293,26.729717144820786,7.542449334841493,False
2025-10-30,Random Forest,0.8,22.2,28.190095924336067,24.41887125691532,31.961320591756813,7.542449334841493,False
2025-10-31,Random Forest,0.8,20.6,21.57906897854752,17.807844311126775,25.350293645968268,7.542449334841493,True
2025-11-01,Random Forest,0.8,21.0,19.155284042846272,15.384059375425526,22.92650871026702,7.542449334841493,True
2025-11-02,Random Forest,0.8,23.2,23.01373879090639,19.242514123485645,26.784963458327137,7.542449334841493,True
2025-11-03,Random Forest,0.8,22.4,24.65116158358005,20.879936916159302,28.422386251000795,7.542449334841493,True
2025-11-04,Random Forest,0.8,27.1,22.757010518193667,18.98578585077292,26.528235185614413,7.542449334841493,False
2025-11-05,Random Forest,0.8,29.9,25.059659270167902,21.288434602747156,28.83088393758865,7.542449334841493,False
2025-11-06,Random Forest,0.8,34.3,27.30859309254938,23.537368425128633,31.079817759970126,7.542449334841493,False
2025-11-07,Random Forest,0.8,30.9,30.173311386450276,26.40208671902953,33.94453605387102,7.542449334841489,True
2025-11-08,Random Forest,0.8,29.9,28.41917701369967,24.647952346278924,32.19040168112042,7.542449334841496,True
2025-11-09,Random Forest,0.8,28.6,27.98837314494636,24.217148477525615,31.759597812367108,7.542449334841493,True
2025-11-10,Random Forest,0.8,25.9,26.04586833880635,22.274643671385604,29.817093006227097,7.542449334841493,True
2025-11-11,Random Forest,0.8,25.3,24.52791073732857,20.756686069907822,28.299135404749315,7.542449334841493,True
2025-11-12,Random Forest,0.8,28.0,24.860206386937033,21.088981719516287,28.63143105435778,7.542449334841493,True
2025-11-13,Random Forest,0.8,25.5,26.841676570362367,23.07045190294162,30.612901237783113,7.542449334841493,True
2025-11-14,Random Forest,0.8,22.1,24.18451160852454,20.413286941103795,27.955736275945288,7.542449334841493,True
2025-11-15,Random Forest,0.8,25.8,23.251115997144996,19.47989132972425,27.022340664565743,7.542449334841493,True
2025-11-16,Random Forest,0.8,30.5,25.602151046370683,21.830926378949936,29.37337571379143,7.542449334841493,False
2025-11-17,Random Forest,0.8,24.5,26.647217819899748,22.875993152479,30.418442487320494,7.542449334841493,True
2025-11-18,Random Forest,0.8,25.4,24.85802803551872,21.086803368097975,28.629252702939468,7.542449334841493,True
2025-11-19,Random Forest,0.8,25.1,25.64767145209474,21.876446784673995,29.418896119515487,7.542449334841493,True
2025-11-20,Random Forest,0.8,27.6,25.177962058756684,21.406737391335938,28.94918672617743,7.542449334841493,True
2025-11-21,Random Forest,0.8,29.9,26.81380092833374,23.042576260912995,30.585025595754487,7.542449334841493,True
2025-11-22,Random Forest,0.8,25.4,26.92896927032243,23.157744602901683,30.700193937743176,7.542449334841493,True
2025-11-23,Random Forest,0.8,24.6,25.446168701285174,21.674944033864428,29.21739336870592,7.542449334841493,True
2025-11-24,Random Forest,0.8,34.5,25.18532986846874,21.414105201047995,28.956554535889488,7.542449334841493,False
2025-11-25,Random Forest,0.8,25.9,30.936146904968044,27.164922237547298,34.707371572388794,7.542449334841496,False
2025-11-26,Random Forest,0.8,32.6,25.58911344521579,21.817888777795044,29.360338112636537,7.542449334841493,False
2025-11-27,Random Forest,0.8,27.5,30.4491903799307,26.677965712509955,34.22041504735145,7.542449334841496,True
2025-11-28,Random Forest,0.8,24.0,24.20489100303407,20.433666335613324,27.976115670454817,7.542449334841493,True
2025-11-29,Random Forest,0.8,27.1,23.445287465962007,19.67406279854126,27.216512133382754,7.542449334841493,True
2025-11-30,Random Forest,0.8,26.0,25.990376455278764,22.219151787858017,29.76160112269951,7.542449334841493,True
2025-12-01,Random Forest,0.8,24.6,25.133017394247144,21.361792726826398,28.90424206166789,7.542449334841493,True
2025-12-02,Random Forest,0.8,29.6,25.566006988901844,21.794782321481097,29.33723165632259,7.542449334841493,False
2025-12-03,Random Forest,0.8,32.3,29.40196747102745,25.630742803606704,33.1731921384482,7.542449334841496,True
2025-12-04,Random Forest,0.8,24.9,26.46544553742275,22.694220870002002,30.236670204843495,7.542449334841493,True
2025-12-05,Random Forest,0.8,23.6,25.45756661357157,21.686341946150822,29.228791280992315,7.542449334841493,True
2025-12-06,Random Forest,0.8,27.5,25.822214963652808,22.05099029623206,29.593439631073554,7.542449334841493,True
2025-12-07,Random Forest,0.8,23.8,25.583293464263942,21.812068796843196,29.35451813168469,7.542449334841493,True
2025-12-08,Random Forest,0.8,24.4,24.230877560224037,20.45965289280329,28.002102227644784,7.542449334841493,True
2025-12-09,Random Forest,0.8,30.8,24.975969945618143,21.204745278197397,28.74719461303889,7.542449334841493,False
2025-12-10,Random Forest,0.8,33.5,29.742518715472173,25.971294048051426,33.51374338289292,7.542449334841493,True
2025-12-11,Random Forest,0.8,24.4,27.649666404924076,23.87844173750333,31.420891072344823,7.542449334841493,True
2025-12-12,Random Forest,0.8,20.6,23.315815936938726,19.54459126951798,27.087040604359473,7.542449334841493,True
2025-12-13,Random Forest,0.8,23.6,23.14768900634781,19.376464338927065,26.918913673768557,7.542449334841493,True
2025-12-14,Random Forest,0.8,24.7,25.17637855582627,21.405153888405522,28.947603223247015,7.542449334841493,True
2025-12-15,Random Forest,0.8,27.0,24.2290278842506,20.457803216829852,28.000252551671345,7.542449334841493,True
2025-12-16,Random Forest,0.8,21.3,25.08363378423423,21.312409116813484,28.854858451654977,7.542449334841493,False
2025-12-17,Random Forest,0.8,23.1,23.40610374796307,19.634879080542323,27.177328415383815,7.542449334841493,True
2025-12-18,Random Forest,0.8,23.5,24.804084296441623,21.032859629020876,28.57530896386237,7.542449334841493,True
2025-12-19,Random Forest,0.8,30.2,24.464742475921163,20.693517808500417,28.23596714334191,7.542449334841493,False
2025-12-20,Random Forest,0.8,34.5,28.99752510768439,25.226300440263643,32.768749775105135,7.542449334841493,False
2025-12-21,Random Forest,0.8,30.8,31.783768767082446,28.0125440996617,35.55499343450319,7.542449334841489,True
2025-12-22,Random Forest,0.8,23.5,27.19574218612917,23.424517518708424,30.966966853549916,7.542449334841493,True
2025-12-23,Random Forest,0.8,27.9,24.874354246019962,21.103129578599216,28.64557891344071,7.542449334841493,True
2025-12-24,Random Forest,0.8,29.0,27.36289627603243,23.591671608611684,31.134120943453176,7.542449334841493,True
2025-12-25,Random Forest,0.8,28.8,26.657783672430835,22.88655900501009,30.42900833985158,7.542449334841493,True
2025-12-26,Random Forest,0.8,27.9,26.32822127491303,22.556996607492284,30.099445942333777,7.542449334841493,True
2025-12-27,Random Forest,0.8,30.5,26.562177451027836,22.79095278360709,30.333402118448582,7.542449334841493,False
2025-12-28,Random Forest,0.8,35.6,28.2715468141029,24.500322146682155,32.042771481523644,7.542449334841489,False
2025-12-29,Random Forest,0.8,30.2,29.934680510174015,26.16345584275327,33.70590517759476,7.542449334841489,True
2025-12-30,Random Forest,0.8,26.8,26.448286045046494,22.677061377625748,30.21951071246724,7.542449334841493,True
2024-05-07,XGBoost,0.8,19.2,20.103078842163086,16.403720474243165,23.802437210083006,7.398716735839841,True
2024-05-08,XGBoost,0.8,20.8,19.763280868530273,16.063922500610353,23.462639236450194,7.398716735839841,True
2024-05-09,XGBoost,0.8,18.4,21.792980194091797,18.093621826171876,25.492338562011717,7.398716735839841,True
2024-05-10,XGBoost,0.8,18.6,17.566505432128906,13.867147064208984,21.265863800048827,7.398716735839843,True
2024-05-11,XGBoost,0.8,20.6,19.819616317749023,16.120257949829103,23.518974685668944,7.398716735839841,True
2024-05-12,XGBoost,0.8,24.4,20.82703971862793,17.12768135070801,24.52639808654785,7.398716735839841,True
2024-05-13,XGBoost,0.8,29.6,20.610231399536133,16.910873031616212,24.309589767456053,7.398716735839841,False
2024-05-14,XGBoost,0.8,22.0,22.684999465942383,18.985641098022462,26.384357833862303,7.398716735839841,True
2024-05-15,XGBoost,0.8,21.0,21.265621185302734,17.566262817382814,24.964979553222655,7.398716735839841,True
2024-05-16,XGBoost,0.8,21.1,20.789966583251953,17.090608215332033,24.489324951171874,7.398716735839841,True
2024-05-17,XGBoost,0.8,24.3,21.488676071166992,17.78931770324707,25.188034439086913,7.398716735839841,True
2024-05-18,XGBoost,0.8,22.7,21.127897262573242,17.42853889465332,24.827255630493163,7.398716735839841,True
2024-05-19,XGBoost,0.8,24.8,20.383285522460938,16.683927154541017,24.082643890380858,7.398716735839841,False
2024-05-20,XGBoost,0.8,21.4,21.396074295043945,17.696715927124025,25.095432662963866,7.398716735839841,True
2024-05-21,XGBoost,0.8,21.5,21.550643920898438,17.851285552978517,25.250002288818358,7.398716735839841,True
2024-05-22,XGBoost,0.8,19.7,22.049205780029297,18.349847412109376,25.748564147949217,7.398716735839841,True
2024-05-23,XGBoost,0.8,23.4,21.5427188873291,17.84336051940918,25.242077255249022,7.398716735839841,True
2024-05-24,XGBoost,0.8,19.6,22.288251876831055,18.588893508911134,25.987610244750975,7.398716735839841,True
2024-05-25,XGBoost,0.8,20.4,20.438631057739258,16.739272689819337,24.13798942565918,7.398716735839841,True
2024-05-26,XGBoost,0.8,22.0,21.302955627441406,17.603597259521486,25.002313995361327,7.398716735839841,True
2024-05-27,XGBoost,0.8,27.2,21.154998779296875,17.455640411376955,24.854357147216795,7.398716735839841,False
2024-05-28,XGBoost,0.8,32.5,22.288251876831055,18.588893508911134,25.987610244750975,7.398716735839841,False
2024-05-29,XGBoost,0.8,17.2,23.605634689331055,19.906276321411134,27.304993057250975,7.398716735839841,False
2024-05-30,XGBoost,0.8,17.3,17.479522705078125,13.780164337158203,21.178881072998045,7.398716735839843,True
2024-05-31,XGBoost,0.8,18.7,19.48983383178711,15.790475463867187,23.18919219970703,7.398716735839843,True
2024-06-01,XGBoost,0.8,18.4,20.420501708984375,16.721143341064455,24.119860076904295,7.398716735839841,True
2024-06-02,XGBoost,0.8,15.1,19.878015518188477,16.178657150268556,23.577373886108397,7.398716735839841,False
2024-06-03,XGBoost,0.8,19.3,16.29958724975586,12.600228881835937,19.99894561767578,7.398716735839843,True
2024-06-04,XGBoost,0.8,17.5,17.601171493530273,13.901813125610351,21.300529861450194,7.398716735839843,True
2024-06-05,XGBoost,0.8,17.2,16.368528366088867,12.669169998168945,20.067886734008788,7.398716735839843,True
2024-06-06,XGBoost,0.8,17.1,15.84329891204834,12.143940544128418,19.54265727996826,7.398716735839843,True
2024-06-07,XGBoost,0.8,17.8,17.022306442260742,13.32294807434082,20.721664810180663,7.398716735839843,True
2024-06-08,XGBoost,0.8,17.2,19.437828063964844,15.738469696044922,23.137186431884764,7.398716735839843,True
2024-06-09,XGBoost,0.8,25.5,18.38994789123535,14.69058952331543,22.089306259155272,7.398716735839843,False
2024-06-10,XGBoost,0.8,24.3,21.419666290283203,17.720307922363283,25.119024658203124,7.398716735839841,True
2024-06-11,XGBoost,0.8,19.2,18.600793838500977,14.901435470581054,22.300152206420897,7.398716735839843,True
2024-06-12,XGBoost,0.8,18.9,17.41371726989746,13.714358901977539,21.11307563781738,7.398716735839843,True
2024-06-13,XGBoost,0.8,19.6,19.725107192993164,16.025748825073244,23.424465560913085,7.398716735839841,True
2024-06-14,XGBoost,0.8,20.6,20.697681427001953,16.998323059082033,24.397039794921874,7.398716735839841,True
2024-06-15,XGBoost,0.8,22.2,19.618858337402344,15.919499969482422,23.318216705322264,7.398716735839843,True
2024-06-16,XGBoost,0.8,20.1,20.24675750732422,16.5473991394043,23.94611587524414,7.398716735839841,True
2024-06-17,XGBoost,0.8,18.3,20.605731964111328,16.906373596191408,24.30509033203125,7.398716735839841,True
2024-06-18,XGBoost,0.8,16.6,17.132619857788086,13.433261489868164,20.831978225708006,7.398716735839843,True
2024-06-19,XGBoost,0.8,17.0,16.452865600585938,12.753507232666015,20.152223968505858,7.398716735839843,True
2024-06-20,XGBoost,0.8,18.1,18.240921020507812,14.54156265258789,21.940279388427733,7.398716735839843,True
2024-06-21,XGBoost,0.8,19.2,16.18703269958496,12.487674331665039,19.88639106750488,7.398716735839843,True
2024-06-22,XGBoost,0.8,20.8,17.284908294677734,13.585549926757812,20.984266662597655,7.398716735839843,True
2024-06-23,XGBoost,0.8,17.8,18.636131286621094,14.936772918701172,22.335489654541014,7.398716735839843,True
2024-06-24,XGBoost,0.8,17.7,19.5761775970459,15.876819229125976,23.27553596496582,7.398716735839843,True
2024-06-25,XGBoost,0.8,20.2,18.50138282775879,14.802024459838867,22.20074119567871,7.398716735839843,True
2024-06-26,XGBoost,0.8,25.1,19.422191619873047,15.722833251953125,23.121549987792967,7.398716735839843,False
2024-06-27,XGBoost,0.8,26.6,21.56556510925293,17.86620674133301,25.26492347717285,7.398716735839841,False
2024-06-28,XGBoost,0.8,21.4,21.64044761657715,17.941089248657228,25.33980598449707,7.398716735839841,True
2024-06-29,XGBoost,0.8,19.6,20.599475860595703,16.900117492675783,24.298834228515624,7.398716735839841,True
2024-06-30,XGBoost,0.8,17.0,19.84482192993164,16.14546356201172,23.54418029785156,7.398716735839841,True
2024-07-01,XGBoost,0.8,17.0,18.260658264160156,14.561299896240234,21.960016632080077,7.398716735839843,True
2024-07-02,XGBoost,0.8,15.5,16.707015991210938,13.007657623291015,20.406374359130858,7.398716735839843,True
2024-07-03,XGBoost,0.8,16.5,15.358887672424316,11.659529304504394,19.058246040344237,7.398716735839843,True
2024-07-04,XGBoost,0.8,17.0,15.443639755249023,11.744281387329101,19.142998123168944,7.398716735839843,True
2024-07-05,XGBoost,0.8,21.8,16.805049896240234,13.105691528320312,20.504408264160155,7.398716735839843,False
2024-07-06,XGBoost,0.8,14.6,18.940364837646484,15.241006469726562,22.639723205566405,7.398716735839843,False
2024-07-07,XGBoost,0.8,13.1,14.81473159790039,11.115373229980468,18.51408996582031,7.398716735839843,True
2024-07-08,XGBoost,0.8,15.4,15.162217140197754,11.462858772277832,18.861575508117674,7.398716735839843,True
2024-07-09,XGBoost,0.8,17.0,15.009477615356445,11.310119247436523,18.708835983276366,7.398716735839843,True
2024-07-10,XGBoost,0.8,17.2,16.032474517822266,12.333116149902343,19.731832885742186,7.398716735839843,True
2024-07-11,XGBoost,0.8,15.1,16.42316246032715,12.723804092407226,20.12252082824707,7.398716735839843,True
2024-07-12,XGBoost,0.8,13.4,15.898026466369629,12.198668098449707,19.59738483428955,7.398716735839843,True
2024-07-13,XGBoost,0.8,15.1,14.773614883422852,11.07425651550293,18.472973251342772,7.398716735839843,True
2024-07-14,XGBoost,0.8,16.3,15.197915077209473,11.49855670928955,18.897273445129393,7.398716735839843,True
2024-07-15,XGBoost,0.8,15.4,15.674756050109863,11.975397682189941,19.374114418029784,7.398716735839843,True
2024-07-16,XGBoost,0.8,14.9,15.636979103088379,11.937620735168457,19.3363374710083,7.398716735839843,True
2024-07-17,XGBoost,0.8,15.2,17.39044189453125,13.691083526611328,21.08980026245117,7.398716735839843,True
2024-07-18,XGBoost,0.8,16.1,15.138538360595703,11.439179992675781,18.837896728515624,7.398716735839843,True
2024-07-19,XGBoost,0.8,14.5,15.427480697631836,11.728122329711914,19.126839065551756,7.398716735839843,True
2024-07-20,XGBoost,0.8,14.2,15.728533744812012,12.02917537689209,19.427892112731932,7.398716735839843,True
2024-07-21,XGBoost,0.8,16.0,17.128829956054688,13.429471588134765,20.828188323974608,7.398716735839843,True
2024-07-22,XGBoost,0.8,15.4,17.09845542907715,13.399097061157226,20.79781379699707,7.398716735839843,True
2024-07-23,XGBoost,0.8,15.1,16.74856948852539,13.049211120605468,20.44792785644531,7.398716735839843,True
2024-07-24,XGBoost,0.8,18.7,15.910637855529785,12.211279487609863,19.609996223449706,7.398716735839843,True
2024-07-25,XGBoost,0.8,16.9,17.295536041259766,13.596177673339843,20.994894409179686,7.398716735839843,True
2024-07-26,XGBoost,0.8,14.4,16.004268646240234,12.304910278320312,19.703627014160155,7.398716735839843,True
2024-07-27,XGBoost,0.8,13.4,15.447713851928711,11.748355484008789,19.14707221984863,7.398716735839843,True
2024-07-28,XGBoost,0.8,14.4,15.185704231262207,11.486345863342285,18.885062599182127,7.398716735839843,True
2024-07-29,XGBoost,0.8,13.9,15.218860626220703,11.519502258300781,18.918218994140624,7.398716735839843,True
2024-07-30,XGBoost,0.8,14.0,15.162217140197754,11.462858772277832,18.861575508117674,7.398716735839843,True
2024-07-31,XGBoost,0.8,15.6,17.09845542907715,13.399097061157226,20.79781379699707,7.398716735839843,True
2024-08-01,XGBoost,0.8,15.4,17.09845542907715,13.399097061157226,20.79781379699707,7.398716735839843,True
2024-08-02,XGBoost,0.8,20.0,17.462154388427734,13.762796020507812,21.161512756347655,7.398716735839843,True
2024-08-03,XGBoost,0.8,13.8,17.895097732543945,14.195739364624023,21.594456100463866,7.398716735839843,False
2024-08-04,XGBoost,0.8,14.9,14.752230644226074,11.052872276306152,18.451589012145995,7.398716735839843,True
2024-08-05,XGBoost,0.8,18.3,16.901573181152344,13.202214813232422,20.600931549072264,7.398716735839843,True
2024-08-06,XGBoost,0.8,17.0,17.837390899658203,14.138032531738281,21.536749267578124,7.398716735839843,True
2024-08-07,XGBoost,0.8,14.4,17.646827697753906,13.947469329833984,21.346186065673827,7.398716735839843,True
2024-08-08,XGBoost,0.8,16.0,15.56031322479248,11.860954856872558,19.2596715927124,7.398716735839843,True
2024-08-09,XGBoost,0.8,17.0,16.09804916381836,12.398690795898437,19.79740753173828,7.398716735839843,True
2024-08-10,XGBoost,0.8,16.5,15.91079044342041,12.211432075500488,19.61014881134033,7.398716735839843,True
2024-08-11,XGBoost,0.8,16.8,16.289283752441406,12.589925384521484,19.988642120361327,7.398716735839843,True
2024-08-12,XGBoost,0.8,16.4,17.273683547973633,13.57432518005371,20.973041915893553,7.398716735839843,True
2024-08-13,XGBoost,0.8,13.9,15.432867050170898,11.733508682250976,19.13222541809082,7.398716735839843,True
2024-08-14,XGBoost,0.8,18.4,17.273683547973633,13.57432518005371,20.973041915893553,7.398716735839843,True
2024-08-15,XGBoost,0.8,17.4,17.355674743652344,13.656316375732422,21.055033111572264,7.398716735839843,True
2024-08-16,XGBoost,0.8,15.4,18.70948600769043,15.010127639770507,22.40884437561035,7.398716735839843,True
2024-08-17,XGBoost,0.8,18.0,16.229394912719727,12.530036544799804,19.928753280639647,7.398716735839843,True
2024-08-18,XGBoost,0.8,21.1,16.71284294128418,13.013484573364257,20.4122013092041,7.398716735839843,False
2024-08-19,XGBoost,0.8,19.9,18.571918487548828,14.872560119628906,22.27127685546875,7.398716735839843,True
2024-08-20,XGBoost,0.8,14.7,18.88288116455078,15.183522796630859,22.5822395324707,7.398716735839843,False
2024-08-21,XGBoost,0.8,18.0,15.637784957885742,11.93842658996582,19.337143325805663,7.398716735839843,True
2024-08-22,XGBoost,0.8,24.5,17.344650268554688,13.645291900634765,21.044008636474608,7.398716735839843,False
2024-08-23,XGBoost,0.8,17.0,19.269351959228516,15.569993591308593,22.968710327148436,7.398716735839843,True
2024-08-24,XGBoost,0.8,17.0,16.452537536621094,12.753179168701172,20.151895904541014,7.398716735839843,True
2024-08-25,XGBoost,0.8,16.2,17.21941566467285,13.52005729675293,20.918774032592772,7.398716735839843,True
2024-08-26,XGBoost,0.8,14.1,16.09853172302246,12.399173355102539,19.79789009094238,7.398716735839843,True
2024-08-27,XGBoost,0.8,11.8,15.666245460510254,11.966887092590332,19.365603828430174,7.398716735839843,False
2024-08-28,XGBoost,0.8,12.9,15.750252723693848,12.050894355773925,19.449611091613768,7.398716735839843,True
2024-08-29,XGBoost,0.8,17.2,17.7071533203125,14.007794952392578,21.40651168823242,7.398716735839843,True
2024-08-30,XGBoost,0.8,25.0,17.93860626220703,14.239247894287109,21.63796463012695,7.398716735839843,False
2024-08-31,XGBoost,0.8,19.1,19.067392349243164,15.368033981323242,22.766750717163085,7.398716735839843,True
2024-09-01,XGBoost,0.8,29.4,17.38005256652832,13.680694198608398,21.07941093444824,7.398716735839843,False
2024-09-02,XGBoost,0.8,20.2,22.13410186767578,18.43474349975586,25.8334602355957,7.398716735839841,True
2024-09-03,XGBoost,0.8,17.5,17.972108840942383,14.27275047302246,21.671467208862303,7.398716735839843,True
2024-09-04,XGBoost,0.8,14.6,18.68277359008789,14.983415222167968,22.38213195800781,7.398716735839843,False
2024-09-05,XGBoost,0.8,16.6,16.55352783203125,12.854169464111328,20.25288619995117,7.398716735839843,True
2024-09-06,XGBoost,0.8,15.8,17.70549201965332,14.006133651733398,21.40485038757324,7.398716735839843,True
2024-09-07,XGBoost,0.8,14.6,18.240276336669922,14.54091796875,21.939634704589842,7.398716735839843,True
2024-09-08,XGBoost,0.8,19.0,16.40342903137207,12.704070663452148,20.10278739929199,7.398716735839843,True
2024-09-09,XGBoost,0.8,20.8,17.984594345092773,14.285235977172851,21.683952713012694,7.398716735839843,True
2024-09-10,XGBoost,0.8,23.8,19.09852409362793,15.399165725708007,22.79788246154785,7.398716735839843,False
2024-09-11,XGBoost,0.8,19.6,20.01030158996582,16.3109432220459,23.70965995788574,7.398716735839841,True
2024-09-12,XGBoost,0.8,17.8,17.178733825683594,13.479375457763672,20.878092193603514,7.398716735839843,True
2024-09-13,XGBoost,0.8,19.5,17.393224716186523,13.693866348266601,21.092583084106444,7.398716735839843,True
2024-09-14,XGBoost,0.8,18.0,19.356916427612305,15.657558059692382,23.056274795532225,7.398716735839843,True
2024-09-15,XGBoost,0.8,17.3,18.471797943115234,14.772439575195312,22.171156311035155,7.398716735839843,True
2024-09-16,XGBoost,0.8,16.6,19.395612716674805,15.696254348754882,23.094971084594725,7.398716735839843,True
2024-09-17,XGBoost,0.8,15.9,18.931568145751953,15.232209777832031,22.630926513671874,7.398716735839843,True
2024-09-18,XGBoost,0.8,15.9,16.39164161682129,12.692283248901367,20.09099998474121,7.398716735839843,True
2024-09-19,XGBoost,0.8,20.0,16.964975357055664,13.265616989135742,20.664333724975585,7.398716735839843,True
2024-09-20,XGBoost,0.8,22.5,19.22262191772461,15.523263549804687,22.92198028564453,7.398716735839843,True
2024-09-21,XGBoost,0.8,26.0,19.860027313232422,16.1606689453125,23.559385681152342,7.398716735839841,False
2024-09-22,XGBoost,0.8,26.1,22.83616828918457,19.13680992126465,26.53552665710449,7.398716735839841,True
2024-09-23,XGBoost,0.8,20.9,23.895240783691406,20.195882415771486,27.594599151611327,7.398716735839841,True
2024-09-24,XGBoost,0.8,17.4,20.769954681396484,17.070596313476564,24.469313049316405,7.398716735839841,True
2024-09-25,XGBoost,0.8,19.8,17.992042541503906,14.292684173583984,21.691400909423827,7.398716735839843,True
2024-09-26,XGBoost,0.8,17.5,20.442522048950195,16.743163681030275,24.141880416870116,7.398716735839841,True
2024-09-27,XGBoost,0.8,17.1,20.024986267089844,16.325627899169923,23.724344635009764,7.398716735839841,True
2024-09-28,XGBoost,0.8,14.6,16.29852294921875,12.599164581298828,19.99788131713867,7.398716735839843,True
2024-09-29,XGBoost,0.8,14.4,16.904258728027344,13.204900360107422,20.603617095947264,7.398716735839843,True
2024-09-30,XGBoost,0.8,15.1,16.15452766418457,12.455169296264648,19.85388603210449,7.398716735839843,True
2024-10-01,XGBoost,0.8,22.9,17.948476791381836,14.249118423461914,21.647835159301756,7.398716735839843,False
2024-10-02,XGBoost,0.8,28.8,20.692142486572266,16.992784118652345,24.391500854492186,7.398716735839841,False
2024-10-03,XGBoost,0.8,28.7,23.874671936035156,20.175313568115236,27.574030303955077,7.398716735839841,False
2024-10-04,XGBoost,0.8,26.6,24.759431838989258,21.060073471069337,28.45879020690918,7.398716735839841,True
2024-10-05,XGBoost,0.8,26.3,25.69066047668457,21.99130210876465,29.39001884460449,7.398716735839841,True
2024-10-06,XGBoost,0.8,30.8,23.760568618774414,20.061210250854494,27.459926986694335,7.398716735839841,False
2024-10-07,XGBoost,0.8,24.0,25.021270751953125,21.321912384033205,28.720629119873045,7.398716735839841,True
2024-10-08,XGBoost,0.8,22.3,22.69528579711914,18.99592742919922,26.39464416503906,7.398716735839841,True
2024-10-09,XGBoost,0.8,19.6,23.157581329345703,19.458222961425783,26.856939697265624,7.398716735839841,True
2024-10-10,XGBoost,0.8,20.9,20.614763259887695,16.915404891967775,24.314121627807616,7.398716735839841,True
2024-10-11,XGBoost,0.8,22.1,20.845911026000977,17.146552658081056,24.545269393920897,7.398716735839841,True
2024-10-12,XGBoost,0.8,21.7,21.403654098510742,17.70429573059082,25.103012466430663,7.398716735839841,True
2024-10-13,XGBoost,0.8,19.5,22.145191192626953,18.445832824707033,25.844549560546874,7.398716735839841,True
2024-10-14,XGBoost,0.8,28.6,21.11240005493164,17.41304168701172,24.81175842285156,7.398716735839841,False
2024-10-15,XGBoost,0.8,29.5,23.85344886779785,20.15409049987793,27.552807235717772,7.398716735839841,False
2024-10-16,XGBoost,0.8,22.0,24.28968048095703,20.59032211303711,27.98903884887695,7.398716735839841,True
2024-10-17,XGBoost,0.8,19.7,21.723907470703125,18.024549102783205,25.423265838623045,7.398716735839841,True
2024-10-18,XGBoost,0.8,18.3,22.122154235839844,18.422795867919923,25.821512603759764,7.398716735839841,False
2024-10-19,XGBoost,0.8,21.3,21.00397300720215,17.304614639282228,24.70333137512207,7.398716735839841,True
2024-10-20,XGBoost,0.8,25.8,22.94106674194336,19.24170837402344,26.64042510986328,7.398716735839841,True
2024-10-21,XGBoost,0.8,27.5,23.636001586914062,19.936643218994142,27.335359954833983,7.398716735839841,False
2024-10-22,XGBoost,0.8,29.6,24.656200408935547,20.956842041015626,28.355558776855467,7.398716735839841,False
2024-10-23,XGBoost,0.8,20.8,26.765546798706055,23.066188430786134,30.464905166625975,7.398716735839841,False
2024-10-24,XGBoost,0.8,20.7,23.660310745239258,19.960952377319337,27.35966911315918,7.398716735839841,True
2024-10-25,XGBoost,0.8,27.5,22.511194229125977,18.811835861206056,26.210552597045897,7.398716735839841,False
2024-10-26,XGBoost,0.8,18.4,24.38710594177246,20.68774757385254,28.08646430969238,7.398716735839841,False
2024-10-27,XGBoost,0.8,20.2,18.503873825073242,14.80451545715332,22.203232192993163,7.398716735839843,True
2024-10-28,XGBoost,0.8,20.2,21.041112899780273,17.341754531860353,24.740471267700194,7.398716735839841,True
2024-10-29,XGBoost,0.8,23.0,22.389636993408203,18.690278625488283,26.088995361328124,7.398716735839841,True
2024-10-30,XGBoost,0.8,25.6,23.37724494934082,19.6778865814209,27.07660331726074,7.398716735839841,True
2024-10-31,XGBoost,0.8,25.3,24.356693267822266,20.657334899902345,28.056051635742186,7.398716735839841,True
2024-11-01,XGBoost,0.8,23.9,23.57081413269043,19.87145576477051,27.27017250061035,7.398716735839841,True
2024-11-02,XGBoost,0.8,21.8,23.20222282409668,19.50286445617676,26.9015811920166,7.398716735839841,True
2024-11-03,XGBoost,0.8,15.4,22.88212013244629,19.18276176452637,26.58147850036621,7.398716735839841,False
2024-11-04,XGBoost,0.8,19.8,17.742185592651367,14.042827224731445,21.441543960571288,7.398716735839843,True
2024-11-05,XGBoost,0.8,24.1,22.025062561035156,18.325704193115236,25.724420928955077,7.398716735839841,True
2024-11-06,XGBoost,0.8,30.0,23.765310287475586,20.065951919555665,27.464668655395506,7.398716735839841,False
2024-11-07,XGBoost,0.8,25.0,26.3129940032959,22.613635635375978,30.01235237121582,7.398716735839841,True
2024-11-08,XGBoost,0.8,26.1,24.09192657470703,20.39256820678711,27.79128494262695,7.398716735839841,True
2024-11-09,XGBoost,0.8,23.0,24.901630401611328,21.202272033691408,28.60098876953125,7.398716735839841,True
2024-11-10,XGBoost,0.8,26.9,23.777633666992188,20.078275299072267,27.476992034912108,7.398716735839841,True
2024-11-11,XGBoost,0.8,21.3,24.769697189331055,21.070338821411134,28.469055557250975,7.398716735839841,True
2024-11-12,XGBoost,0.8,23.1,23.068458557128906,19.369100189208986,26.767816925048827,7.398716735839841,True
2024-11-13,XGBoost,0.8,27.5,22.86577033996582,19.1664119720459,26.56512870788574,7.398716735839841,False
2024-11-14,XGBoost,0.8,25.2,24.707265853881836,21.007907485961915,28.406624221801756,7.398716735839841,True
2024-11-15,XGBoost,0.8,21.5,23.493999481201172,19.79464111328125,27.193357849121092,7.398716735839841,True
2024-11-16,XGBoost,0.8,27.4,23.51625633239746,19.81689796447754,27.21561470031738,7.398716735839841,False
2024-11-17,XGBoost,0.8,22.5,24.31256675720215,20.613208389282228,28.01192512512207,7.398716735839841,True
2024-11-18,XGBoost,0.8,24.9,23.752161026000977,20.052802658081056,27.451519393920897,7.398716735839841,True
2024-11-19,XGBoost,0.8,25.7,24.127948760986328,20.428590393066408,27.82730712890625,7.398716735839841,True
2024-11-20,XGBoost,0.8,24.9,23.821414947509766,20.122056579589845,27.520773315429686,7.398716735839841,True
2024-11-21,XGBoost,0.8,24.1,25.272918701171875,21.573560333251955,28.972277069091795,7.398716735839841,True
2024-11-22,XGBoost,0.8,24.9,24.53765106201172,20.8382926940918,28.23700942993164,7.398716735839841,True
2024-11-23,XGBoost,0.8,28.5,25.345577239990234,21.646218872070314,29.044935607910155,7.398716735839841,True
2024-11-24,XGBoost,0.8,23.8,24.361713409423828,20.662355041503908,28.06107177734375,7.398716735839841,True
2024-11-25,XGBoost,0.8,19.5,23.05023956298828,19.35088119506836,26.7495979309082,7.398716735839841,True
2024-11-26,XGBoost,0.8,20.5,20.97026824951172,17.2709098815918,24.66962661743164,7.398716735839841,True
2024-11-27,XGBoost,0.8,24.5,21.155120849609375,17.455762481689455,24.854479217529295,7.398716735839841,True
2024-11-28,XGBoost,0.8,27.5,24.686355590820312,20.986997222900392,28.385713958740233,7.398716735839841,True
2024-11-29,XGBoost,0.8,23.3,25.057876586914062,21.358518218994142,28.757234954833983,7.398716735839841,True
2024-11-30,XGBoost,0.8,23.2,24.47446632385254,20.77510795593262,28.17382469177246,7.398716735839841,True
2024-12-01,XGBoost,0.8,27.8,24.744403839111328,21.045045471191408,28.44376220703125,7.398716735839841,True
2024-12-02,XGBoost,0.8,25.5,25.411170959472656,21.711812591552736,29.110529327392577,7.398716735839841,True
2024-12-03,XGBoost,0.8,27.0,24.19171714782715,20.492358779907228,27.89107551574707,7.398716735839841,True
2024-12-04,XGBoost,0.8,23.7,25.564239501953125,21.864881134033205,29.263597869873045,7.398716735839841,True
2024-12-05,XGBoost,0.8,20.9,24.061389923095703,20.362031555175783,27.760748291015624,7.398716735839841,True
2024-12-06,XGBoost,0.8,24.8,22.42357063293457,18.72421226501465,26.12292900085449,7.398716735839841,True
2024-12-07,XGBoost,0.8,23.5,24.94691276550293,21.24755439758301,28.64627113342285,7.398716735839841,True
2024-12-08,XGBoost,0.8,29.6,24.785612106323242,21.08625373840332,28.484970474243163,7.398716735839841,False
2024-12-09,XGBoost,0.8,27.2,25.277320861816406,21.577962493896486,28.976679229736327,7.398716735839841,True
2024-12-10,XGBoost,0.8,26.5,25.313344955444336,21.613986587524415,29.012703323364256,7.398716735839841,True
2024-12-11,XGBoost,0.8,25.0,25.446752548217773,21.747394180297853,29.146110916137694,7.398716735839841,True
2024-12-12,XGBoost,0.8,22.3,24.009992599487305,20.310634231567384,27.709350967407225,7.398716735839841,True
2024-12-13,XGBoost,0.8,24.6,22.78059959411621,19.08124122619629,26.47995796203613,7.398716735839841,True
2024-12-14,XGBoost,0.8,20.4,24.606876373291016,20.907518005371095,28.306234741210936,7.398716735839841,False
2024-12-15,XGBoost,0.8,22.6,21.165828704833984,17.466470336914064,24.865187072753905,7.398716735839841,True
2024-12-16,XGBoost,0.8,22.8,23.67677116394043,19.97741279602051,27.37612953186035,7.398716735839841,True
2024-12-17,XGBoost,0.8,23.2,24.337112426757812,20.637754058837892,28.036470794677733,7.398716735839841,True
2024-12-18,XGBoost,0.8,25.8,24.582895278930664,20.883536911010744,28.282253646850585,7.398716735839841,True
2024-12-19,XGBoost,0.8,25.0,25.17951202392578,21.48015365600586,28.8788703918457,7.398716735839841,True
2024-12-20,XGBoost,0.8,26.0,25.54418182373047,21.84482345581055,29.24354019165039,7.398716735839841,True
2024-12-21,XGBoost,0.8,26.5,26.529481887817383,22.830123519897462,30.228840255737303,7.398716735839841,True
2024-12-22,XGBoost,0.8,22.9,25.920795440673828,22.221437072753908,29.62015380859375,7.398716735839841,True
2024-12-23,XGBoost,0.8,28.2,25.234060287475586,21.534701919555665,28.933418655395506,7.398716735839841,True
2024-12-24,XGBoost,0.8,33.6,27.04496955871582,23.3456111907959,30.74432792663574,7.398716735839841,False
2024-12-25,XGBoost,0.8,35.6,28.91642189025879,25.21706352233887,32.61578025817871,7.398716735839841,False
2024-12-26,XGBoost,0.8,26.1,30.251480102539062,26.552121734619142,33.95083847045898,7.398716735839841,False
2024-12-27,XGBoost,0.8,27.9,25.722930908203125,22.023572540283205,29.422289276123045,7.398716735839841,True
2024-12-28,XGBoost,0.8,27.2,28.142141342163086,24.442782974243165,31.841499710083006,7.398716735839841,True
2024-12-29,XGBoost,0.8,26.9,25.166105270385742,21.46674690246582,28.865463638305663,7.398716735839841,True
2024-12-30,XGBoost,0.8,25.6,24.686063766479492,20.98670539855957,28.385422134399413,7.398716735839841,True
2024-12-31,XGBoost,0.8,25.7,25.82362174987793,22.12426338195801,29.52298011779785,7.398716735839841,True
2025-01-01,XGBoost,0.8,23.6,26.205509185791016,22.506150817871095,29.904867553710936,7.398716735839841,True
2025-01-02,XGBoost,0.8,26.0,26.256906509399414,22.557548141479494,29.956264877319335,7.398716735839841,True
2025-01-03,XGBoost,0.8,29.0,27.014360427856445,23.315002059936525,30.713718795776366,7.398716735839841,True
2025-01-04,XGBoost,0.8,22.4,27.08078384399414,23.38142547607422,30.78014221191406,7.398716735839841,False
2025-01-05,XGBoost,0.8,22.8,24.2830810546875,20.58372268676758,27.98243942260742,7.398716735839841,True
2025-01-06,XGBoost,0.8,24.8,25.82591438293457,22.12655601501465,29.52527275085449,7.398716735839841,True
2025-01-07,XGBoost,0.8,24.9,26.20562171936035,22.50626335144043,29.904980087280272,7.398716735839841,True
2025-01-08,XGBoost,0.8,26.0,26.23418426513672,22.5348258972168,29.93354263305664,7.398716735839841,True
2025-01-09,XGBoost,0.8,24.0,26.075435638427734,22.376077270507814,29.774794006347655,7.398716735839841,True
2025-01-10,XGBoost,0.8,26.4,26.458223342895508,22.758864974975587,30.15758171081543,7.398716735839841,True
2025-01-11,XGBoost,0.8,25.3,26.158849716186523,22.459491348266603,29.858208084106444,7.398716735839841,True
2025-01-12,XGBoost,0.8,31.1,25.982912063598633,22.283553695678712,29.682270431518553,7.398716735839841,False
2025-01-13,XGBoost,0.8,24.5,27.950977325439453,24.251618957519533,31.650335693359374,7.398716735839841,True
2025-01-14,XGBoost,0.8,21.2,24.330354690551758,20.630996322631837,28.02971305847168,7.398716735839841,True
2025-01-15,XGBoost,0.8,25.4,23.35915756225586,19.65979919433594,27.05851593017578,7.398716735839841,True
2025-01-16,XGBoost,0.8,29.0,26.508228302001953,22.808869934082033,30.207586669921874,7.398716735839841,True
2025-01-17,XGBoost,0.8,23.9,26.865009307861328,23.165650939941408,30.56436767578125,7.398716735839841,True
2025-01-18,XGBoost,0.8,25.6,25.851200103759766,22.151841735839845,29.550558471679686,7.398716735839841,True
2025-01-19,XGBoost,0.8,24.1,26.483665466308594,22.784307098388673,30.183023834228514,7.398716735839841,True
2025-01-20,XGBoost,0.8,34.7,25.525192260742188,21.825833892822267,29.224550628662108,7.398716735839841,False
2025-01-21,XGBoost,0.8,35.8,30.231294631958008,26.531936264038087,33.93065299987793,7.398716735839841,False
2025-01-22,XGBoost,0.8,28.8,29.893449783325195,26.194091415405275,33.592808151245116,7.398716735839841,True
2025-01-23,XGBoost,0.8,28.5,26.104097366333008,22.404738998413087,29.80345573425293,7.398716735839841,True
2025-01-24,XGBoost,0.8,30.5,26.61197280883789,22.91261444091797,30.31133117675781,7.398716735839841,False
2025-01-25,XGBoost,0.8,26.5,28.601009368896484,24.901651000976564,32.300367736816405,7.398716735839841,True
2025-01-26,XGBoost,0.8,27.5,28.236663818359375,24.537305450439455,31.936022186279295,7.398716735839841,True
2025-01-27,XGBoost,0.8,35.8,28.612417221069336,24.913058853149415,32.311775588989256,7.398716735839841,False
2025-01-28,XGBoost,0.8,31.4,29.26053810119629,25.56117973327637,32.95989646911621,7.398716735839841,True
2025-01-29,XGBoost,0.8,25.8,28.806346893310547,25.106988525390626,32.50570526123047,7.398716735839841,True
2025-01-30,XGBoost,0.8,24.0,25.736616134643555,22.037257766723634,29.435974502563475,7.398716735839841,True
2025-01-31,XGBoost,0.8,24.9,25.267593383789062,21.568235015869142,28.966951751708983,7.398716735839841,True
2025-02-01,XGBoost,0.8,25.5,26.437192916870117,22.737834548950197,30.136551284790038,7.398716735839841,True
2025-02-02,XGBoost,0.8,25.2,26.486862182617188,22.787503814697267,30.186220550537108,7.398716735839841,True
2025-02-03,XGBoost,0.8,25.1,26.535062789916992,22.83570442199707,30.234421157836913,7.398716735839841,True
2025-02-04,XGBoost,0.8,21.1,26.535062789916992,22.83570442199707,30.234421157836913,7.398716735839841,False
2025-02-05,XGBoost,0.8,27.4,23.863386154174805,20.164027786254884,27.562744522094725,7.398716735839841,True
2025-02-06,XGBoost,0.8,36.2,27.271486282348633,23.572127914428712,30.970844650268553,7.398716735839841,False
2025-02-07,XGBoost,0.8,26.8,29.349552154541016,25.650193786621095,33.048910522460936,7.398716735839841,True
2025-02-08,XGBoost,0.8,23.5,24.70172119140625,21.00236282348633,28.40107955932617,7.398716735839841,True
2025-02-09,XGBoost,0.8,27.5,26.502582550048828,22.803224182128908,30.20194091796875,7.398716735839841,True
2025-02-10,XGBoost,0.8,30.7,26.641769409179688,22.942411041259767,30.341127777099608,7.398716735839841,False
2025-02-11,XGBoost,0.8,31.9,28.29591178894043,24.59655342102051,31.99527015686035,7.398716735839841,True
2025-02-12,XGBoost,0.8,22.4,26.317747116088867,22.618388748168947,30.017105484008788,7.398716735839841,False
2025-02-13,XGBoost,0.8,22.9,24.450347900390625,20.750989532470705,28.149706268310545,7.398716735839841,True
2025-02-14,XGBoost,0.8,26.2,26.09336280822754,22.39400444030762,29.79272117614746,7.398716735839841,True
2025-02-15,XGBoost,0.8,25.5,27.38013458251953,23.68077621459961,31.07949295043945,7.398716735839841,True
2025-02-16,XGBoost,0.8,27.4,27.038816452026367,23.339458084106447,30.738174819946288,7.398716735839841,True
2025-02-17,XGBoost,0.8,26.3,27.51384735107422,23.8144889831543,31.21320571899414,7.398716735839841,True
2025-02-18,XGBoost,0.8,33.8,27.063581466674805,23.364223098754884,30.762939834594725,7.398716735839841,False
2025-02-19,XGBoost,0.8,34.7,29.87281608581543,26.17345771789551,33.57217445373535,7.398716735839841,False
2025-02-20,XGBoost,0.8,27.6,28.785263061523438,25.085904693603517,32.48462142944336,7.398716735839841,True
2025-02-21,XGBoost,0.8,28.8,24.832910537719727,21.133552169799806,28.532268905639647,7.398716735839841,False
2025-02-22,XGBoost,0.8,23.6,27.406164169311523,23.706805801391603,31.105522537231444,7.398716735839841,False
2025-02-23,XGBoost,0.8,25.8,26.254730224609375,22.555371856689455,29.954088592529295,7.398716735839841,True
2025-02-24,XGBoost,0.8,26.5,26.59037208557129,22.89101371765137,30.28973045349121,7.398716735839841,True
2025-02-25,XGBoost,0.8,31.7,27.429410934448242,23.73005256652832,31.128769302368163,7.398716735839841,False
2025-02-26,XGBoost,0.8,28.1,29.368040084838867,25.668681716918947,33.06739845275879,7.398716735839841,True
2025-02-27,XGBoost,0.8,28.1,28.17340087890625,24.47404251098633,31.87275924682617,7.398716735839841,True
2025-02-28,XGBoost,0.8,25.8,28.041942596435547,24.342584228515626,31.741300964355467,7.398716735839841,True
2025-03-01,XGBoost,0.8,34.5,26.722938537597656,23.023580169677736,30.422296905517577,7.398716735839841,False
2025-03-02,XGBoost,0.8,35.2,29.1256046295166,25.42624626159668,32.82496299743652,7.398716735839841,False
2025-03-03,XGBoost,0.8,26.5,29.19530487060547,25.49594650268555,32.89466323852539,7.398716735839841,True
2025-03-04,XGBoost,0.8,27.9,25.882492065429688,22.183133697509767,29.581850433349608,7.398716735839841,True
2025-03-05,XGBoost,0.8,25.3,27.221437454223633,23.522079086303712,30.920795822143553,7.398716735839841,True
2025-03-06,XGBoost,0.8,27.8,25.532516479492188,21.833158111572267,29.231874847412108,7.398716735839841,True
2025-03-07,XGBoost,0.8,31.5,27.443859100341797,23.744500732421876,31.143217468261717,7.398716735839841,False
2025-03-08,XGBoost,0.8,25.5,28.429859161376953,24.730500793457033,32.129217529296874,7.398716735839841,True
2025-03-09,XGBoost,0.8,22.5,24.668426513671875,20.969068145751955,28.367784881591795,7.398716735839841,True
2025-03-10,XGBoost,0.8,26.5,25.80650520324707,22.10714683532715,29.50586357116699,7.398716735839841,True
2025-03-11,XGBoost,0.8,28.5,26.472042083740234,22.772683715820314,30.171400451660155,7.398716735839841,True
2025-03-12,XGBoost,0.8,29.3,26.988344192504883,23.288985824584962,30.687702560424803,7.398716735839841,True
2025-03-13,XGBoost,0.8,35.9,28.36087989807129,24.66152153015137,32.06023826599121,7.398716735839841,False
2025-03-14,XGBoost,0.8,29.0,29.517139434814453,25.817781066894533,33.216497802734374,7.398716735839841,True
2025-03-15,XGBoost,0.8,26.6,27.833581924438477,24.134223556518556,31.532940292358397,7.398716735839841,True
2025-03-16,XGBoost,0.8,27.0,24.86546516418457,21.16610679626465,28.56482353210449,7.398716735839841,True
2025-03-17,XGBoost,0.8,31.6,26.9103946685791,23.21103630065918,30.609753036499022,7.398716735839841,False
2025-03-18,XGBoost,0.8,32.8,28.400894165039062,24.701535797119142,32.10025253295898,7.398716735839841,False
2025-03-19,XGBoost,0.8,29.1,27.745309829711914,24.045951461791994,31.444668197631835,7.398716735839841,True
2025-03-20,XGBoost,0.8,26.2,23.478097915649414,19.778739547729494,27.177456283569335,7.398716735839841,True
2025-03-21,XGBoost,0.8,24.6,24.301828384399414,20.602470016479494,28.001186752319335,7.398716735839841,True
2025-03-22,XGBoost,0.8,22.2,24.266550064086914,20.567191696166994,27.965908432006835,7.398716735839841,True
2025-03-23,XGBoost,0.8,23.6,23.136611938476562,19.437253570556642,26.835970306396483,7.398716735839841,True
2025-03-24,XGBoost,0.8,23.5,25.098669052124023,21.399310684204103,28.798027420043944,7.398716735839841,True
2025-03-25,XGBoost,0.8,22.5,22.176794052124023,18.477435684204103,25.876152420043944,7.398716735839841,True
2025-03-26,XGBoost,0.8,29.6,24.346412658691406,20.647054290771486,28.045771026611327,7.398716735839841,False
2025-03-27,XGBoost,0.8,30.9,26.954833984375,23.25547561645508,30.65419235229492,7.398716735839841,False
2025-03-28,XGBoost,0.8,24.6,26.756895065307617,23.057536697387697,30.456253433227538,7.398716735839841,True
2025-03-29,XGBoost,0.8,23.1,23.001399993896484,19.302041625976564,26.700758361816405,7.398716735839841,True
2025-03-30,XGBoost,0.8,25.8,23.61943817138672,19.9200798034668,27.31879653930664,7.398716735839841,True
2025-03-31,XGBoost,0.8,22.1,22.63233757019043,18.93297920227051,26.33169593811035,7.398716735839841,True
2025-04-01,XGBoost,0.8,24.5,22.554975509643555,18.855617141723634,26.254333877563475,7.398716735839841,True
2025-04-02,XGBoost,0.8,29.9,25.320026397705078,21.620668029785158,29.019384765625,7.398716735839841,False
2025-04-03,XGBoost,0.8,29.9,26.66126251220703,22.96190414428711,30.36062088012695,7.398716735839841,True
2025-04-04,XGBoost,0.8,31.6,27.795513153076172,24.09615478515625,31.494871520996092,7.398716735839841,False
2025-04-05,XGBoost,0.8,31.8,28.447174072265625,24.747815704345705,32.146532440185545,7.398716735839841,True
2025-04-06,XGBoost,0.8,30.9,28.35178565979004,24.65242729187012,32.05114402770996,7.398716735839841,True
2025-04-07,XGBoost,0.8,21.4,27.68780517578125,23.98844680786133,31.38716354370117,7.398716735839841,False
2025-04-08,XGBoost,0.8,22.6,22.2492618560791,18.54990348815918,25.948620223999022,7.398716735839841,True
2025-04-09,XGBoost,0.8,24.5,22.664230346679688,18.964871978759767,26.363588714599608,7.398716735839841,True
2025-04-10,XGBoost,0.8,27.7,24.807096481323242,21.10773811340332,28.506454849243163,7.398716735839841,True
2025-04-11,XGBoost,0.8,19.8,25.298311233520508,21.598952865600587,28.99766960144043,7.398716735839841,False
2025-04-12,XGBoost,0.8,19.5,20.674198150634766,16.974839782714845,24.373556518554686,7.398716735839841,True
2025-04-13,XGBoost,0.8,19.5,21.347501754760742,17.64814338684082,25.046860122680663,7.398716735839841,True
2025-04-14,XGBoost,0.8,23.4,22.43379020690918,18.73443183898926,26.1331485748291,7.398716735839841,True
2025-04-15,XGBoost,0.8,24.9,23.88135528564453,20.18199691772461,27.58071365356445,7.398716735839841,True
2025-04-16,XGBoost,0.8,27.3,24.459457397460938,20.760099029541017,28.158815765380858,7.398716735839841,True
2025-04-17,XGBoost,0.8,31.0,25.26289939880371,21.56354103088379,28.96225776672363,7.398716735839841,False
2025-04-18,XGBoost,0.8,22.6,27.161237716674805,23.461879348754884,30.860596084594725,7.398716735839841,False
2025-04-19,XGBoost,0.8,22.5,22.282346725463867,18.582988357543947,25.981705093383788,7.398716735839841,True
2025-04-20,XGBoost,0.8,21.3,24.615249633789062,20.915891265869142,28.314608001708983,7.398716735839841,True
2025-04-21,XGBoost,0.8,25.0,23.43590545654297,19.73654708862305,27.13526382446289,7.398716735839841,True
2025-04-22,XGBoost,0.8,24.3,24.611591339111328,20.912232971191408,28.31094970703125,7.398716735839841,True
2025-04-23,XGBoost,0.8,24.8,24.141597747802734,20.442239379882814,27.840956115722655,7.398716735839841,True
2025-04-24,XGBoost,0.8,24.1,23.44857406616211,19.74921569824219,27.14793243408203,7.398716735839841,True
2025-04-25,XGBoost,0.8,26.6,22.82973861694336,19.13038024902344,26.52909698486328,7.398716735839841,False
2025-04-26,XGBoost,0.8,34.3,25.015682220458984,21.316323852539064,28.715040588378905,7.398716735839841,False
2025-04-27,XGBoost,0.8,22.9,27.49761199951172,23.7982536315918,31.19697036743164,7.398716735839841,False
2025-04-28,XGBoost,0.8,20.0,24.336326599121094,20.636968231201173,28.035684967041014,7.398716735839841,False
2025-04-29,XGBoost,0.8,19.0,22.180118560791016,18.480760192871095,25.879476928710936,7.398716735839841,True
2025-04-30,XGBoost,0.8,15.9,21.043010711669922,17.34365234375,24.742369079589842,7.398716735839841,False
2025-05-01,XGBoost,0.8,16.5,17.285888671875,13.586530303955078,20.98524703979492,7.398716735839843,True
2025-05-02,XGBoost,0.8,19.6,18.014802932739258,14.315444564819336,21.71416130065918,7.398716735839843,True
2025-05-03,XGBoost,0.8,25.0,19.63408851623535,15.93473014831543,23.333446884155272,7.398716735839843,False
2025-05-04,XGBoost,0.8,21.1,22.509838104248047,18.810479736328126,26.209196472167967,7.398716735839841,True
2025-05-05,XGBoost,0.8,20.5,20.53942108154297,16.84006271362305,24.23877944946289,7.398716735839841,True
2025-05-06,XGBoost,0.8,19.8,22.120540618896484,18.421182250976564,25.819898986816405,7.398716735839841,True
2025-05-07,XGBoost,0.8,19.8,21.4325008392334,17.733142471313478,25.13185920715332,7.398716735839841,True
2025-05-08,XGBoost,0.8,20.6,21.028982162475586,17.329623794555665,24.728340530395506,7.398716735839841,True
2025-05-09,XGBoost,0.8,17.8,20.82703971862793,17.12768135070801,24.52639808654785,7.398716735839841,True
2025-05-10,XGBoost,0.8,18.0,17.546688079833984,13.847329711914062,21.246046447753905,7.398716735839843,True
2025-05-11,XGBoost,0.8,20.1,17.858598709106445,14.159240341186523,21.557957077026366,7.398716735839843,True
2025-05-12,XGBoost,0.8,21.0,20.82703971862793,17.12768135070801,24.52639808654785,7.398716735839841,True
2025-05-13,XGBoost,0.8,21.5,21.2749080657959,17.575549697875978,24.97426643371582,7.398716735839841,True
2025-05-14,XGBoost,0.8,23.6,20.610231399536133,16.910873031616212,24.309589767456053,7.398716735839841,True
2025-05-15,XGBoost,0.8,26.7,22.671934127807617,18.972575759887697,26.371292495727538,7.398716735839841,False
2025-05-16,XGBoost,0.8,23.2,23.746923446655273,20.047565078735353,27.446281814575194,7.398716735839841,True
2025-05-17,XGBoost,0.8,24.6,22.938636779785156,19.239278411865236,26.637995147705077,7.398716735839841,True
2025-05-18,XGBoost,0.8,19.9,20.934438705444336,17.235080337524415,24.633797073364256,7.398716735839841,True
2025-05-19,XGBoost,0.8,15.3,20.490097045898438,16.790738677978517,24.189455413818358,7.398716735839841,False
2025-05-20,XGBoost,0.8,16.4,16.66825294494629,12.968894577026367,20.36761131286621,7.398716735839843,True
2025-05-21,XGBoost,0.8,19.2,17.12175178527832,13.422393417358398,20.82111015319824,7.398716735839843,True
2025-05-22,XGBoost,0.8,18.9,20.01695442199707,16.31759605407715,23.71631278991699,7.398716735839841,True
2025-05-23,XGBoost,0.8,26.5,18.847148895263672,15.14779052734375,22.546507263183592,7.398716735839843,False
2025-05-24,XGBoost,0.8,21.4,21.78050994873047,18.08115158081055,25.47986831665039,7.398716735839841,True
2025-05-25,XGBoost,0.8,16.7,21.31557273864746,17.61621437072754,25.01493110656738,7.398716735839841,False
2025-05-26,XGBoost,0.8,20.1,17.510845184326172,13.81148681640625,21.210203552246092,7.398716735839843,True
2025-05-27,XGBoost,0.8,18.5,19.69904327392578,15.999684906005859,23.3984016418457,7.398716735839843,True
2025-05-28,XGBoost,0.8,18.4,17.209630966186523,13.510272598266601,20.908989334106444,7.398716735839843,True
2025-05-29,XGBoost,0.8,18.0,17.39675521850586,13.697396850585937,21.09611358642578,7.398716735839843,True
2025-05-30,XGBoost,0.8,18.2,18.081756591796875,14.382398223876953,21.781114959716795,7.398716735839843,True
2025-05-31,XGBoost,0.8,18.6,17.982145309448242,14.28278694152832,21.681503677368163,7.398716735839843,True
2025-06-01,XGBoost,0.8,17.5,19.481496810913086,15.782138442993164,23.180855178833006,7.398716735839843,True
2025-06-02,XGBoost,0.8,15.7,18.780092239379883,15.08073387145996,22.479450607299803,7.398716735839843,True
2025-06-03,XGBoost,0.8,17.7,16.68988609313965,12.990527725219726,20.38924446105957,7.398716735839843,True
2025-06-04,XGBoost,0.8,18.6,18.14871597290039,14.449357604980468,21.84807434082031,7.398716735839843,True
2025-06-05,XGBoost,0.8,16.6,20.662059783935547,16.962701416015626,24.361418151855467,7.398716735839841,False
2025-06-06,XGBoost,0.8,14.8,17.122394561767578,13.423036193847656,20.8217529296875,7.398716735839843,True
2025-06-07,XGBoost,0.8,13.9,15.74691390991211,12.047555541992187,19.44627227783203,7.398716735839843,True
2025-06-08,XGBoost,0.8,15.5,15.028474807739258,11.329116439819336,18.72783317565918,7.398716735839843,True
2025-06-09,XGBoost,0.8,16.4,16.321361541748047,12.622003173828125,20.020719909667967,7.398716735839843,True
2025-06-10,XGBoost,0.8,18.0,18.212486267089844,14.513127899169922,21.911844635009764,7.398716735839843,True
2025-06-11,XGBoost,0.8,18.9,18.751855850219727,15.052497482299804,22.451214218139647,7.398716735839843,True
2025-06-12,XGBoost,0.8,22.5,19.959625244140625,16.260266876220705,23.658983612060545,7.398716735839841,True
2025-06-13,XGBoost,0.8,25.1,20.363977432250977,16.664619064331056,24.063335800170897,7.398716735839841,False
2025-06-14,XGBoost,0.8,25.0,21.593339920043945,17.893981552124025,25.292698287963866,7.398716735839841,True
2025-06-15,XGBoost,0.8,15.7,21.629905700683594,17.930547332763673,25.329264068603514,7.398716735839841,False
2025-06-16,XGBoost,0.8,15.3,16.812358856201172,13.11300048828125,20.511717224121092,7.398716735839843,True
2025-06-17,XGBoost,0.8,17.1,16.868148803710938,13.168790435791015,20.567507171630858,7.398716735839843,True
2025-06-18,XGBoost,0.8,16.0,15.935322761535645,12.235964393615722,19.634681129455565,7.398716735839843,True
2025-06-19,XGBoost,0.8,18.2,16.332500457763672,12.63314208984375,20.031858825683592,7.398716735839843,True
2025-06-20,XGBoost,0.8,19.8,16.750732421875,13.051374053955078,20.45009078979492,7.398716735839843,True
2025-06-21,XGBoost,0.8,15.1,18.602222442626953,14.902864074707031,22.301580810546874,7.398716735839843,True
2025-06-22,XGBoost,0.8,17.2,15.960204124450684,12.260845756530761,19.659562492370604,7.398716735839843,True
2025-06-23,XGBoost,0.8,17.2,16.389144897460938,12.689786529541015,20.088503265380858,7.398716735839843,True
2025-06-24,XGBoost,0.8,13.1,18.76120376586914,15.061845397949218,22.46056213378906,7.398716735839843,False
2025-06-25,XGBoost,0.8,13.4,15.255457878112793,11.55609951019287,18.954816246032713,7.398716735839843,True
2025-06-26,XGBoost,0.8,13.2,14.327326774597168,10.627968406677246,18.02668514251709,7.398716735839843,True
2025-06-27,XGBoost,0.8,14.6,14.850162506103516,11.150804138183593,18.549520874023436,7.398716735839843,True
2025-06-28,XGBoost,0.8,18.4,15.176711082458496,11.477352714538574,18.876069450378417,7.398716735839843,True
2025-06-29,XGBoost,0.8,18.0,15.82397747039795,12.124619102478027,19.52333583831787,7.398716735839843,True
2025-06-30,XGBoost,0.8,15.9,18.929492950439453,15.230134582519531,22.628851318359374,7.398716735839843,True
2025-07-01,XGBoost,0.8,16.5,18.54639434814453,14.847035980224609,22.24575271606445,7.398716735839843,True
2025-07-02,XGBoost,0.8,14.0,16.208951950073242,12.50959358215332,19.908310317993163,7.398716735839843,True
2025-07-03,XGBoost,0.8,13.7,14.749574661254883,11.05021629333496,18.448933029174803,7.398716735839843,True
2025-07-04,XGBoost,0.8,14.3,14.40660572052002,10.707247352600097,18.10596408843994,7.398716735839843,True
2025-07-05,XGBoost,0.8,14.6,14.952496528625488,11.253138160705566,18.65185489654541,7.398716735839843,True
2025-07-06,XGBoost,0.8,15.4,14.660009384155273,10.960651016235351,18.359367752075194,7.398716735839843,True
2025-07-07,XGBoost,0.8,18.6,16.54173469543457,12.842376327514648,20.24109306335449,7.398716735839843,True
2025-07-08,XGBoost,0.8,16.8,17.76033592224121,14.060977554321289,21.45969429016113,7.398716735839843,True
2025-07-09,XGBoost,0.8,16.8,18.24820899963379,14.548850631713867,21.94756736755371,7.398716735839843,True
2025-07-10,XGBoost,0.8,13.8,16.439132690429688,12.739774322509765,20.138491058349608,7.398716735839843,True
2025-07-11,XGBoost,0.8,14.9,15.647830963134766,11.948472595214843,19.347189331054686,7.398716735839843,True
2025-07-12,XGBoost,0.8,15.2,17.131275177001953,13.431916809082031,20.830633544921874,7.398716735839843,True
2025-07-13,XGBoost,0.8,15.9,16.77353858947754,13.074180221557617,20.47289695739746,7.398716735839843,True
2025-07-14,XGBoost,0.8,16.5,16.738815307617188,13.039456939697265,20.438173675537108,7.398716735839843,True
2025-07-15,XGBoost,0.8,17.0,17.34494972229004,13.645591354370117,21.04430809020996,7.398716735839843,True
2025-07-16,XGBoost,0.8,16.3,17.766876220703125,14.067517852783203,21.466234588623045,7.398716735839843,True
2025-07-17,XGBoost,0.8,15.0,15.358887672424316,11.659529304504394,19.058246040344237,7.398716735839843,True
2025-07-18,XGBoost,0.8,16.4,17.165494918823242,13.46613655090332,20.864853286743163,7.398716735839843,True
2025-07-19,XGBoost,0.8,18.6,17.758853912353516,14.059495544433593,21.458212280273436,7.398716735839843,True
2025-07-20,XGBoost,0.8,14.8,18.18553352355957,14.486175155639648,21.88489189147949,7.398716735839843,True
2025-07-21,XGBoost,0.8,16.9,15.773903846740723,12.0745454788208,19.473262214660643,7.398716735839843,True
2025-07-22,XGBoost,0.8,17.2,17.295536041259766,13.596177673339843,20.994894409179686,7.398716735839843,True
2025-07-23,XGBoost,0.8,16.6,17.933115005493164,14.233756637573242,21.632473373413085,7.398716735839843,True
2025-07-24,XGBoost,0.8,14.6,17.18548011779785,13.48612174987793,20.884838485717772,7.398716735839843,True
2025-07-25,XGBoost,0.8,15.1,16.13123321533203,12.431874847412109,19.83059158325195,7.398716735839843,True
2025-07-26,XGBoost,0.8,19.0,17.057117462158203,13.357759094238281,20.756475830078124,7.398716735839843,True
2025-07-27,XGBoost,0.8,21.0,17.464330673217773,13.764972305297851,21.163689041137694,7.398716735839843,True
2025-07-28,XGBoost,0.8,26.6,19.633329391479492,15.93397102355957,23.332687759399413,7.398716735839843,False
2025-07-29,XGBoost,0.8,15.9,22.39256477355957,18.69320640563965,26.09192314147949,7.398716735839841,False
2025-07-30,XGBoost,0.8,13.3,16.111858367919922,12.4125,19.811216735839842,7.398716735839843,True
2025-07-31,XGBoost,0.8,15.6,15.781265258789062,12.08190689086914,19.480623626708983,7.398716735839843,True
2025-08-01,XGBoost,0.8,23.0,17.106727600097656,13.407369232177734,20.806085968017577,7.398716735839843,False
2025-08-02,XGBoost,0.8,21.2,18.20305824279785,14.50369987487793,21.902416610717772,7.398716735839843,True
2025-08-03,XGBoost,0.8,14.4,20.224580764770508,16.525222396850587,23.92393913269043,7.398716735839841,False
2025-08-04,XGBoost,0.8,14.8,15.667219161987305,11.967860794067382,19.366577529907225,7.398716735839843,True
2025-08-05,XGBoost,0.8,15.1,15.155458450317383,11.45610008239746,18.854816818237303,7.398716735839843,True
2025-08-06,XGBoost,0.8,17.0,15.359297752380371,11.659939384460449,19.05865612030029,7.398716735839843,True
2025-08-07,XGBoost,0.8,17.2,16.95578956604004,13.256431198120117,20.65514793395996,7.398716735839843,True
2025-08-08,XGBoost,0.8,14.4,18.159523010253906,14.460164642333984,21.858881378173827,7.398716735839843,False
2025-08-09,XGBoost,0.8,15.1,15.152894020080566,11.453535652160644,18.852252388000487,7.398716735839843,True
2025-08-10,XGBoost,0.8,15.9,15.498520851135254,11.799162483215332,19.197879219055174,7.398716735839843,True
2025-08-11,XGBoost,0.8,16.5,17.758853912353516,14.059495544433593,21.458212280273436,7.398716735839843,True
2025-08-12,XGBoost,0.8,16.4,17.279205322265625,13.579846954345703,20.978563690185545,7.398716735839843,True
2025-08-13,XGBoost,0.8,15.0,17.75259017944336,14.053231811523437,21.45194854736328,7.398716735839843,True
2025-08-14,XGBoost,0.8,16.6,17.72221565246582,14.022857284545898,21.42157402038574,7.398716735839843,True
2025-08-15,XGBoost,0.8,16.9,16.239303588867188,12.539945220947265,19.938661956787108,7.398716735839843,True
2025-08-16,XGBoost,0.8,19.5,16.43730354309082,12.737945175170898,20.13666191101074,7.398716735839843,True
2025-08-17,XGBoost,0.8,19.6,19.55754852294922,15.858190155029297,23.25690689086914,7.398716735839843,True
2025-08-18,XGBoost,0.8,18.9,19.27019500732422,15.570836639404297,22.96955337524414,7.398716735839843,True
2025-08-19,XGBoost,0.8,17.6,17.196653366088867,13.497294998168945,20.896011734008788,7.398716735839843,True
2025-08-20,XGBoost,0.8,17.2,16.12055015563965,12.421191787719726,19.81990852355957,7.398716735839843,True
2025-08-21,XGBoost,0.8,17.2,16.753711700439453,13.054353332519531,20.453070068359374,7.398716735839843,True
2025-08-22,XGBoost,0.8,15.4,16.752519607543945,13.053161239624023,20.451877975463866,7.398716735839843,True
2025-08-23,XGBoost,0.8,16.2,16.404451370239258,12.705093002319336,20.10380973815918,7.398716735839843,True
2025-08-24,XGBoost,0.8,16.2,16.01773452758789,12.318376159667968,19.71709289550781,7.398716735839843,True
2025-08-25,XGBoost,0.8,19.0,18.011022567749023,14.311664199829101,21.710380935668944,7.398716735839843,True
2025-08-26,XGBoost,0.8,18.4,18.407503128051758,14.708144760131836,22.10686149597168,7.398716735839843,True
2025-08-27,XGBoost,0.8,19.0,19.274900436401367,15.575542068481445,22.974258804321288,7.398716735839843,True
2025-08-28,XGBoost,0.8,20.0,19.848073959350586,16.148715591430665,23.547432327270506,7.398716735839841,True
2025-08-29,XGBoost,0.8,19.4,19.77231216430664,16.07295379638672,23.47167053222656,7.398716735839841,True
2025-08-30,XGBoost,0.8,18.6,19.88770294189453,16.18834457397461,23.58706130981445,7.398716735839841,True
2025-08-31,XGBoost,0.8,21.5,19.109312057495117,15.409953689575195,22.808670425415038,7.398716735839843,True
2025-09-01,XGBoost,0.8,20.5,20.821020126342773,17.121661758422853,24.520378494262694,7.398716735839841,True
2025-09-02,XGBoost,0.8,19.2,20.049358367919922,16.35,23.748716735839842,7.398716735839841,True
2025-09-03,XGBoost,0.8,18.9,19.25200653076172,15.552648162841797,22.95136489868164,7.398716735839843,True
2025-09-04,XGBoost,0.8,17.8,18.648778915405273,14.949420547485351,22.348137283325194,7.398716735839843,True
2025-09-05,XGBoost,0.8,17.0,18.986804962158203,15.287446594238281,22.686163330078124,7.398716735839843,True
2025-09-06,XGBoost,0.8,19.0,19.109312057495117,15.409953689575195,22.808670425415038,7.398716735839843,True
2025-09-07,XGBoost,0.8,26.5,20.020259857177734,16.320901489257814,23.719618225097655,7.398716735839841,False
2025-09-08,XGBoost,0.8,25.7,22.417190551757812,18.717832183837892,26.116548919677733,7.398716735839841,True
2025-09-09,XGBoost,0.8,19.5,22.263124465942383,18.563766098022462,25.962482833862303,7.398716735839841,True
2025-09-10,XGBoost,0.8,19.1,20.50065040588379,16.80129203796387,24.20000877380371,7.398716735839841,True
2025-09-11,XGBoost,0.8,18.7,18.7602596282959,15.060901260375976,22.45961799621582,7.398716735839843,True
2025-09-12,XGBoost,0.8,20.0,20.02576446533203,16.32640609741211,23.72512283325195,7.398716735839841,True
2025-09-13,XGBoost,0.8,21.4,20.714191436767578,17.014833068847658,24.4135498046875,7.398716735839841,True
2025-09-14,XGBoost,0.8,17.9,20.5523738861084,16.853015518188478,24.25173225402832,7.398716735839841,True
2025-09-15,XGBoost,0.8,17.1,16.680892944335938,12.981534576416015,20.380251312255858,7.398716735839843,True
2025-09-16,XGBoost,0.8,15.7,17.214712142944336,13.515353775024414,20.914070510864256,7.398716735839843,True
2025-09-17,XGBoost,0.8,16.8,18.893203735351562,15.19384536743164,22.592562103271483,7.398716735839843,True
2025-09-18,XGBoost,0.8,22.3,18.14581298828125,14.446454620361328,21.84517135620117,7.398716735839843,False
2025-09-19,XGBoost,0.8,20.4,20.06069564819336,16.36133728027344,23.76005401611328,7.398716735839841,True
2025-09-20,XGBoost,0.8,17.8,21.74313735961914,18.04377899169922,25.44249572753906,7.398716735839841,False
2025-09-21,XGBoost,0.8,19.4,18.518657684326172,14.81929931640625,22.218016052246092,7.398716735839843,True
2025-09-22,XGBoost,0.8,16.4,18.212886810302734,14.513528442382812,21.912245178222655,7.398716735839843,True
2025-09-23,XGBoost,0.8,18.5,17.19485092163086,13.495492553710937,20.89420928955078,7.398716735839843,True
2025-09-24,XGBoost,0.8,19.4,19.900896072387695,16.201537704467775,23.600254440307616,7.398716735839841,True
2025-09-25,XGBoost,0.8,26.6,20.244712829589844,16.545354461669923,23.944071197509764,7.398716735839841,False
2025-09-26,XGBoost,0.8,23.6,23.579303741455078,19.879945373535158,27.278662109375,7.398716735839841,True
2025-09-27,XGBoost,0.8,19.9,22.07832145690918,18.37896308898926,25.7776798248291,7.398716735839841,True
2025-09-28,XGBoost,0.8,24.1,21.195049285888672,17.49569091796875,24.894407653808592,7.398716735839841,True
2025-09-29,XGBoost,0.8,34.5,22.761388778686523,19.062030410766603,26.460747146606444,7.398716735839841,False
2025-09-30,XGBoost,0.8,20.8,25.272939682006836,21.573581314086915,28.972298049926756,7.398716735839841,False
2025-10-01,XGBoost,0.8,18.4,18.192596435546875,14.493238067626953,21.891954803466795,7.398716735839843,True
2025-10-02,XGBoost,0.8,25.6,20.582246780395508,16.882888412475587,24.28160514831543,7.398716735839841,False
2025-10-03,XGBoost,0.8,22.4,23.058670043945312,19.359311676025392,26.758028411865233,7.398716735839841,True
2025-10-04,XGBoost,0.8,19.0,21.416568756103516,17.717210388183595,25.115927124023436,7.398716735839841,True
2025-10-05,XGBoost,0.8,19.5,20.47182273864746,16.77246437072754,24.17118110656738,7.398716735839841,True
2025-10-06,XGBoost,0.8,20.6,18.53710174560547,14.837743377685547,22.23646011352539,7.398716735839843,True
2025-10-07,XGBoost,0.8,20.9,21.513957977294922,17.814599609375,25.213316345214842,7.398716735839841,True
2025-10-08,XGBoost,0.8,27.2,21.19047737121582,17.4911190032959,24.88983573913574,7.398716735839841,False
2025-10-09,XGBoost,0.8,27.0,24.0008544921875,20.30149612426758,27.70021286010742,7.398716735839841,True
2025-10-10,XGBoost,0.8,24.0,23.87105941772461,20.17170104980469,27.57041778564453,7.398716735839841,True
2025-10-11,XGBoost,0.8,23.7,22.358232498168945,18.658874130249025,26.057590866088866,7.398716735839841,True
2025-10-12,XGBoost,0.8,22.1,23.482423782348633,19.783065414428712,27.181782150268553,7.398716735839841,True
2025-10-13,XGBoost,0.8,19.8,23.67202377319336,19.97266540527344,27.37138214111328,7.398716735839841,False
2025-10-14,XGBoost,0.8,19.1,19.9266414642334,16.227283096313478,23.62599983215332,7.398716735839841,True
2025-10-15,XGBoost,0.8,18.6,21.06618881225586,17.36683044433594,24.76554718017578,7.398716735839841,True
2025-10-16,XGBoost,0.8,27.8,18.865585327148438,15.166226959228515,22.564943695068358,7.398716735839843,False
2025-10-17,XGBoost,0.8,19.6,24.269821166992188,20.570462799072267,27.969179534912108,7.398716735839841,False
2025-10-18,XGBoost,0.8,24.5,20.53056526184082,16.8312068939209,24.22992362976074,7.398716735839841,False
2025-10-19,XGBoost,0.8,28.8,23.150907516479492,19.45154914855957,26.850265884399413,7.398716735839841,False
2025-10-20,XGBoost,0.8,31.4,24.91859245300293,21.21923408508301,28.61795082092285,7.398716735839841,False
2025-10-21,XGBoost,0.8,31.5,26.008155822753906,22.308797454833986,29.707514190673827,7.398716735839841,False
2025-10-22,XGBoost,0.8,22.5,25.268924713134766,21.569566345214845,28.968283081054686,7.398716735839841,True
2025-10-23,XGBoost,0.8,20.4,23.19842529296875,19.49906692504883,26.89778366088867,7.398716735839841,True
2025-10-24,XGBoost,0.8,19.5,22.550107955932617,18.850749588012697,26.249466323852538,7.398716735839841,True
2025-10-25,XGBoost,0.8,17.6,19.813743591308594,16.114385223388673,23.513101959228514,7.398716735839841,True
2025-10-26,XGBoost,0.8,20.4,18.65436363220215,14.955005264282226,22.35372200012207,7.398716735839843,True
2025-10-27,XGBoost,0.8,20.5,21.79084587097168,18.09148750305176,25.4902042388916,7.398716735839841,True
2025-10-28,XGBoost,0.8,21.6,22.407251358032227,18.707892990112306,26.106609725952147,7.398716735839841,True
2025-10-29,XGBoost,0.8,31.5,23.37724494934082,19.6778865814209,27.07660331726074,7.398716735839841,False
2025-10-30,XGBoost,0.8,22.2,26.564878463745117,22.865520095825197,30.264236831665038,7.398716735839841,False
2025-10-31,XGBoost,0.8,20.6,22.2805118560791,18.58115348815918,25.979870223999022,7.398716735839841,True
2025-11-01,XGBoost,0.8,21.0,20.538393020629883,16.839034652709962,24.237751388549803,7.398716735839841,True
2025-11-02,XGBoost,0.8,23.2,22.83316993713379,19.13381156921387,26.53252830505371,7.398716735839841,True
2025-11-03,XGBoost,0.8,22.4,23.40593910217285,19.70658073425293,27.105297470092772,7.398716735839841,True
2025-11-04,XGBoost,0.8,27.1,23.248634338378906,19.549275970458986,26.947992706298827,7.398716735839841,False
2025-11-05,XGBoost,0.8,29.9,25.022249221801758,21.322890853881837,28.72160758972168,7.398716735839841,False
2025-11-06,XGBoost,0.8,34.3,26.6975040435791,22.99814567565918,30.396862411499022,7.398716735839841,False
2025-11-07,XGBoost,0.8,30.9,28.308076858520508,24.608718490600587,32.00743522644043,7.398716735839841,True
2025-11-08,XGBoost,0.8,29.9,27.799850463867188,24.100492095947267,31.499208831787108,7.398716735839841,True
2025-11-09,XGBoost,0.8,28.6,27.46953773498535,23.77017936706543,31.168896102905272,7.398716735839841,True
2025-11-10,XGBoost,0.8,25.9,24.941930770874023,21.242572402954103,28.641289138793944,7.398716735839841,True
2025-11-11,XGBoost,0.8,25.3,24.259174346923828,20.559815979003908,27.95853271484375,7.398716735839841,True
2025-11-12,XGBoost,0.8,28.0,24.803312301635742,21.10395393371582,28.502670669555663,7.398716735839841,True
2025-11-13,XGBoost,0.8,25.5,25.703235626220703,22.003877258300783,29.402593994140624,7.398716735839841,True
2025-11-14,XGBoost,0.8,22.1,24.34117317199707,20.64181480407715,28.04053153991699,7.398716735839841,True
2025-11-15,XGBoost,0.8,25.8,23.74726676940918,20.04790840148926,27.4466251373291,7.398716735839841,True
2025-11-16,XGBoost,0.8,30.5,24.895523071289062,21.196164703369142,28.594881439208983,7.398716735839841,False
2025-11-17,XGBoost,0.8,24.5,25.988740921020508,22.289382553100587,29.68809928894043,7.398716735839841,True
2025-11-18,XGBoost,0.8,25.4,24.46083641052246,20.76147804260254,28.16019477844238,7.398716735839841,True
2025-11-19,XGBoost,0.8,25.1,25.02129364013672,21.3219352722168,28.72065200805664,7.398716735839841,True
2025-11-20,XGBoost,0.8,27.6,24.577423095703125,20.878064727783205,28.276781463623045,7.398716735839841,True
2025-11-21,XGBoost,0.8,29.9,25.88160514831543,22.18224678039551,29.58096351623535,7.398716735839841,False
2025-11-22,XGBoost,0.8,25.4,26.148225784301758,22.448867416381837,29.84758415222168,7.398716735839841,True
2025-11-23,XGBoost,0.8,24.6,25.14470672607422,21.4453483581543,28.84406509399414,7.398716735839841,True
2025-11-24,XGBoost,0.8,34.5,24.58201026916504,20.88265190124512,28.28136863708496,7.398716735839841,False
2025-11-25,XGBoost,0.8,25.9,29.195158004760742,25.49579963684082,32.89451637268066,7.398716735839841,True
2025-11-26,XGBoost,0.8,32.6,25.578937530517578,21.879579162597658,29.2782958984375,7.398716735839841,False
2025-11-27,XGBoost,0.8,27.5,28.79473876953125,25.09538040161133,32.49409713745117,7.398716735839841,True
2025-11-28,XGBoost,0.8,24.0,24.494827270507812,20.795468902587892,28.194185638427733,7.398716735839841,True
2025-11-29,XGBoost,0.8,27.1,23.675064086914062,19.975705718994142,27.374422454833983,7.398716735839841,True
2025-11-30,XGBoost,0.8,26.0,25.591468811035156,21.892110443115236,29.290827178955077,7.398716735839841,True
2025-12-01,XGBoost,0.8,24.6,25.23111343383789,21.53175506591797,28.93047180175781,7.398716735839841,True
2025-12-02,XGBoost,0.8,29.6,25.475330352783203,21.775971984863283,29.174688720703124,7.398716735839841,False
2025-12-03,XGBoost,0.8,32.3,28.2293643951416,24.53000602722168,31.928722763061522,7.398716735839841,False
2025-12-04,XGBoost,0.8,24.9,26.79991912841797,23.10056076049805,30.49927749633789,7.398716735839841,True
2025-12-05,XGBoost,0.8,23.6,25.5175724029541,21.81821403503418,29.216930770874022,7.398716735839841,True
2025-12-06,XGBoost,0.8,27.5,25.659996032714844,21.960637664794923,29.359354400634764,7.398716735839841,True
2025-12-07,XGBoost,0.8,23.8,25.594606399536133,21.895248031616212,29.293964767456053,7.398716735839841,True
2025-12-08,XGBoost,0.8,24.4,24.953664779663086,21.254306411743165,28.653023147583006,7.398716735839841,True
2025-12-09,XGBoost,0.8,30.8,25.564239501953125,21.864881134033205,29.263597869873045,7.398716735839841,False
2025-12-10,XGBoost,0.8,33.5,28.05342674255371,24.35406837463379,31.75278511047363,7.398716735839841,False
2025-12-11,XGBoost,0.8,24.4,27.881065368652344,24.181707000732423,31.580423736572264,7.398716735839841,True
2025-12-12,XGBoost,0.8,20.6,23.8016300201416,20.10227165222168,27.500988388061522,7.398716735839841,True
2025-12-13,XGBoost,0.8,23.6,22.12133026123047,18.42197189331055,25.82068862915039,7.398716735839841,True
2025-12-14,XGBoost,0.8,24.7,24.590953826904297,20.891595458984376,28.290312194824217,7.398716735839841,True
2025-12-15,XGBoost,0.8,27.0,24.887500762939453,21.188142395019533,28.586859130859374,7.398716735839841,True
2025-12-16,XGBoost,0.8,21.3,24.47471809387207,20.77535972595215,28.17407646179199,7.398716735839841,True
2025-12-17,XGBoost,0.8,23.1,22.93174934387207,19.23239097595215,26.63110771179199,7.398716735839841,True
2025-12-18,XGBoost,0.8,23.5,24.730854034423828,21.031495666503908,28.43021240234375,7.398716735839841,True
2025-12-19,XGBoost,0.8,30.2,25.06558609008789,21.36622772216797,28.76494445800781,7.398716735839841,False
2025-12-20,XGBoost,0.8,34.5,27.92183494567871,24.22247657775879,31.62119331359863,7.398716735839841,False
2025-12-21,XGBoost,0.8,30.8,28.975128173828125,25.275769805908205,32.674486541748045,7.398716735839841,True
2025-12-22,XGBoost,0.8,23.5,27.650667190551758,23.951308822631837,31.35002555847168,7.398716735839841,False
2025-12-23,XGBoost,0.8,27.9,24.60726547241211,20.90790710449219,28.30662384033203,7.398716735839841,True
2025-12-24,XGBoost,0.8,29.0,27.08265495300293,23.38329658508301,30.78201332092285,7.398716735839841,True
2025-12-25,XGBoost,0.8,28.8,26.578256607055664,22.878898239135744,30.277614974975585,7.398716735839841,True
2025-12-26,XGBoost,0.8,27.9,26.761503219604492,23.06214485168457,30.460861587524413,7.398716735839841,True
2025-12-27,XGBoost,0.8,30.5,26.831302642822266,23.131944274902345,30.530661010742186,7.398716735839841,True
2025-12-28,XGBoost,0.8,35.6,28.274620056152344,24.575261688232423,31.973978424072264,7.398716735839841,False
2025-12-29,XGBoost,0.8,30.2,29.907093048095703,26.207734680175783,33.606451416015624,7.398716735839841,True
2025-12-30,XGBoost,0.8,26.8,27.34740447998047,23.64804611206055,31.04676284790039,7.398716735839841,True
2024-05-07,MLP,0.8,19.2,20.264889558429235,16.47223908440704,24.05754003245143,7.585300948044392,True
2024-05-08,MLP,0.8,20.8,20.60470512079802,16.812054646775824,24.397355594820215,7.585300948044392,True
2024-05-09,MLP,0.8,18.4,22.15057351173992,18.357923037717725,25.943223985762117,7.585300948044392,True
2024-05-10,MLP,0.8,18.6,17.020484453520528,13.227833979498332,20.813134927542723,7.585300948044392,True
2024-05-11,MLP,0.8,20.6,19.2081612479965,15.415510773974304,23.000811722018696,7.585300948044392,True
2024-05-12,MLP,0.8,24.4,20.735589419429445,16.94293894540725,24.52823989345164,7.585300948044392,True
2024-05-13,MLP,0.8,29.6,21.383243981873598,17.590593507851402,25.175894455895794,7.585300948044392,False
2024-05-14,MLP,0.8,22.0,23.692482706079833,19.899832232057637,27.48513318010203,7.585300948044392,True
2024-05-15,MLP,0.8,21.0,20.915939186866886,17.12328871284469,24.708589660889082,7.585300948044392,True
2024-05-16,MLP,0.8,21.1,21.5305581172557,17.737907643233505,25.323208591277897,7.585300948044392,True
2024-05-17,MLP,0.8,24.3,22.260069023303686,18.46741854928149,26.05271949732588,7.585300948044392,True
2024-05-18,MLP,0.8,22.7,21.676615369069836,17.88396489504764,25.469265843092032,7.585300948044392,True
2024-05-19,MLP,0.8,24.8,20.86250905825296,17.069858584230765,24.655159532275157,7.585300948044392,False
2024-05-20,MLP,0.8,21.4,20.97112646693163,17.178475992909434,24.763776940953825,7.585300948044392,True
2024-05-21,MLP,0.8,21.5,20.40051042677932,16.607859952757124,24.193160900801516,7.585300948044392,True
2024-05-22,MLP,0.8,19.7,21.71268757118948,17.920037097167285,25.505338045211676,7.585300948044392,True
2024-05-23,MLP,0.8,23.4,20.059038091153703,16.266387617131507,23.8516885651759,7.585300948044392,True
2024-05-24,MLP,0.8,19.6,22.79197304159159,18.999322567569394,26.584623515613785,7.585300948044392,True
2024-05-25,MLP,0.8,20.4,20.71148639713396,16.918835923111764,24.504136871156156,7.585300948044392,True
2024-05-26,MLP,0.8,22.0,21.102532075351853,17.309881601329657,24.89518254937405,7.585300948044392,True
2024-05-27,MLP,0.8,27.2,20.665342469272975,16.87269199525078,24.45799294329517,7.585300948044392,False
2024-05-28,MLP,0.8,32.5,22.948866954440895,19.1562164804187,26.74151742846309,7.585300948044392,False
2024-05-29,MLP,0.8,17.2,25.37834012710404,21.585689653081843,29.170990601126235,7.585300948044392,False
2024-05-30,MLP,0.8,17.3,18.0814310064138,14.288780532391606,21.874081480435997,7.585300948044392,True
2024-05-31,MLP,0.8,18.7,18.235041661073804,14.442391187051609,22.027692135096,7.585300948044392,True
2024-06-01,MLP,0.8,18.4,19.979424709214086,16.18677423519189,23.772075183236282,7.585300948044392,True
2024-06-02,MLP,0.8,15.1,19.38174373324721,15.589093259225013,23.174394207269405,7.585300948044392,False
2024-06-03,MLP,0.8,19.3,16.248977695714984,12.456327221692788,20.04162816973718,7.585300948044392,True
2024-06-04,MLP,0.8,17.5,16.60796587006181,12.815315396039615,20.400616344084007,7.585300948044392,True
2024-06-05,MLP,0.8,17.2,15.564097577420114,11.771447103397918,19.35674805144231,7.585300948044392,True
2024-06-06,MLP,0.8,17.1,15.369531376711468,11.576880902689272,19.162181850733663,7.585300948044392,True
2024-06-07,MLP,0.8,17.8,18.743814053996402,14.951163579974207,22.5364645280186,7.585300948044392,True
2024-06-08,MLP,0.8,17.2,19.355648925974346,15.56299845195215,23.148299399996542,7.585300948044392,True
2024-06-09,MLP,0.8,25.5,17.53985610331587,13.747205629293674,21.332506577338066,7.585300948044392,False
2024-06-10,MLP,0.8,24.3,23.222302193069268,19.429651719047072,27.014952667091464,7.585300948044392,True
2024-06-11,MLP,0.8,19.2,18.39699288041912,14.604342406396924,22.189643354441316,7.585300948044392,True
2024-06-12,MLP,0.8,18.9,19.881709966204703,16.089059492182507,23.6743604402269,7.585300948044392,True
2024-06-13,MLP,0.8,19.6,18.73789907787485,14.945248603852654,22.530549551897046,7.585300948044392,True
2024-06-14,MLP,0.8,20.6,20.540606913276413,16.747956439254217,24.33325738729861,7.585300948044392,True
2024-06-15,MLP,0.8,22.2,19.769942409271508,15.977291935249312,23.562592883293703,7.585300948044392,True
2024-06-16,MLP,0.8,20.1,20.959004131979984,17.16635365795779,24.75165460600218,7.585300948044392,True
2024-06-17,MLP,0.8,18.3,20.28487985238129,16.492229378359095,24.077530326403487,7.585300948044392,True
2024-06-18,MLP,0.8,16.6,15.988343439476534,12.195692965454338,19.78099391349873,7.585300948044392,True
2024-06-19,MLP,0.8,17.0,16.856643042373133,13.063992568350937,20.64929351639533,7.585300948044392,True
2024-06-20,MLP,0.8,18.1,17.956934636635125,14.16428416261293,21.74958511065732,7.585300948044392,True
2024-06-21,MLP,0.8,19.2,15.663782243403963,11.871131769381767,19.45643271742616,7.585300948044393,True
2024-06-22,MLP,0.8,20.8,17.283653016760123,13.491002542737927,21.07630349078232,7.585300948044392,True
2024-06-23,MLP,0.8,17.8,18.723374718854004,14.930724244831808,22.5160251928762,7.585300948044392,True
2024-06-24,MLP,0.8,17.7,19.20031381242942,15.407663338407225,22.992964286451617,7.585300948044392,True
2024-06-25,MLP,0.8,20.2,18.47386309841405,14.681212624391854,22.266513572436246,7.585300948044392,True
2024-06-26,MLP,0.8,25.1,19.37987714154037,15.587226667518173,23.172527615562565,7.585300948044392,False
2024-06-27,MLP,0.8,26.6,22.808748729519692,19.016098255497496,26.601399203541888,7.585300948044392,True
2024-06-28,MLP,0.8,21.4,23.536462005246086,19.74381153122389,27.329112479268282,7.585300948044392,True
2024-06-29,MLP,0.8,19.6,20.00287244823538,16.210221974213184,23.795522922257575,7.585300948044392,True
2024-06-30,MLP,0.8,17.0,20.6383647570344,16.845714283012203,24.431015231056595,7.585300948044392,True
2024-07-01,MLP,0.8,17.0,17.76257366836932,13.969923194347125,21.555224142391516,7.585300948044392,True
2024-07-02,MLP,0.8,15.5,17.31535168253236,13.522701208510163,21.108002156554555,7.585300948044392,True
2024-07-03,MLP,0.8,16.5,14.215912189482491,10.423261715460296,18.008562663504687,7.585300948044392,True
2024-07-04,MLP,0.8,17.0,14.879798829366349,11.087148355344153,18.672449303388547,7.585300948044393,True
2024-07-05,MLP,0.8,21.8,18.66060129300115,14.867950818978954,22.453251767023346,7.585300948044392,True
2024-07-06,MLP,0.8,14.6,20.643370754514024,16.850720280491828,24.43602122853622,7.585300948044392,False
2024-07-07,MLP,0.8,13.1,13.84397686079863,10.051326386776434,17.636627334820826,7.585300948044392,True
2024-07-08,MLP,0.8,15.4,15.35951942772687,11.566868953704674,19.152169901749065,7.585300948044392,True
2024-07-09,MLP,0.8,17.0,14.44410716103145,10.651456687009254,18.236757635053646,7.585300948044392,True
2024-07-10,MLP,0.8,17.2,15.472051324453988,11.679400850431792,19.26470179847618,7.58530094804439,True
2024-07-11,MLP,0.8,15.1,14.824263142034464,11.031612668012269,18.61691361605666,7.585300948044392,True
2024-07-12,MLP,0.8,13.4,16.12384848006507,12.331198006042875,19.916498954087267,7.585300948044392,True
2024-07-13,MLP,0.8,15.1,13.163776089887936,9.37112561586574,16.95642656391013,7.585300948044392,True
2024-07-14,MLP,0.8,16.3,15.366875602224297,11.574225128202102,19.159526076246493,7.585300948044392,True
2024-07-15,MLP,0.8,15.4,16.294851343487053,12.502200869464858,20.08750181750925,7.585300948044392,True
2024-07-16,MLP,0.8,14.9,14.869318290996421,11.076667816974226,18.661968765018617,7.585300948044392,True
2024-07-17,MLP,0.8,15.2,16.424837334358543,12.632186860336347,20.21748780838074,7.585300948044392,True
2024-07-18,MLP,0.8,16.1,14.572304125420139,10.779653651397943,18.364954599442335,7.585300948044392,True
2024-07-19,MLP,0.8,14.5,14.673468303826755,10.88081782980456,18.46611877784895,7.585300948044392,True
2024-07-20,MLP,0.8,14.2,15.784357245646715,11.99170677162452,19.577007719668913,7.585300948044393,True
2024-07-21,MLP,0.8,16.0,15.290560568888111,11.497910094865915,19.083211042910307,7.585300948044392,True
2024-07-22,MLP,0.8,15.4,16.796504083300746,13.00385360927855,20.589154557322942,7.585300948044392,True
2024-07-23,MLP,0.8,15.1,16.415224797994806,12.62257432397261,20.207875272017002,7.585300948044392,True
2024-07-24,MLP,0.8,18.7,15.980360243811951,12.187709769789755,19.773010717834147,7.585300948044392,True
2024-07-25,MLP,0.8,16.9,17.939279731520216,14.14662925749802,21.73193020554241,7.585300948044392,True
2024-07-26,MLP,0.8,14.4,15.487039452042989,11.694388978020793,19.279689926065185,7.585300948044392,True
2024-07-27,MLP,0.8,13.4,14.96946119109995,11.176810717077755,18.76211166512215,7.585300948044393,True
2024-07-28,MLP,0.8,14.4,13.753804537432488,9.961154063410293,17.546455011454682,7.58530094804439,True
2024-07-29,MLP,0.8,13.9,14.34201154767017,10.549361073647974,18.134662021692364,7.58530094804439,True
2024-07-30,MLP,0.8,14.0,15.505064687864905,11.71241421384271,19.2977151618871,7.585300948044392,True
2024-07-31,MLP,0.8,15.6,15.361575341208512,11.568924867186317,19.15422581523071,7.585300948044393,True
2024-08-01,MLP,0.8,15.4,16.14453881444651,12.351888340424313,19.937189288468705,7.585300948044392,True
2024-08-02,MLP,0.8,20.0,16.455965107700578,12.663314633678382,20.248615581722774,7.585300948044392,True
2024-08-03,MLP,0.8,13.8,17.579052807278142,13.786402333255946,21.371703281300338,7.585300948044392,True
2024-08-04,MLP,0.8,14.9,14.234451172906589,10.441800698884393,18.027101646928784,7.585300948044392,True
2024-08-05,MLP,0.8,18.3,16.484004570271605,12.691354096249409,20.2766550442938,7.585300948044392,True
2024-08-06,MLP,0.8,17.0,17.859628627741678,14.066978153719482,21.652279101763874,7.585300948044392,True
2024-08-07,MLP,0.8,14.4,16.686246963338967,12.89359648931677,20.478897437361162,7.585300948044392,True
2024-08-08,MLP,0.8,16.0,14.719766493397879,10.927116019375683,18.512416967420073,7.58530094804439,True
2024-08-09,MLP,0.8,17.0,16.62392850828935,12.831278034267154,20.416578982311545,7.585300948044392,True
2024-08-10,MLP,0.8,16.5,15.144339173371534,11.351688699349339,18.93698964739373,7.585300948044392,True
2024-08-11,MLP,0.8,16.8,16.635191723384487,12.842541249362291,20.427842197406683,7.585300948044392,True
2024-08-12,MLP,0.8,16.4,16.578025174370744,12.785374700348548,20.37067564839294,7.585300948044392,True
2024-08-13,MLP,0.8,13.9,15.060544476865392,11.267894002843196,18.853194950887588,7.585300948044392,True
2024-08-14,MLP,0.8,18.4,16.518153520380785,12.72550304635859,20.31080399440298,7.585300948044392,True
2024-08-15,MLP,0.8,17.4,17.238632030695353,13.445981556673157,21.03128250471755,7.585300948044392,True
2024-08-16,MLP,0.8,15.4,17.19775888940826,13.405108415386064,20.990409363430455,7.585300948044392,True
2024-08-17,MLP,0.8,18.0,16.6911898168779,12.898539342855702,20.483840290900094,7.585300948044392,True
2024-08-18,MLP,0.8,21.1,18.011610373457152,14.218959899434957,21.80426084747935,7.585300948044392,True
2024-08-19,MLP,0.8,19.9,18.668242474427462,14.875592000405266,22.460892948449658,7.585300948044392,True
2024-08-20,MLP,0.8,14.7,17.937120885927683,14.144470411905488,21.72977135994988,7.585300948044392,True
2024-08-21,MLP,0.8,18.0,14.938817062519716,11.14616658849752,18.731467536541913,7.585300948044393,True
2024-08-22,MLP,0.8,24.5,17.477825765074304,13.685175291052108,21.2704762390965,7.585300948044392,False
2024-08-23,MLP,0.8,17.0,19.787276294085007,15.994625820062812,23.579926768107203,7.585300948044392,True
2024-08-24,MLP,0.8,17.0,16.448850704172724,12.656200230150528,20.24150117819492,7.585300948044392,True
2024-08-25,MLP,0.8,16.2,17.22851144063458,13.435860966612385,21.021161914656776,7.585300948044392,True
2024-08-26,MLP,0.8,14.1,15.61310381930275,11.820453345280555,19.405754293324947,7.585300948044392,True
2024-08-27,MLP,0.8,11.8,15.455826900405167,11.663176426382972,19.248477374427363,7.585300948044392,True
2024-08-28,MLP,0.8,12.9,14.221608958686641,10.428958484664445,18.014259432708837,7.585300948044392,True
2024-08-29,MLP,0.8,17.2,17.53958896683291,13.746938492810713,21.332239440855105,7.585300948044392,True
2024-08-30,MLP,0.8,25.0,19.679846052845917,15.887195578823722,23.472496526868113,7.585300948044392,False
2024-08-31,MLP,0.8,19.1,20.398569366948994,16.6059188929268,24.19121984097119,7.585300948044392,True
2024-09-01,MLP,0.8,29.4,18.10293778420982,14.310287310187626,21.895588258232017,7.585300948044392,False
2024-09-02,MLP,0.8,20.2,23.117455903732818,19.324805429710622,26.910106377755014,7.585300948044392,True
2024-09-03,MLP,0.8,17.5,18.14819053203159,14.355540058009396,21.940841006053788,7.585300948044392,True
2024-09-04,MLP,0.8,14.6,17.910379993969237,14.11772951994704,21.703030467991432,7.585300948044392,True
2024-09-05,MLP,0.8,16.6,16.430338846452845,12.637688372430649,20.22298932047504,7.585300948044392,True
2024-09-06,MLP,0.8,15.8,17.31748643043245,13.524835956410254,21.110136904454645,7.585300948044392,True
2024-09-07,MLP,0.8,14.6,17.391454198801657,13.598803724779462,21.184104672823853,7.585300948044392,True
2024-09-08,MLP,0.8,19.0,16.78311875834163,12.990468284319434,20.575769232363825,7.585300948044392,True
2024-09-09,MLP,0.8,20.8,18.6222567550495,14.829606281027303,22.414907229071694,7.585300948044392,True
2024-09-10,MLP,0.8,23.8,19.591437819639257,15.798787345617061,23.384088293661453,7.585300948044392,False
2024-09-11,MLP,0.8,19.6,20.261273000680283,16.468622526658088,24.05392347470248,7.585300948044392,True
2024-09-12,MLP,0.8,17.8,18.205273064710163,14.412622590687967,21.99792353873236,7.585300948044392,True
2024-09-13,MLP,0.8,19.5,17.87105633058543,14.078405856563233,21.663706804607624,7.585300948044392,True
2024-09-14,MLP,0.8,18.0,19.236752271560107,15.444101797537911,23.029402745582303,7.585300948044392,True
2024-09-15,MLP,0.8,17.3,18.741417358271086,14.94876688424889,22.53406783229328,7.585300948044392,True
2024-09-16,MLP,0.8,16.6,18.31511758554074,14.522467111518544,22.107768059562936,7.585300948044392,True
2024-09-17,MLP,0.8,15.9,17.847585836655558,14.054935362633362,21.640236310677754,7.585300948044392,True
2024-09-18,MLP,0.8,15.9,16.193182377323712,12.400531903301516,19.985832851345908,7.585300948044392,True
2024-09-19,MLP,0.8,20.0,17.62863296851675,13.835982494494555,21.421283442538947,7.585300948044392,True
2024-09-20,MLP,0.8,22.5,19.56131586164172,15.768665387619524,23.353966335663916,7.585300948044392,True
2024-09-21,MLP,0.8,26.0,20.382485598813247,16.58983512479105,24.175136072835443,7.585300948044392,False
2024-09-22,MLP,0.8,26.1,22.450584270396917,18.65793379637472,26.243234744419112,7.585300948044392,True
2024-09-23,MLP,0.8,20.9,21.9945020894714,18.201851615449204,25.787152563493596,7.585300948044392,True
2024-09-24,MLP,0.8,17.4,19.441650157321746,15.64899968329955,23.23430063134394,7.585300948044392,True
2024-09-25,MLP,0.8,19.8,18.513779480911953,14.721129006889758,22.30642995493415,7.585300948044392,True
2024-09-26,MLP,0.8,17.5,20.267953969773373,16.475303495751177,24.06060444379557,7.585300948044392,True
2024-09-27,MLP,0.8,17.1,19.267324917783448,15.474674443761252,23.059975391805644,7.585300948044392,True
2024-09-28,MLP,0.8,14.6,16.183006025469556,12.39035555144736,19.975656499491752,7.585300948044392,True
2024-09-29,MLP,0.8,14.4,16.29365872992091,12.501008255898714,20.086309203943106,7.585300948044392,True
2024-09-30,MLP,0.8,15.1,15.434377259876694,11.641726785854498,19.22702773389889,7.585300948044392,True
2024-10-01,MLP,0.8,22.9,19.036517675041402,15.243867201019206,22.829168149063598,7.585300948044392,False
2024-10-02,MLP,0.8,28.8,22.070079911082477,18.27742943706028,25.862730385104673,7.585300948044392,False
2024-10-03,MLP,0.8,28.7,24.556042358274368,20.763391884252172,28.348692832296564,7.585300948044392,False
2024-10-04,MLP,0.8,26.6,25.123759115520045,21.33110864149785,28.91640958954224,7.585300948044392,True
2024-10-05,MLP,0.8,26.3,24.297115305372856,20.50446483135066,28.08976577939505,7.585300948044392,True
2024-10-06,MLP,0.8,30.8,22.81246350901415,19.019813034991955,26.605113983036347,7.585300948044392,False
2024-10-07,MLP,0.8,24.0,25.14764426238029,21.354993788358094,28.940294736402485,7.585300948044392,True
2024-10-08,MLP,0.8,22.3,21.231033705219197,17.438383231197,25.023684179241393,7.585300948044392,True
2024-10-09,MLP,0.8,19.6,22.19212946028903,18.399478986266836,25.984779934311227,7.585300948044392,True
2024-10-10,MLP,0.8,20.9,21.25014051749293,17.457490043470735,25.042790991515126,7.585300948044392,True
2024-10-11,MLP,0.8,22.1,21.330682250055577,17.53803177603338,25.123332724077773,7.585300948044392,True
2024-10-12,MLP,0.8,21.7,21.489119231671424,17.696468757649228,25.28176970569362,7.585300948044392,True
2024-10-13,MLP,0.8,19.5,22.15363447980968,18.360984005787483,25.946284953831874,7.585300948044392,True
2024-10-14,MLP,0.8,28.6,20.94994573828655,17.157295264264356,24.742596212308747,7.585300948044392,False
2024-10-15,MLP,0.8,29.5,24.689269240211843,20.896618766189647,28.48191971423404,7.585300948044392,False
2024-10-16,MLP,0.8,22.0,24.86713802683568,21.074487552813483,28.659788500857875,7.585300948044392,True
2024-10-17,MLP,0.8,19.7,21.22876865854694,17.436118184524744,25.021419132569136,7.585300948044392,True
2024-10-18,MLP,0.8,18.3,21.5012412482157,17.708590774193503,25.293891722237895,7.585300948044392,True
2024-10-19,MLP,0.8,21.3,20.999960091072918,17.207309617050722,24.792610565095114,7.585300948044392,True
2024-10-20,MLP,0.8,25.8,22.589355031215355,18.79670455719316,26.38200550523755,7.585300948044392,True
2024-10-21,MLP,0.8,27.5,24.193786638032158,20.401136164009962,27.986437112054354,7.585300948044392,True
2024-10-22,MLP,0.8,29.6,25.382103127294165,21.58945265327197,29.17475360131636,7.585300948044392,False
2024-10-23,MLP,0.8,20.8,26.494082053264457,22.70143157924226,30.286732527286652,7.585300948044392,False
2024-10-24,MLP,0.8,20.7,22.584770738705586,18.79212026468339,26.377421212727782,7.585300948044392,True
2024-10-25,MLP,0.8,27.5,22.091882769683593,18.299232295661398,25.88453324370579,7.585300948044392,False
2024-10-26,MLP,0.8,18.4,25.064803521237565,21.27215304721537,28.85745399525976,7.585300948044392,False
2024-10-27,MLP,0.8,20.2,17.662240579011108,13.869590104988912,21.454891053033304,7.585300948044392,True
2024-10-28,MLP,0.8,20.2,19.252514043727974,15.459863569705778,23.04516451775017,7.585300948044392,True
2024-10-29,MLP,0.8,23.0,21.903407494759488,18.110757020737292,25.696057968781684,7.585300948044392,True
2024-10-30,MLP,0.8,25.6,22.969304874152314,19.17665440013012,26.76195534817451,7.585300948044392,True
2024-10-31,MLP,0.8,25.3,23.986378067771312,20.193727593749117,27.779028541793508,7.585300948044392,True
2024-11-01,MLP,0.8,23.9,23.15863459942664,19.365984125404445,26.951285073448837,7.585300948044392,True
2024-11-02,MLP,0.8,21.8,23.497647669092146,19.70499719506995,27.29029814311434,7.585300948044392,True
2024-11-03,MLP,0.8,15.4,22.330844147240647,18.53819367321845,26.123494621262843,7.585300948044392,False
2024-11-04,MLP,0.8,19.8,16.32054636778059,12.527895893758394,20.113196841802786,7.585300948044392,True
2024-11-05,MLP,0.8,24.1,22.1266484484101,18.333997974387906,25.919298922432297,7.585300948044392,True
2024-11-06,MLP,0.8,30.0,24.86271352854076,21.070063054518563,28.655364002562955,7.585300948044392,False
2024-11-07,MLP,0.8,25.0,27.596727869830858,23.804077395808662,31.389378343853053,7.585300948044392,True
2024-11-08,MLP,0.8,26.1,23.245369847537006,19.45271937351481,27.038020321559202,7.585300948044392,True
2024-11-09,MLP,0.8,23.0,25.162071840139276,21.36942136611708,28.954722314161472,7.585300948044392,True
2024-11-10,MLP,0.8,26.9,22.781009088349172,18.988358614326977,26.57365956237137,7.585300948044392,False
2024-11-11,MLP,0.8,21.3,25.575852824084325,21.78320235006213,29.36850329810652,7.585300948044392,False
2024-11-12,MLP,0.8,23.1,22.60008424814905,18.807433774126853,26.392734722171244,7.585300948044392,True
2024-11-13,MLP,0.8,27.5,23.690104416716906,19.89745394269471,27.482754890739102,7.585300948044392,False
2024-11-14,MLP,0.8,25.2,25.339279739914065,21.54662926589187,29.13193021393626,7.585300948044392,True
2024-11-15,MLP,0.8,21.5,23.008649129955593,19.215998655933397,26.80129960397779,7.585300948044392,True
2024-11-16,MLP,0.8,27.4,22.864739787400104,19.07208931337791,26.6573902614223,7.585300948044392,False
2024-11-17,MLP,0.8,22.5,25.10601881112779,21.313368337105594,28.898669285149985,7.585300948044392,True
2024-11-18,MLP,0.8,24.9,22.382784521999252,18.590134047977056,26.175434996021448,7.585300948044392,True
2024-11-19,MLP,0.8,25.7,24.79426699506402,21.001616521041825,28.586917469086217,7.585300948044392,True
2024-11-20,MLP,0.8,24.9,23.429282999331445,19.63663252530925,27.22193347335364,7.585300948044392,True
2024-11-21,MLP,0.8,24.1,24.544862368087774,20.752211894065578,28.33751284210997,7.585300948044392,True
2024-11-22,MLP,0.8,24.9,23.860929198599074,20.068278724576878,27.65357967262127,7.585300948044392,True
2024-11-23,MLP,0.8,28.5,24.523637546807226,20.73098707278503,28.316288020829422,7.585300948044392,False
2024-11-24,MLP,0.8,23.8,24.49110613061673,20.698455656594533,28.283756604638924,7.585300948044392,True
2024-11-25,MLP,0.8,19.5,22.20957780309876,18.416927329076564,26.002228277120956,7.585300948044392,True
2024-11-26,MLP,0.8,20.5,20.32109510699319,16.528444632970995,24.113745581015387,7.585300948044392,True
2024-11-27,MLP,0.8,24.5,22.147595951334097,18.3549454773119,25.940246425356293,7.585300948044392,True
2024-11-28,MLP,0.8,27.5,25.068678952521232,21.276028478499036,28.861329426543428,7.585300948044392,True
2024-11-29,MLP,0.8,23.3,25.42081786383578,21.628167389813584,29.213468337857975,7.585300948044392,True
2024-11-30,MLP,0.8,23.2,23.28202272531739,19.489372251295194,27.074673199339585,7.585300948044392,True
2024-12-01,MLP,0.8,27.8,24.49206388217123,20.699413408149034,28.284714356193426,7.585300948044392,True
2024-12-02,MLP,0.8,25.5,26.24598360156404,22.453333127541843,30.038634075586234,7.585300948044392,True
2024-12-03,MLP,0.8,27.0,24.238626234817563,20.445975760795367,28.03127670883976,7.585300948044392,True
2024-12-04,MLP,0.8,23.7,25.743263816058192,21.950613342035997,29.535914290080388,7.585300948044392,True
2024-12-05,MLP,0.8,20.9,23.754626934429712,19.961976460407516,27.547277408451908,7.585300948044392,True
2024-12-06,MLP,0.8,24.8,22.79124256031618,18.998592086293986,26.583893034338377,7.585300948044392,True
2024-12-07,MLP,0.8,23.5,25.985143653810063,22.192493179787867,29.77779412783226,7.585300948044392,True
2024-12-08,MLP,0.8,29.6,24.247371473513812,20.454720999491617,28.040021947536008,7.585300948044392,False
2024-12-09,MLP,0.8,27.2,26.755959559902657,22.96330908588046,30.548610033924852,7.585300948044392,True
2024-12-10,MLP,0.8,26.5,25.475528531551248,21.682878057529052,29.268179005573444,7.585300948044392,True
2024-12-11,MLP,0.8,25.0,25.72240480556302,21.929754331540824,29.515055279585216,7.585300948044392,True
2024-12-12,MLP,0.8,22.3,24.434001708392287,20.64135123437009,28.226652182414483,7.585300948044392,True
2024-12-13,MLP,0.8,24.6,23.603514490229607,19.81086401620741,27.396164964251803,7.585300948044392,True
2024-12-14,MLP,0.8,20.4,24.889366079823205,21.09671560580101,28.6820165538454,7.585300948044392,False
2024-12-15,MLP,0.8,22.6,21.501896598452024,17.70924612442983,25.29454707247422,7.585300948044392,True
2024-12-16,MLP,0.8,22.8,23.78003914089833,19.987388666876136,27.572689614920527,7.585300948044392,True
2024-12-17,MLP,0.8,23.2,24.25762057696612,20.464970102943923,28.050271050988314,7.585300948044392,True
2024-12-18,MLP,0.8,25.8,25.015238407272562,21.222587933250367,28.807888881294758,7.585300948044392,True
2024-12-19,MLP,0.8,25.0,25.829737505917805,22.03708703189561,29.62238797994,7.585300948044392,True
2024-12-20,MLP,0.8,26.0,25.61691876667943,21.824268292657234,29.409569240701625,7.585300948044392,True
2024-12-21,MLP,0.8,26.5,26.643664895030305,22.85101442100811,30.4363153690525,7.585300948044392,True
2024-12-22,MLP,0.8,22.9,25.846401755776817,22.05375128175462,29.639052229799013,7.585300948044392,True
2024-12-23,MLP,0.8,28.2,24.696186566039298,20.903536092017102,28.488837040061494,7.585300948044392,True
2024-12-24,MLP,0.8,33.6,28.589160781852186,24.79651030782999,32.38181125587438,7.585300948044392,False
2024-12-25,MLP,0.8,35.6,30.25699445540396,26.464343981381763,34.04964492942615,7.585300948044388,False
2024-12-26,MLP,0.8,26.1,30.68437705791189,26.891726583889696,34.477027531934084,7.585300948044388,False
2024-12-27,MLP,0.8,27.9,24.941465884930093,21.148815410907897,28.73411635895229,7.585300948044392,True
2024-12-28,MLP,0.8,27.2,28.790959953002265,24.99830947898007,32.58361042702446,7.585300948044392,True
2024-12-29,MLP,0.8,26.9,25.640376596508897,21.8477261224867,29.433027070531093,7.585300948044392,True
2024-12-30,MLP,0.8,25.6,25.47502282282023,21.682372348798033,29.267673296842425,7.585300948044392,True
2024-12-31,MLP,0.8,25.7,25.981248579804976,22.18859810578278,29.773899053827172,7.585300948044392,True
2025-01-01,MLP,0.8,23.6,26.721947302682384,22.92929682866019,30.51459777670458,7.585300948044392,True
2025-01-02,MLP,0.8,26.0,26.440030298574754,22.64737982455256,30.23268077259695,7.585300948044392,True
2025-01-03,MLP,0.8,29.0,27.59399293073023,23.801342456708035,31.386643404752427,7.585300948044392,True
2025-01-04,MLP,0.8,22.4,27.78850590473944,23.995855430717246,31.581156378761637,7.585300948044392,False
2025-01-05,MLP,0.8,22.8,24.79622232017319,21.003571846150994,28.588872794195385,7.585300948044392,True
2025-01-06,MLP,0.8,24.8,26.380398142941445,22.58774766891925,30.17304861696364,7.585300948044392,True
2025-01-07,MLP,0.8,24.9,26.691939168130396,22.8992886941082,30.484589642152592,7.585300948044392,True
2025-01-08,MLP,0.8,26.0,27.017517735275337,23.22486726125314,30.810168209297533,7.585300948044392,True
2025-01-09,MLP,0.8,24.0,27.788429229448525,23.99577875542633,31.58107970347072,7.585300948044392,True
2025-01-10,MLP,0.8,26.4,26.186928666898787,22.39427819287659,29.979579140920983,7.585300948044392,True
2025-01-11,MLP,0.8,25.3,27.77102303983431,23.978372565812116,31.563673513856507,7.585300948044392,True
2025-01-12,MLP,0.8,31.1,27.03475591603157,23.242105442009375,30.827406390053767,7.585300948044392,False
2025-01-13,MLP,0.8,24.5,29.027008329051128,25.234357855028932,32.819658803073324,7.585300948044392,False
2025-01-14,MLP,0.8,21.2,23.30690332091799,19.514252846895793,27.099553794940185,7.585300948044392,True
2025-01-15,MLP,0.8,25.4,24.46376884234635,20.671118368324155,28.256419316368547,7.585300948044392,True
2025-01-16,MLP,0.8,29.0,26.960322461049856,23.16767198702766,30.75297293507205,7.585300948044392,True
2025-01-17,MLP,0.8,23.9,27.564243544305363,23.771593070283167,31.35689401832756,7.585300948044392,True
2025-01-18,MLP,0.8,25.6,25.663970335323686,21.87131986130149,29.456620809345882,7.585300948044392,True
2025-01-19,MLP,0.8,24.1,27.84304092246325,24.050390448441053,31.635691396485445,7.585300948044392,True
2025-01-20,MLP,0.8,34.7,26.46306363934019,22.670413165317996,30.255714113362387,7.585300948044392,False
2025-01-21,MLP,0.8,35.8,31.51987598986628,27.727225515844083,35.312526463888474,7.585300948044392,False
2025-01-22,MLP,0.8,28.8,30.933436351608844,27.140785877586648,34.72608682563104,7.585300948044395,True
2025-01-23,MLP,0.8,28.5,27.2722159842181,23.479565510195904,31.064866458240296,7.585300948044392,True
2025-01-24,MLP,0.8,30.5,28.794079826143204,25.001429352121008,32.5867303001654,7.585300948044392,True
2025-01-25,MLP,0.8,26.5,28.773402578736846,24.98075210471465,32.566053052759045,7.585300948044395,True
2025-01-26,MLP,0.8,27.5,27.288191997833586,23.49554152381139,31.08084247185578,7.585300948044392,True
2025-01-27,MLP,0.8,35.8,28.764768316598506,24.97211784257631,32.5574187906207,7.585300948044392,False
2025-01-28,MLP,0.8,31.4,33.094628062576504,29.30197758855431,36.8872785365987,7.585300948044392,True
2025-01-29,MLP,0.8,25.8,28.525203978752543,24.732553504730348,32.31785445277474,7.585300948044392,True
2025-01-30,MLP,0.8,24.0,26.748257380417744,22.95560690639555,30.54090785443994,7.585300948044392,True
2025-01-31,MLP,0.8,24.9,26.4093070519435,22.616656577921304,30.201957525965696,7.585300948044392,True
2025-02-01,MLP,0.8,25.5,26.907110215374995,23.1144597413528,30.69976068939719,7.585300948044392,True
2025-02-02,MLP,0.8,25.2,26.63596488191185,22.843314407889654,30.428615355934046,7.585300948044392,True
2025-02-03,MLP,0.8,25.1,26.456274913248947,22.66362443922675,30.248925387271143,7.585300948044392,True
2025-02-04,MLP,0.8,21.1,26.505037586516156,22.71238711249396,30.297688060538352,7.585300948044392,False
2025-02-05,MLP,0.8,27.4,24.086812763325327,20.29416228930313,27.879463237347522,7.585300948044392,True
2025-02-06,MLP,0.8,36.2,29.01532240061116,25.222671926588966,32.80797287463336,7.585300948044392,False
2025-02-07,MLP,0.8,26.8,30.88446498826238,27.091814514240184,34.677115462284576,7.585300948044392,False
2025-02-08,MLP,0.8,23.5,26.326682035774002,22.534031561751807,30.119332509796198,7.585300948044392,True
2025-02-09,MLP,0.8,27.5,26.950284308210605,23.15763383418841,30.7429347822328,7.585300948044392,True
2025-02-10,MLP,0.8,30.7,28.17531228780245,24.382661813780253,31.967962761824644,7.585300948044392,True
2025-02-11,MLP,0.8,31.9,28.29199447518115,24.499344001158953,32.084644949203344,7.585300948044392,True
2025-02-12,MLP,0.8,22.4,27.346189004504435,23.55353853048224,31.13883947852663,7.585300948044392,False
2025-02-13,MLP,0.8,22.9,24.431969516657677,20.63931904263548,28.224619990679873,7.585300948044392,True
2025-02-14,MLP,0.8,26.2,27.084055756074,23.291405282051805,30.876706230096197,7.585300948044392,True
2025-02-15,MLP,0.8,25.5,27.82822148851273,24.035571014490536,31.620871962534927,7.585300948044392,True
2025-02-16,MLP,0.8,27.4,27.174793923272695,23.3821434492505,30.96744439729489,7.585300948044392,True
2025-02-17,MLP,0.8,26.3,28.134944738693598,24.342294264671402,31.927595212715794,7.585300948044392,True
2025-02-18,MLP,0.8,33.8,26.954387172650264,23.16173669862807,30.74703764667246,7.585300948044392,False
2025-02-19,MLP,0.8,34.7,32.735954598863245,28.94330412484105,36.52860507288544,7.585300948044392,True
2025-02-20,MLP,0.8,27.6,29.297453969004394,25.5048034949822,33.09010444302659,7.585300948044392,True
2025-02-21,MLP,0.8,28.8,26.05810769192614,22.265457217903943,29.850758165948335,7.585300948044392,True
2025-02-22,MLP,0.8,23.6,29.079024041740528,25.286373567718332,32.87167451576272,7.585300948044388,False
2025-02-23,MLP,0.8,25.8,25.854535064990735,22.06188459096854,29.64718553901293,7.585300948044392,True
2025-02-24,MLP,0.8,26.5,27.761598862322018,23.96894838829982,31.554249336344213,7.585300948044392,True
2025-02-25,MLP,0.8,31.7,27.45378670966928,23.661136235647085,31.246437183691476,7.585300948044392,False
2025-02-26,MLP,0.8,28.1,30.375351421587634,26.58270094756544,34.168001895609834,7.585300948044395,True
2025-02-27,MLP,0.8,28.1,27.793695227827847,24.00104475380565,31.586345701850043,7.585300948044392,True
2025-02-28,MLP,0.8,25.8,28.2223180431561,24.429667569133905,32.014968517178296,7.585300948044392,True
2025-03-01,MLP,0.8,34.5,26.229108870653327,22.43645839663113,30.021759344675523,7.585300948044392,False
2025-03-02,MLP,0.8,35.2,31.811692049403725,28.01904157538153,35.60434252342592,7.585300948044392,True
2025-03-03,MLP,0.8,26.5,29.8042287236161,26.011578249593903,33.596879197638295,7.585300948044392,True
2025-03-04,MLP,0.8,27.9,26.94669832018078,23.154047846158583,30.739348794202975,7.585300948044392,True
2025-03-05,MLP,0.8,25.3,27.595057903757667,23.80240742973547,31.387708377779862,7.585300948044392,True
2025-03-06,MLP,0.8,27.8,25.126182811782115,21.33353233775992,28.91883328580431,7.585300948044392,True
2025-03-07,MLP,0.8,31.5,28.17803315904103,24.385382685018833,31.970683633063224,7.585300948044392,True
2025-03-08,MLP,0.8,25.5,28.338130656174755,24.54548018215256,32.13078113019695,7.585300948044392,True
2025-03-09,MLP,0.8,22.5,25.05504319917913,21.262392725156936,28.847693673201327,7.585300948044392,True
2025-03-10,MLP,0.8,26.5,25.56379827402684,21.771147800004645,29.356448748049036,7.585300948044392,True
2025-03-11,MLP,0.8,28.5,27.1327615352185,23.340111061196303,30.925412009240695,7.585300948044392,True
2025-03-12,MLP,0.8,29.3,26.90630008188718,23.113649607864986,30.698950555909377,7.585300948044392,True
2025-03-13,MLP,0.8,35.9,28.082433308488646,24.28978283446645,31.875083782510842,7.585300948044392,False
2025-03-14,MLP,0.8,29.0,31.8255266052725,28.032876131250305,35.618177079294696,7.585300948044392,True
2025-03-15,MLP,0.8,26.6,27.17088852983774,23.378238055815544,30.963539003859935,7.585300948044392,True
2025-03-16,MLP,0.8,27.0,26.636030851310768,22.84338037728857,30.428681325332963,7.585300948044392,True
2025-03-17,MLP,0.8,31.6,26.718659085728937,22.92600861170674,30.511309559751133,7.585300948044392,False
2025-03-18,MLP,0.8,32.8,29.15538582870483,25.362735354682634,32.948036302727026,7.585300948044392,True
2025-03-19,MLP,0.8,29.1,27.910072512345966,24.11742203832377,31.702722986368162,7.585300948044392,True
2025-03-20,MLP,0.8,26.2,22.553771650539304,18.761121176517108,26.3464221245615,7.585300948044392,True
2025-03-21,MLP,0.8,24.6,26.302990919781855,22.51034044575966,30.09564139380405,7.585300948044392,True
2025-03-22,MLP,0.8,22.2,25.15157895345309,21.358928479430894,28.944229427475285,7.585300948044392,True
2025-03-23,MLP,0.8,23.6,23.568523402116718,19.775872928094522,27.361173876138913,7.585300948044392,True
2025-03-24,MLP,0.8,23.5,25.01837381417851,21.225723340156314,28.811024288200706,7.585300948044392,True
2025-03-25,MLP,0.8,22.5,23.6675444613091,19.874893987286903,27.460194935331295,7.585300948044392,True
2025-03-26,MLP,0.8,29.6,24.654807890642644,20.862157416620448,28.44745836466484,7.585300948044392,False
2025-03-27,MLP,0.8,30.9,27.97967120032198,24.187020726299785,31.772321674344177,7.585300948044392,True
2025-03-28,MLP,0.8,24.6,27.53166544356467,23.739014969542474,31.324315917586866,7.585300948044392,True
2025-03-29,MLP,0.8,23.1,25.225501100680468,21.432850626658272,29.018151574702664,7.585300948044392,True
2025-03-30,MLP,0.8,25.8,24.793738329710905,21.00108785568871,28.5863888037331,7.585300948044392,True
2025-03-31,MLP,0.8,22.1,24.969845413204602,21.177194939182407,28.762495887226798,7.585300948044392,True
2025-04-01,MLP,0.8,24.5,23.469841249605736,19.67719077558354,27.26249172362793,7.585300948044392,True
2025-04-02,MLP,0.8,29.9,25.2720129496657,21.479362475643505,29.064663423687897,7.585300948044392,False
2025-04-03,MLP,0.8,29.9,27.31988963083672,23.527239156814524,31.112540104858915,7.585300948044392,True
2025-04-04,MLP,0.8,31.6,27.38675866587023,23.594108191848033,31.179409139892424,7.585300948044392,False
2025-04-05,MLP,0.8,31.8,28.82877023128493,25.036119757262735,32.62142070530713,7.585300948044395,True
2025-04-06,MLP,0.8,30.9,29.411041363588406,25.61839088956621,33.203691837610606,7.585300948044395,True
2025-04-07,MLP,0.8,21.4,27.381564657622025,23.58891418359983,31.17421513164422,7.585300948044392,False
2025-04-08,MLP,0.8,22.6,19.64652969636905,15.853879222346855,23.439180170391246,7.585300948044392,True
2025-04-09,MLP,0.8,24.5,24.20251675601667,20.409866281994475,27.995167230038867,7.585300948044392,True
2025-04-10,MLP,0.8,27.7,24.247194206795164,20.45454373277297,28.03984468081736,7.585300948044392,True
2025-04-11,MLP,0.8,19.8,25.547664361513007,21.75501388749081,29.340314835535203,7.585300948044392,False
2025-04-12,MLP,0.8,19.5,20.71707640639582,16.924425932373623,24.509726880418015,7.585300948044392,True
2025-04-13,MLP,0.8,19.5,22.548200820606844,18.75555034658465,26.34085129462904,7.585300948044392,True
2025-04-14,MLP,0.8,23.4,22.460422233499457,18.66777175947726,26.253072707521653,7.585300948044392,True
2025-04-15,MLP,0.8,24.9,23.52393789640628,19.731287422384085,27.316588370428477,7.585300948044392,True
2025-04-16,MLP,0.8,27.3,24.546847060919198,20.754196586897002,28.339497534941394,7.585300948044392,True
2025-04-17,MLP,0.8,31.0,26.429334311053726,22.63668383703153,30.22198478507592,7.585300948044392,False
2025-04-18,MLP,0.8,22.6,27.423582344399144,23.630931870376948,31.21623281842134,7.585300948044392,False
2025-04-19,MLP,0.8,22.5,22.57414674048018,18.781496266457985,26.366797214502377,7.585300948044392,True
2025-04-20,MLP,0.8,21.3,23.669758556150253,19.877108082128057,27.46240903017245,7.585300948044392,True
2025-04-21,MLP,0.8,25.0,21.844066355512428,18.051415881490232,25.636716829534624,7.585300948044392,True
2025-04-22,MLP,0.8,24.3,23.48862284593286,19.695972371910663,27.281273319955055,7.585300948044392,True
2025-04-23,MLP,0.8,24.8,23.821829597784582,20.029179123762386,27.614480071806778,7.585300948044392,True
2025-04-24,MLP,0.8,24.1,24.01145140384056,20.218800929818364,27.804101877862756,7.585300948044392,True
2025-04-25,MLP,0.8,26.6,24.181587776951133,20.388937302928937,27.97423825097333,7.585300948044392,True
2025-04-26,MLP,0.8,34.3,25.84355249567604,22.050902021653844,29.636202969698235,7.585300948044392,False
2025-04-27,MLP,0.8,22.9,27.65048784116429,23.857837367142093,31.443138315186484,7.585300948044392,False
2025-04-28,MLP,0.8,20.0,22.961509839689324,19.168859365667128,26.75416031371152,7.585300948044392,True
2025-04-29,MLP,0.8,19.0,23.414925510074568,19.622275036052372,27.207575984096763,7.585300948044392,False
2025-04-30,MLP,0.8,15.9,20.8719560873766,17.079305613354403,24.664606561398795,7.585300948044392,False
2025-05-01,MLP,0.8,16.5,16.313426726493226,12.52077625247103,20.106077200515422,7.585300948044392,True
2025-05-02,MLP,0.8,19.6,18.814610788330242,15.021960314308046,22.607261262352438,7.585300948044392,True
2025-05-03,MLP,0.8,25.0,20.330359872391845,16.53770939836965,24.12301034641404,7.585300948044392,False
2025-05-04,MLP,0.8,21.1,22.518683593218384,18.726033119196188,26.31133406724058,7.585300948044392,True
2025-05-05,MLP,0.8,20.5,20.831900915428925,17.03925044140673,24.62455138945112,7.585300948044392,True
2025-05-06,MLP,0.8,19.8,21.934928330980366,18.14227785695817,25.727578805002562,7.585300948044392,True
2025-05-07,MLP,0.8,19.8,21.443522230353057,17.65087175633086,25.236172704375253,7.585300948044392,True
2025-05-08,MLP,0.8,20.6,20.69505238765756,16.902401913635366,24.487702861679757,7.585300948044392,True
2025-05-09,MLP,0.8,17.8,21.019417660760965,17.22676718673877,24.81206813478316,7.585300948044392,True
2025-05-10,MLP,0.8,18.0,16.61649286804323,12.823842394021035,20.409143342065427,7.585300948044392,True
2025-05-11,MLP,0.8,20.1,18.50282417584066,14.710173701818466,22.295474649862857,7.585300948044392,True
2025-05-12,MLP,0.8,21.0,20.158888612293048,16.36623813827085,23.951539086315243,7.585300948044392,True
2025-05-13,MLP,0.8,21.5,21.059127951983715,17.26647747796152,24.85177842600591,7.585300948044392,True
2025-05-14,MLP,0.8,23.6,21.104213541258606,17.31156306723641,24.8968640152808,7.585300948044392,True
2025-05-15,MLP,0.8,26.7,22.81673300714456,19.024082533122364,26.609383481166756,7.585300948044392,False
2025-05-16,MLP,0.8,23.2,23.487008230143246,19.69435775612105,27.279658704165442,7.585300948044392,True
2025-05-17,MLP,0.8,24.6,21.82293285715337,18.030282383131173,25.615583331175564,7.585300948044392,True
2025-05-18,MLP,0.8,19.9,21.269487769954978,17.476837295932782,25.062138243977174,7.585300948044392,True
2025-05-19,MLP,0.8,15.3,19.56918861778102,15.776538143758824,23.361839091803215,7.585300948044392,False
2025-05-20,MLP,0.8,16.4,16.036277458728488,12.243626984706292,19.828927932750684,7.585300948044392,True
2025-05-21,MLP,0.8,19.2,18.477705059876115,14.68505458585392,22.27035553389831,7.585300948044392,True
2025-05-22,MLP,0.8,18.9,19.228866660010013,15.436216185987817,23.02151713403221,7.585300948044392,True
2025-05-23,MLP,0.8,26.5,19.369906927245033,15.577256453222837,23.16255740126723,7.585300948044392,False
2025-05-24,MLP,0.8,21.4,23.280603310470795,19.4879528364486,27.07325378449299,7.585300948044392,True
2025-05-25,MLP,0.8,16.7,20.164319692407126,16.37166921838493,23.956970166429322,7.585300948044392,True
2025-05-26,MLP,0.8,20.1,17.83726174845396,14.044611274431766,21.629912222476158,7.585300948044392,True
2025-05-27,MLP,0.8,18.5,20.66595126503489,16.873300791012696,24.458601739057087,7.585300948044392,True
2025-05-28,MLP,0.8,18.4,17.024074132021568,13.231423657999372,20.816724606043763,7.585300948044392,True
2025-05-29,MLP,0.8,18.0,17.347229179664808,13.554578705642612,21.139879653687004,7.585300948044392,True
2025-05-30,MLP,0.8,18.2,18.259167281960565,14.466516807938369,22.05181775598276,7.585300948044392,True
2025-05-31,MLP,0.8,18.6,18.184083812443884,14.391433338421688,21.97673428646608,7.585300948044392,True
2025-06-01,MLP,0.8,17.5,18.448562359567447,14.655911885545251,22.241212833589643,7.585300948044392,True
2025-06-02,MLP,0.8,15.7,19.03127546078852,15.238624986766325,22.823925934810717,7.585300948044392,True
2025-06-03,MLP,0.8,17.7,15.818870016868448,12.026219542846253,19.611520490890644,7.585300948044392,True
2025-06-04,MLP,0.8,18.6,18.76769512785538,14.975044653833184,22.560345601877575,7.585300948044392,True
2025-06-05,MLP,0.8,16.6,19.996967855273436,16.20431738125124,23.78961832929563,7.585300948044392,True
2025-06-06,MLP,0.8,14.8,17.893360423227584,14.100709949205388,21.68601089724978,7.585300948044392,True
2025-06-07,MLP,0.8,13.9,16.063206885018033,12.270556410995837,19.85585735904023,7.585300948044392,True
2025-06-08,MLP,0.8,15.5,13.888185768390738,10.095535294368542,17.680836242412934,7.585300948044392,True
2025-06-09,MLP,0.8,16.4,16.74454388979909,12.951893415776894,20.537194363821285,7.585300948044392,True
2025-06-10,MLP,0.8,18.0,18.215232152742598,14.422581678720402,22.007882626764793,7.585300948044392,True
2025-06-11,MLP,0.8,18.9,19.002181829162645,15.209531355140449,22.79483230318484,7.585300948044392,True
2025-06-12,MLP,0.8,22.5,18.475083092738153,14.682432618715957,22.26773356676035,7.585300948044392,False
2025-06-13,MLP,0.8,25.1,20.31299189451383,16.520341420491633,24.105642368536024,7.585300948044392,False
2025-06-14,MLP,0.8,25.0,23.20277511803841,19.410124644016214,26.995425592060606,7.585300948044392,True
2025-06-15,MLP,0.8,15.7,21.472296734810758,17.679646260788562,25.264947208832954,7.585300948044392,False
2025-06-16,MLP,0.8,15.3,17.390300305754558,13.597649831732362,21.182950779776753,7.585300948044392,True
2025-06-17,MLP,0.8,17.1,17.343353103525295,13.5507026295031,21.13600357754749,7.585300948044392,True
2025-06-18,MLP,0.8,16.0,15.334989011458998,11.542338537436802,19.127639485481193,7.585300948044392,True
2025-06-19,MLP,0.8,18.2,16.518246627674735,12.725596153652539,20.31089710169693,7.585300948044392,True
2025-06-20,MLP,0.8,19.8,16.64551067876814,12.852860204745944,20.438161152790336,7.585300948044392,True
2025-06-21,MLP,0.8,15.1,18.45976912084482,14.667118646822622,22.252419594867014,7.585300948044392,True
2025-06-22,MLP,0.8,17.2,15.26801968259765,11.475369208575454,19.060670156619846,7.585300948044392,True
2025-06-23,MLP,0.8,17.2,16.779316630434586,12.98666615641239,20.571967104456782,7.585300948044392,True
2025-06-24,MLP,0.8,13.1,17.5565491985444,13.763898724522203,21.349199672566595,7.585300948044392,False
2025-06-25,MLP,0.8,13.4,14.163540265996573,10.370889791974378,17.95619074001877,7.585300948044392,True
2025-06-26,MLP,0.8,13.2,13.120706274745316,9.32805580072312,16.913356748767512,7.585300948044392,True
2025-06-27,MLP,0.8,14.6,13.475357491357553,9.682707017335357,17.26800796537975,7.585300948044392,True
2025-06-28,MLP,0.8,18.4,13.888057873610059,10.095407399587863,17.680708347632255,7.585300948044392,False
2025-06-29,MLP,0.8,18.0,16.55979453136266,12.767144057340463,20.352445005384855,7.585300948044392,True
2025-06-30,MLP,0.8,15.9,18.55010512265608,14.757454648633885,22.342755596678277,7.585300948044392,True
2025-07-01,MLP,0.8,16.5,17.392564878863343,13.599914404841147,21.18521535288554,7.585300948044392,True
2025-07-02,MLP,0.8,14.0,15.119050093288655,11.326399619266459,18.911700567310852,7.585300948044393,True
2025-07-03,MLP,0.8,13.7,13.549643436581912,9.756992962559716,17.342293910604106,7.58530094804439,True
2025-07-04,MLP,0.8,14.3,13.691457750001668,9.898807275979472,17.484108224023863,7.585300948044392,True
2025-07-05,MLP,0.8,14.6,14.289126181219617,10.49647570719742,18.08177665524181,7.58530094804439,True
2025-07-06,MLP,0.8,15.4,13.553748555512318,9.761098081490122,17.346399029534513,7.585300948044392,True
2025-07-07,MLP,0.8,18.6,16.02139739352701,12.228746919504815,19.814047867549206,7.585300948044392,True
2025-07-08,MLP,0.8,16.8,17.69438026946467,13.901729795442474,21.487030743486866,7.585300948044392,True
2025-07-09,MLP,0.8,16.8,18.129356533735766,14.33670605971357,21.922007007757962,7.585300948044392,True
2025-07-10,MLP,0.8,13.8,15.768035817970208,11.975385343948012,19.560686291992404,7.585300948044392,True
2025-07-11,MLP,0.8,14.9,14.782125453355235,10.989474979333039,18.57477592737743,7.585300948044392,True
2025-07-12,MLP,0.8,15.2,16.39775656333385,12.605106089311654,20.190407037356046,7.585300948044392,True
2025-07-13,MLP,0.8,15.9,16.459419814516767,12.666769340494572,20.252070288538963,7.585300948044392,True
2025-07-14,MLP,0.8,16.5,16.21738449327378,12.424734019251584,20.010034967295976,7.585300948044392,True
2025-07-15,MLP,0.8,17.0,16.78011656777058,12.987466093748385,20.572767041792776,7.585300948044392,True
2025-07-16,MLP,0.8,16.3,17.45881776223977,13.666167288217576,21.251468236261967,7.585300948044392,True
2025-07-17,MLP,0.8,15.0,14.595677345866779,10.803026871844583,18.388327819888975,7.585300948044392,True
2025-07-18,MLP,0.8,16.4,16.45747604913684,12.664825575114644,20.250126523159036,7.585300948044392,True
2025-07-19,MLP,0.8,18.6,17.32993017252309,13.537279698500893,21.122580646545284,7.585300948044392,True
2025-07-20,MLP,0.8,14.8,18.44707696581722,14.654426491795025,22.239727439839417,7.585300948044392,True
2025-07-21,MLP,0.8,16.9,16.0527598513533,12.260109377331105,19.845410325375497,7.585300948044392,True
2025-07-22,MLP,0.8,17.2,17.127307643652344,13.334657169630148,20.91995811767454,7.585300948044392,True
2025-07-23,MLP,0.8,16.6,17.806337226130793,14.013686752108597,21.59898770015299,7.585300948044392,True
2025-07-24,MLP,0.8,14.6,17.088116377138384,13.295465903116188,20.88076685116058,7.585300948044392,True
2025-07-25,MLP,0.8,15.1,15.489133872509376,11.69648339848718,19.281784346531573,7.585300948044393,True
2025-07-26,MLP,0.8,19.0,16.16254338316324,12.369892909141043,19.955193857185435,7.585300948044392,True
2025-07-27,MLP,0.8,21.0,18.421370514142986,14.62872004012079,22.21402098816518,7.585300948044392,True
2025-07-28,MLP,0.8,26.6,20.03345312356612,16.240802649543923,23.826103597588315,7.585300948044392,False
2025-07-29,MLP,0.8,15.9,24.24437054194145,20.451720067919254,28.037021015963646,7.585300948044392,False
2025-07-30,MLP,0.8,13.3,13.989143745460769,10.196493271438573,17.781794219482965,7.585300948044392,True
2025-07-31,MLP,0.8,15.6,15.697720766028285,11.905070292006089,19.49037124005048,7.58530094804439,True
2025-08-01,MLP,0.8,23.0,16.967256844316967,13.174606370294772,20.759907318339163,7.585300948044392,False
2025-08-02,MLP,0.8,21.2,20.656832593724115,16.86418211970192,24.44948306774631,7.585300948044392,True
2025-08-03,MLP,0.8,14.4,19.46001882738628,15.667368353364083,23.252669301408474,7.585300948044392,False
2025-08-04,MLP,0.8,14.8,14.389867804573962,10.597217330551766,18.182518278596156,7.58530094804439,True
2025-08-05,MLP,0.8,15.1,15.125716934493497,11.3330664604713,18.918367408515692,7.585300948044392,True
2025-08-06,MLP,0.8,17.0,15.401316788934631,11.608666314912435,19.193967262956825,7.58530094804439,True
2025-08-07,MLP,0.8,17.2,16.828547795810895,13.035897321788699,20.62119826983309,7.585300948044392,True
2025-08-08,MLP,0.8,14.4,16.930415021615502,13.137764547593306,20.723065495637698,7.585300948044392,True
2025-08-09,MLP,0.8,15.1,14.466555235626707,10.673904761604511,18.259205709648903,7.585300948044392,True
2025-08-10,MLP,0.8,15.9,16.409825302703876,12.61717482868168,20.20247577672607,7.585300948044392,True
2025-08-11,MLP,0.8,16.5,17.954194991307418,14.161544517285222,21.746845465329613,7.585300948044392,True
2025-08-12,MLP,0.8,16.4,17.38248258471458,13.589832110692385,21.175133058736776,7.585300948044392,True
2025-08-13,MLP,0.8,15.0,17.062360138423617,13.269709664401422,20.855010612445813,7.585300948044392,True
2025-08-14,MLP,0.8,16.6,16.930226597157866,13.13757612313567,20.72287707118006,7.585300948044392,True
2025-08-15,MLP,0.8,16.9,17.25686617463631,13.464215700614115,21.049516648658507,7.585300948044392,True
2025-08-16,MLP,0.8,19.5,16.980429525404542,13.187779051382346,20.773079999426738,7.585300948044392,True
2025-08-17,MLP,0.8,19.6,18.791373955604726,14.99872348158253,22.584024429626922,7.585300948044392,True
2025-08-18,MLP,0.8,18.9,19.427260434776397,15.6346099607542,23.219910908798592,7.585300948044392,True
2025-08-19,MLP,0.8,17.6,17.663055363090475,13.87040488906828,21.45570583711267,7.585300948044392,True
2025-08-20,MLP,0.8,17.2,16.397776346660603,12.605125872638407,20.1904268206828,7.585300948044392,True
2025-08-21,MLP,0.8,17.2,17.346593694312823,13.553943220290627,21.13924416833502,7.585300948044392,True
2025-08-22,MLP,0.8,15.4,16.97018340156273,13.177532927540533,20.762833875584924,7.585300948044392,True
2025-08-23,MLP,0.8,16.2,16.856032020366296,13.0633815463441,20.648682494388492,7.585300948044392,True
2025-08-24,MLP,0.8,16.2,16.37032626634766,12.577675792325465,20.162976740369857,7.585300948044392,True
2025-08-25,MLP,0.8,19.0,17.96216403998944,14.169513565967243,21.754814514011635,7.585300948044392,True
2025-08-26,MLP,0.8,18.4,18.89050827146754,15.097857797445343,22.683158745489735,7.585300948044392,True
2025-08-27,MLP,0.8,19.0,17.929341040734354,14.136690566712158,21.72199151475655,7.585300948044392,True
2025-08-28,MLP,0.8,20.0,18.859279911665887,15.066629437643691,22.651930385688082,7.585300948044392,True
2025-08-29,MLP,0.8,19.4,18.744522502073295,14.951872028051099,22.53717297609549,7.585300948044392,True
2025-08-30,MLP,0.8,18.6,18.425270762373174,14.632620288350978,22.21792123639537,7.585300948044392,True
2025-08-31,MLP,0.8,21.5,18.39294735615166,14.600296882129463,22.185597830173855,7.585300948044392,True
2025-09-01,MLP,0.8,20.5,20.22057999131612,16.427929517293926,24.013230465338317,7.585300948044392,True
2025-09-02,MLP,0.8,19.2,19.015337112796985,15.222686638774789,22.80798758681918,7.585300948044392,True
2025-09-03,MLP,0.8,18.9,18.679219995557194,14.886569521534998,22.47187046957939,7.585300948044392,True
2025-09-04,MLP,0.8,17.8,18.78153599886336,14.988885524841166,22.574186472885557,7.585300948044392,True
2025-09-05,MLP,0.8,17.0,18.833332130081544,15.040681656059348,22.62598260410374,7.585300948044392,True
2025-09-06,MLP,0.8,19.0,18.692749005113498,14.900098531091302,22.485399479135694,7.585300948044392,True
2025-09-07,MLP,0.8,26.5,19.40920159483681,15.616551120814613,23.201852068859004,7.585300948044392,False
2025-09-08,MLP,0.8,25.7,23.295753112857348,19.503102638835152,27.088403586879544,7.585300948044392,True
2025-09-09,MLP,0.8,19.5,20.38149940203806,16.588848928015864,24.174149876060255,7.585300948044392,True
2025-09-10,MLP,0.8,19.1,19.10701296958019,15.314362495557994,22.899663443602385,7.585300948044392,True
2025-09-11,MLP,0.8,18.7,18.54342621901735,14.750775744995153,22.336076693039544,7.585300948044392,True
2025-09-12,MLP,0.8,20.0,20.202470881419345,16.40982040739715,23.99512135544154,7.585300948044392,True
2025-09-13,MLP,0.8,21.4,20.15476515715939,16.362114683137193,23.947415631181585,7.585300948044392,True
2025-09-14,MLP,0.8,17.9,20.24156097572898,16.448910501706784,24.034211449751176,7.585300948044392,True
2025-09-15,MLP,0.8,17.1,16.8988629912654,13.106212517243204,20.691513465287596,7.585300948044392,True
2025-09-16,MLP,0.8,15.7,17.259811696137763,13.467161222115568,21.05246217015996,7.585300948044392,True
2025-09-17,MLP,0.8,16.8,17.62155719960332,13.828906725581124,21.414207673625516,7.585300948044392,True
2025-09-18,MLP,0.8,22.3,18.284853616918234,14.492203142896038,22.07750409094043,7.585300948044392,False
2025-09-19,MLP,0.8,20.4,21.177444619948837,17.38479414592664,24.970095093971032,7.585300948044392,True
2025-09-20,MLP,0.8,17.8,20.76386641551462,16.971215941492424,24.556516889536816,7.585300948044392,True
2025-09-21,MLP,0.8,19.4,18.67931324853576,14.886662774513564,22.471963722557955,7.585300948044392,True
2025-09-22,MLP,0.8,16.4,19.38156139274007,15.588910918717875,23.174211866762267,7.585300948044392,True
2025-09-23,MLP,0.8,18.5,18.282777175363183,14.490126701340987,22.07542764938538,7.585300948044392,True
2025-09-24,MLP,0.8,19.4,19.185973888013013,15.393323413990817,22.97862436203521,7.585300948044392,True
2025-09-25,MLP,0.8,26.6,20.105179754620604,16.312529280598408,23.8978302286428,7.585300948044392,False
2025-09-26,MLP,0.8,23.6,23.886222660940597,20.0935721869184,27.678873134962792,7.585300948044392,True
2025-09-27,MLP,0.8,19.9,21.121768260234006,17.32911778621181,24.914418734256202,7.585300948044392,True
2025-09-28,MLP,0.8,24.1,20.2769961371282,16.484345663106005,24.069646611150397,7.585300948044392,False
2025-09-29,MLP,0.8,34.5,21.42919963658705,17.636549162564854,25.221850110609246,7.585300948044392,False
2025-09-30,MLP,0.8,20.8,25.972347669488478,22.179697195466282,29.764998143510674,7.585300948044392,False
2025-10-01,MLP,0.8,18.4,18.255460884043615,14.462810410021419,22.04811135806581,7.585300948044392,True
2025-10-02,MLP,0.8,25.6,19.589618474368493,15.796968000346297,23.38226894839069,7.585300948044392,False
2025-10-03,MLP,0.8,22.4,24.467619651082803,20.674969177060607,28.260270125105,7.585300948044392,True
2025-10-04,MLP,0.8,19.0,21.871363292557483,18.078712818535287,25.66401376657968,7.585300948044392,True
2025-10-05,MLP,0.8,19.5,20.19879948728395,16.406149013261754,23.991449961306145,7.585300948044392,True
2025-10-06,MLP,0.8,20.6,20.14741947898847,16.354769004966276,23.940069953010667,7.585300948044392,True
2025-10-07,MLP,0.8,20.9,21.481740482819422,17.689090008797226,25.274390956841618,7.585300948044392,True
2025-10-08,MLP,0.8,27.2,21.148462555419638,17.355812081397442,24.941113029441834,7.585300948044392,False
2025-10-09,MLP,0.8,27.0,24.47126896546193,20.678618491439735,28.263919439484127,7.585300948044392,True
2025-10-10,MLP,0.8,24.0,22.950373614833527,19.15772314081133,26.743024088855723,7.585300948044392,True
2025-10-11,MLP,0.8,23.7,21.823309218360578,18.030658744338382,25.615959692382773,7.585300948044392,True
2025-10-12,MLP,0.8,22.1,22.516922355841626,18.72427188181943,26.30957282986382,7.585300948044392,True
2025-10-13,MLP,0.8,19.8,22.713830129807445,18.92117965578525,26.50648060382964,7.585300948044392,True
2025-10-14,MLP,0.8,19.1,20.2241695251902,16.431519051168003,24.016819999212395,7.585300948044392,True
2025-10-15,MLP,0.8,18.6,21.267681432511058,17.475030958488862,25.060331906533253,7.585300948044392,True
2025-10-16,MLP,0.8,27.8,20.068309995258044,16.27565952123585,23.86096046928024,7.585300948044392,False
2025-10-17,MLP,0.8,19.6,26.12372526175873,22.331074787736533,29.916375735780925,7.585300948044392,False
2025-10-18,MLP,0.8,24.5,19.909361904589357,16.11671143056716,23.702012378611553,7.585300948044392,False
2025-10-19,MLP,0.8,28.8,23.48115226664463,19.688501792622436,27.273802740666827,7.585300948044392,False
2025-10-20,MLP,0.8,31.4,25.25846099444181,21.465810520419613,29.051111468464004,7.585300948044392,False
2025-10-21,MLP,0.8,31.5,26.50007227931046,22.707421805288263,30.292722753332654,7.585300948044392,False
2025-10-22,MLP,0.8,22.5,25.273225128380332,21.480574654358136,29.065875602402528,7.585300948044392,True
2025-10-23,MLP,0.8,20.4,22.07483564008141,18.282185166059215,25.867486114103606,7.585300948044392,True
2025-10-24,MLP,0.8,19.5,21.794519296369714,18.001868822347518,25.58716977039191,7.585300948044392,True
2025-10-25,MLP,0.8,17.6,20.481969232577423,16.689318758555228,24.27461970659962,7.585300948044392,True
2025-10-26,MLP,0.8,20.4,18.403917551857624,14.611267077835429,22.19656802587982,7.585300948044392,True
2025-10-27,MLP,0.8,20.5,21.40836042592405,17.615709951901856,25.201010899946247,7.585300948044392,True
2025-10-28,MLP,0.8,21.6,22.213922328323456,18.42127185430126,26.00657280234565,7.585300948044392,True
2025-10-29,MLP,0.8,31.5,22.428773306819554,18.63612283279736,26.22142378084175,7.585300948044392,False
2025-10-30,MLP,0.8,22.2,26.329155242486234,22.536504768464038,30.12180571650843,7.585300948044392,False
2025-10-31,MLP,0.8,20.6,21.169740749001903,17.377090274979707,24.9623912230241,7.585300948044392,True
2025-11-01,MLP,0.8,21.0,21.04896482272734,17.256314348705143,24.841615296749534,7.585300948044392,True
2025-11-02,MLP,0.8,23.2,23.028931377443662,19.236280903421466,26.821581851465858,7.585300948044392,True
2025-11-03,MLP,0.8,22.4,23.423835391447007,19.63118491742481,27.216485865469203,7.585300948044392,True
2025-11-04,MLP,0.8,27.1,22.55316078155076,18.760510307528563,26.345811255572954,7.585300948044392,False
2025-11-05,MLP,0.8,29.9,25.64076141495046,21.848110940928265,29.433411888972657,7.585300948044392,False
2025-11-06,MLP,0.8,34.3,25.651837407242358,21.859186933220162,29.444487881264553,7.585300948044392,False
2025-11-07,MLP,0.8,30.9,29.069454411222225,25.27680393720003,32.86210488524442,7.585300948044392,True
2025-11-08,MLP,0.8,29.9,28.38951791884423,24.596867444822035,32.18216839286643,7.585300948044395,True
2025-11-09,MLP,0.8,28.6,28.30647805954164,24.513827585519444,32.099128533563835,7.585300948044392,True
2025-11-10,MLP,0.8,25.9,25.014350184819243,21.221699710797047,28.80700065884144,7.585300948044392,True
2025-11-11,MLP,0.8,25.3,24.552922510845058,20.76027203682286,28.345572984867253,7.585300948044392,True
2025-11-12,MLP,0.8,28.0,24.619522337321907,20.82687186329971,28.412172811344103,7.585300948044392,True
2025-11-13,MLP,0.8,25.5,25.840192006672222,22.047541532650026,29.632842480694418,7.585300948044392,True
2025-11-14,MLP,0.8,22.1,23.70199030344154,19.909339829419345,27.494640777463736,7.585300948044392,True
2025-11-15,MLP,0.8,25.8,22.94069125491339,19.148040780891193,26.733341728935585,7.585300948044392,True
2025-11-16,MLP,0.8,30.5,24.86044350659349,21.067793032571295,28.653093980615687,7.585300948044392,False
2025-11-17,MLP,0.8,24.5,26.599650318935307,22.80699984491311,30.392300792957503,7.585300948044392,True
2025-11-18,MLP,0.8,25.4,23.567418233575488,19.774767759553292,27.360068707597684,7.585300948044392,True
2025-11-19,MLP,0.8,25.1,24.694292704351724,20.90164223032953,28.48694317837392,7.585300948044392,True
2025-11-20,MLP,0.8,27.6,24.170174689183597,20.3775242151614,27.962825163205792,7.585300948044392,True
2025-11-21,MLP,0.8,29.9,25.44887732234448,21.656226848322284,29.241527796366675,7.585300948044392,False
2025-11-22,MLP,0.8,25.4,25.926620314885447,22.13396984086325,29.719270788907643,7.585300948044392,True
2025-11-23,MLP,0.8,24.6,24.165996304097252,20.373345830075056,27.958646778119448,7.585300948044392,True
2025-11-24,MLP,0.8,34.5,24.72277217085892,20.930121696836725,28.515422644881117,7.585300948044392,False
2025-11-25,MLP,0.8,25.9,28.90569508847566,25.113044614453464,32.698345562497856,7.585300948044392,True
2025-11-26,MLP,0.8,32.6,23.666918580560516,19.87426810653832,27.459569054582712,7.585300948044392,False
2025-11-27,MLP,0.8,27.5,29.275382715155224,25.48273224113303,33.06803318917742,7.585300948044392,True
2025-11-28,MLP,0.8,24.0,24.545594180876208,20.752943706854012,28.338244654898403,7.585300948044392,True
2025-11-29,MLP,0.8,27.1,23.122662392119523,19.330011918097327,26.91531286614172,7.585300948044392,False
2025-11-30,MLP,0.8,26.0,25.66972787208678,21.877077398064586,29.462378346108977,7.585300948044392,True
2025-12-01,MLP,0.8,24.6,24.70465549181899,20.912005017796794,28.497305965841186,7.585300948044392,True
2025-12-02,MLP,0.8,29.6,24.83374887880389,21.041098404781692,28.626399352826084,7.585300948044392,False
2025-12-03,MLP,0.8,32.3,27.86116657767789,24.068516103655693,31.653817051700084,7.585300948044392,False
2025-12-04,MLP,0.8,24.9,26.386497148417305,22.59384667439511,30.1791476224395,7.585300948044392,True
2025-12-05,MLP,0.8,23.6,23.588419407923524,19.79576893390133,27.38106988194572,7.585300948044392,True
2025-12-06,MLP,0.8,27.5,25.206880782740807,21.41423030871861,28.999531256763003,7.585300948044392,True
2025-12-07,MLP,0.8,23.8,25.889340881188385,22.09669040716619,29.68199135521058,7.585300948044392,True
2025-12-08,MLP,0.8,24.4,24.344902119576602,20.552251645554406,28.137552593598798,7.585300948044392,True
2025-12-09,MLP,0.8,30.8,25.583066368116626,21.79041589409443,29.37571684213882,7.585300948044392,False
2025-12-10,MLP,0.8,33.5,28.71075727890035,24.918106804878153,32.50340775292254,7.585300948044388,False
2025-12-11,MLP,0.8,24.4,27.77986862667853,23.987218152656336,31.572519100700728,7.585300948044392,True
2025-12-12,MLP,0.8,20.6,22.991547727717652,19.198897253695456,26.784198201739848,7.585300948044392,True
2025-12-13,MLP,0.8,23.6,23.5872232247825,19.794572750760306,27.379873698804698,7.585300948044392,True
2025-12-14,MLP,0.8,24.7,25.067300862928214,21.274650388906018,28.85995133695041,7.585300948044392,True
2025-12-15,MLP,0.8,27.0,25.319777844813796,21.5271273707916,29.112428318835992,7.585300948044392,True
2025-12-16,MLP,0.8,21.3,26.45839923869017,22.665748764667974,30.251049712712366,7.585300948044392,False
2025-12-17,MLP,0.8,23.1,23.114057141529795,19.3214066675076,26.90670761555199,7.585300948044392,True
2025-12-18,MLP,0.8,23.5,25.58987805814083,21.797227584118634,29.382528532163025,7.585300948044392,True
2025-12-19,MLP,0.8,30.2,25.098571535237916,21.30592106121572,28.89122200926011,7.585300948044392,False
2025-12-20,MLP,0.8,34.5,28.809759056761397,25.0171085827392,32.60240953078359,7.585300948044388,False
2025-12-21,MLP,0.8,30.8,30.42527796538772,26.632627491365525,34.21792843940992,7.585300948044392,True
2025-12-22,MLP,0.8,23.5,27.330455146944065,23.53780467292187,31.12310562096626,7.585300948044392,False
2025-12-23,MLP,0.8,27.9,25.0014735550384,21.208823081016206,28.794124029060598,7.585300948044392,True
2025-12-24,MLP,0.8,29.0,27.736455746143015,23.94380527212082,31.52910622016521,7.585300948044392,True
2025-12-25,MLP,0.8,28.8,26.811835121408723,23.019184647386528,30.60448559543092,7.585300948044392,True
2025-12-26,MLP,0.8,27.9,27.172572086491837,23.37992161246964,30.965222560514032,7.585300948044392,True
2025-12-27,MLP,0.8,30.5,27.222256658803094,23.429606184780898,31.01490713282529,7.585300948044392,True
2025-12-28,MLP,0.8,35.6,29.032076708502636,25.23942623448044,32.82472718252483,7.585300948044392,False
2025-12-29,MLP,0.8,30.2,31.95698314672076,28.164332672698563,35.749633620742955,7.585300948044392,True
2025-12-30,MLP,0.8,26.8,25.7649307273254,21.972280253303204,29.557581201347595,7.585300948044392,True
2024-05-07,Random Forest,0.9,19.2,19.01667013629121,14.054802499839635,23.978537772742786,9.923735272903151,True
2024-05-08,Random Forest,0.9,20.8,20.27272683697868,15.310859200527105,25.234594473430256,9.923735272903151,True
2024-05-09,Random Forest,0.9,18.4,21.647816432443125,16.68594879599155,26.6096840688947,9.923735272903151,True
2024-05-10,Random Forest,0.9,18.6,18.45704908680496,13.495181450353385,23.418916723256537,9.923735272903151,True
2024-05-11,Random Forest,0.9,20.6,19.53948017428293,14.577612537831353,24.501347810734504,9.923735272903151,True
2024-05-12,Random Forest,0.9,24.4,20.694852427433652,15.732984790982076,25.656720063885228,9.923735272903151,True
2024-05-13,Random Forest,0.9,29.6,20.971018203205475,16.0091505667539,25.93288583965705,9.923735272903151,False
2024-05-14,Random Forest,0.9,22.0,21.90506736425755,16.943199727805975,26.866935000709127,9.923735272903151,True
2024-05-15,Random Forest,0.9,21.0,21.742474053400816,16.78060641694924,26.70434168985239,9.923735272903151,True
2024-05-16,Random Forest,0.9,21.1,21.4269510650294,16.465083428577824,26.388818701480975,9.923735272903151,True
2024-05-17,Random Forest,0.9,24.3,21.91972766986516,16.957860033413585,26.881595306316736,9.923735272903151,True
2024-05-18,Random Forest,0.9,22.7,21.30528780467965,16.343420168228075,26.267155441131226,9.923735272903151,True
2024-05-19,Random Forest,0.9,24.8,21.197378630392212,16.235510993940636,26.159246266843788,9.923735272903151,True
2024-05-20,Random Forest,0.9,21.4,21.18821053748927,16.226342901037693,26.150078173940845,9.923735272903151,True
2024-05-21,Random Forest,0.9,21.5,21.872571736571857,16.91070410012028,26.834439373023432,9.923735272903151,True
2024-05-22,Random Forest,0.9,19.7,21.37274353008266,16.410875893631083,26.334611166534234,9.923735272903151,True
2024-05-23,Random Forest,0.9,23.4,20.30240909140737,15.340541454955794,25.264276727858945,9.923735272903151,True
2024-05-24,Random Forest,0.9,19.6,22.496058117299295,17.53419048084772,27.45792575375087,9.923735272903151,True
2024-05-25,Random Forest,0.9,20.4,20.21872512029549,15.256857483843913,25.180592756747064,9.923735272903151,True
2024-05-26,Random Forest,0.9,22.0,21.526788261660098,16.564920625208522,26.488655898111674,9.923735272903151,True
2024-05-27,Random Forest,0.9,27.2,20.551677363798554,15.589809727346978,25.51354500025013,9.923735272903151,False
2024-05-28,Random Forest,0.9,32.5,22.735665349511887,17.77379771306031,27.697532985963463,9.923735272903151,False
2024-05-29,Random Forest,0.9,17.2,23.635598642877024,18.67373100642545,28.5974662793286,9.923735272903151,False
2024-05-30,Random Forest,0.9,17.3,16.936663524123507,11.974795887671931,21.898531160575082,9.923735272903151,True
2024-05-31,Random Forest,0.9,18.7,19.63677064204336,14.674903005591784,24.598638278494935,9.923735272903151,True
2024-06-01,Random Forest,0.9,18.4,21.063875899571048,16.102008263119473,26.025743536022624,9.923735272903151,True
2024-06-02,Random Forest,0.9,15.1,20.341326705451845,15.37945906900027,25.30319434190342,9.923735272903151,False
2024-06-03,Random Forest,0.9,19.3,16.48304244252273,11.521174806071155,21.444910078974306,9.923735272903151,True
2024-06-04,Random Forest,0.9,17.5,16.797023830050122,11.835156193598547,21.758891466501698,9.923735272903151,True
2024-06-05,Random Forest,0.9,17.2,16.183457432109137,11.221589795657561,21.145325068560712,9.923735272903151,True
2024-06-06,Random Forest,0.9,17.1,16.061863394087574,11.099995757635998,21.02373103053915,9.923735272903151,True
2024-06-07,Random Forest,0.9,17.8,17.18623153440064,12.224363897949065,22.148099170852216,9.923735272903151,True
2024-06-08,Random Forest,0.9,17.2,19.83674007871941,14.874872442267833,24.798607715170984,9.923735272903151,True
2024-06-09,Random Forest,0.9,25.5,18.22361326805362,13.261745631602043,23.185480904505194,9.923735272903151,False
2024-06-10,Random Forest,0.9,24.3,22.717289423649405,17.75542178719783,27.67915706010098,9.923735272903151,True
2024-06-11,Random Forest,0.9,19.2,17.936523604782153,12.974655968330577,22.89839124123373,9.923735272903151,True
2024-06-12,Random Forest,0.9,18.9,17.362806133877765,12.40093849742619,22.32467377032934,9.923735272903151,True
2024-06-13,Random Forest,0.9,19.6,19.498051816117183,14.536184179665607,24.45991945256876,9.923735272903151,True
2024-06-14,Random Forest,0.9,20.6,20.31616533196843,15.354297695516856,25.278032968420007,9.923735272903151,True
2024-06-15,Random Forest,0.9,22.2,20.121946606331466,15.16007896987989,25.083814242783042,9.923735272903151,True
2024-06-16,Random Forest,0.9,20.1,21.41659740909343,16.454729772641855,26.378465045545006,9.923735272903151,True
2024-06-17,Random Forest,0.9,18.3,20.312375314085504,15.350507677633928,25.27424295053708,9.923735272903151,True
2024-06-18,Random Forest,0.9,16.6,16.75113116885217,11.789263532400593,21.712998805303744,9.923735272903151,True
2024-06-19,Random Forest,0.9,17.0,16.656503550596508,11.694635914144932,21.618371187048083,9.923735272903151,True
2024-06-20,Random Forest,0.9,18.1,17.262193892870535,12.300326256418959,22.22406152932211,9.923735272903151,True
2024-06-21,Random Forest,0.9,19.2,16.218879657972295,11.257012021520719,21.18074729442387,9.923735272903151,True
2024-06-22,Random Forest,0.9,20.8,17.774951135325182,12.813083498873606,22.736818771776758,9.923735272903151,True
2024-06-23,Random Forest,0.9,17.8,18.395288553806402,13.433420917354827,23.357156190257978,9.923735272903151,True
2024-06-24,Random Forest,0.9,17.7,19.316949266755167,14.35508163030359,24.278816903206742,9.923735272903151,True
2024-06-25,Random Forest,0.9,20.2,18.15823354691164,13.196365910460063,23.120101183363214,9.923735272903151,True
2024-06-26,Random Forest,0.9,25.1,19.460492393049474,14.498624756597899,24.42236002950105,9.923735272903151,False
2024-06-27,Random Forest,0.9,26.6,25.284674841430284,20.32280720497871,30.24654247788186,9.923735272903151,True
2024-06-28,Random Forest,0.9,21.4,22.413912657035766,17.45204502058419,27.37578029348734,9.923735272903151,True
2024-06-29,Random Forest,0.9,19.6,19.81098833783427,14.849120701382695,24.772855974285847,9.923735272903151,True
2024-06-30,Random Forest,0.9,17.0,20.9205854973922,15.958717860940624,25.882453133843775,9.923735272903151,True
2024-07-01,Random Forest,0.9,17.0,18.28327617957851,13.321408543126935,23.245143816030087,9.923735272903151,True
2024-07-02,Random Forest,0.9,15.5,17.158669140800708,12.196801504349132,22.120536777252283,9.923735272903151,True
2024-07-03,Random Forest,0.9,16.5,14.322530895357795,9.36066325890622,19.284398531809373,9.923735272903153,True
2024-07-04,Random Forest,0.9,17.0,15.339002726655005,10.37713509020343,20.300870363106583,9.923735272903153,True
2024-07-05,Random Forest,0.9,21.8,17.099401939810285,12.13753430335871,22.06126957626186,9.923735272903151,True
2024-07-06,Random Forest,0.9,14.6,21.190512570547387,16.22864493409581,26.152380206998963,9.923735272903151,False
2024-07-07,Random Forest,0.9,13.1,13.453622081197686,8.49175444474611,18.415489717649262,9.923735272903151,True
2024-07-08,Random Forest,0.9,15.4,15.13787170005552,10.176004063603944,20.099739336507096,9.923735272903151,True
2024-07-09,Random Forest,0.9,17.0,14.878233788142381,9.916366151690806,19.840101424593957,9.923735272903151,True
2024-07-10,Random Forest,0.9,17.2,16.256984844518303,11.295117208066728,21.21885248096988,9.923735272903151,True
2024-07-11,Random Forest,0.9,15.1,16.357136332473644,11.395268696022068,21.31900396892522,9.923735272903151,True
2024-07-12,Random Forest,0.9,13.4,16.491951949823598,11.530084313372022,21.453819586275173,9.923735272903151,True
2024-07-13,Random Forest,0.9,15.1,14.441103123312454,9.479235486860878,19.40297075976403,9.923735272903153,True
2024-07-14,Random Forest,0.9,16.3,14.534166425238983,9.572298788787407,19.49603406169056,9.923735272903151,True
2024-07-15,Random Forest,0.9,15.4,15.290493172167965,10.32862553571639,20.252360808619542,9.923735272903153,True
2024-07-16,Random Forest,0.9,14.9,14.887809272209113,9.925941635757537,19.84967690866069,9.923735272903153,True
2024-07-17,Random Forest,0.9,15.2,16.542160264525293,11.580292628073718,21.50402790097687,9.923735272903151,True
2024-07-18,Random Forest,0.9,16.1,14.000601815112244,9.038734178660668,18.96246945156382,9.923735272903151,True
2024-07-19,Random Forest,0.9,14.5,15.234810250972068,10.272942614520492,20.196677887423643,9.923735272903151,True
2024-07-20,Random Forest,0.9,14.2,15.51511774093895,10.553250104487374,20.476985377390527,9.923735272903153,True
2024-07-21,Random Forest,0.9,16.0,16.98252342028752,12.020655783835945,21.944391056739097,9.923735272903151,True
2024-07-22,Random Forest,0.9,15.4,16.670729971847326,11.70886233539575,21.6325976082989,9.923735272903151,True
2024-07-23,Random Forest,0.9,15.1,15.539190989721531,10.577323353269955,20.501058626173105,9.92373527290315,True
2024-07-24,Random Forest,0.9,18.7,15.345230178939941,10.383362542488365,20.307097815391515,9.92373527290315,True
2024-07-25,Random Forest,0.9,16.9,16.91305263283563,11.951184996384054,21.874920269287205,9.923735272903151,True
2024-07-26,Random Forest,0.9,14.4,16.134804517789217,11.172936881337641,21.096672154240792,9.923735272903151,True
2024-07-27,Random Forest,0.9,13.4,14.443568619425326,9.48170098297375,19.4054362558769,9.92373527290315,True
2024-07-28,Random Forest,0.9,14.4,15.098296449447028,10.136428812995453,20.060164085898606,9.923735272903153,True
2024-07-29,Random Forest,0.9,13.9,14.224682611951078,9.262814975499502,19.186550248402654,9.923735272903151,True
2024-07-30,Random Forest,0.9,14.0,14.984817787023303,10.022950150571727,19.94668542347488,9.923735272903151,True
2024-07-31,Random Forest,0.9,15.6,16.792775749027893,11.830908112576317,21.75464338547947,9.923735272903151,True
2024-08-01,Random Forest,0.9,15.4,16.75331831537663,11.791450678925056,21.715185951828207,9.923735272903151,True
2024-08-02,Random Forest,0.9,20.0,17.98047966538944,13.018612028937863,22.942347301841014,9.923735272903151,True
2024-08-03,Random Forest,0.9,13.8,19.766470667993925,14.80460303154235,24.7283383044455,9.923735272903151,False
2024-08-04,Random Forest,0.9,14.9,13.746179164095098,8.784311527643522,18.708046800546676,9.923735272903153,True
2024-08-05,Random Forest,0.9,18.3,16.37157429416308,11.409706657711503,21.333441930614654,9.923735272903151,True
2024-08-06,Random Forest,0.9,17.0,17.790016390036463,12.828148753584887,22.75188402648804,9.923735272903151,True
2024-08-07,Random Forest,0.9,14.4,18.635666108594013,13.673798472142437,23.597533745045588,9.923735272903151,True
2024-08-08,Random Forest,0.9,16.0,15.303462406948256,10.34159477049668,20.265330043399832,9.923735272903151,True
2024-08-09,Random Forest,0.9,17.0,16.337326237411773,11.375458600960197,21.29919387386335,9.923735272903151,True
2024-08-10,Random Forest,0.9,16.5,15.941996635932716,10.98012899948114,20.90386427238429,9.92373527290315,True
2024-08-11,Random Forest,0.9,16.8,16.25365974338907,11.291792106937493,21.215527379840644,9.923735272903151,True
2024-08-12,Random Forest,0.9,16.4,16.907101999666427,11.945234363214851,21.868969636118003,9.923735272903151,True
2024-08-13,Random Forest,0.9,13.9,13.969030583010035,9.00716294655846,18.93089821946161,9.923735272903151,True
2024-08-14,Random Forest,0.9,18.4,17.355563482467044,12.393695846015468,22.31743111891862,9.923735272903151,True
2024-08-15,Random Forest,0.9,17.4,17.0028529657183,12.040985329266725,21.964720602169876,9.923735272903151,True
2024-08-16,Random Forest,0.9,15.4,19.124777450386393,14.162909813934817,24.08664508683797,9.923735272903151,True
2024-08-17,Random Forest,0.9,18.0,16.245542766033264,11.283675129581688,21.20741040248484,9.923735272903151,True
2024-08-18,Random Forest,0.9,21.1,16.62667198944749,11.664804352995915,21.588539625899067,9.923735272903151,True
2024-08-19,Random Forest,0.9,19.9,20.03434088637265,15.072473249921075,24.996208522824226,9.923735272903151,True
2024-08-20,Random Forest,0.9,14.7,20.48242893176036,15.520561295308784,25.444296568211936,9.923735272903151,False
2024-08-21,Random Forest,0.9,18.0,14.464581215178802,9.502713578727226,19.426448851630376,9.92373527290315,True
2024-08-22,Random Forest,0.9,24.5,16.58359806495812,11.621730428506545,21.545465701409697,9.923735272903151,False
2024-08-23,Random Forest,0.9,17.0,20.444877123315845,15.483009486864269,25.40674475976742,9.923735272903151,True
2024-08-24,Random Forest,0.9,17.0,16.62053989158916,11.658672255137585,21.582407528040736,9.923735272903151,True
2024-08-25,Random Forest,0.9,16.2,17.283110090944426,12.32124245449285,22.244977727396,9.923735272903151,True
2024-08-26,Random Forest,0.9,14.1,16.54734856594887,11.585480929497294,21.509216202400445,9.923735272903151,True
2024-08-27,Random Forest,0.9,11.8,15.413701666165608,10.451834029714032,20.375569302617183,9.923735272903151,True
2024-08-28,Random Forest,0.9,12.9,15.586609330638433,10.624741694186858,20.54847696709001,9.923735272903153,True
2024-08-29,Random Forest,0.9,17.2,16.823595136313678,11.861727499862102,21.785462772765253,9.923735272903151,True
2024-08-30,Random Forest,0.9,25.0,18.15652656441051,13.194658927958933,23.118394200862085,9.923735272903151,False
2024-08-31,Random Forest,0.9,19.1,21.54370552365996,16.581837887208383,26.505573160111535,9.923735272903151,True
2024-09-01,Random Forest,0.9,29.4,19.931184965554245,14.969317329102669,24.89305260200582,9.923735272903151,False
2024-09-02,Random Forest,0.9,20.2,24.691750913571504,19.729883277119928,29.65361855002308,9.923735272903151,True
2024-09-03,Random Forest,0.9,17.5,19.001259541110954,14.039391904659379,23.96312717756253,9.923735272903151,True
2024-09-04,Random Forest,0.9,14.6,18.76819996361179,13.806332327160213,23.730067600063364,9.923735272903151,True
2024-09-05,Random Forest,0.9,16.6,16.61782035821967,11.655952721768095,21.579687994671247,9.923735272903151,True
2024-09-06,Random Forest,0.9,15.8,16.598093363302716,11.63622572685114,21.559960999754292,9.923735272903151,True
2024-09-07,Random Forest,0.9,14.6,18.431817692318358,13.469950055866782,23.393685328769934,9.923735272903151,True
2024-09-08,Random Forest,0.9,19.0,16.543951880764318,11.582084244312743,21.505819517215894,9.923735272903151,True
2024-09-09,Random Forest,0.9,20.8,18.7479910158113,13.786123379359726,23.709858652262877,9.923735272903151,True
2024-09-10,Random Forest,0.9,23.8,21.608656638433622,16.646789001982047,26.570524274885198,9.923735272903151,True
2024-09-11,Random Forest,0.9,19.6,21.412970864552776,16.4511032281012,26.37483850100435,9.923735272903151,True
2024-09-12,Random Forest,0.9,17.8,17.8762620609678,12.914394424516225,22.838129697419376,9.923735272903151,True
2024-09-13,Random Forest,0.9,19.5,17.93661948796583,12.974751851514256,22.898487124417407,9.923735272903151,True
2024-09-14,Random Forest,0.9,18.0,19.3570440834663,14.395176447014723,24.318911719917875,9.923735272903151,True
2024-09-15,Random Forest,0.9,17.3,19.04307688042667,14.081209243975096,24.004944516878247,9.923735272903151,True
2024-09-16,Random Forest,0.9,16.6,18.3600954497484,13.398227813296824,23.321963086199975,9.923735272903151,True
2024-09-17,Random Forest,0.9,15.9,19.900869722637307,14.939002086185731,24.862737359088882,9.923735272903151,True
2024-09-18,Random Forest,0.9,15.9,16.555741792008394,11.593874155556819,21.51760942845997,9.923735272903151,True
2024-09-19,Random Forest,0.9,20.0,17.052457439963934,12.090589803512358,22.01432507641551,9.923735272903151,True
2024-09-20,Random Forest,0.9,22.5,19.92977423416458,14.967906597713004,24.891641870616155,9.923735272903151,True
2024-09-21,Random Forest,0.9,26.0,21.713119493579317,16.75125185712774,26.674987130030893,9.923735272903151,True
2024-09-22,Random Forest,0.9,26.1,24.221559711523913,19.259692075072337,29.18342734797549,9.923735272903151,True
2024-09-23,Random Forest,0.9,20.9,23.39721962039019,18.435351983938613,28.359087256841764,9.923735272903151,True
2024-09-24,Random Forest,0.9,17.4,21.269699655472532,16.307832019020957,26.231567291924108,9.923735272903151,True
2024-09-25,Random Forest,0.9,19.8,17.95179260605832,12.989924969606744,22.913660242509895,9.923735272903151,True
2024-09-26,Random Forest,0.9,17.5,20.353666202088295,15.39179856563672,25.31553383853987,9.923735272903151,True
2024-09-27,Random Forest,0.9,17.1,19.61008718241139,14.648219545959815,24.571954818862967,9.923735272903151,True
2024-09-28,Random Forest,0.9,14.6,16.17164025304321,11.209772616591636,21.133507889494787,9.923735272903151,True
2024-09-29,Random Forest,0.9,14.4,16.91673579808367,11.954868161632096,21.878603434535247,9.923735272903151,True
2024-09-30,Random Forest,0.9,15.1,16.210618703996595,11.248751067545019,21.17248634044817,9.923735272903151,True
2024-10-01,Random Forest,0.9,22.9,16.970381835865037,12.008514199413462,21.932249472316613,9.923735272903151,False
2024-10-02,Random Forest,0.9,28.8,21.668549903879505,16.70668226742793,26.63041754033108,9.923735272903151,False
2024-10-03,Random Forest,0.9,28.7,25.552052837011313,20.590185200559738,30.51392047346289,9.923735272903151,True
2024-10-04,Random Forest,0.9,26.6,25.343716587662456,20.38184895121088,30.305584224114032,9.923735272903151,True
2024-10-05,Random Forest,0.9,26.3,24.814289796216794,19.85242215976522,29.77615743266837,9.923735272903151,True
2024-10-06,Random Forest,0.9,30.8,23.57281012895112,18.610942492499543,28.534677765402694,9.923735272903151,False
2024-10-07,Random Forest,0.9,24.0,28.1078529295765,23.145985293124923,33.069720566028074,9.923735272903151,True
2024-10-08,Random Forest,0.9,22.3,22.88010349086741,17.918235854415833,27.841971127318985,9.923735272903151,True
2024-10-09,Random Forest,0.9,19.6,23.473160206083012,18.511292569631436,28.435027842534588,9.923735272903151,True
2024-10-10,Random Forest,0.9,20.9,21.019290186549902,16.057422550098327,25.981157823001478,9.923735272903151,True
2024-10-11,Random Forest,0.9,22.1,21.322533079807805,16.36066544335623,26.28440071625938,9.923735272903151,True
2024-10-12,Random Forest,0.9,21.7,22.141062959646263,17.179195323194687,27.10293059609784,9.923735272903151,True
2024-10-13,Random Forest,0.9,19.5,21.671482496958856,16.70961486050728,26.63335013341043,9.923735272903151,True
2024-10-14,Random Forest,0.9,28.6,20.930225948529277,15.9683583120777,25.892093584980852,9.923735272903151,False
2024-10-15,Random Forest,0.9,29.5,24.396738411724602,19.434870775273026,29.358606048176178,9.923735272903151,False
2024-10-16,Random Forest,0.9,22.0,24.153417630344116,19.19154999389254,29.11528526679569,9.923735272903151,True
2024-10-17,Random Forest,0.9,19.7,21.58541173312673,16.623544096675154,26.547279369578305,9.923735272903151,True
2024-10-18,Random Forest,0.9,18.3,21.656678663027105,16.69481102657553,26.61854629947868,9.923735272903151,True
2024-10-19,Random Forest,0.9,21.3,21.28245550786607,16.320587871414496,26.244323144317647,9.923735272903151,True
2024-10-20,Random Forest,0.9,25.8,23.532960009805578,18.571092373354002,28.494827646257153,9.923735272903151,True
2024-10-21,Random Forest,0.9,27.5,23.054179234298466,18.09231159784689,28.016046870750042,9.923735272903151,True
2024-10-22,Random Forest,0.9,29.6,23.89444664800514,18.932579011553564,28.856314284456715,9.923735272903151,False
2024-10-23,Random Forest,0.9,20.8,26.707322735557987,21.74545509910641,31.669190372009563,9.923735272903151,False
2024-10-24,Random Forest,0.9,20.7,23.193309795021033,18.231442158569457,28.15517743147261,9.923735272903151,True
2024-10-25,Random Forest,0.9,27.5,21.73351989361244,16.771652257160863,26.695387530064014,9.923735272903151,False
2024-10-26,Random Forest,0.9,18.4,25.435615384541013,20.473747748089437,30.39748302099259,9.923735272903151,False
2024-10-27,Random Forest,0.9,20.2,19.078151864489573,14.116284228037998,24.04001950094115,9.923735272903151,True
2024-10-28,Random Forest,0.9,20.2,21.357239527844612,16.395371891393037,26.319107164296188,9.923735272903151,True
2024-10-29,Random Forest,0.9,23.0,22.238491471749494,17.27662383529792,27.20035910820107,9.923735272903151,True
2024-10-30,Random Forest,0.9,25.6,23.357909622034626,18.39604198558305,28.3197772584862,9.923735272903151,True
2024-10-31,Random Forest,0.9,25.3,24.219422180297382,19.257554543845806,29.181289816748958,9.923735272903151,True
2024-11-01,Random Forest,0.9,23.9,22.440359629503742,17.478491993052167,27.402227265955318,9.923735272903151,True
2024-11-02,Random Forest,0.9,21.8,21.691706630479395,16.72983899402782,26.65357426693097,9.923735272903151,True
2024-11-03,Random Forest,0.9,15.4,23.457216336461048,18.495348700009473,28.419083972912624,9.923735272903151,False
2024-11-04,Random Forest,0.9,19.8,17.341412410285585,12.37954477383401,22.30328004673716,9.923735272903151,True
2024-11-05,Random Forest,0.9,24.1,21.737732255806204,16.77586461935463,26.69959989225778,9.923735272903151,True
2024-11-06,Random Forest,0.9,30.0,25.07706052078612,20.115192884334544,30.038928157237695,9.923735272903151,True
2024-11-07,Random Forest,0.9,25.0,26.109254732909925,21.14738709645835,31.0711223693615,9.923735272903151,True
2024-11-08,Random Forest,0.9,26.1,24.074450130164916,19.11258249371334,29.03631776661649,9.923735272903151,True
2024-11-09,Random Forest,0.9,23.0,25.183381377706183,20.221513741254608,30.14524901415776,9.923735272903151,True
2024-11-10,Random Forest,0.9,26.9,23.276341165728706,18.31447352927713,28.23820880218028,9.923735272903151,True
2024-11-11,Random Forest,0.9,21.3,24.914848586859513,19.952980950407937,29.87671622331109,9.923735272903151,True
2024-11-12,Random Forest,0.9,23.1,23.128486403474767,18.16661876702319,28.090354039926343,9.923735272903151,True
2024-11-13,Random Forest,0.9,27.5,24.111433135725743,19.149565499274168,29.07330077217732,9.923735272903151,True
2024-11-14,Random Forest,0.9,25.2,24.80326466026968,19.841397023818104,29.765132296721255,9.923735272903151,True
2024-11-15,Random Forest,0.9,21.5,23.036831981494792,18.074964345043217,27.998699617946368,9.923735272903151,True
2024-11-16,Random Forest,0.9,27.4,23.726186120061122,18.764318483609546,28.688053756512698,9.923735272903151,True
2024-11-17,Random Forest,0.9,22.5,24.974567364732046,20.01269972828047,29.93643500118362,9.923735272903151,True
2024-11-18,Random Forest,0.9,24.9,23.78947347523706,18.827605838785484,28.751341111688635,9.923735272903151,True
2024-11-19,Random Forest,0.9,25.7,24.83797336695205,19.876105730500473,29.799841003403625,9.923735272903151,True
2024-11-20,Random Forest,0.9,24.9,22.436383610936993,17.474515974485417,27.39825124738857,9.923735272903151,True
2024-11-21,Random Forest,0.9,24.1,25.998274859758475,21.0364072233069,30.96014249621005,9.923735272903151,True
2024-11-22,Random Forest,0.9,24.9,24.878854426991534,19.91698679053996,29.84072206344311,9.923735272903151,True
2024-11-23,Random Forest,0.9,28.5,25.17921338841851,20.217345751966935,30.141081024870086,9.923735272903151,True
2024-11-24,Random Forest,0.9,23.8,24.612484859611914,19.65061722316034,29.57435249606349,9.923735272903151,True
2024-11-25,Random Forest,0.9,19.5,22.83340577897645,17.871538142524873,27.795273415428024,9.923735272903151,True
2024-11-26,Random Forest,0.9,20.5,22.16823111289713,17.206363476445553,27.130098749348704,9.923735272903151,True
2024-11-27,Random Forest,0.9,24.5,20.889773742145334,15.927906105693758,25.85164137859691,9.923735272903151,True
2024-11-28,Random Forest,0.9,27.5,24.530230105191105,19.56836246873953,29.49209774164268,9.923735272903151,True
2024-11-29,Random Forest,0.9,23.3,24.887224437087177,19.9253568006356,29.849092073538753,9.923735272903151,True
2024-11-30,Random Forest,0.9,23.2,24.4638042115734,19.501936575121825,29.425671848024976,9.923735272903151,True
2024-12-01,Random Forest,0.9,27.8,24.33943719848586,19.377569562034285,29.301304834937437,9.923735272903151,True
2024-12-02,Random Forest,0.9,25.5,25.125323532173926,20.16345589572235,30.087191168625502,9.923735272903151,True
2024-12-03,Random Forest,0.9,27.0,23.387502980539384,18.42563534408781,28.34937061699096,9.923735272903151,True
2024-12-04,Random Forest,0.9,23.7,24.970104247526717,20.00823661107514,29.931971883978292,9.923735272903151,True
2024-12-05,Random Forest,0.9,20.9,22.96336951510119,18.001501878649613,27.925237151552764,9.923735272903151,True
2024-12-06,Random Forest,0.9,24.8,22.523564567154928,17.561696930703352,27.485432203606504,9.923735272903151,True
2024-12-07,Random Forest,0.9,23.5,25.277001161496052,20.315133525044477,30.238868797947628,9.923735272903151,True
2024-12-08,Random Forest,0.9,29.6,24.228789716442417,19.26692207999084,29.190657352893993,9.923735272903151,False
2024-12-09,Random Forest,0.9,27.2,25.61854590171159,20.656678265260016,30.580413538163167,9.923735272903151,True
2024-12-10,Random Forest,0.9,26.5,24.864231474210634,19.902363837759058,29.82609911066221,9.923735272903151,True
2024-12-11,Random Forest,0.9,25.0,25.37362734617708,20.411759709725505,30.335494982628656,9.923735272903151,True
2024-12-12,Random Forest,0.9,22.3,23.917272749427568,18.955405112975992,28.879140385879143,9.923735272903151,True
2024-12-13,Random Forest,0.9,24.6,22.573679960522526,17.61181232407095,27.5355475969741,9.923735272903151,True
2024-12-14,Random Forest,0.9,20.4,24.443137315772734,19.48126967932116,29.40500495222431,9.923735272903151,True
2024-12-15,Random Forest,0.9,22.6,21.11129626468302,16.149428628231444,26.073163901134595,9.923735272903151,True
2024-12-16,Random Forest,0.9,22.8,24.831985872090513,19.870118235638937,29.79385350854209,9.923735272903151,True
2024-12-17,Random Forest,0.9,23.2,25.283726012456793,20.321858376005217,30.24559364890837,9.923735272903151,True
2024-12-18,Random Forest,0.9,25.8,24.023190693945747,19.06132305749417,28.985058330397322,9.923735272903151,True
2024-12-19,Random Forest,0.9,25.0,24.955669017136714,19.993801380685138,29.91753665358829,9.923735272903151,True
2024-12-20,Random Forest,0.9,26.0,25.52078984296187,20.558922206510296,30.482657479413447,9.923735272903151,True
2024-12-21,Random Forest,0.9,26.5,27.584435932733875,22.6225682962823,32.546303569185454,9.923735272903155,True
2024-12-22,Random Forest,0.9,22.9,26.10602848632158,21.144160849870005,31.067896122773156,9.923735272903151,True
2024-12-23,Random Forest,0.9,28.2,24.92266677033117,19.960799133879593,29.884534406782745,9.923735272903151,True
2024-12-24,Random Forest,0.9,33.6,27.68405910240325,22.722191465951674,32.645926738854826,9.923735272903151,False
2024-12-25,Random Forest,0.9,35.6,31.098028320209693,26.136160683758117,36.059895956661265,9.923735272903148,True
2024-12-26,Random Forest,0.9,26.1,29.902945891700057,24.94107825524848,34.86481352815163,9.923735272903148,True
2024-12-27,Random Forest,0.9,27.9,25.058245245658746,20.09637760920717,30.020112882110322,9.923735272903151,True
2024-12-28,Random Forest,0.9,27.2,28.181544097282003,23.219676460830428,33.14341173373358,9.923735272903151,True
2024-12-29,Random Forest,0.9,26.9,24.584615789517944,19.622748153066368,29.54648342596952,9.923735272903151,True
2024-12-30,Random Forest,0.9,25.6,24.476378369387078,19.514510732935502,29.438246005838653,9.923735272903151,True
2024-12-31,Random Forest,0.9,25.7,26.026432479932698,21.064564843481122,30.988300116384274,9.923735272903151,True
2025-01-01,Random Forest,0.9,23.6,26.39076967068977,21.428902034238195,31.352637307141347,9.923735272903151,True
2025-01-02,Random Forest,0.9,26.0,26.487133614679877,21.5252659782283,31.449001251131453,9.923735272903151,True
2025-01-03,Random Forest,0.9,29.0,27.26636910152666,22.304501465075084,32.228236737978236,9.923735272903151,True
2025-01-04,Random Forest,0.9,22.4,26.76657807710125,21.804710440649675,31.728445713552826,9.923735272903151,True
2025-01-05,Random Forest,0.9,22.8,25.051228344919267,20.08936070846769,30.013095981370842,9.923735272903151,True
2025-01-06,Random Forest,0.9,24.8,26.88963128595372,21.927763649502143,31.851498922405295,9.923735272903151,True
2025-01-07,Random Forest,0.9,24.9,27.055035323010273,22.093167686558697,32.016902959461845,9.923735272903148,True
2025-01-08,Random Forest,0.9,26.0,26.288724682324084,21.326857045872508,31.25059231877566,9.923735272903151,True
2025-01-09,Random Forest,0.9,24.0,26.577334324568806,21.61546668811723,31.53920196102038,9.923735272903151,True
2025-01-10,Random Forest,0.9,26.4,26.447907459294473,21.486039822842898,31.40977509574605,9.923735272903151,True
2025-01-11,Random Forest,0.9,25.3,26.060944909850374,21.099077273398798,31.02281254630195,9.923735272903151,True
2025-01-12,Random Forest,0.9,31.1,25.65931937691808,20.697451740466505,30.621187013369656,9.923735272903151,False
2025-01-13,Random Forest,0.9,24.5,28.78175093614141,23.819883299689835,33.743618572592986,9.923735272903151,True
2025-01-14,Random Forest,0.9,21.2,24.1463663849813,19.184498748529723,29.108234021432875,9.923735272903151,True
2025-01-15,Random Forest,0.9,25.4,23.21445449570033,18.252586859248755,28.176322132151906,9.923735272903151,True
2025-01-16,Random Forest,0.9,29.0,27.35912279612674,22.397255159675165,32.32099043257831,9.923735272903148,True
2025-01-17,Random Forest,0.9,23.9,25.983216565238326,21.02134892878675,30.9450842016899,9.923735272903151,True
2025-01-18,Random Forest,0.9,25.6,26.210081174063554,21.248213537611978,31.17194881051513,9.923735272903151,True
2025-01-19,Random Forest,0.9,24.1,26.203308739744227,21.24144110329265,31.165176376195802,9.923735272903151,True
2025-01-20,Random Forest,0.9,34.7,25.754711246907544,20.792843610455968,30.71657888335912,9.923735272903151,False
2025-01-21,Random Forest,0.9,35.8,32.283493830320474,27.321626193868898,37.24536146677205,9.923735272903155,True
2025-01-22,Random Forest,0.9,28.8,29.259820014095816,24.29795237764424,34.221687650547395,9.923735272903155,True
2025-01-23,Random Forest,0.9,28.5,25.240987175205277,20.2791195387537,30.202854811656852,9.923735272903151,True
2025-01-24,Random Forest,0.9,30.5,26.03444611136421,21.072578474912635,30.996313747815787,9.923735272903151,True
2025-01-25,Random Forest,0.9,26.5,27.97112239964757,23.009254763195994,32.93299003609914,9.923735272903148,True
2025-01-26,Random Forest,0.9,27.5,26.756883224849812,21.795015588398236,31.718750861301388,9.923735272903151,True
2025-01-27,Random Forest,0.9,35.8,27.86168666092067,22.899819024469096,32.82355429737225,9.923735272903151,False
2025-01-28,Random Forest,0.9,31.4,30.163601038995246,25.20173340254367,35.125468675446825,9.923735272903155,True
2025-01-29,Random Forest,0.9,25.8,27.35990738333509,22.398039746883516,32.32177501978667,9.923735272903155,True
2025-01-30,Random Forest,0.9,24.0,25.33648413565901,20.374616499207434,30.298351772110586,9.923735272903151,True
2025-01-31,Random Forest,0.9,24.9,26.14347778461812,21.181610148166545,31.105345421069696,9.923735272903151,True
2025-02-01,Random Forest,0.9,25.5,26.797647530915253,21.835779894463677,31.75951516736683,9.923735272903151,True
2025-02-02,Random Forest,0.9,25.2,26.634410896391707,21.67254325994013,31.596278532843282,9.923735272903151,True
2025-02-03,Random Forest,0.9,25.1,26.733214318936554,21.771346682484978,31.69508195538813,9.923735272903151,True
2025-02-04,Random Forest,0.9,21.1,26.537928683103697,21.57606104665212,31.499796319555273,9.923735272903151,False
2025-02-05,Random Forest,0.9,27.4,23.538108017532355,18.57624038108078,28.49997565398393,9.923735272903151,True
2025-02-06,Random Forest,0.9,36.2,27.900968123597075,22.9391004871455,32.862835760048654,9.923735272903155,False
2025-02-07,Random Forest,0.9,26.8,30.41476805501487,25.452900418563296,35.37663569146645,9.923735272903151,True
2025-02-08,Random Forest,0.9,23.5,25.855433277839957,20.89356564138838,30.817300914291533,9.923735272903151,True
2025-02-09,Random Forest,0.9,27.5,27.101500574239285,22.13963293778771,32.06336821069086,9.923735272903151,True
2025-02-10,Random Forest,0.9,30.7,27.050092415295058,22.088224778843482,32.011960051746634,9.923735272903151,True
2025-02-11,Random Forest,0.9,31.9,28.588885890469793,23.627018254018218,33.55075352692137,9.923735272903151,True
2025-02-12,Random Forest,0.9,22.4,26.666488616424086,21.70462097997251,31.628356252875662,9.923735272903151,True
2025-02-13,Random Forest,0.9,22.9,24.740540464880336,19.77867282842876,29.702408101331912,9.923735272903151,True
2025-02-14,Random Forest,0.9,26.2,26.47659511961463,21.514727483163053,31.438462756066205,9.923735272903151,True
2025-02-15,Random Forest,0.9,25.5,27.852830299271602,22.890962662820026,32.814697935723174,9.923735272903148,True
2025-02-16,Random Forest,0.9,27.4,27.274597683024663,22.312730046573087,32.23646531947624,9.923735272903151,True
2025-02-17,Random Forest,0.9,26.3,27.78898311446512,22.827115478013543,32.7508507509167,9.923735272903155,True
2025-02-18,Random Forest,0.9,33.8,27.507563234293006,22.54569559784143,32.46943087074458,9.923735272903151,False
2025-02-19,Random Forest,0.9,34.7,30.100750944155656,25.13888330770408,35.062618580607236,9.923735272903155,True
2025-02-20,Random Forest,0.9,27.6,27.167700531737687,22.20583289528611,32.129568168189266,9.923735272903155,True
2025-02-21,Random Forest,0.9,28.8,24.499255808167703,19.537388171716128,29.46112344461928,9.923735272903151,True
2025-02-22,Random Forest,0.9,23.6,28.21707908245922,23.255211446007646,33.178946718910794,9.923735272903148,True
2025-02-23,Random Forest,0.9,25.8,26.939127519753168,21.977259883301592,31.900995156204743,9.923735272903151,True
2025-02-24,Random Forest,0.9,26.5,26.432480542123294,21.470612905671718,31.39434817857487,9.923735272903151,True
2025-02-25,Random Forest,0.9,31.7,28.011114571020777,23.0492469345692,32.972982207472356,9.923735272903155,True
2025-02-26,Random Forest,0.9,28.1,30.99823689877671,26.036369262325135,35.96010453522828,9.923735272903148,True
2025-02-27,Random Forest,0.9,28.1,27.43742896657966,22.475561330128084,32.39929660303123,9.923735272903148,True
2025-02-28,Random Forest,0.9,25.8,28.201990326704454,23.24012269025288,33.16385796315603,9.923735272903155,True
2025-03-01,Random Forest,0.9,34.5,26.34783656587846,21.385968929426884,31.309704202330035,9.923735272903151,False
2025-03-02,Random Forest,0.9,35.2,30.044898934202326,25.08303129775075,35.0067665706539,9.923735272903151,False
2025-03-03,Random Forest,0.9,26.5,27.50070818226985,22.538840545818275,32.462575818721426,9.923735272903151,True
2025-03-04,Random Forest,0.9,27.9,25.04623729097048,20.084369654518905,30.008104927422057,9.923735272903151,True
2025-03-05,Random Forest,0.9,25.3,27.385357475343355,22.42348983889178,32.34722511179493,9.923735272903148,True
2025-03-06,Random Forest,0.9,27.8,25.44823877936548,20.486371142913903,30.410106415817054,9.923735272903151,True
2025-03-07,Random Forest,0.9,31.5,26.648242257474017,21.68637462102244,31.610109893925593,9.923735272903151,True
2025-03-08,Random Forest,0.9,25.5,28.8071151837158,23.845247547264226,33.76898282016738,9.923735272903155,True
2025-03-09,Random Forest,0.9,22.5,23.355374113692847,18.39350647724127,28.317241750144422,9.923735272903151,True
2025-03-10,Random Forest,0.9,26.5,25.54596438478007,20.584096748328495,30.507832021231646,9.923735272903151,True
2025-03-11,Random Forest,0.9,28.5,26.893556337921847,21.93168870147027,31.855423974373423,9.923735272903151,True
2025-03-12,Random Forest,0.9,29.3,26.97696576040494,22.015098123953365,31.938833396856516,9.923735272903151,True
2025-03-13,Random Forest,0.9,35.9,27.863136623217905,22.90126898676633,32.825004259669484,9.923735272903155,False
2025-03-14,Random Forest,0.9,29.0,29.49886773471709,24.537000098265516,34.46073537116867,9.923735272903151,True
2025-03-15,Random Forest,0.9,26.6,27.60129325317729,22.639425616725713,32.56316088962886,9.923735272903148,True
2025-03-16,Random Forest,0.9,27.0,24.887068286077884,19.92520064962631,29.84893592252946,9.923735272903151,True
2025-03-17,Random Forest,0.9,31.6,26.752016317835665,21.79014868138409,31.71388395428724,9.923735272903151,True
2025-03-18,Random Forest,0.9,32.8,28.63505859304744,23.673190956595864,33.59692622949902,9.923735272903155,True
2025-03-19,Random Forest,0.9,29.1,27.34945337052805,22.387585734076474,32.311321006979625,9.923735272903151,True
2025-03-20,Random Forest,0.9,26.2,22.54355274246536,17.581685106013783,27.505420378916934,9.923735272903151,True
2025-03-21,Random Forest,0.9,24.6,23.47474415757799,18.512876521126415,28.436611794029567,9.923735272903151,True
2025-03-22,Random Forest,0.9,22.2,24.00800924707518,19.046141610623604,28.969876883526755,9.923735272903151,True
2025-03-23,Random Forest,0.9,23.6,23.329405174705844,18.36753753825427,28.29127281115742,9.923735272903151,True
2025-03-24,Random Forest,0.9,23.5,25.08529471195982,20.123427075508243,30.047162348411394,9.923735272903151,True
2025-03-25,Random Forest,0.9,22.5,22.204954516064902,17.243086879613326,27.166822152516477,9.923735272903151,True
2025-03-26,Random Forest,0.9,29.6,24.15950191705539,19.197634280603815,29.121369553506966,9.923735272903151,False
2025-03-27,Random Forest,0.9,30.9,27.252427436788874,22.2905598003373,32.21429507324045,9.923735272903151,True
2025-03-28,Random Forest,0.9,24.6,27.674227024112504,22.71235938766093,32.63609466056408,9.923735272903155,True
2025-03-29,Random Forest,0.9,23.1,22.93679826698829,17.974930630536715,27.898665903439866,9.923735272903151,True
2025-03-30,Random Forest,0.9,25.8,23.88767182804769,18.925804191596114,28.849539464499266,9.923735272903151,True
2025-03-31,Random Forest,0.9,22.1,22.95487421407125,17.993006577619674,27.916741850522826,9.923735272903151,True
2025-04-01,Random Forest,0.9,24.5,22.871331867233845,17.90946423078227,27.83319950368542,9.923735272903151,True
2025-04-02,Random Forest,0.9,29.9,25.511811732150136,20.54994409569856,30.47367936860171,9.923735272903151,True
2025-04-03,Random Forest,0.9,29.9,26.035428648714912,21.073561012263337,30.997296285166488,9.923735272903151,True
2025-04-04,Random Forest,0.9,31.6,27.861763350303065,22.89989571385149,32.82363098675464,9.923735272903148,True
2025-04-05,Random Forest,0.9,31.8,28.76531857594416,23.803450939492585,33.727186212395736,9.923735272903151,True
2025-04-06,Random Forest,0.9,30.9,27.717996365345442,22.756128728893867,32.679864001797014,9.923735272903148,True
2025-04-07,Random Forest,0.9,21.4,27.189681746817115,22.22781411036554,32.15154938326869,9.923735272903148,False
2025-04-08,Random Forest,0.9,22.6,23.309581449152287,18.34771381270071,28.271449085603862,9.923735272903151,True
2025-04-09,Random Forest,0.9,24.5,23.06589856528793,18.104030928836355,28.027766201739507,9.923735272903151,True
2025-04-10,Random Forest,0.9,27.7,24.664136761656717,19.70226912520514,29.626004398108293,9.923735272903151,True
2025-04-11,Random Forest,0.9,19.8,25.997680136041403,21.035812499589827,30.95954777249298,9.923735272903151,False
2025-04-12,Random Forest,0.9,19.5,20.593559490972986,15.63169185452141,25.55542712742456,9.923735272903151,True
2025-04-13,Random Forest,0.9,19.5,21.67442882576253,16.712561189310954,26.636296462214105,9.923735272903151,True
2025-04-14,Random Forest,0.9,23.4,21.889087776442373,16.927220139990798,26.85095541289395,9.923735272903151,True
2025-04-15,Random Forest,0.9,24.9,24.143624147130918,19.181756510679342,29.105491783582494,9.923735272903151,True
2025-04-16,Random Forest,0.9,27.3,25.428719697171406,20.46685206071983,30.39058733362298,9.923735272903151,True
2025-04-17,Random Forest,0.9,31.0,25.96386721316545,21.001999576713875,30.925734849617026,9.923735272903151,False
2025-04-18,Random Forest,0.9,22.6,27.563848254259185,22.60198061780761,32.52571589071076,9.923735272903148,False
2025-04-19,Random Forest,0.9,22.5,22.20767914646165,17.245811510010075,27.169546782913226,9.923735272903151,True
2025-04-20,Random Forest,0.9,21.3,23.94208226612369,18.980214629672115,28.903949902575267,9.923735272903151,True
2025-04-21,Random Forest,0.9,25.0,22.42047514918357,17.458607512731994,27.382342785635146,9.923735272903151,True
2025-04-22,Random Forest,0.9,24.3,25.24946946149743,20.287601825045854,30.211337097949006,9.923735272903151,True
2025-04-23,Random Forest,0.9,24.8,24.706962202791143,19.745094566339567,29.66882983924272,9.923735272903151,True
2025-04-24,Random Forest,0.9,24.1,24.19317660531108,19.231308968859505,29.155044241762656,9.923735272903151,True
2025-04-25,Random Forest,0.9,26.6,23.667498104739177,18.705630468287602,28.629365741190753,9.923735272903151,True
2025-04-26,Random Forest,0.9,34.3,26.554285159196972,21.592417522745396,31.516152795648548,9.923735272903151,False
2025-04-27,Random Forest,0.9,22.9,28.421061746143454,23.45919410969188,33.38292938259503,9.923735272903151,False
2025-04-28,Random Forest,0.9,20.0,24.246843819816505,19.28497618336493,29.20871145626808,9.923735272903151,True
2025-04-29,Random Forest,0.9,19.0,22.106436239492243,17.144568603040668,27.06830387594382,9.923735272903151,True
2025-04-30,Random Forest,0.9,15.9,21.043155746777085,16.08128811032551,26.00502338322866,9.923735272903151,False
2025-05-01,Random Forest,0.9,16.5,17.251894646376154,12.290027009924579,22.21376228282773,9.923735272903151,True
2025-05-02,Random Forest,0.9,19.6,17.528434962933638,12.566567326482062,22.490302599385213,9.923735272903151,True
2025-05-03,Random Forest,0.9,25.0,19.90059878421482,14.938731147763246,24.862466420666397,9.923735272903151,False
2025-05-04,Random Forest,0.9,21.1,22.046297393025363,17.084429756573787,27.008165029476938,9.923735272903151,True
2025-05-05,Random Forest,0.9,20.5,19.529397171653986,14.56752953520241,24.491264808105562,9.923735272903151,True
2025-05-06,Random Forest,0.9,19.8,22.148706076755193,17.186838440303617,27.11057371320677,9.923735272903151,True
2025-05-07,Random Forest,0.9,19.8,20.992774912056603,16.030907275605028,25.95464254850818,9.923735272903151,True
2025-05-08,Random Forest,0.9,20.6,20.67696501530733,15.715097378855756,25.638832651758907,9.923735272903151,True
2025-05-09,Random Forest,0.9,17.8,20.825409893650715,15.86354225719914,25.78727753010229,9.923735272903151,True
2025-05-10,Random Forest,0.9,18.0,18.43473119557275,13.472863559121173,23.396598832024324,9.923735272903151,True
2025-05-11,Random Forest,0.9,20.1,17.87784954258974,12.915981906138164,22.839717179041315,9.923735272903151,True
2025-05-12,Random Forest,0.9,21.0,20.127555540084074,15.165687903632499,25.08942317653565,9.923735272903151,True
2025-05-13,Random Forest,0.9,21.5,20.85726481037558,15.895397173924003,25.819132446827155,9.923735272903151,True
2025-05-14,Random Forest,0.9,23.6,20.176519918684427,15.214652282232851,25.138387555136003,9.923735272903151,True
2025-05-15,Random Forest,0.9,26.7,23.37945330317009,18.417585666718516,28.341320939621667,9.923735272903151,True
2025-05-16,Random Forest,0.9,23.2,24.28135489274277,19.319487256291193,29.243222529194345,9.923735272903151,True
2025-05-17,Random Forest,0.9,24.6,22.833441158044632,17.871573521593056,27.795308794496208,9.923735272903151,True
2025-05-18,Random Forest,0.9,19.9,21.66020455856961,16.698336922118035,26.622072195021186,9.923735272903151,True
2025-05-19,Random Forest,0.9,15.3,20.411789169755515,15.44992153330394,25.37365680620709,9.923735272903151,False
2025-05-20,Random Forest,0.9,16.4,15.33641883935405,10.374551202902474,20.298286475805625,9.923735272903151,True
2025-05-21,Random Forest,0.9,19.2,16.898568243218993,11.936700606767417,21.86043587967057,9.923735272903151,True
2025-05-22,Random Forest,0.9,18.9,19.58585883864671,14.623991202195135,24.547726475098287,9.923735272903151,True
2025-05-23,Random Forest,0.9,26.5,19.187646899326413,14.225779262874838,24.14951453577799,9.923735272903151,False
2025-05-24,Random Forest,0.9,21.4,23.05512824617648,18.093260609724904,28.016995882628056,9.923735272903151,True
2025-05-25,Random Forest,0.9,16.7,21.614336677884296,16.65246904143272,26.57620431433587,9.923735272903151,True
2025-05-26,Random Forest,0.9,20.1,17.24850024664435,12.286632610192775,22.210367883095927,9.923735272903151,True
2025-05-27,Random Forest,0.9,18.5,19.82578876400404,14.863921127552466,24.787656400455617,9.923735272903151,True
2025-05-28,Random Forest,0.9,18.4,17.535570526672892,12.573702890221316,22.497438163124468,9.923735272903151,True
2025-05-29,Random Forest,0.9,18.0,17.637079291665316,12.67521165521374,22.59894692811689,9.923735272903151,True
2025-05-30,Random Forest,0.9,18.2,17.364850477780866,12.40298284132929,22.326718114232442,9.923735272903151,True
2025-05-31,Random Forest,0.9,18.6,18.886222495875135,13.924354859423559,23.84809013232671,9.923735272903151,True
2025-06-01,Random Forest,0.9,17.5,19.630808664233395,14.66894102778182,24.59267630068497,9.923735272903151,True
2025-06-02,Random Forest,0.9,15.7,20.52514365613949,15.563276019687915,25.487011292591067,9.923735272903151,True
2025-06-03,Random Forest,0.9,17.7,16.79041985603714,11.828552219585564,21.752287492488716,9.923735272903151,True
2025-06-04,Random Forest,0.9,18.6,18.214209928190268,13.252342291738692,23.176077564641844,9.923735272903151,True
2025-06-05,Random Forest,0.9,16.6,20.465311160976306,15.50344352452473,25.42717879742788,9.923735272903151,True
2025-06-06,Random Forest,0.9,14.8,17.74905096764308,12.787183331191503,22.710918604094655,9.923735272903151,True
2025-06-07,Random Forest,0.9,13.9,14.907122036475021,9.945254400023446,19.868989672926595,9.92373527290315,True
2025-06-08,Random Forest,0.9,15.5,14.987834239692932,10.025966603241356,19.94970187614451,9.923735272903153,True
2025-06-09,Random Forest,0.9,16.4,16.1742436419105,11.212376005458925,21.136111278362076,9.923735272903151,True
2025-06-10,Random Forest,0.9,18.0,17.183328369233223,12.221460732781647,22.1451960056848,9.923735272903151,True
2025-06-11,Random Forest,0.9,18.9,19.317634452667757,14.355766816216182,24.279502089119333,9.923735272903151,True
2025-06-12,Random Forest,0.9,22.5,19.187464816535844,14.225597180084268,24.14933245298742,9.923735272903151,True
2025-06-13,Random Forest,0.9,25.1,20.23968583928716,15.277818202835583,25.201553475738734,9.923735272903151,True
2025-06-14,Random Forest,0.9,25.0,22.033618490791024,17.07175085433945,26.9954861272426,9.923735272903151,True
2025-06-15,Random Forest,0.9,15.7,21.046048335778252,16.084180699326676,26.007915972229828,9.923735272903151,False
2025-06-16,Random Forest,0.9,15.3,16.299248056021234,11.337380419569659,21.26111569247281,9.923735272903151,True
2025-06-17,Random Forest,0.9,17.1,16.720435526550748,11.758567890099172,21.682303163002324,9.923735272903151,True
2025-06-18,Random Forest,0.9,16.0,15.75002609593682,10.788158459485244,20.711893732388397,9.923735272903153,True
2025-06-19,Random Forest,0.9,18.2,16.422174310800692,11.460306674349116,21.384041947252268,9.923735272903151,True
2025-06-20,Random Forest,0.9,19.8,17.263414921636176,12.3015472851846,22.225282558087752,9.923735272903151,True
2025-06-21,Random Forest,0.9,15.1,18.645557879611776,13.6836902431602,23.60742551606335,9.923735272903151,True
2025-06-22,Random Forest,0.9,17.2,16.437408494570487,11.475540858118912,21.399276131022063,9.923735272903151,True
2025-06-23,Random Forest,0.9,17.2,16.653158420559222,11.691290784107647,21.615026057010798,9.923735272903151,True
2025-06-24,Random Forest,0.9,13.1,19.011779657093708,14.049912020642132,23.973647293545284,9.923735272903151,False
2025-06-25,Random Forest,0.9,13.4,14.61589563129207,9.654027994840494,19.577763267743645,9.923735272903151,True
2025-06-26,Random Forest,0.9,13.2,14.21928849970815,9.257420863256574,19.181156136159725,9.923735272903151,True
2025-06-27,Random Forest,0.9,14.6,14.595790105387962,9.633922468936387,19.557657741839538,9.923735272903151,True
2025-06-28,Random Forest,0.9,18.4,15.309185206863363,10.347317570411787,20.27105284331494,9.923735272903153,True
2025-06-29,Random Forest,0.9,18.0,16.058961857357243,11.097094220905667,21.02082949380882,9.923735272903151,True
2025-06-30,Random Forest,0.9,15.9,19.503392576809265,14.54152494035769,24.46526021326084,9.923735272903151,True
2025-07-01,Random Forest,0.9,16.5,17.4875411033549,12.525673466903324,22.449408739806476,9.923735272903151,True
2025-07-02,Random Forest,0.9,14.0,16.855318265370506,11.89345062891893,21.817185901822082,9.923735272903151,True
2025-07-03,Random Forest,0.9,13.7,13.866235315560923,8.904367679109347,18.8281029520125,9.923735272903153,True
2025-07-04,Random Forest,0.9,14.3,14.031134040719301,9.069266404267726,18.993001677170877,9.923735272903151,True
2025-07-05,Random Forest,0.9,14.6,14.466954399999183,9.505086763547608,19.42882203645076,9.923735272903153,True
2025-07-06,Random Forest,0.9,15.4,14.41536891782306,9.453501281371484,19.377236554274635,9.923735272903151,True
2025-07-07,Random Forest,0.9,18.6,15.759820913948555,10.79795327749698,20.72168855040013,9.923735272903151,True
2025-07-08,Random Forest,0.9,16.8,18.55900756181732,13.597139925365745,23.520875198268897,9.923735272903151,True
2025-07-09,Random Forest,0.9,16.8,17.966815975533375,13.0049483390818,22.92868361198495,9.923735272903151,True
2025-07-10,Random Forest,0.9,13.8,17.001189769881194,12.039322133429618,21.96305740633277,9.923735272903151,True
2025-07-11,Random Forest,0.9,14.9,15.320463744953916,10.35859610850234,20.28233138140549,9.923735272903151,True
2025-07-12,Random Forest,0.9,15.2,16.910120489725465,11.948252853273889,21.87198812617704,9.923735272903151,True
2025-07-13,Random Forest,0.9,15.9,17.020606124737334,12.058738488285758,21.98247376118891,9.923735272903151,True
2025-07-14,Random Forest,0.9,16.5,16.05003488758596,11.088167251134383,21.011902524037534,9.923735272903151,True
2025-07-15,Random Forest,0.9,17.0,16.076360449345824,11.114492812894248,21.0382280857974,9.923735272903151,True
2025-07-16,Random Forest,0.9,16.3,16.64056944658662,11.678701810135045,21.602437083038197,9.923735272903151,True
2025-07-17,Random Forest,0.9,15.0,15.137157971454092,10.175290335002517,20.099025607905666,9.92373527290315,True
2025-07-18,Random Forest,0.9,16.4,16.930247092277327,11.968379455825751,21.892114728728902,9.923735272903151,True
2025-07-19,Random Forest,0.9,18.6,17.59927259730617,12.637404960854596,22.561140233757747,9.923735272903151,True
2025-07-20,Random Forest,0.9,14.8,18.69196538136667,13.730097744915096,23.653833017818247,9.923735272903151,True
2025-07-21,Random Forest,0.9,16.9,15.6458128450059,10.683945208554324,20.607680481457475,9.923735272903151,True
2025-07-22,Random Forest,0.9,17.2,16.875862191052217,11.913994554600642,21.837729827503793,9.923735272903151,True
2025-07-23,Random Forest,0.9,16.6,17.429280425831163,12.467412789379587,22.39114806228274,9.923735272903151,True
2025-07-24,Random Forest,0.9,14.6,16.979288882026843,12.017421245575267,21.94115651847842,9.923735272903151,True
2025-07-25,Random Forest,0.9,15.1,15.87975811282636,10.917890476374785,20.841625749277938,9.923735272903153,True
2025-07-26,Random Forest,0.9,19.0,16.80407257051522,11.842204934063645,21.765940206966796,9.923735272903151,True
2025-07-27,Random Forest,0.9,21.0,17.164881973000785,12.20301433654921,22.12674960945236,9.923735272903151,True
2025-07-28,Random Forest,0.9,26.6,21.029772233514567,16.06790459706299,25.991639869966143,9.923735272903151,False
2025-07-29,Random Forest,0.9,15.9,22.536189082076856,17.57432144562528,27.49805671852843,9.923735272903151,False
2025-07-30,Random Forest,0.9,13.3,16.224752029197443,11.262884392745868,21.18661966564902,9.923735272903151,True
2025-07-31,Random Forest,0.9,15.6,15.583641420285819,10.621773783834243,20.545509056737394,9.923735272903151,True
2025-08-01,Random Forest,0.9,23.0,16.678612453585956,11.71674481713438,21.64048009003753,9.923735272903151,False
2025-08-02,Random Forest,0.9,21.2,20.011690808146664,15.049823171695088,24.97355844459824,9.923735272903151,True
2025-08-03,Random Forest,0.9,14.4,19.487477105406295,14.52560946895472,24.44934474185787,9.923735272903151,False
2025-08-04,Random Forest,0.9,14.8,15.762830360508215,10.800962724056639,20.72469799695979,9.923735272903151,True
2025-08-05,Random Forest,0.9,15.1,15.516659213588776,10.5547915771372,20.478526850040353,9.923735272903153,True
2025-08-06,Random Forest,0.9,17.0,15.182868827968823,10.221001191517248,20.144736464420397,9.92373527290315,True
2025-08-07,Random Forest,0.9,17.2,16.464893900010576,11.503026263559,21.426761536462152,9.923735272903151,True
2025-08-08,Random Forest,0.9,14.4,17.763636117966566,12.80176848151499,22.725503754418142,9.923735272903151,True
2025-08-09,Random Forest,0.9,15.1,14.969542805753882,10.007675169302306,19.931410442205458,9.923735272903151,True
2025-08-10,Random Forest,0.9,15.9,15.941378221982113,10.979510585530537,20.90324585843369,9.923735272903151,True
2025-08-11,Random Forest,0.9,16.5,17.507539351898327,12.545671715446751,22.469406988349903,9.923735272903151,True
2025-08-12,Random Forest,0.9,16.4,17.173197120269734,12.211329483818158,22.13506475672131,9.923735272903151,True
2025-08-13,Random Forest,0.9,15.0,17.55282294005659,12.590955303605014,22.514690576508166,9.923735272903151,True
2025-08-14,Random Forest,0.9,16.6,17.39912866866224,12.437261032210664,22.360996305113815,9.923735272903151,True
2025-08-15,Random Forest,0.9,16.9,16.39271707141322,11.430849434961644,21.354584707864795,9.923735272903151,True
2025-08-16,Random Forest,0.9,19.5,16.412127088747646,11.45025945229607,21.37399472519922,9.923735272903151,True
2025-08-17,Random Forest,0.9,19.6,19.637540032458084,14.675672396006508,24.59940766890966,9.923735272903151,True
2025-08-18,Random Forest,0.9,18.9,20.852858890496897,15.890991254045321,25.814726526948473,9.923735272903151,True
2025-08-19,Random Forest,0.9,17.6,17.732101944822745,12.770234308371169,22.69396958127432,9.923735272903151,True
2025-08-20,Random Forest,0.9,17.2,16.10156135628632,11.139693719834746,21.063428992737897,9.923735272903151,True
2025-08-21,Random Forest,0.9,17.2,17.06018695681634,12.098319320364766,22.022054593267917,9.923735272903151,True
2025-08-22,Random Forest,0.9,15.4,16.822126611934237,11.860258975482662,21.783994248385813,9.923735272903151,True
2025-08-23,Random Forest,0.9,16.2,16.592332106578578,11.630464470127002,21.554199743030154,9.923735272903151,True
2025-08-24,Random Forest,0.9,16.2,15.833213528073145,10.87134589162157,20.79508116452472,9.923735272903151,True
2025-08-25,Random Forest,0.9,19.0,17.7850021874032,12.823134550951625,22.746869823854777,9.923735272903151,True
2025-08-26,Random Forest,0.9,18.4,19.3435743960344,14.381706759582823,24.305442032485974,9.923735272903151,True
2025-08-27,Random Forest,0.9,19.0,19.436795393408577,14.474927756957001,24.398663029860153,9.923735272903151,True
2025-08-28,Random Forest,0.9,20.0,18.92923113490574,13.967363498454166,23.891098771357317,9.923735272903151,True
2025-08-29,Random Forest,0.9,19.4,20.04077140997616,15.078903773524583,25.002639046427735,9.923735272903151,True
2025-08-30,Random Forest,0.9,18.6,19.55881422373983,14.596946587288254,24.520681860191406,9.923735272903151,True
2025-08-31,Random Forest,0.9,21.5,18.48626527418306,13.524397637731486,23.448132910634637,9.923735272903151,True
2025-09-01,Random Forest,0.9,20.5,21.439156082084065,16.47728844563249,26.40102371853564,9.923735272903151,True
2025-09-02,Random Forest,0.9,19.2,20.128224974626715,15.166357338175139,25.09009261107829,9.923735272903151,True
2025-09-03,Random Forest,0.9,18.9,19.33557772320276,14.373710086751185,24.297445359654336,9.923735272903151,True
2025-09-04,Random Forest,0.9,17.8,19.38174007734067,14.419872440889094,24.343607713792245,9.923735272903151,True
2025-09-05,Random Forest,0.9,17.0,19.412424514097683,14.450556877646108,24.37429215054926,9.923735272903151,True
2025-09-06,Random Forest,0.9,19.0,18.510452636578197,13.548585000126621,23.472320273029773,9.923735272903151,True
2025-09-07,Random Forest,0.9,26.5,20.302743266564796,15.34087563011322,25.264610903016372,9.923735272903151,False
2025-09-08,Random Forest,0.9,25.7,23.800561542040747,18.83869390558917,28.762429178492322,9.923735272903151,True
2025-09-09,Random Forest,0.9,19.5,22.004669525826806,17.04280188937523,26.96653716227838,9.923735272903151,True
2025-09-10,Random Forest,0.9,19.1,19.667459278277054,14.705591641825478,24.62932691472863,9.923735272903151,True
2025-09-11,Random Forest,0.9,18.7,19.153026430954128,14.191158794502552,24.114894067405704,9.923735272903151,True
2025-09-12,Random Forest,0.9,20.0,20.421679206849916,15.45981157039834,25.38354684330149,9.923735272903151,True
2025-09-13,Random Forest,0.9,21.4,20.87952803750359,15.917660401052014,25.841395673955166,9.923735272903151,True
2025-09-14,Random Forest,0.9,17.9,22.162503855002978,17.200636218551402,27.124371491454554,9.923735272903151,True
2025-09-15,Random Forest,0.9,17.1,16.706577874285525,11.74471023783395,21.6684455107371,9.923735272903151,True
2025-09-16,Random Forest,0.9,15.7,16.90111106888843,11.939243432436854,21.862978705340005,9.923735272903151,True
2025-09-17,Random Forest,0.9,16.8,18.636676106361858,13.674808469910282,23.598543742813433,9.923735272903151,True
2025-09-18,Random Forest,0.9,22.3,17.805376148390504,12.843508511938929,22.76724378484208,9.923735272903151,True
2025-09-19,Random Forest,0.9,20.4,21.575087616235848,16.613219979784272,26.536955252687424,9.923735272903151,True
2025-09-20,Random Forest,0.9,17.8,19.68173318644332,14.719865549991745,24.643600822894896,9.923735272903151,True
2025-09-21,Random Forest,0.9,19.4,18.4431641359513,13.481296499499724,23.405031772402875,9.923735272903151,True
2025-09-22,Random Forest,0.9,16.4,18.18415332752064,13.222285691069064,23.146020963972216,9.923735272903151,True
2025-09-23,Random Forest,0.9,18.5,16.730736819023637,11.768869182572061,21.692604455475212,9.923735272903151,True
2025-09-24,Random Forest,0.9,19.4,18.51830676072292,13.556439124271343,23.480174397174494,9.923735272903151,True
2025-09-25,Random Forest,0.9,26.6,20.26534668462435,15.303479048172775,25.227214321075927,9.923735272903151,False
2025-09-26,Random Forest,0.9,23.6,25.009313879297633,20.047446242846057,29.97118151574921,9.923735272903151,True
2025-09-27,Random Forest,0.9,19.9,21.010153268042988,16.048285631591412,25.972020904494563,9.923735272903151,True
2025-09-28,Random Forest,0.9,24.1,21.789642779641397,16.82777514318982,26.751510416092973,9.923735272903151,True
2025-09-29,Random Forest,0.9,34.5,23.73124038614293,18.769372749691353,28.693108022594505,9.923735272903151,False
2025-09-30,Random Forest,0.9,20.8,26.573153201290157,21.61128556483858,31.535020837741733,9.923735272903151,False
2025-10-01,Random Forest,0.9,18.4,18.596856470087655,13.63498883363608,23.55872410653923,9.923735272903151,True
2025-10-02,Random Forest,0.9,25.6,20.73479323000574,15.772925593554163,25.696660866457314,9.923735272903151,True
2025-10-03,Random Forest,0.9,22.4,24.53524256234203,19.573374925890455,29.497110198793607,9.923735272903151,True
2025-10-04,Random Forest,0.9,19.0,21.571223740151428,16.609356103699852,26.533091376603004,9.923735272903151,True
2025-10-05,Random Forest,0.9,19.5,20.127984419350415,15.16611678289884,25.08985205580199,9.923735272903151,True
2025-10-06,Random Forest,0.9,20.6,18.170598402433097,13.208730765981521,23.132466038884672,9.923735272903151,True
2025-10-07,Random Forest,0.9,20.9,21.59217243231915,16.630304795867573,26.554040068770725,9.923735272903151,True
2025-10-08,Random Forest,0.9,27.2,21.560185780779864,16.59831814432829,26.52205341723144,9.923735272903151,False
2025-10-09,Random Forest,0.9,27.0,24.097463713979607,19.13559607752803,29.059331350431183,9.923735272903151,True
2025-10-10,Random Forest,0.9,24.0,23.033458270429584,18.07159063397801,27.99532590688116,9.923735272903151,True
2025-10-11,Random Forest,0.9,23.7,22.30068167350709,17.338814037055513,27.262549309958665,9.923735272903151,True
2025-10-12,Random Forest,0.9,22.1,22.95235532083172,17.990487684380145,27.914222957283297,9.923735272903151,True
2025-10-13,Random Forest,0.9,19.8,23.952268343219007,18.99040070676743,28.914135979670583,9.923735272903151,True
2025-10-14,Random Forest,0.9,19.1,19.197980383583488,14.236112747131912,24.159848020035064,9.923735272903151,True
2025-10-15,Random Forest,0.9,18.6,21.45972634125118,16.497858704799604,26.421593977702756,9.923735272903151,True
2025-10-16,Random Forest,0.9,27.8,19.018464408792855,14.05659677234128,23.98033204524443,9.923735272903151,False
2025-10-17,Random Forest,0.9,19.6,25.281773759549655,20.31990612309808,30.24364139600123,9.923735272903151,False
2025-10-18,Random Forest,0.9,24.5,21.011979987271076,16.0501123508195,25.97384762372265,9.923735272903151,True
2025-10-19,Random Forest,0.9,28.8,23.898623326105778,18.936755689654202,28.860490962557353,9.923735272903151,True
2025-10-20,Random Forest,0.9,31.4,24.862225419106498,19.900357782654922,29.824093055558073,9.923735272903151,False
2025-10-21,Random Forest,0.9,31.5,30.550032182751522,25.588164546299947,35.511899819203094,9.923735272903148,True
2025-10-22,Random Forest,0.9,22.5,26.58348794356266,21.621620307111083,31.545355580014235,9.923735272903151,True
2025-10-23,Random Forest,0.9,20.4,23.112768808027166,18.15090117157559,28.07463644447874,9.923735272903151,True
2025-10-24,Random Forest,0.9,19.5,22.25638556253769,17.294517926086115,27.218253198989267,9.923735272903151,True
2025-10-25,Random Forest,0.9,17.6,19.073964363715056,14.11209672726348,24.035832000166632,9.923735272903151,True
2025-10-26,Random Forest,0.9,20.4,17.88225981438028,12.920392177928704,22.844127450831856,9.923735272903151,True
2025-10-27,Random Forest,0.9,20.5,21.74181600580811,16.779948369356536,26.703683642259687,9.923735272903151,True
2025-10-28,Random Forest,0.9,21.6,22.543548922877783,17.581681286426207,27.50541655932936,9.923735272903151,True
2025-10-29,Random Forest,0.9,31.5,22.95849247740004,17.996624840948463,27.920360113851615,9.923735272903151,False
2025-10-30,Random Forest,0.9,22.2,28.190095924336067,23.22822828788449,33.15196356078764,9.923735272903151,False
2025-10-31,Random Forest,0.9,20.6,21.57906897854752,16.617201342095946,26.540936614999097,9.923735272903151,True
2025-11-01,Random Forest,0.9,21.0,19.155284042846272,14.193416406394697,24.117151679297848,9.923735272903151,True
2025-11-02,Random Forest,0.9,23.2,23.01373879090639,18.051871154454815,27.975606427357967,9.923735272903151,True
2025-11-03,Random Forest,0.9,22.4,24.65116158358005,19.689293947128473,29.613029220031624,9.923735272903151,True
2025-11-04,Random Forest,0.9,27.1,22.757010518193667,17.79514288174209,27.718878154645243,9.923735272903151,True
2025-11-05,Random Forest,0.9,29.9,25.059659270167902,20.097791633716326,30.021526906619478,9.923735272903151,True
2025-11-06,Random Forest,0.9,34.3,27.30859309254938,22.346725456097804,32.27046072900096,9.923735272903155,False
2025-11-07,Random Forest,0.9,30.9,30.173311386450276,25.2114437499987,35.13517902290185,9.923735272903151,True
2025-11-08,Random Forest,0.9,29.9,28.41917701369967,23.457309377248095,33.381044650151246,9.923735272903151,True
2025-11-09,Random Forest,0.9,28.6,27.98837314494636,23.026505508494786,32.95024078139794,9.923735272903151,True
2025-11-10,Random Forest,0.9,25.9,26.04586833880635,21.084000702354775,31.007735975257926,9.923735272903151,True
2025-11-11,Random Forest,0.9,25.3,24.52791073732857,19.566043100876993,29.489778373780144,9.923735272903151,True
2025-11-12,Random Forest,0.9,28.0,24.860206386937033,19.898338750485458,29.82207402338861,9.923735272903151,True
2025-11-13,Random Forest,0.9,25.5,26.841676570362367,21.87980893391079,31.803544206813942,9.923735272903151,True
2025-11-14,Random Forest,0.9,22.1,24.18451160852454,19.222643972072966,29.146379244976117,9.923735272903151,True
2025-11-15,Random Forest,0.9,25.8,23.251115997144996,18.28924836069342,28.212983633596572,9.923735272903151,True
2025-11-16,Random Forest,0.9,30.5,25.602151046370683,20.640283409919107,30.564018682822258,9.923735272903151,True
2025-11-17,Random Forest,0.9,24.5,26.647217819899748,21.685350183448172,31.609085456351323,9.923735272903151,True
2025-11-18,Random Forest,0.9,25.4,24.85802803551872,19.896160399067146,29.819895671970297,9.923735272903151,True
2025-11-19,Random Forest,0.9,25.1,25.64767145209474,20.685803815643165,30.609539088546317,9.923735272903151,True
2025-11-20,Random Forest,0.9,27.6,25.177962058756684,20.21609442230511,30.13982969520826,9.923735272903151,True
2025-11-21,Random Forest,0.9,29.9,26.81380092833374,21.851933291882165,31.775668564785317,9.923735272903151,True
2025-11-22,Random Forest,0.9,25.4,26.92896927032243,21.967101633870854,31.890836906774005,9.923735272903151,True
2025-11-23,Random Forest,0.9,24.6,25.446168701285174,20.4843010648336,30.40803633773675,9.923735272903151,True
2025-11-24,Random Forest,0.9,34.5,25.18532986846874,20.223462232017166,30.147197504920317,9.923735272903151,False
2025-11-25,Random Forest,0.9,25.9,30.936146904968044,25.97427926851647,35.89801454141962,9.923735272903151,False
2025-11-26,Random Forest,0.9,32.6,25.58911344521579,20.627245808764215,30.550981081667366,9.923735272903151,False
2025-11-27,Random Forest,0.9,27.5,30.4491903799307,25.487322743479126,35.41105801638228,9.923735272903151,True
2025-11-28,Random Forest,0.9,24.0,24.20489100303407,19.243023366582495,29.166758639485646,9.923735272903151,True
2025-11-29,Random Forest,0.9,27.1,23.445287465962007,18.48341982951043,28.407155102413583,9.923735272903151,True
2025-11-30,Random Forest,0.9,26.0,25.990376455278764,21.028508818827188,30.95224409173034,9.923735272903151,True
2025-12-01,Random Forest,0.9,24.6,25.133017394247144,20.17114975779557,30.09488503069872,9.923735272903151,True
2025-12-02,Random Forest,0.9,29.6,25.566006988901844,20.604139352450268,30.52787462535342,9.923735272903151,True
2025-12-03,Random Forest,0.9,32.3,29.40196747102745,24.440099834575875,34.36383510747903,9.923735272903151,True
2025-12-04,Random Forest,0.9,24.9,26.46544553742275,21.503577900971173,31.427313173874325,9.923735272903151,True
2025-12-05,Random Forest,0.9,23.6,25.45756661357157,20.495698977119993,30.419434250023144,9.923735272903151,True
2025-12-06,Random Forest,0.9,27.5,25.822214963652808,20.860347327201232,30.784082600104384,9.923735272903151,True
2025-12-07,Random Forest,0.9,23.8,25.583293464263942,20.621425827812367,30.545161100715518,9.923735272903151,True
2025-12-08,Random Forest,0.9,24.4,24.230877560224037,19.26900992377246,29.192745196675613,9.923735272903151,True
2025-12-09,Random Forest,0.9,30.8,24.975969945618143,20.014102309166567,29.93783758206972,9.923735272903151,False
2025-12-10,Random Forest,0.9,33.5,29.742518715472173,24.780651079020597,34.704386351923745,9.923735272903148,True
2025-12-11,Random Forest,0.9,24.4,27.649666404924076,22.6877987684725,32.61153404137565,9.923735272903148,True
2025-12-12,Random Forest,0.9,20.6,23.315815936938726,18.35394830048715,28.277683573390302,9.923735272903151,True
2025-12-13,Random Forest,0.9,23.6,23.14768900634781,18.185821369896235,28.109556642799387,9.923735272903151,True
2025-12-14,Random Forest,0.9,24.7,25.17637855582627,20.214510919374693,30.138246192277844,9.923735272903151,True
2025-12-15,Random Forest,0.9,27.0,24.2290278842506,19.267160247799023,29.190895520702174,9.923735272903151,True
2025-12-16,Random Forest,0.9,21.3,25.08363378423423,20.121766147782655,30.045501420685806,9.923735272903151,True
2025-12-17,Random Forest,0.9,23.1,23.40610374796307,18.444236111511493,28.367971384414645,9.923735272903151,True
2025-12-18,Random Forest,0.9,23.5,24.804084296441623,19.842216659990047,29.7659519328932,9.923735272903151,True
2025-12-19,Random Forest,0.9,30.2,24.464742475921163,19.502874839469587,29.42661011237274,9.923735272903151,False
2025-12-20,Random Forest,0.9,34.5,28.99752510768439,24.035657471232813,33.95939274413597,9.923735272903155,False
2025-12-21,Random Forest,0.9,30.8,31.783768767082446,26.82190113063087,36.74563640353402,9.923735272903151,True
2025-12-22,Random Forest,0.9,23.5,27.19574218612917,22.233874549677594,32.157609822580746,9.923735272903151,True
2025-12-23,Random Forest,0.9,27.9,24.874354246019962,19.912486609568386,29.836221882471538,9.923735272903151,True
2025-12-24,Random Forest,0.9,29.0,27.36289627603243,22.401028639580854,32.324763912484,9.923735272903148,True
2025-12-25,Random Forest,0.9,28.8,26.657783672430835,21.69591603597926,31.61965130888241,9.923735272903151,True
2025-12-26,Random Forest,0.9,27.9,26.32822127491303,21.366353638461455,31.290088911364606,9.923735272903151,True
2025-12-27,Random Forest,0.9,30.5,26.562177451027836,21.60030981457626,31.52404508747941,9.923735272903151,True
2025-12-28,Random Forest,0.9,35.6,28.2715468141029,23.309679177651326,33.23341445055448,9.923735272903151,False
2025-12-29,Random Forest,0.9,30.2,29.934680510174015,24.97281287372244,34.89654814662559,9.923735272903151,True
2025-12-30,Random Forest,0.9,26.8,26.448286045046494,21.48641840859492,31.41015368149807,9.923735272903151,True
2024-05-07,XGBoost,0.9,19.2,20.103078842163086,15.262205123901367,24.943952560424805,9.681747436523438,True
2024-05-08,XGBoost,0.9,20.8,19.763280868530273,14.922407150268555,24.604154586791992,9.681747436523438,True
2024-05-09,XGBoost,0.9,18.4,21.792980194091797,16.952106475830078,26.633853912353516,9.681747436523438,True
2024-05-10,XGBoost,0.9,18.6,17.566505432128906,12.725631713867188,22.407379150390625,9.681747436523438,True
2024-05-11,XGBoost,0.9,20.6,19.819616317749023,14.978742599487305,24.660490036010742,9.681747436523438,True
2024-05-12,XGBoost,0.9,24.4,20.82703971862793,15.986166000366211,25.66791343688965,9.681747436523438,True
2024-05-13,XGBoost,0.9,29.6,20.610231399536133,15.769357681274414,25.45110511779785,9.681747436523438,False
2024-05-14,XGBoost,0.9,22.0,22.684999465942383,17.844125747680664,27.5258731842041,9.681747436523438,True
2024-05-15,XGBoost,0.9,21.0,21.265621185302734,16.424747467041016,26.106494903564453,9.681747436523438,True
2024-05-16,XGBoost,0.9,21.1,20.789966583251953,15.949092864990234,25.630840301513672,9.681747436523438,True
2024-05-17,XGBoost,0.9,24.3,21.488676071166992,16.647802352905273,26.32954978942871,9.681747436523438,True
2024-05-18,XGBoost,0.9,22.7,21.127897262573242,16.287023544311523,25.96877098083496,9.681747436523438,True
2024-05-19,XGBoost,0.9,24.8,20.383285522460938,15.542411804199219,25.224159240722656,9.681747436523438,True
2024-05-20,XGBoost,0.9,21.4,21.396074295043945,16.555200576782227,26.236948013305664,9.681747436523438,True
2024-05-21,XGBoost,0.9,21.5,21.550643920898438,16.70977020263672,26.391517639160156,9.681747436523438,True
2024-05-22,XGBoost,0.9,19.7,22.049205780029297,17.208332061767578,26.890079498291016,9.681747436523438,True
2024-05-23,XGBoost,0.9,23.4,21.5427188873291,16.701845169067383,26.38359260559082,9.681747436523438,True
2024-05-24,XGBoost,0.9,19.6,22.288251876831055,17.447378158569336,27.129125595092773,9.681747436523438,True
2024-05-25,XGBoost,0.9,20.4,20.438631057739258,15.597757339477539,25.279504776000977,9.681747436523438,True
2024-05-26,XGBoost,0.9,22.0,21.302955627441406,16.462081909179688,26.143829345703125,9.681747436523438,True
2024-05-27,XGBoost,0.9,27.2,21.154998779296875,16.314125061035156,25.995872497558594,9.681747436523438,False
2024-05-28,XGBoost,0.9,32.5,22.288251876831055,17.447378158569336,27.129125595092773,9.681747436523438,False
2024-05-29,XGBoost,0.9,17.2,23.605634689331055,18.764760971069336,28.446508407592773,9.681747436523438,False
2024-05-30,XGBoost,0.9,17.3,17.479522705078125,12.638648986816406,22.320396423339844,9.681747436523438,True
2024-05-31,XGBoost,0.9,18.7,19.48983383178711,14.64896011352539,24.330707550048828,9.681747436523438,True
2024-06-01,XGBoost,0.9,18.4,20.420501708984375,15.579627990722656,25.261375427246094,9.681747436523438,True
2024-06-02,XGBoost,0.9,15.1,19.878015518188477,15.037141799926758,24.718889236450195,9.681747436523438,True
2024-06-03,XGBoost,0.9,19.3,16.29958724975586,11.45871353149414,21.140460968017578,9.681747436523438,True
2024-06-04,XGBoost,0.9,17.5,17.601171493530273,12.760297775268555,22.442045211791992,9.681747436523438,True
2024-06-05,XGBoost,0.9,17.2,16.368528366088867,11.527654647827148,21.209402084350586,9.681747436523438,True
2024-06-06,XGBoost,0.9,17.1,15.84329891204834,11.002425193786621,20.68417263031006,9.681747436523438,True
2024-06-07,XGBoost,0.9,17.8,17.022306442260742,12.181432723999023,21.86318016052246,9.681747436523438,True
2024-06-08,XGBoost,0.9,17.2,19.437828063964844,14.596954345703125,24.278701782226562,9.681747436523438,True
2024-06-09,XGBoost,0.9,25.5,18.38994789123535,13.549074172973633,23.23082160949707,9.681747436523438,False
2024-06-10,XGBoost,0.9,24.3,21.419666290283203,16.578792572021484,26.260540008544922,9.681747436523438,True
2024-06-11,XGBoost,0.9,19.2,18.600793838500977,13.759920120239258,23.441667556762695,9.681747436523438,True
2024-06-12,XGBoost,0.9,18.9,17.41371726989746,12.572843551635742,22.25459098815918,9.681747436523438,True
2024-06-13,XGBoost,0.9,19.6,19.725107192993164,14.884233474731445,24.565980911254883,9.681747436523438,True
2024-06-14,XGBoost,0.9,20.6,20.697681427001953,15.856807708740234,25.538555145263672,9.681747436523438,True
2024-06-15,XGBoost,0.9,22.2,19.618858337402344,14.777984619140625,24.459732055664062,9.681747436523438,True
2024-06-16,XGBoost,0.9,20.1,20.24675750732422,15.4058837890625,25.087631225585938,9.681747436523438,True
2024-06-17,XGBoost,0.9,18.3,20.605731964111328,15.76485824584961,25.446605682373047,9.681747436523438,True
2024-06-18,XGBoost,0.9,16.6,17.132619857788086,12.291746139526367,21.973493576049805,9.681747436523438,True
2024-06-19,XGBoost,0.9,17.0,16.452865600585938,11.611991882324219,21.293739318847656,9.681747436523438,True
2024-06-20,XGBoost,0.9,18.1,18.240921020507812,13.400047302246094,23.08179473876953,9.681747436523438,True
2024-06-21,XGBoost,0.9,19.2,16.18703269958496,11.346158981323242,21.02790641784668,9.681747436523438,True
2024-06-22,XGBoost,0.9,20.8,17.284908294677734,12.444034576416016,22.125782012939453,9.681747436523438,True
2024-06-23,XGBoost,0.9,17.8,18.636131286621094,13.795257568359375,23.477005004882812,9.681747436523438,True
2024-06-24,XGBoost,0.9,17.7,19.5761775970459,14.73530387878418,24.417051315307617,9.681747436523438,True
2024-06-25,XGBoost,0.9,20.2,18.50138282775879,13.66050910949707,23.342256546020508,9.681747436523438,True
2024-06-26,XGBoost,0.9,25.1,19.422191619873047,14.581317901611328,24.263065338134766,9.681747436523438,False
2024-06-27,XGBoost,0.9,26.6,21.56556510925293,16.72469139099121,26.40643882751465,9.681747436523438,False
2024-06-28,XGBoost,0.9,21.4,21.64044761657715,16.79957389831543,26.481321334838867,9.681747436523438,True
2024-06-29,XGBoost,0.9,19.6,20.599475860595703,15.758602142333984,25.440349578857422,9.681747436523438,True
2024-06-30,XGBoost,0.9,17.0,19.84482192993164,15.003948211669922,24.68569564819336,9.681747436523438,True
2024-07-01,XGBoost,0.9,17.0,18.260658264160156,13.419784545898438,23.101531982421875,9.681747436523438,True
2024-07-02,XGBoost,0.9,15.5,16.707015991210938,11.866142272949219,21.547889709472656,9.681747436523438,True
2024-07-03,XGBoost,0.9,16.5,15.358887672424316,10.518013954162598,20.199761390686035,9.681747436523438,True
2024-07-04,XGBoost,0.9,17.0,15.443639755249023,10.602766036987305,20.284513473510742,9.681747436523438,True
2024-07-05,XGBoost,0.9,21.8,16.805049896240234,11.964176177978516,21.645923614501953,9.681747436523438,False
2024-07-06,XGBoost,0.9,14.6,18.940364837646484,14.099491119384766,23.781238555908203,9.681747436523438,True
2024-07-07,XGBoost,0.9,13.1,14.81473159790039,9.973857879638672,19.65560531616211,9.681747436523438,True
2024-07-08,XGBoost,0.9,15.4,15.162217140197754,10.321343421936035,20.003090858459473,9.681747436523438,True
2024-07-09,XGBoost,0.9,17.0,15.009477615356445,10.168603897094727,19.850351333618164,9.681747436523438,True
2024-07-10,XGBoost,0.9,17.2,16.032474517822266,11.191600799560547,20.873348236083984,9.681747436523438,True
2024-07-11,XGBoost,0.9,15.1,16.42316246032715,11.58228874206543,21.264036178588867,9.681747436523438,True
2024-07-12,XGBoost,0.9,13.4,15.898026466369629,11.05715274810791,20.738900184631348,9.681747436523438,True
2024-07-13,XGBoost,0.9,15.1,14.773614883422852,9.932741165161133,19.61448860168457,9.681747436523438,True
2024-07-14,XGBoost,0.9,16.3,15.197915077209473,10.357041358947754,20.03878879547119,9.681747436523438,True
2024-07-15,XGBoost,0.9,15.4,15.674756050109863,10.833882331848145,20.515629768371582,9.681747436523438,True
2024-07-16,XGBoost,0.9,14.9,15.636979103088379,10.79610538482666,20.477852821350098,9.681747436523438,True
2024-07-17,XGBoost,0.9,15.2,17.39044189453125,12.549568176269531,22.23131561279297,9.681747436523438,True
2024-07-18,XGBoost,0.9,16.1,15.138538360595703,10.297664642333984,19.979412078857422,9.681747436523438,True
2024-07-19,XGBoost,0.9,14.5,15.427480697631836,10.586606979370117,20.268354415893555,9.681747436523438,True
2024-07-20,XGBoost,0.9,14.2,15.728533744812012,10.887660026550293,20.56940746307373,9.681747436523438,True
2024-07-21,XGBoost,0.9,16.0,17.128829956054688,12.287956237792969,21.969703674316406,9.681747436523438,True
2024-07-22,XGBoost,0.9,15.4,17.09845542907715,12.25758171081543,21.939329147338867,9.681747436523438,True
2024-07-23,XGBoost,0.9,15.1,16.74856948852539,11.907695770263672,21.58944320678711,9.681747436523438,True
2024-07-24,XGBoost,0.9,18.7,15.910637855529785,11.069764137268066,20.751511573791504,9.681747436523438,True
2024-07-25,XGBoost,0.9,16.9,17.295536041259766,12.454662322998047,22.136409759521484,9.681747436523438,True
2024-07-26,XGBoost,0.9,14.4,16.004268646240234,11.163394927978516,20.845142364501953,9.681747436523438,True
2024-07-27,XGBoost,0.9,13.4,15.447713851928711,10.606840133666992,20.28858757019043,9.681747436523438,True
2024-07-28,XGBoost,0.9,14.4,15.185704231262207,10.344830513000488,20.026577949523926,9.681747436523438,True
2024-07-29,XGBoost,0.9,13.9,15.218860626220703,10.377986907958984,20.059734344482422,9.681747436523438,True
2024-07-30,XGBoost,0.9,14.0,15.162217140197754,10.321343421936035,20.003090858459473,9.681747436523438,True
2024-07-31,XGBoost,0.9,15.6,17.09845542907715,12.25758171081543,21.939329147338867,9.681747436523438,True
2024-08-01,XGBoost,0.9,15.4,17.09845542907715,12.25758171081543,21.939329147338867,9.681747436523438,True
2024-08-02,XGBoost,0.9,20.0,17.462154388427734,12.621280670166016,22.303028106689453,9.681747436523438,True
2024-08-03,XGBoost,0.9,13.8,17.895097732543945,13.054224014282227,22.735971450805664,9.681747436523438,True
2024-08-04,XGBoost,0.9,14.9,14.752230644226074,9.911356925964355,19.593104362487793,9.681747436523438,True
2024-08-05,XGBoost,0.9,18.3,16.901573181152344,12.060699462890625,21.742446899414062,9.681747436523438,True
2024-08-06,XGBoost,0.9,17.0,17.837390899658203,12.996517181396484,22.678264617919922,9.681747436523438,True
2024-08-07,XGBoost,0.9,14.4,17.646827697753906,12.805953979492188,22.487701416015625,9.681747436523438,True
2024-08-08,XGBoost,0.9,16.0,15.56031322479248,10.719439506530762,20.4011869430542,9.681747436523438,True
2024-08-09,XGBoost,0.9,17.0,16.09804916381836,11.25717544555664,20.938922882080078,9.681747436523438,True
2024-08-10,XGBoost,0.9,16.5,15.91079044342041,11.069916725158691,20.75166416168213,9.681747436523438,True
2024-08-11,XGBoost,0.9,16.8,16.289283752441406,11.448410034179688,21.130157470703125,9.681747436523438,True
2024-08-12,XGBoost,0.9,16.4,17.273683547973633,12.432809829711914,22.11455726623535,9.681747436523438,True
2024-08-13,XGBoost,0.9,13.9,15.432867050170898,10.59199333190918,20.273740768432617,9.681747436523438,True
2024-08-14,XGBoost,0.9,18.4,17.273683547973633,12.432809829711914,22.11455726623535,9.681747436523438,True
2024-08-15,XGBoost,0.9,17.4,17.355674743652344,12.514801025390625,22.196548461914062,9.681747436523438,True
2024-08-16,XGBoost,0.9,15.4,18.70948600769043,13.868612289428711,23.55035972595215,9.681747436523438,True
2024-08-17,XGBoost,0.9,18.0,16.229394912719727,11.388521194458008,21.070268630981445,9.681747436523438,True
2024-08-18,XGBoost,0.9,21.1,16.71284294128418,11.871969223022461,21.5537166595459,9.681747436523438,True
2024-08-19,XGBoost,0.9,19.9,18.571918487548828,13.73104476928711,23.412792205810547,9.681747436523438,True
2024-08-20,XGBoost,0.9,14.7,18.88288116455078,14.042007446289062,23.7237548828125,9.681747436523438,True
2024-08-21,XGBoost,0.9,18.0,15.637784957885742,10.796911239624023,20.47865867614746,9.681747436523438,True
2024-08-22,XGBoost,0.9,24.5,17.344650268554688,12.503776550292969,22.185523986816406,9.681747436523438,False
2024-08-23,XGBoost,0.9,17.0,19.269351959228516,14.428478240966797,24.110225677490234,9.681747436523438,True
2024-08-24,XGBoost,0.9,17.0,16.452537536621094,11.611663818359375,21.293411254882812,9.681747436523438,True
2024-08-25,XGBoost,0.9,16.2,17.21941566467285,12.378541946411133,22.06028938293457,9.681747436523438,True
2024-08-26,XGBoost,0.9,14.1,16.09853172302246,11.257658004760742,20.93940544128418,9.681747436523438,True
2024-08-27,XGBoost,0.9,11.8,15.666245460510254,10.825371742248535,20.507119178771973,9.681747436523438,True
2024-08-28,XGBoost,0.9,12.9,15.750252723693848,10.909379005432129,20.591126441955566,9.681747436523438,True
2024-08-29,XGBoost,0.9,17.2,17.7071533203125,12.866279602050781,22.54802703857422,9.681747436523438,True
2024-08-30,XGBoost,0.9,25.0,17.93860626220703,13.097732543945312,22.77947998046875,9.681747436523438,False
2024-08-31,XGBoost,0.9,19.1,19.067392349243164,14.226518630981445,23.908266067504883,9.681747436523438,True
2024-09-01,XGBoost,0.9,29.4,17.38005256652832,12.539178848266602,22.22092628479004,9.681747436523438,False
2024-09-02,XGBoost,0.9,20.2,22.13410186767578,17.293228149414062,26.9749755859375,9.681747436523438,True
2024-09-03,XGBoost,0.9,17.5,17.972108840942383,13.131235122680664,22.8129825592041,9.681747436523438,True
2024-09-04,XGBoost,0.9,14.6,18.68277359008789,13.841899871826172,23.52364730834961,9.681747436523438,True
2024-09-05,XGBoost,0.9,16.6,16.55352783203125,11.712654113769531,21.39440155029297,9.681747436523438,True
2024-09-06,XGBoost,0.9,15.8,17.70549201965332,12.864618301391602,22.54636573791504,9.681747436523438,True
2024-09-07,XGBoost,0.9,14.6,18.240276336669922,13.399402618408203,23.08115005493164,9.681747436523438,True
2024-09-08,XGBoost,0.9,19.0,16.40342903137207,11.562555313110352,21.24430274963379,9.681747436523438,True
2024-09-09,XGBoost,0.9,20.8,17.984594345092773,13.143720626831055,22.825468063354492,9.681747436523438,True
2024-09-10,XGBoost,0.9,23.8,19.09852409362793,14.257650375366211,23.93939781188965,9.681747436523438,True
2024-09-11,XGBoost,0.9,19.6,20.01030158996582,15.169427871704102,24.85117530822754,9.681747436523438,True
2024-09-12,XGBoost,0.9,17.8,17.178733825683594,12.337860107421875,22.019607543945312,9.681747436523438,True
2024-09-13,XGBoost,0.9,19.5,17.393224716186523,12.552350997924805,22.234098434448242,9.681747436523438,True
2024-09-14,XGBoost,0.9,18.0,19.356916427612305,14.516042709350586,24.197790145874023,9.681747436523438,True
2024-09-15,XGBoost,0.9,17.3,18.471797943115234,13.630924224853516,23.312671661376953,9.681747436523438,True
2024-09-16,XGBoost,0.9,16.6,19.395612716674805,14.554738998413086,24.236486434936523,9.681747436523438,True
2024-09-17,XGBoost,0.9,15.9,18.931568145751953,14.090694427490234,23.772441864013672,9.681747436523438,True
2024-09-18,XGBoost,0.9,15.9,16.39164161682129,11.55076789855957,21.232515335083008,9.681747436523438,True
2024-09-19,XGBoost,0.9,20.0,16.964975357055664,12.124101638793945,21.805849075317383,9.681747436523438,True
2024-09-20,XGBoost,0.9,22.5,19.22262191772461,14.38174819946289,24.063495635986328,9.681747436523438,True
2024-09-21,XGBoost,0.9,26.0,19.860027313232422,15.019153594970703,24.70090103149414,9.681747436523438,False
2024-09-22,XGBoost,0.9,26.1,22.83616828918457,17.99529457092285,27.67704200744629,9.681747436523438,True
2024-09-23,XGBoost,0.9,20.9,23.895240783691406,19.054367065429688,28.736114501953125,9.681747436523438,True
2024-09-24,XGBoost,0.9,17.4,20.769954681396484,15.929080963134766,25.610828399658203,9.681747436523438,True
2024-09-25,XGBoost,0.9,19.8,17.992042541503906,13.151168823242188,22.832916259765625,9.681747436523438,True
2024-09-26,XGBoost,0.9,17.5,20.442522048950195,15.601648330688477,25.283395767211914,9.681747436523438,True
2024-09-27,XGBoost,0.9,17.1,20.024986267089844,15.184112548828125,24.865859985351562,9.681747436523438,True
2024-09-28,XGBoost,0.9,14.6,16.29852294921875,11.457649230957031,21.13939666748047,9.681747436523438,True
2024-09-29,XGBoost,0.9,14.4,16.904258728027344,12.063385009765625,21.745132446289062,9.681747436523438,True
2024-09-30,XGBoost,0.9,15.1,16.15452766418457,11.313653945922852,20.99540138244629,9.681747436523438,True
2024-10-01,XGBoost,0.9,22.9,17.948476791381836,13.107603073120117,22.789350509643555,9.681747436523438,False
2024-10-02,XGBoost,0.9,28.8,20.692142486572266,15.851268768310547,25.533016204833984,9.681747436523438,False
2024-10-03,XGBoost,0.9,28.7,23.874671936035156,19.033798217773438,28.715545654296875,9.681747436523438,True
2024-10-04,XGBoost,0.9,26.6,24.759431838989258,19.91855812072754,29.600305557250977,9.681747436523438,True
2024-10-05,XGBoost,0.9,26.3,25.69066047668457,20.84978675842285,30.53153419494629,9.681747436523438,True
2024-10-06,XGBoost,0.9,30.8,23.760568618774414,18.919694900512695,28.601442337036133,9.681747436523438,False
2024-10-07,XGBoost,0.9,24.0,25.021270751953125,20.180397033691406,29.862144470214844,9.681747436523438,True
2024-10-08,XGBoost,0.9,22.3,22.69528579711914,17.854412078857422,27.53615951538086,9.681747436523438,True
2024-10-09,XGBoost,0.9,19.6,23.157581329345703,18.316707611083984,27.998455047607422,9.681747436523438,True
2024-10-10,XGBoost,0.9,20.9,20.614763259887695,15.773889541625977,25.455636978149414,9.681747436523438,True
2024-10-11,XGBoost,0.9,22.1,20.845911026000977,16.005037307739258,25.686784744262695,9.681747436523438,True
2024-10-12,XGBoost,0.9,21.7,21.403654098510742,16.562780380249023,26.24452781677246,9.681747436523438,True
2024-10-13,XGBoost,0.9,19.5,22.145191192626953,17.304317474365234,26.986064910888672,9.681747436523438,True
2024-10-14,XGBoost,0.9,28.6,21.11240005493164,16.271526336669922,25.95327377319336,9.681747436523438,False
2024-10-15,XGBoost,0.9,29.5,23.85344886779785,19.012575149536133,28.69432258605957,9.681747436523438,False
2024-10-16,XGBoost,0.9,22.0,24.28968048095703,19.448806762695312,29.13055419921875,9.681747436523438,True
2024-10-17,XGBoost,0.9,19.7,21.723907470703125,16.883033752441406,26.564781188964844,9.681747436523438,True
2024-10-18,XGBoost,0.9,18.3,22.122154235839844,17.281280517578125,26.963027954101562,9.681747436523438,True
2024-10-19,XGBoost,0.9,21.3,21.00397300720215,16.16309928894043,25.844846725463867,9.681747436523438,True
2024-10-20,XGBoost,0.9,25.8,22.94106674194336,18.10019302368164,27.781940460205078,9.681747436523438,True
2024-10-21,XGBoost,0.9,27.5,23.636001586914062,18.795127868652344,28.47687530517578,9.681747436523438,True
2024-10-22,XGBoost,0.9,29.6,24.656200408935547,19.815326690673828,29.497074127197266,9.681747436523438,False
2024-10-23,XGBoost,0.9,20.8,26.765546798706055,21.924673080444336,31.606420516967773,9.681747436523438,False
2024-10-24,XGBoost,0.9,20.7,23.660310745239258,18.81943702697754,28.501184463500977,9.681747436523438,True
2024-10-25,XGBoost,0.9,27.5,22.511194229125977,17.670320510864258,27.352067947387695,9.681747436523438,False
2024-10-26,XGBoost,0.9,18.4,24.38710594177246,19.546232223510742,29.22797966003418,9.681747436523438,False
2024-10-27,XGBoost,0.9,20.2,18.503873825073242,13.663000106811523,23.34474754333496,9.681747436523438,True
2024-10-28,XGBoost,0.9,20.2,21.041112899780273,16.200239181518555,25.881986618041992,9.681747436523438,True
2024-10-29,XGBoost,0.9,23.0,22.389636993408203,17.548763275146484,27.230510711669922,9.681747436523438,True
2024-10-30,XGBoost,0.9,25.6,23.37724494934082,18.5363712310791,28.21811866760254,9.681747436523438,True
2024-10-31,XGBoost,0.9,25.3,24.356693267822266,19.515819549560547,29.197566986083984,9.681747436523438,True
2024-11-01,XGBoost,0.9,23.9,23.57081413269043,18.72994041442871,28.41168785095215,9.681747436523438,True
2024-11-02,XGBoost,0.9,21.8,23.20222282409668,18.36134910583496,28.0430965423584,9.681747436523438,True
2024-11-03,XGBoost,0.9,15.4,22.88212013244629,18.04124641418457,27.722993850708008,9.681747436523438,False
2024-11-04,XGBoost,0.9,19.8,17.742185592651367,12.901311874389648,22.583059310913086,9.681747436523438,True
2024-11-05,XGBoost,0.9,24.1,22.025062561035156,17.184188842773438,26.865936279296875,9.681747436523438,True
2024-11-06,XGBoost,0.9,30.0,23.765310287475586,18.924436569213867,28.606184005737305,9.681747436523438,False
2024-11-07,XGBoost,0.9,25.0,26.3129940032959,21.47212028503418,31.153867721557617,9.681747436523438,True
2024-11-08,XGBoost,0.9,26.1,24.09192657470703,19.251052856445312,28.93280029296875,9.681747436523438,True
2024-11-09,XGBoost,0.9,23.0,24.901630401611328,20.06075668334961,29.742504119873047,9.681747436523438,True
2024-11-10,XGBoost,0.9,26.9,23.777633666992188,18.93675994873047,28.618507385253906,9.681747436523438,True
2024-11-11,XGBoost,0.9,21.3,24.769697189331055,19.928823471069336,29.610570907592773,9.681747436523438,True
2024-11-12,XGBoost,0.9,23.1,23.068458557128906,18.227584838867188,27.909332275390625,9.681747436523438,True
2024-11-13,XGBoost,0.9,27.5,22.86577033996582,18.0248966217041,27.70664405822754,9.681747436523438,True
2024-11-14,XGBoost,0.9,25.2,24.707265853881836,19.866392135620117,29.548139572143555,9.681747436523438,True
2024-11-15,XGBoost,0.9,21.5,23.493999481201172,18.653125762939453,28.33487319946289,9.681747436523438,True
2024-11-16,XGBoost,0.9,27.4,23.51625633239746,18.675382614135742,28.35713005065918,9.681747436523438,True
2024-11-17,XGBoost,0.9,22.5,24.31256675720215,19.47169303894043,29.153440475463867,9.681747436523438,True
2024-11-18,XGBoost,0.9,24.9,23.752161026000977,18.911287307739258,28.593034744262695,9.681747436523438,True
2024-11-19,XGBoost,0.9,25.7,24.127948760986328,19.28707504272461,28.968822479248047,9.681747436523438,True
2024-11-20,XGBoost,0.9,24.9,23.821414947509766,18.980541229248047,28.662288665771484,9.681747436523438,True
2024-11-21,XGBoost,0.9,24.1,25.272918701171875,20.432044982910156,30.113792419433594,9.681747436523438,True
2024-11-22,XGBoost,0.9,24.9,24.53765106201172,19.69677734375,29.378524780273438,9.681747436523438,True
2024-11-23,XGBoost,0.9,28.5,25.345577239990234,20.504703521728516,30.186450958251953,9.681747436523438,True
2024-11-24,XGBoost,0.9,23.8,24.361713409423828,19.52083969116211,29.202587127685547,9.681747436523438,True
2024-11-25,XGBoost,0.9,19.5,23.05023956298828,18.209365844726562,27.89111328125,9.681747436523438,True
2024-11-26,XGBoost,0.9,20.5,20.97026824951172,16.12939453125,25.811141967773438,9.681747436523438,True
2024-11-27,XGBoost,0.9,24.5,21.155120849609375,16.314247131347656,25.995994567871094,9.681747436523438,True
2024-11-28,XGBoost,0.9,27.5,24.686355590820312,19.845481872558594,29.52722930908203,9.681747436523438,True
2024-11-29,XGBoost,0.9,23.3,25.057876586914062,20.217002868652344,29.89875030517578,9.681747436523438,True
2024-11-30,XGBoost,0.9,23.2,24.47446632385254,19.63359260559082,29.315340042114258,9.681747436523438,True
2024-12-01,XGBoost,0.9,27.8,24.744403839111328,19.90353012084961,29.585277557373047,9.681747436523438,True
2024-12-02,XGBoost,0.9,25.5,25.411170959472656,20.570297241210938,30.252044677734375,9.681747436523438,True
2024-12-03,XGBoost,0.9,27.0,24.19171714782715,19.35084342956543,29.032590866088867,9.681747436523438,True
2024-12-04,XGBoost,0.9,23.7,25.564239501953125,20.723365783691406,30.405113220214844,9.681747436523438,True
2024-12-05,XGBoost,0.9,20.9,24.061389923095703,19.220516204833984,28.902263641357422,9.681747436523438,True
2024-12-06,XGBoost,0.9,24.8,22.42357063293457,17.58269691467285,27.26444435119629,9.681747436523438,True
2024-12-07,XGBoost,0.9,23.5,24.94691276550293,20.10603904724121,29.78778648376465,9.681747436523438,True
2024-12-08,XGBoost,0.9,29.6,24.785612106323242,19.944738388061523,29.62648582458496,9.681747436523438,True
2024-12-09,XGBoost,0.9,27.2,25.277320861816406,20.436447143554688,30.118194580078125,9.681747436523438,True
2024-12-10,XGBoost,0.9,26.5,25.313344955444336,20.472471237182617,30.154218673706055,9.681747436523438,True
2024-12-11,XGBoost,0.9,25.0,25.446752548217773,20.605878829956055,30.287626266479492,9.681747436523438,True
2024-12-12,XGBoost,0.9,22.3,24.009992599487305,19.169118881225586,28.850866317749023,9.681747436523438,True
2024-12-13,XGBoost,0.9,24.6,22.78059959411621,17.939725875854492,27.62147331237793,9.681747436523438,True
2024-12-14,XGBoost,0.9,20.4,24.606876373291016,19.766002655029297,29.447750091552734,9.681747436523438,True
2024-12-15,XGBoost,0.9,22.6,21.165828704833984,16.324954986572266,26.006702423095703,9.681747436523438,True
2024-12-16,XGBoost,0.9,22.8,23.67677116394043,18.83589744567871,28.51764488220215,9.681747436523438,True
2024-12-17,XGBoost,0.9,23.2,24.337112426757812,19.496238708496094,29.17798614501953,9.681747436523438,True
2024-12-18,XGBoost,0.9,25.8,24.582895278930664,19.742021560668945,29.423768997192383,9.681747436523438,True
2024-12-19,XGBoost,0.9,25.0,25.17951202392578,20.338638305664062,30.0203857421875,9.681747436523438,True
2024-12-20,XGBoost,0.9,26.0,25.54418182373047,20.70330810546875,30.385055541992188,9.681747436523438,True
2024-12-21,XGBoost,0.9,26.5,26.529481887817383,21.688608169555664,31.3703556060791,9.681747436523438,True
2024-12-22,XGBoost,0.9,22.9,25.920795440673828,21.07992172241211,30.761669158935547,9.681747436523438,True
2024-12-23,XGBoost,0.9,28.2,25.234060287475586,20.393186569213867,30.074934005737305,9.681747436523438,True
2024-12-24,XGBoost,0.9,33.6,27.04496955871582,22.2040958404541,31.88584327697754,9.681747436523438,False
2024-12-25,XGBoost,0.9,35.6,28.91642189025879,24.07554817199707,33.75729560852051,9.681747436523438,False
2024-12-26,XGBoost,0.9,26.1,30.251480102539062,25.410606384277344,35.09235382080078,9.681747436523438,True
2024-12-27,XGBoost,0.9,27.9,25.722930908203125,20.882057189941406,30.563804626464844,9.681747436523438,True
2024-12-28,XGBoost,0.9,27.2,28.142141342163086,23.301267623901367,32.983015060424805,9.681747436523438,True
2024-12-29,XGBoost,0.9,26.9,25.166105270385742,20.325231552124023,30.00697898864746,9.681747436523438,True
2024-12-30,XGBoost,0.9,25.6,24.686063766479492,19.845190048217773,29.52693748474121,9.681747436523438,True
2024-12-31,XGBoost,0.9,25.7,25.82362174987793,20.98274803161621,30.66449546813965,9.681747436523438,True
2025-01-01,XGBoost,0.9,23.6,26.205509185791016,21.364635467529297,31.046382904052734,9.681747436523438,True
2025-01-02,XGBoost,0.9,26.0,26.256906509399414,21.416032791137695,31.097780227661133,9.681747436523438,True
2025-01-03,XGBoost,0.9,29.0,27.014360427856445,22.173486709594727,31.855234146118164,9.681747436523438,True
2025-01-04,XGBoost,0.9,22.4,27.08078384399414,22.239910125732422,31.92165756225586,9.681747436523438,True
2025-01-05,XGBoost,0.9,22.8,24.2830810546875,19.44220733642578,29.12395477294922,9.681747436523438,True
2025-01-06,XGBoost,0.9,24.8,25.82591438293457,20.98504066467285,30.66678810119629,9.681747436523438,True
2025-01-07,XGBoost,0.9,24.9,26.20562171936035,21.364748001098633,31.04649543762207,9.681747436523438,True
2025-01-08,XGBoost,0.9,26.0,26.23418426513672,21.393310546875,31.075057983398438,9.681747436523438,True
2025-01-09,XGBoost,0.9,24.0,26.075435638427734,21.234561920166016,30.916309356689453,9.681747436523438,True
2025-01-10,XGBoost,0.9,26.4,26.458223342895508,21.61734962463379,31.299097061157227,9.681747436523438,True
2025-01-11,XGBoost,0.9,25.3,26.158849716186523,21.317975997924805,30.999723434448242,9.681747436523438,True
2025-01-12,XGBoost,0.9,31.1,25.982912063598633,21.142038345336914,30.82378578186035,9.681747436523438,False
2025-01-13,XGBoost,0.9,24.5,27.950977325439453,23.110103607177734,32.79185104370117,9.681747436523438,True
2025-01-14,XGBoost,0.9,21.2,24.330354690551758,19.48948097229004,29.171228408813477,9.681747436523438,True
2025-01-15,XGBoost,0.9,25.4,23.35915756225586,18.51828384399414,28.200031280517578,9.681747436523438,True
2025-01-16,XGBoost,0.9,29.0,26.508228302001953,21.667354583740234,31.349102020263672,9.681747436523438,True
2025-01-17,XGBoost,0.9,23.9,26.865009307861328,22.02413558959961,31.705883026123047,9.681747436523438,True
2025-01-18,XGBoost,0.9,25.6,25.851200103759766,21.010326385498047,30.692073822021484,9.681747436523438,True
2025-01-19,XGBoost,0.9,24.1,26.483665466308594,21.642791748046875,31.324539184570312,9.681747436523438,True
2025-01-20,XGBoost,0.9,34.7,25.525192260742188,20.68431854248047,30.366065979003906,9.681747436523438,False
2025-01-21,XGBoost,0.9,35.8,30.231294631958008,25.39042091369629,35.07216835021973,9.681747436523438,False
2025-01-22,XGBoost,0.9,28.8,29.893449783325195,25.052576065063477,34.734323501586914,9.681747436523438,True
2025-01-23,XGBoost,0.9,28.5,26.104097366333008,21.26322364807129,30.944971084594727,9.681747436523438,True
2025-01-24,XGBoost,0.9,30.5,26.61197280883789,21.771099090576172,31.45284652709961,9.681747436523438,True
2025-01-25,XGBoost,0.9,26.5,28.601009368896484,23.760135650634766,33.4418830871582,9.681747436523438,True
2025-01-26,XGBoost,0.9,27.5,28.236663818359375,23.395790100097656,33.077537536621094,9.681747436523438,True
2025-01-27,XGBoost,0.9,35.8,28.612417221069336,23.771543502807617,33.453290939331055,9.681747436523438,False
2025-01-28,XGBoost,0.9,31.4,29.26053810119629,24.41966438293457,34.10141181945801,9.681747436523438,True
2025-01-29,XGBoost,0.9,25.8,28.806346893310547,23.965473175048828,33.647220611572266,9.681747436523438,True
2025-01-30,XGBoost,0.9,24.0,25.736616134643555,20.895742416381836,30.577489852905273,9.681747436523438,True
2025-01-31,XGBoost,0.9,24.9,25.267593383789062,20.426719665527344,30.10846710205078,9.681747436523438,True
2025-02-01,XGBoost,0.9,25.5,26.437192916870117,21.5963191986084,31.278066635131836,9.681747436523438,True
2025-02-02,XGBoost,0.9,25.2,26.486862182617188,21.64598846435547,31.327735900878906,9.681747436523438,True
2025-02-03,XGBoost,0.9,25.1,26.535062789916992,21.694189071655273,31.37593650817871,9.681747436523438,True
2025-02-04,XGBoost,0.9,21.1,26.535062789916992,21.694189071655273,31.37593650817871,9.681747436523438,False
2025-02-05,XGBoost,0.9,27.4,23.863386154174805,19.022512435913086,28.704259872436523,9.681747436523438,True
2025-02-06,XGBoost,0.9,36.2,27.271486282348633,22.430612564086914,32.11236000061035,9.681747436523438,False
2025-02-07,XGBoost,0.9,26.8,29.349552154541016,24.508678436279297,34.190425872802734,9.681747436523438,True
2025-02-08,XGBoost,0.9,23.5,24.70172119140625,19.86084747314453,29.54259490966797,9.681747436523438,True
2025-02-09,XGBoost,0.9,27.5,26.502582550048828,21.66170883178711,31.343456268310547,9.681747436523438,True
2025-02-10,XGBoost,0.9,30.7,26.641769409179688,21.80089569091797,31.482643127441406,9.681747436523438,True
2025-02-11,XGBoost,0.9,31.9,28.29591178894043,23.45503807067871,33.13678550720215,9.681747436523438,True
2025-02-12,XGBoost,0.9,22.4,26.317747116088867,21.47687339782715,31.158620834350586,9.681747436523438,True
2025-02-13,XGBoost,0.9,22.9,24.450347900390625,19.609474182128906,29.291221618652344,9.681747436523438,True
2025-02-14,XGBoost,0.9,26.2,26.09336280822754,21.25248908996582,30.934236526489258,9.681747436523438,True
2025-02-15,XGBoost,0.9,25.5,27.38013458251953,22.539260864257812,32.22100830078125,9.681747436523438,True
2025-02-16,XGBoost,0.9,27.4,27.038816452026367,22.19794273376465,31.879690170288086,9.681747436523438,True
2025-02-17,XGBoost,0.9,26.3,27.51384735107422,22.6729736328125,32.35472106933594,9.681747436523438,True
2025-02-18,XGBoost,0.9,33.8,27.063581466674805,22.222707748413086,31.904455184936523,9.681747436523438,False
2025-02-19,XGBoost,0.9,34.7,29.87281608581543,25.03194236755371,34.71368980407715,9.681747436523438,True
2025-02-20,XGBoost,0.9,27.6,28.785263061523438,23.94438934326172,33.626136779785156,9.681747436523438,True
2025-02-21,XGBoost,0.9,28.8,24.832910537719727,19.992036819458008,29.673784255981445,9.681747436523438,True
2025-02-22,XGBoost,0.9,23.6,27.406164169311523,22.565290451049805,32.24703788757324,9.681747436523438,True
2025-02-23,XGBoost,0.9,25.8,26.254730224609375,21.413856506347656,31.095603942871094,9.681747436523438,True
2025-02-24,XGBoost,0.9,26.5,26.59037208557129,21.74949836730957,31.431245803833008,9.681747436523438,True
2025-02-25,XGBoost,0.9,31.7,27.429410934448242,22.588537216186523,32.27028465270996,9.681747436523438,True
2025-02-26,XGBoost,0.9,28.1,29.368040084838867,24.52716636657715,34.208913803100586,9.681747436523438,True
2025-02-27,XGBoost,0.9,28.1,28.17340087890625,23.33252716064453,33.01427459716797,9.681747436523438,True
2025-02-28,XGBoost,0.9,25.8,28.041942596435547,23.201068878173828,32.882816314697266,9.681747436523438,True
2025-03-01,XGBoost,0.9,34.5,26.722938537597656,21.882064819335938,31.563812255859375,9.681747436523438,False
2025-03-02,XGBoost,0.9,35.2,29.1256046295166,24.284730911254883,33.96647834777832,9.681747436523438,False
2025-03-03,XGBoost,0.9,26.5,29.19530487060547,24.35443115234375,34.03617858886719,9.681747436523438,True
2025-03-04,XGBoost,0.9,27.9,25.882492065429688,21.04161834716797,30.723365783691406,9.681747436523438,True
2025-03-05,XGBoost,0.9,25.3,27.221437454223633,22.380563735961914,32.06231117248535,9.681747436523438,True
2025-03-06,XGBoost,0.9,27.8,25.532516479492188,20.69164276123047,30.373390197753906,9.681747436523438,True
2025-03-07,XGBoost,0.9,31.5,27.443859100341797,22.602985382080078,32.284732818603516,9.681747436523438,True
2025-03-08,XGBoost,0.9,25.5,28.429859161376953,23.588985443115234,33.27073287963867,9.681747436523438,True
2025-03-09,XGBoost,0.9,22.5,24.668426513671875,19.827552795410156,29.509300231933594,9.681747436523438,True
2025-03-10,XGBoost,0.9,26.5,25.80650520324707,20.96563148498535,30.64737892150879,9.681747436523438,True
2025-03-11,XGBoost,0.9,28.5,26.472042083740234,21.631168365478516,31.312915802001953,9.681747436523438,True
2025-03-12,XGBoost,0.9,29.3,26.988344192504883,22.147470474243164,31.8292179107666,9.681747436523438,True
2025-03-13,XGBoost,0.9,35.9,28.36087989807129,23.52000617980957,33.20175361633301,9.681747436523438,False
2025-03-14,XGBoost,0.9,29.0,29.517139434814453,24.676265716552734,34.35801315307617,9.681747436523438,True
2025-03-15,XGBoost,0.9,26.6,27.833581924438477,22.992708206176758,32.674455642700195,9.681747436523438,True
2025-03-16,XGBoost,0.9,27.0,24.86546516418457,20.02459144592285,29.70633888244629,9.681747436523438,True
2025-03-17,XGBoost,0.9,31.6,26.9103946685791,22.069520950317383,31.75126838684082,9.681747436523438,True
2025-03-18,XGBoost,0.9,32.8,28.400894165039062,23.560020446777344,33.24176788330078,9.681747436523438,True
2025-03-19,XGBoost,0.9,29.1,27.745309829711914,22.904436111450195,32.58618354797363,9.681747436523438,True
2025-03-20,XGBoost,0.9,26.2,23.478097915649414,18.637224197387695,28.318971633911133,9.681747436523438,True
2025-03-21,XGBoost,0.9,24.6,24.301828384399414,19.460954666137695,29.142702102661133,9.681747436523438,True
2025-03-22,XGBoost,0.9,22.2,24.266550064086914,19.425676345825195,29.107423782348633,9.681747436523438,True
2025-03-23,XGBoost,0.9,23.6,23.136611938476562,18.295738220214844,27.97748565673828,9.681747436523438,True
2025-03-24,XGBoost,0.9,23.5,25.098669052124023,20.257795333862305,29.939542770385742,9.681747436523438,True
2025-03-25,XGBoost,0.9,22.5,22.176794052124023,17.335920333862305,27.017667770385742,9.681747436523438,True
2025-03-26,XGBoost,0.9,29.6,24.346412658691406,19.505538940429688,29.187286376953125,9.681747436523438,False
2025-03-27,XGBoost,0.9,30.9,26.954833984375,22.11396026611328,31.79570770263672,9.681747436523438,True
2025-03-28,XGBoost,0.9,24.6,26.756895065307617,21.9160213470459,31.597768783569336,9.681747436523438,True
2025-03-29,XGBoost,0.9,23.1,23.001399993896484,18.160526275634766,27.842273712158203,9.681747436523438,True
2025-03-30,XGBoost,0.9,25.8,23.61943817138672,18.778564453125,28.460311889648438,9.681747436523438,True
2025-03-31,XGBoost,0.9,22.1,22.63233757019043,17.79146385192871,27.47321128845215,9.681747436523438,True
2025-04-01,XGBoost,0.9,24.5,22.554975509643555,17.714101791381836,27.395849227905273,9.681747436523438,True
2025-04-02,XGBoost,0.9,29.9,25.320026397705078,20.47915267944336,30.160900115966797,9.681747436523438,True
2025-04-03,XGBoost,0.9,29.9,26.66126251220703,21.820388793945312,31.50213623046875,9.681747436523438,True
2025-04-04,XGBoost,0.9,31.6,27.795513153076172,22.954639434814453,32.63638687133789,9.681747436523438,True
2025-04-05,XGBoost,0.9,31.8,28.447174072265625,23.606300354003906,33.288047790527344,9.681747436523438,True
2025-04-06,XGBoost,0.9,30.9,28.35178565979004,23.51091194152832,33.19265937805176,9.681747436523438,True
2025-04-07,XGBoost,0.9,21.4,27.68780517578125,22.84693145751953,32.52867889404297,9.681747436523438,False
2025-04-08,XGBoost,0.9,22.6,22.2492618560791,17.408388137817383,27.09013557434082,9.681747436523438,True
2025-04-09,XGBoost,0.9,24.5,22.664230346679688,17.82335662841797,27.505104064941406,9.681747436523438,True
2025-04-10,XGBoost,0.9,27.7,24.807096481323242,19.966222763061523,29.64797019958496,9.681747436523438,True
2025-04-11,XGBoost,0.9,19.8,25.298311233520508,20.45743751525879,30.139184951782227,9.681747436523438,False
2025-04-12,XGBoost,0.9,19.5,20.674198150634766,15.833324432373047,25.515071868896484,9.681747436523438,True
2025-04-13,XGBoost,0.9,19.5,21.347501754760742,16.506628036499023,26.18837547302246,9.681747436523438,True
2025-04-14,XGBoost,0.9,23.4,22.43379020690918,17.59291648864746,27.2746639251709,9.681747436523438,True
2025-04-15,XGBoost,0.9,24.9,23.88135528564453,19.040481567382812,28.72222900390625,9.681747436523438,True
2025-04-16,XGBoost,0.9,27.3,24.459457397460938,19.61858367919922,29.300331115722656,9.681747436523438,True
2025-04-17,XGBoost,0.9,31.0,25.26289939880371,20.422025680541992,30.10377311706543,9.681747436523438,False
2025-04-18,XGBoost,0.9,22.6,27.161237716674805,22.320363998413086,32.00211143493652,9.681747436523438,True
2025-04-19,XGBoost,0.9,22.5,22.282346725463867,17.44147300720215,27.123220443725586,9.681747436523438,True
2025-04-20,XGBoost,0.9,21.3,24.615249633789062,19.774375915527344,29.45612335205078,9.681747436523438,True
2025-04-21,XGBoost,0.9,25.0,23.43590545654297,18.59503173828125,28.276779174804688,9.681747436523438,True
2025-04-22,XGBoost,0.9,24.3,24.611591339111328,19.77071762084961,29.452465057373047,9.681747436523438,True
2025-04-23,XGBoost,0.9,24.8,24.141597747802734,19.300724029541016,28.982471466064453,9.681747436523438,True
2025-04-24,XGBoost,0.9,24.1,23.44857406616211,18.60770034790039,28.289447784423828,9.681747436523438,True
2025-04-25,XGBoost,0.9,26.6,22.82973861694336,17.98886489868164,27.670612335205078,9.681747436523438,True
2025-04-26,XGBoost,0.9,34.3,25.015682220458984,20.174808502197266,29.856555938720703,9.681747436523438,False
2025-04-27,XGBoost,0.9,22.9,27.49761199951172,22.65673828125,32.33848571777344,9.681747436523438,True
2025-04-28,XGBoost,0.9,20.0,24.336326599121094,19.495452880859375,29.177200317382812,9.681747436523438,True
2025-04-29,XGBoost,0.9,19.0,22.180118560791016,17.339244842529297,27.020992279052734,9.681747436523438,True
2025-04-30,XGBoost,0.9,15.9,21.043010711669922,16.202136993408203,25.88388442993164,9.681747436523438,False
2025-05-01,XGBoost,0.9,16.5,17.285888671875,12.445014953613281,22.12676239013672,9.681747436523438,True
2025-05-02,XGBoost,0.9,19.6,18.014802932739258,13.173929214477539,22.855676651000977,9.681747436523438,True
2025-05-03,XGBoost,0.9,25.0,19.63408851623535,14.793214797973633,24.47496223449707,9.681747436523438,False
2025-05-04,XGBoost,0.9,21.1,22.509838104248047,17.668964385986328,27.350711822509766,9.681747436523438,True
2025-05-05,XGBoost,0.9,20.5,20.53942108154297,15.69854736328125,25.380294799804688,9.681747436523438,True
2025-05-06,XGBoost,0.9,19.8,22.120540618896484,17.279666900634766,26.961414337158203,9.681747436523438,True
2025-05-07,XGBoost,0.9,19.8,21.4325008392334,16.59162712097168,26.273374557495117,9.681747436523438,True
2025-05-08,XGBoost,0.9,20.6,21.028982162475586,16.188108444213867,25.869855880737305,9.681747436523438,True
2025-05-09,XGBoost,0.9,17.8,20.82703971862793,15.986166000366211,25.66791343688965,9.681747436523438,True
2025-05-10,XGBoost,0.9,18.0,17.546688079833984,12.705814361572266,22.387561798095703,9.681747436523438,True
2025-05-11,XGBoost,0.9,20.1,17.858598709106445,13.017724990844727,22.699472427368164,9.681747436523438,True
2025-05-12,XGBoost,0.9,21.0,20.82703971862793,15.986166000366211,25.66791343688965,9.681747436523438,True
2025-05-13,XGBoost,0.9,21.5,21.2749080657959,16.43403434753418,26.115781784057617,9.681747436523438,True
2025-05-14,XGBoost,0.9,23.6,20.610231399536133,15.769357681274414,25.45110511779785,9.681747436523438,True
2025-05-15,XGBoost,0.9,26.7,22.671934127807617,17.8310604095459,27.512807846069336,9.681747436523438,True
2025-05-16,XGBoost,0.9,23.2,23.746923446655273,18.906049728393555,28.587797164916992,9.681747436523438,True
2025-05-17,XGBoost,0.9,24.6,22.938636779785156,18.097763061523438,27.779510498046875,9.681747436523438,True
2025-05-18,XGBoost,0.9,19.9,20.934438705444336,16.093564987182617,25.775312423706055,9.681747436523438,True
2025-05-19,XGBoost,0.9,15.3,20.490097045898438,15.649223327636719,25.330970764160156,9.681747436523438,False
2025-05-20,XGBoost,0.9,16.4,16.66825294494629,11.82737922668457,21.509126663208008,9.681747436523438,True
2025-05-21,XGBoost,0.9,19.2,17.12175178527832,12.280878067016602,21.96262550354004,9.681747436523438,True
2025-05-22,XGBoost,0.9,18.9,20.01695442199707,15.176080703735352,24.85782814025879,9.681747436523438,True
2025-05-23,XGBoost,0.9,26.5,18.847148895263672,14.006275177001953,23.68802261352539,9.681747436523438,False
2025-05-24,XGBoost,0.9,21.4,21.78050994873047,16.93963623046875,26.621383666992188,9.681747436523438,True
2025-05-25,XGBoost,0.9,16.7,21.31557273864746,16.474699020385742,26.15644645690918,9.681747436523438,True
2025-05-26,XGBoost,0.9,20.1,17.510845184326172,12.669971466064453,22.35171890258789,9.681747436523438,True
2025-05-27,XGBoost,0.9,18.5,19.69904327392578,14.858169555664062,24.5399169921875,9.681747436523438,True
2025-05-28,XGBoost,0.9,18.4,17.209630966186523,12.368757247924805,22.050504684448242,9.681747436523438,True
2025-05-29,XGBoost,0.9,18.0,17.39675521850586,12.55588150024414,22.237628936767578,9.681747436523438,True
2025-05-30,XGBoost,0.9,18.2,18.081756591796875,13.240882873535156,22.922630310058594,9.681747436523438,True
2025-05-31,XGBoost,0.9,18.6,17.982145309448242,13.141271591186523,22.82301902770996,9.681747436523438,True
2025-06-01,XGBoost,0.9,17.5,19.481496810913086,14.640623092651367,24.322370529174805,9.681747436523438,True
2025-06-02,XGBoost,0.9,15.7,18.780092239379883,13.939218521118164,23.6209659576416,9.681747436523438,True
2025-06-03,XGBoost,0.9,17.7,16.68988609313965,11.84901237487793,21.530759811401367,9.681747436523438,True
2025-06-04,XGBoost,0.9,18.6,18.14871597290039,13.307842254638672,22.98958969116211,9.681747436523438,True
2025-06-05,XGBoost,0.9,16.6,20.662059783935547,15.821186065673828,25.502933502197266,9.681747436523438,True
2025-06-06,XGBoost,0.9,14.8,17.122394561767578,12.28152084350586,21.963268280029297,9.681747436523438,True
2025-06-07,XGBoost,0.9,13.9,15.74691390991211,10.90604019165039,20.587787628173828,9.681747436523438,True
2025-06-08,XGBoost,0.9,15.5,15.028474807739258,10.187601089477539,19.869348526000977,9.681747436523438,True
2025-06-09,XGBoost,0.9,16.4,16.321361541748047,11.480487823486328,21.162235260009766,9.681747436523438,True
2025-06-10,XGBoost,0.9,18.0,18.212486267089844,13.371612548828125,23.053359985351562,9.681747436523438,True
2025-06-11,XGBoost,0.9,18.9,18.751855850219727,13.910982131958008,23.592729568481445,9.681747436523438,True
2025-06-12,XGBoost,0.9,22.5,19.959625244140625,15.118751525878906,24.800498962402344,9.681747436523438,True
2025-06-13,XGBoost,0.9,25.1,20.363977432250977,15.523103713989258,25.204851150512695,9.681747436523438,True
2025-06-14,XGBoost,0.9,25.0,21.593339920043945,16.752466201782227,26.434213638305664,9.681747436523438,True
2025-06-15,XGBoost,0.9,15.7,21.629905700683594,16.789031982421875,26.470779418945312,9.681747436523438,False
2025-06-16,XGBoost,0.9,15.3,16.812358856201172,11.971485137939453,21.65323257446289,9.681747436523438,True
2025-06-17,XGBoost,0.9,17.1,16.868148803710938,12.027275085449219,21.709022521972656,9.681747436523438,True
2025-06-18,XGBoost,0.9,16.0,15.935322761535645,11.094449043273926,20.776196479797363,9.681747436523438,True
2025-06-19,XGBoost,0.9,18.2,16.332500457763672,11.491626739501953,21.17337417602539,9.681747436523438,True
2025-06-20,XGBoost,0.9,19.8,16.750732421875,11.909858703613281,21.59160614013672,9.681747436523438,True
2025-06-21,XGBoost,0.9,15.1,18.602222442626953,13.761348724365234,23.443096160888672,9.681747436523438,True
2025-06-22,XGBoost,0.9,17.2,15.960204124450684,11.119330406188965,20.801077842712402,9.681747436523438,True
2025-06-23,XGBoost,0.9,17.2,16.389144897460938,11.548271179199219,21.230018615722656,9.681747436523438,True
2025-06-24,XGBoost,0.9,13.1,18.76120376586914,13.920330047607422,23.60207748413086,9.681747436523438,False
2025-06-25,XGBoost,0.9,13.4,15.255457878112793,10.414584159851074,20.09633159637451,9.681747436523438,True
2025-06-26,XGBoost,0.9,13.2,14.327326774597168,9.48645305633545,19.168200492858887,9.681747436523438,True
2025-06-27,XGBoost,0.9,14.6,14.850162506103516,10.009288787841797,19.691036224365234,9.681747436523438,True
2025-06-28,XGBoost,0.9,18.4,15.176711082458496,10.335837364196777,20.017584800720215,9.681747436523438,True
2025-06-29,XGBoost,0.9,18.0,15.82397747039795,10.98310375213623,20.664851188659668,9.681747436523438,True
2025-06-30,XGBoost,0.9,15.9,18.929492950439453,14.088619232177734,23.770366668701172,9.681747436523438,True
2025-07-01,XGBoost,0.9,16.5,18.54639434814453,13.705520629882812,23.38726806640625,9.681747436523438,True
2025-07-02,XGBoost,0.9,14.0,16.208951950073242,11.368078231811523,21.04982566833496,9.681747436523438,True
2025-07-03,XGBoost,0.9,13.7,14.749574661254883,9.908700942993164,19.5904483795166,9.681747436523438,True
2025-07-04,XGBoost,0.9,14.3,14.40660572052002,9.5657320022583,19.24747943878174,9.681747436523438,True
2025-07-05,XGBoost,0.9,14.6,14.952496528625488,10.11162281036377,19.793370246887207,9.681747436523438,True
2025-07-06,XGBoost,0.9,15.4,14.660009384155273,9.819135665893555,19.500883102416992,9.681747436523438,True
2025-07-07,XGBoost,0.9,18.6,16.54173469543457,11.700860977172852,21.38260841369629,9.681747436523438,True
2025-07-08,XGBoost,0.9,16.8,17.76033592224121,12.919462203979492,22.60120964050293,9.681747436523438,True
2025-07-09,XGBoost,0.9,16.8,18.24820899963379,13.40733528137207,23.089082717895508,9.681747436523438,True
2025-07-10,XGBoost,0.9,13.8,16.439132690429688,11.598258972167969,21.280006408691406,9.681747436523438,True
2025-07-11,XGBoost,0.9,14.9,15.647830963134766,10.806957244873047,20.488704681396484,9.681747436523438,True
2025-07-12,XGBoost,0.9,15.2,17.131275177001953,12.290401458740234,21.972148895263672,9.681747436523438,True
2025-07-13,XGBoost,0.9,15.9,16.77353858947754,11.93266487121582,21.614412307739258,9.681747436523438,True
2025-07-14,XGBoost,0.9,16.5,16.738815307617188,11.897941589355469,21.579689025878906,9.681747436523438,True
2025-07-15,XGBoost,0.9,17.0,17.34494972229004,12.50407600402832,22.185823440551758,9.681747436523438,True
2025-07-16,XGBoost,0.9,16.3,17.766876220703125,12.926002502441406,22.607749938964844,9.681747436523438,True
2025-07-17,XGBoost,0.9,15.0,15.358887672424316,10.518013954162598,20.199761390686035,9.681747436523438,True
2025-07-18,XGBoost,0.9,16.4,17.165494918823242,12.324621200561523,22.00636863708496,9.681747436523438,True
2025-07-19,XGBoost,0.9,18.6,17.758853912353516,12.917980194091797,22.599727630615234,9.681747436523438,True
2025-07-20,XGBoost,0.9,14.8,18.18553352355957,13.344659805297852,23.02640724182129,9.681747436523438,True
2025-07-21,XGBoost,0.9,16.9,15.773903846740723,10.933030128479004,20.61477756500244,9.681747436523438,True
2025-07-22,XGBoost,0.9,17.2,17.295536041259766,12.454662322998047,22.136409759521484,9.681747436523438,True
2025-07-23,XGBoost,0.9,16.6,17.933115005493164,13.092241287231445,22.773988723754883,9.681747436523438,True
2025-07-24,XGBoost,0.9,14.6,17.18548011779785,12.344606399536133,22.02635383605957,9.681747436523438,True
2025-07-25,XGBoost,0.9,15.1,16.13123321533203,11.290359497070312,20.97210693359375,9.681747436523438,True
2025-07-26,XGBoost,0.9,19.0,17.057117462158203,12.216243743896484,21.897991180419922,9.681747436523438,True
2025-07-27,XGBoost,0.9,21.0,17.464330673217773,12.623456954956055,22.305204391479492,9.681747436523438,True
2025-07-28,XGBoost,0.9,26.6,19.633329391479492,14.792455673217773,24.47420310974121,9.681747436523438,False
2025-07-29,XGBoost,0.9,15.9,22.39256477355957,17.55169105529785,27.23343849182129,9.681747436523438,False
2025-07-30,XGBoost,0.9,13.3,16.111858367919922,11.270984649658203,20.95273208618164,9.681747436523438,True
2025-07-31,XGBoost,0.9,15.6,15.781265258789062,10.940391540527344,20.62213897705078,9.681747436523438,True
2025-08-01,XGBoost,0.9,23.0,17.106727600097656,12.265853881835938,21.947601318359375,9.681747436523438,False
2025-08-02,XGBoost,0.9,21.2,18.20305824279785,13.362184524536133,23.04393196105957,9.681747436523438,True
2025-08-03,XGBoost,0.9,14.4,20.224580764770508,15.383707046508789,25.065454483032227,9.681747436523438,False
2025-08-04,XGBoost,0.9,14.8,15.667219161987305,10.826345443725586,20.508092880249023,9.681747436523438,True
2025-08-05,XGBoost,0.9,15.1,15.155458450317383,10.314584732055664,19.9963321685791,9.681747436523438,True
2025-08-06,XGBoost,0.9,17.0,15.359297752380371,10.518424034118652,20.20017147064209,9.681747436523438,True
2025-08-07,XGBoost,0.9,17.2,16.95578956604004,12.11491584777832,21.796663284301758,9.681747436523438,True
2025-08-08,XGBoost,0.9,14.4,18.159523010253906,13.318649291992188,23.000396728515625,9.681747436523438,True
2025-08-09,XGBoost,0.9,15.1,15.152894020080566,10.312020301818848,19.993767738342285,9.681747436523438,True
2025-08-10,XGBoost,0.9,15.9,15.498520851135254,10.657647132873535,20.339394569396973,9.681747436523438,True
2025-08-11,XGBoost,0.9,16.5,17.758853912353516,12.917980194091797,22.599727630615234,9.681747436523438,True
2025-08-12,XGBoost,0.9,16.4,17.279205322265625,12.438331604003906,22.120079040527344,9.681747436523438,True
2025-08-13,XGBoost,0.9,15.0,17.75259017944336,12.91171646118164,22.593463897705078,9.681747436523438,True
2025-08-14,XGBoost,0.9,16.6,17.72221565246582,12.881341934204102,22.56308937072754,9.681747436523438,True
2025-08-15,XGBoost,0.9,16.9,16.239303588867188,11.398429870605469,21.080177307128906,9.681747436523438,True
2025-08-16,XGBoost,0.9,19.5,16.43730354309082,11.596429824829102,21.27817726135254,9.681747436523438,True
2025-08-17,XGBoost,0.9,19.6,19.55754852294922,14.7166748046875,24.398422241210938,9.681747436523438,True
2025-08-18,XGBoost,0.9,18.9,19.27019500732422,14.4293212890625,24.111068725585938,9.681747436523438,True
2025-08-19,XGBoost,0.9,17.6,17.196653366088867,12.355779647827148,22.037527084350586,9.681747436523438,True
2025-08-20,XGBoost,0.9,17.2,16.12055015563965,11.27967643737793,20.961423873901367,9.681747436523438,True
2025-08-21,XGBoost,0.9,17.2,16.753711700439453,11.912837982177734,21.594585418701172,9.681747436523438,True
2025-08-22,XGBoost,0.9,15.4,16.752519607543945,11.911645889282227,21.593393325805664,9.681747436523438,True
2025-08-23,XGBoost,0.9,16.2,16.404451370239258,11.563577651977539,21.245325088500977,9.681747436523438,True
2025-08-24,XGBoost,0.9,16.2,16.01773452758789,11.176860809326172,20.85860824584961,9.681747436523438,True
2025-08-25,XGBoost,0.9,19.0,18.011022567749023,13.170148849487305,22.851896286010742,9.681747436523438,True
2025-08-26,XGBoost,0.9,18.4,18.407503128051758,13.566629409790039,23.248376846313477,9.681747436523438,True
2025-08-27,XGBoost,0.9,19.0,19.274900436401367,14.434026718139648,24.115774154663086,9.681747436523438,True
2025-08-28,XGBoost,0.9,20.0,19.848073959350586,15.007200241088867,24.688947677612305,9.681747436523438,True
2025-08-29,XGBoost,0.9,19.4,19.77231216430664,14.931438446044922,24.61318588256836,9.681747436523438,True
2025-08-30,XGBoost,0.9,18.6,19.88770294189453,15.046829223632812,24.72857666015625,9.681747436523438,True
2025-08-31,XGBoost,0.9,21.5,19.109312057495117,14.268438339233398,23.950185775756836,9.681747436523438,True
2025-09-01,XGBoost,0.9,20.5,20.821020126342773,15.980146408081055,25.661893844604492,9.681747436523438,True
2025-09-02,XGBoost,0.9,19.2,20.049358367919922,15.208484649658203,24.89023208618164,9.681747436523438,True
2025-09-03,XGBoost,0.9,18.9,19.25200653076172,14.4111328125,24.092880249023438,9.681747436523438,True
2025-09-04,XGBoost,0.9,17.8,18.648778915405273,13.807905197143555,23.489652633666992,9.681747436523438,True
2025-09-05,XGBoost,0.9,17.0,18.986804962158203,14.145931243896484,23.827678680419922,9.681747436523438,True
2025-09-06,XGBoost,0.9,19.0,19.109312057495117,14.268438339233398,23.950185775756836,9.681747436523438,True
2025-09-07,XGBoost,0.9,26.5,20.020259857177734,15.179386138916016,24.861133575439453,9.681747436523438,False
2025-09-08,XGBoost,0.9,25.7,22.417190551757812,17.576316833496094,27.25806427001953,9.681747436523438,True
2025-09-09,XGBoost,0.9,19.5,22.263124465942383,17.422250747680664,27.1039981842041,9.681747436523438,True
2025-09-10,XGBoost,0.9,19.1,20.50065040588379,15.65977668762207,25.341524124145508,9.681747436523438,True
2025-09-11,XGBoost,0.9,18.7,18.7602596282959,13.91938591003418,23.601133346557617,9.681747436523438,True
2025-09-12,XGBoost,0.9,20.0,20.02576446533203,15.184890747070312,24.86663818359375,9.681747436523438,True
2025-09-13,XGBoost,0.9,21.4,20.714191436767578,15.87331771850586,25.555065155029297,9.681747436523438,True
2025-09-14,XGBoost,0.9,17.9,20.5523738861084,15.71150016784668,25.393247604370117,9.681747436523438,True
2025-09-15,XGBoost,0.9,17.1,16.680892944335938,11.840019226074219,21.521766662597656,9.681747436523438,True
2025-09-16,XGBoost,0.9,15.7,17.214712142944336,12.373838424682617,22.055585861206055,9.681747436523438,True
2025-09-17,XGBoost,0.9,16.8,18.893203735351562,14.052330017089844,23.73407745361328,9.681747436523438,True
2025-09-18,XGBoost,0.9,22.3,18.14581298828125,13.304939270019531,22.98668670654297,9.681747436523438,True
2025-09-19,XGBoost,0.9,20.4,20.06069564819336,15.21982192993164,24.901569366455078,9.681747436523438,True
2025-09-20,XGBoost,0.9,17.8,21.74313735961914,16.902263641357422,26.58401107788086,9.681747436523438,True
2025-09-21,XGBoost,0.9,19.4,18.518657684326172,13.677783966064453,23.35953140258789,9.681747436523438,True
2025-09-22,XGBoost,0.9,16.4,18.212886810302734,13.372013092041016,23.053760528564453,9.681747436523438,True
2025-09-23,XGBoost,0.9,18.5,17.19485092163086,12.35397720336914,22.035724639892578,9.681747436523438,True
2025-09-24,XGBoost,0.9,19.4,19.900896072387695,15.060022354125977,24.741769790649414,9.681747436523438,True
2025-09-25,XGBoost,0.9,26.6,20.244712829589844,15.403839111328125,25.085586547851562,9.681747436523438,False
2025-09-26,XGBoost,0.9,23.6,23.579303741455078,18.73843002319336,28.420177459716797,9.681747436523438,True
2025-09-27,XGBoost,0.9,19.9,22.07832145690918,17.23744773864746,26.9191951751709,9.681747436523438,True
2025-09-28,XGBoost,0.9,24.1,21.195049285888672,16.354175567626953,26.03592300415039,9.681747436523438,True
2025-09-29,XGBoost,0.9,34.5,22.761388778686523,17.920515060424805,27.602262496948242,9.681747436523438,False
2025-09-30,XGBoost,0.9,20.8,25.272939682006836,20.432065963745117,30.113813400268555,9.681747436523438,True
2025-10-01,XGBoost,0.9,18.4,18.192596435546875,13.351722717285156,23.033470153808594,9.681747436523438,True
2025-10-02,XGBoost,0.9,25.6,20.582246780395508,15.741373062133789,25.423120498657227,9.681747436523438,False
2025-10-03,XGBoost,0.9,22.4,23.058670043945312,18.217796325683594,27.89954376220703,9.681747436523438,True
2025-10-04,XGBoost,0.9,19.0,21.416568756103516,16.575695037841797,26.257442474365234,9.681747436523438,True
2025-10-05,XGBoost,0.9,19.5,20.47182273864746,15.630949020385742,25.31269645690918,9.681747436523438,True
2025-10-06,XGBoost,0.9,20.6,18.53710174560547,13.69622802734375,23.377975463867188,9.681747436523438,True
2025-10-07,XGBoost,0.9,20.9,21.513957977294922,16.673084259033203,26.35483169555664,9.681747436523438,True
2025-10-08,XGBoost,0.9,27.2,21.19047737121582,16.3496036529541,26.03135108947754,9.681747436523438,False
2025-10-09,XGBoost,0.9,27.0,24.0008544921875,19.15998077392578,28.84172821044922,9.681747436523438,True
2025-10-10,XGBoost,0.9,24.0,23.87105941772461,19.03018569946289,28.711933135986328,9.681747436523438,True
2025-10-11,XGBoost,0.9,23.7,22.358232498168945,17.517358779907227,27.199106216430664,9.681747436523438,True
2025-10-12,XGBoost,0.9,22.1,23.482423782348633,18.641550064086914,28.32329750061035,9.681747436523438,True
2025-10-13,XGBoost,0.9,19.8,23.67202377319336,18.83115005493164,28.512897491455078,9.681747436523438,True
2025-10-14,XGBoost,0.9,19.1,19.9266414642334,15.08576774597168,24.767515182495117,9.681747436523438,True
2025-10-15,XGBoost,0.9,18.6,21.06618881225586,16.22531509399414,25.907062530517578,9.681747436523438,True
2025-10-16,XGBoost,0.9,27.8,18.865585327148438,14.024711608886719,23.706459045410156,9.681747436523438,False
2025-10-17,XGBoost,0.9,19.6,24.269821166992188,19.42894744873047,29.110694885253906,9.681747436523438,True
2025-10-18,XGBoost,0.9,24.5,20.53056526184082,15.689691543579102,25.37143898010254,9.681747436523438,True
2025-10-19,XGBoost,0.9,28.8,23.150907516479492,18.310033798217773,27.99178123474121,9.681747436523438,False
2025-10-20,XGBoost,0.9,31.4,24.91859245300293,20.07771873474121,29.75946617126465,9.681747436523438,False
2025-10-21,XGBoost,0.9,31.5,26.008155822753906,21.167282104492188,30.849029541015625,9.681747436523438,False
2025-10-22,XGBoost,0.9,22.5,25.268924713134766,20.428050994873047,30.109798431396484,9.681747436523438,True
2025-10-23,XGBoost,0.9,20.4,23.19842529296875,18.35755157470703,28.03929901123047,9.681747436523438,True
2025-10-24,XGBoost,0.9,19.5,22.550107955932617,17.7092342376709,27.390981674194336,9.681747436523438,True
2025-10-25,XGBoost,0.9,17.6,19.813743591308594,14.972869873046875,24.654617309570312,9.681747436523438,True
2025-10-26,XGBoost,0.9,20.4,18.65436363220215,13.81348991394043,23.495237350463867,9.681747436523438,True
2025-10-27,XGBoost,0.9,20.5,21.79084587097168,16.94997215270996,26.6317195892334,9.681747436523438,True
2025-10-28,XGBoost,0.9,21.6,22.407251358032227,17.566377639770508,27.248125076293945,9.681747436523438,True
2025-10-29,XGBoost,0.9,31.5,23.37724494934082,18.5363712310791,28.21811866760254,9.681747436523438,False
2025-10-30,XGBoost,0.9,22.2,26.564878463745117,21.7240047454834,31.405752182006836,9.681747436523438,True
2025-10-31,XGBoost,0.9,20.6,22.2805118560791,17.439638137817383,27.12138557434082,9.681747436523438,True
2025-11-01,XGBoost,0.9,21.0,20.538393020629883,15.697519302368164,25.3792667388916,9.681747436523438,True
2025-11-02,XGBoost,0.9,23.2,22.83316993713379,17.99229621887207,27.674043655395508,9.681747436523438,True
2025-11-03,XGBoost,0.9,22.4,23.40593910217285,18.565065383911133,28.24681282043457,9.681747436523438,True
2025-11-04,XGBoost,0.9,27.1,23.248634338378906,18.407760620117188,28.089508056640625,9.681747436523438,True
2025-11-05,XGBoost,0.9,29.9,25.022249221801758,20.18137550354004,29.863122940063477,9.681747436523438,False
2025-11-06,XGBoost,0.9,34.3,26.6975040435791,21.856630325317383,31.53837776184082,9.681747436523438,False
2025-11-07,XGBoost,0.9,30.9,28.308076858520508,23.46720314025879,33.14895057678223,9.681747436523438,True
2025-11-08,XGBoost,0.9,29.9,27.799850463867188,22.95897674560547,32.640724182128906,9.681747436523438,True
2025-11-09,XGBoost,0.9,28.6,27.46953773498535,22.628664016723633,32.31041145324707,9.681747436523438,True
2025-11-10,XGBoost,0.9,25.9,24.941930770874023,20.101057052612305,29.782804489135742,9.681747436523438,True
2025-11-11,XGBoost,0.9,25.3,24.259174346923828,19.41830062866211,29.100048065185547,9.681747436523438,True
2025-11-12,XGBoost,0.9,28.0,24.803312301635742,19.962438583374023,29.64418601989746,9.681747436523438,True
2025-11-13,XGBoost,0.9,25.5,25.703235626220703,20.862361907958984,30.544109344482422,9.681747436523438,True
2025-11-14,XGBoost,0.9,22.1,24.34117317199707,19.50029945373535,29.18204689025879,9.681747436523438,True
2025-11-15,XGBoost,0.9,25.8,23.74726676940918,18.90639305114746,28.5881404876709,9.681747436523438,True
2025-11-16,XGBoost,0.9,30.5,24.895523071289062,20.054649353027344,29.73639678955078,9.681747436523438,False
2025-11-17,XGBoost,0.9,24.5,25.988740921020508,21.14786720275879,30.829614639282227,9.681747436523438,True
2025-11-18,XGBoost,0.9,25.4,24.46083641052246,19.619962692260742,29.30171012878418,9.681747436523438,True
2025-11-19,XGBoost,0.9,25.1,25.02129364013672,20.180419921875,29.862167358398438,9.681747436523438,True
2025-11-20,XGBoost,0.9,27.6,24.577423095703125,19.736549377441406,29.418296813964844,9.681747436523438,True
2025-11-21,XGBoost,0.9,29.9,25.88160514831543,21.04073143005371,30.72247886657715,9.681747436523438,True
2025-11-22,XGBoost,0.9,25.4,26.148225784301758,21.30735206604004,30.989099502563477,9.681747436523438,True
2025-11-23,XGBoost,0.9,24.6,25.14470672607422,20.3038330078125,29.985580444335938,9.681747436523438,True
2025-11-24,XGBoost,0.9,34.5,24.58201026916504,19.74113655090332,29.422883987426758,9.681747436523438,False
2025-11-25,XGBoost,0.9,25.9,29.195158004760742,24.354284286499023,34.03603172302246,9.681747436523438,True
2025-11-26,XGBoost,0.9,32.6,25.578937530517578,20.73806381225586,30.419811248779297,9.681747436523438,False
2025-11-27,XGBoost,0.9,27.5,28.79473876953125,23.95386505126953,33.63561248779297,9.681747436523438,True
2025-11-28,XGBoost,0.9,24.0,24.494827270507812,19.653953552246094,29.33570098876953,9.681747436523438,True
2025-11-29,XGBoost,0.9,27.1,23.675064086914062,18.834190368652344,28.51593780517578,9.681747436523438,True
2025-11-30,XGBoost,0.9,26.0,25.591468811035156,20.750595092773438,30.432342529296875,9.681747436523438,True
2025-12-01,XGBoost,0.9,24.6,25.23111343383789,20.390239715576172,30.07198715209961,9.681747436523438,True
2025-12-02,XGBoost,0.9,29.6,25.475330352783203,20.634456634521484,30.316204071044922,9.681747436523438,True
2025-12-03,XGBoost,0.9,32.3,28.2293643951416,23.388490676879883,33.07023811340332,9.681747436523438,True
2025-12-04,XGBoost,0.9,24.9,26.79991912841797,21.95904541015625,31.640792846679688,9.681747436523438,True
2025-12-05,XGBoost,0.9,23.6,25.5175724029541,20.676698684692383,30.35844612121582,9.681747436523438,True
2025-12-06,XGBoost,0.9,27.5,25.659996032714844,20.819122314453125,30.500869750976562,9.681747436523438,True
2025-12-07,XGBoost,0.9,23.8,25.594606399536133,20.753732681274414,30.43548011779785,9.681747436523438,True
2025-12-08,XGBoost,0.9,24.4,24.953664779663086,20.112791061401367,29.794538497924805,9.681747436523438,True
2025-12-09,XGBoost,0.9,30.8,25.564239501953125,20.723365783691406,30.405113220214844,9.681747436523438,False
2025-12-10,XGBoost,0.9,33.5,28.05342674255371,23.212553024291992,32.89430046081543,9.681747436523438,False
2025-12-11,XGBoost,0.9,24.4,27.881065368652344,23.040191650390625,32.72193908691406,9.681747436523438,True
2025-12-12,XGBoost,0.9,20.6,23.8016300201416,18.960756301879883,28.64250373840332,9.681747436523438,True
2025-12-13,XGBoost,0.9,23.6,22.12133026123047,17.28045654296875,26.962203979492188,9.681747436523438,True
2025-12-14,XGBoost,0.9,24.7,24.590953826904297,19.750080108642578,29.431827545166016,9.681747436523438,True
2025-12-15,XGBoost,0.9,27.0,24.887500762939453,20.046627044677734,29.728374481201172,9.681747436523438,True
2025-12-16,XGBoost,0.9,21.3,24.47471809387207,19.63384437561035,29.31559181213379,9.681747436523438,True
2025-12-17,XGBoost,0.9,23.1,22.93174934387207,18.09087562561035,27.77262306213379,9.681747436523438,True
2025-12-18,XGBoost,0.9,23.5,24.730854034423828,19.88998031616211,29.571727752685547,9.681747436523438,True
2025-12-19,XGBoost,0.9,30.2,25.06558609008789,20.224712371826172,29.90645980834961,9.681747436523438,False
2025-12-20,XGBoost,0.9,34.5,27.92183494567871,23.080961227416992,32.76270866394043,9.681747436523438,False
2025-12-21,XGBoost,0.9,30.8,28.975128173828125,24.134254455566406,33.816001892089844,9.681747436523438,True
2025-12-22,XGBoost,0.9,23.5,27.650667190551758,22.80979347229004,32.49154090881348,9.681747436523438,True
2025-12-23,XGBoost,0.9,27.9,24.60726547241211,19.76639175415039,29.448139190673828,9.681747436523438,True
2025-12-24,XGBoost,0.9,29.0,27.08265495300293,22.24178123474121,31.92352867126465,9.681747436523438,True
2025-12-25,XGBoost,0.9,28.8,26.578256607055664,21.737382888793945,31.419130325317383,9.681747436523438,True
2025-12-26,XGBoost,0.9,27.9,26.761503219604492,21.920629501342773,31.60237693786621,9.681747436523438,True
2025-12-27,XGBoost,0.9,30.5,26.831302642822266,21.990428924560547,31.672176361083984,9.681747436523438,True
2025-12-28,XGBoost,0.9,35.6,28.274620056152344,23.433746337890625,33.11549377441406,9.681747436523438,False
2025-12-29,XGBoost,0.9,30.2,29.907093048095703,25.066219329833984,34.74796676635742,9.681747436523438,True
2025-12-30,XGBoost,0.9,26.8,27.34740447998047,22.50653076171875,32.18827819824219,9.681747436523438,True
2024-05-07,MLP,0.9,19.2,20.264889558429235,15.459340105436947,25.070439011421524,9.611098905984576,True
2024-05-08,MLP,0.9,20.8,20.60470512079802,15.799155667805731,25.410254573790308,9.611098905984576,True
2024-05-09,MLP,0.9,18.4,22.15057351173992,17.345024058747633,26.95612296473221,9.611098905984576,True
2024-05-10,MLP,0.9,18.6,17.020484453520528,12.21493500052824,21.826033906512816,9.611098905984576,True
2024-05-11,MLP,0.9,20.6,19.2081612479965,14.402611795004212,24.01371070098879,9.611098905984576,True
2024-05-12,MLP,0.9,24.4,20.735589419429445,15.930039966437157,25.541138872421733,9.611098905984576,True
2024-05-13,MLP,0.9,29.6,21.383243981873598,16.57769452888131,26.188793434865886,9.611098905984576,False
2024-05-14,MLP,0.9,22.0,23.692482706079833,18.886933253087545,28.49803215907212,9.611098905984576,True
2024-05-15,MLP,0.9,21.0,20.915939186866886,16.110389733874598,25.721488639859174,9.611098905984576,True
2024-05-16,MLP,0.9,21.1,21.5305581172557,16.725008664263413,26.33610757024799,9.611098905984576,True
2024-05-17,MLP,0.9,24.3,22.260069023303686,17.454519570311398,27.065618476295974,9.611098905984576,True
2024-05-18,MLP,0.9,22.7,21.676615369069836,16.871065916077548,26.482164822062124,9.611098905984576,True
2024-05-19,MLP,0.9,24.8,20.86250905825296,16.056959605260673,25.66805851124525,9.611098905984576,True
2024-05-20,MLP,0.9,21.4,20.97112646693163,16.16557701393934,25.776675919923917,9.611098905984576,True
2024-05-21,MLP,0.9,21.5,20.40051042677932,15.594960973787032,25.206059879771608,9.611098905984576,True
2024-05-22,MLP,0.9,19.7,21.71268757118948,16.907138118197192,26.51823702418177,9.611098905984576,True
2024-05-23,MLP,0.9,23.4,20.059038091153703,15.253488638161414,24.86458754414599,9.611098905984576,True
2024-05-24,MLP,0.9,19.6,22.79197304159159,17.9864235885993,27.597522494583878,9.611098905984576,True
2024-05-25,MLP,0.9,20.4,20.71148639713396,15.905936944141672,25.51703585012625,9.611098905984576,True
2024-05-26,MLP,0.9,22.0,21.102532075351853,16.296982622359565,25.90808152834414,9.611098905984576,True
2024-05-27,MLP,0.9,27.2,20.665342469272975,15.859793016280687,25.470891922265263,9.611098905984576,False
2024-05-28,MLP,0.9,32.5,22.948866954440895,18.143317501448607,27.754416407433183,9.611098905984576,False
2024-05-29,MLP,0.9,17.2,25.37834012710404,20.57279067411175,30.183889580096327,9.611098905984576,False
2024-05-30,MLP,0.9,17.3,18.0814310064138,13.275881553421513,22.88698045940609,9.611098905984576,True
2024-05-31,MLP,0.9,18.7,18.235041661073804,13.429492208081516,23.040591114066093,9.611098905984576,True
2024-06-01,MLP,0.9,18.4,19.979424709214086,15.173875256221798,24.784974162206375,9.611098905984576,True
2024-06-02,MLP,0.9,15.1,19.38174373324721,14.57619428025492,24.187293186239497,9.611098905984576,True
2024-06-03,MLP,0.9,19.3,16.248977695714984,11.443428242722696,21.054527148707272,9.611098905984576,True
2024-06-04,MLP,0.9,17.5,16.60796587006181,11.802416417069523,21.4135153230541,9.611098905984576,True
2024-06-05,MLP,0.9,17.2,15.564097577420114,10.758548124427826,20.369647030412402,9.611098905984576,True
2024-06-06,MLP,0.9,17.1,15.369531376711468,10.56398192371918,20.175080829703756,9.611098905984576,True
2024-06-07,MLP,0.9,17.8,18.743814053996402,13.938264601004114,23.54936350698869,9.611098905984576,True
2024-06-08,MLP,0.9,17.2,19.355648925974346,14.550099472982058,24.161198378966635,9.611098905984576,True
2024-06-09,MLP,0.9,25.5,17.53985610331587,12.734306650323582,22.345405556308158,9.611098905984576,False
2024-06-10,MLP,0.9,24.3,23.222302193069268,18.41675274007698,28.027851646061556,9.611098905984576,True
2024-06-11,MLP,0.9,19.2,18.39699288041912,13.591443427426832,23.202542333411408,9.611098905984576,True
2024-06-12,MLP,0.9,18.9,19.881709966204703,15.076160513212415,24.68725941919699,9.611098905984576,True
2024-06-13,MLP,0.9,19.6,18.73789907787485,13.932349624882562,23.54344853086714,9.611098905984576,True
2024-06-14,MLP,0.9,20.6,20.540606913276413,15.735057460284125,25.3461563662687,9.611098905984576,True
2024-06-15,MLP,0.9,22.2,19.769942409271508,14.96439295627922,24.575491862263796,9.611098905984576,True
2024-06-16,MLP,0.9,20.1,20.959004131979984,16.153454678987696,25.764553584972273,9.611098905984576,True
2024-06-17,MLP,0.9,18.3,20.28487985238129,15.479330399389003,25.09042930537358,9.611098905984576,True
2024-06-18,MLP,0.9,16.6,15.988343439476534,11.182793986484246,20.793892892468822,9.611098905984576,True
2024-06-19,MLP,0.9,17.0,16.856643042373133,12.051093589380844,21.66219249536542,9.611098905984576,True
2024-06-20,MLP,0.9,18.1,17.956934636635125,13.151385183642837,22.762484089627414,9.611098905984576,True
2024-06-21,MLP,0.9,19.2,15.663782243403963,10.858232790411675,20.469331696396253,9.611098905984578,True
2024-06-22,MLP,0.9,20.8,17.283653016760123,12.478103563767835,22.08920246975241,9.611098905984576,True
2024-06-23,MLP,0.9,17.8,18.723374718854004,13.917825265861715,23.528924171846292,9.611098905984576,True
2024-06-24,MLP,0.9,17.7,19.20031381242942,14.394764359437133,24.00586326542171,9.611098905984576,True
2024-06-25,MLP,0.9,20.2,18.47386309841405,13.668313645421762,23.279412551406338,9.611098905984576,True
2024-06-26,MLP,0.9,25.1,19.37987714154037,14.574327688548081,24.185426594532657,9.611098905984576,False
2024-06-27,MLP,0.9,26.6,22.808748729519692,18.003199276527404,27.61429818251198,9.611098905984576,True
2024-06-28,MLP,0.9,21.4,23.536462005246086,18.7309125522538,28.342011458238375,9.611098905984576,True
2024-06-29,MLP,0.9,19.6,20.00287244823538,15.197322995243091,24.808421901227668,9.611098905984576,True
2024-06-30,MLP,0.9,17.0,20.6383647570344,15.83281530404211,25.443914210026687,9.611098905984576,True
2024-07-01,MLP,0.9,17.0,17.76257366836932,12.957024215377032,22.56812312136161,9.611098905984576,True
2024-07-02,MLP,0.9,15.5,17.31535168253236,12.509802229540071,22.120901135524647,9.611098905984576,True
2024-07-03,MLP,0.9,16.5,14.215912189482491,9.410362736490203,19.02146164247478,9.611098905984576,True
2024-07-04,MLP,0.9,17.0,14.879798829366349,10.07424937637406,19.68534828235864,9.611098905984578,True
2024-07-05,MLP,0.9,21.8,18.66060129300115,13.855051840008862,23.46615074599344,9.611098905984576,True
2024-07-06,MLP,0.9,14.6,20.643370754514024,15.837821301521736,25.448920207506312,9.611098905984576,False
2024-07-07,MLP,0.9,13.1,13.84397686079863,9.038427407806342,18.64952631379092,9.611098905984576,True
2024-07-08,MLP,0.9,15.4,15.35951942772687,10.553969974734581,20.165068880719158,9.611098905984576,True
2024-07-09,MLP,0.9,17.0,14.44410716103145,9.638557708039162,19.24965661402374,9.611098905984576,True
2024-07-10,MLP,0.9,17.2,15.472051324453988,10.6665018714617,20.277600777446274,9.611098905984575,True
2024-07-11,MLP,0.9,15.1,14.824263142034464,10.018713689042176,19.629812595026753,9.611098905984576,True
2024-07-12,MLP,0.9,13.4,16.12384848006507,11.318299027072783,20.92939793305736,9.611098905984576,True
2024-07-13,MLP,0.9,15.1,13.163776089887936,8.358226636895647,17.969325542880224,9.611098905984576,True
2024-07-14,MLP,0.9,16.3,15.366875602224297,10.56132614923201,20.172425055216586,9.611098905984576,True
2024-07-15,MLP,0.9,15.4,16.294851343487053,11.489301890494765,21.10040079647934,9.611098905984576,True
2024-07-16,MLP,0.9,14.9,14.869318290996421,10.063768838004133,19.67486774398871,9.611098905984576,True
2024-07-17,MLP,0.9,15.2,16.424837334358543,11.619287881366255,21.23038678735083,9.611098905984576,True
2024-07-18,MLP,0.9,16.1,14.572304125420139,9.766754672427851,19.377853578412427,9.611098905984576,True
2024-07-19,MLP,0.9,14.5,14.673468303826755,9.867918850834467,19.479017756819044,9.611098905984576,True
2024-07-20,MLP,0.9,14.2,15.784357245646715,10.978807792654427,20.589906698639005,9.611098905984578,True
2024-07-21,MLP,0.9,16.0,15.290560568888111,10.485011115895823,20.0961100218804,9.611098905984576,True
2024-07-22,MLP,0.9,15.4,16.796504083300746,11.990954630308458,21.602053536293035,9.611098905984576,True
2024-07-23,MLP,0.9,15.1,16.415224797994806,11.609675345002518,21.220774250987095,9.611098905984576,True
2024-07-24,MLP,0.9,18.7,15.980360243811951,11.174810790819663,20.78590969680424,9.611098905984576,True
2024-07-25,MLP,0.9,16.9,17.939279731520216,13.133730278527928,22.744829184512504,9.611098905984576,True
2024-07-26,MLP,0.9,14.4,15.487039452042989,10.6814899990507,20.292588905035277,9.611098905984576,True
2024-07-27,MLP,0.9,13.4,14.96946119109995,10.163911738107663,19.77501064409224,9.611098905984578,True
2024-07-28,MLP,0.9,14.4,13.753804537432488,8.9482550844402,18.559353990424775,9.611098905984575,True
2024-07-29,MLP,0.9,13.9,14.34201154767017,9.536462094677882,19.147561000662456,9.611098905984575,True
2024-07-30,MLP,0.9,14.0,15.505064687864905,10.699515234872617,20.310614140857194,9.611098905984576,True
2024-07-31,MLP,0.9,15.6,15.361575341208512,10.556025888216224,20.167124794200802,9.611098905984578,True
2024-08-01,MLP,0.9,15.4,16.14453881444651,11.338989361454221,20.950088267438797,9.611098905984576,True
2024-08-02,MLP,0.9,20.0,16.455965107700578,11.65041565470829,21.261514560692866,9.611098905984576,True
2024-08-03,MLP,0.9,13.8,17.579052807278142,12.773503354285854,22.38460226027043,9.611098905984576,True
2024-08-04,MLP,0.9,14.9,14.234451172906589,9.4289017199143,19.040000625898877,9.611098905984576,True
2024-08-05,MLP,0.9,18.3,16.484004570271605,11.678455117279317,21.289554023263893,9.611098905984576,True
2024-08-06,MLP,0.9,17.0,17.859628627741678,13.05407917474939,22.665178080733966,9.611098905984576,True
2024-08-07,MLP,0.9,14.4,16.686246963338967,11.880697510346678,21.491796416331255,9.611098905984576,True
2024-08-08,MLP,0.9,16.0,14.719766493397879,9.91421704040559,19.525315946390165,9.611098905984575,True
2024-08-09,MLP,0.9,17.0,16.62392850828935,11.818379055297061,21.429477961281638,9.611098905984576,True
2024-08-10,MLP,0.9,16.5,15.144339173371534,10.338789720379246,19.949888626363823,9.611098905984576,True
2024-08-11,MLP,0.9,16.8,16.635191723384487,11.829642270392199,21.440741176376775,9.611098905984576,True
2024-08-12,MLP,0.9,16.4,16.578025174370744,11.772475721378456,21.383574627363032,9.611098905984576,True
2024-08-13,MLP,0.9,13.9,15.060544476865392,10.254995023873104,19.86609392985768,9.611098905984576,True
2024-08-14,MLP,0.9,18.4,16.518153520380785,11.712604067388497,21.323702973373074,9.611098905984576,True
2024-08-15,MLP,0.9,17.4,17.238632030695353,12.433082577703065,22.04418148368764,9.611098905984576,True
2024-08-16,MLP,0.9,15.4,17.19775888940826,12.392209436415971,22.003308342400548,9.611098905984576,True
2024-08-17,MLP,0.9,18.0,16.6911898168779,11.88564036388561,21.496739269870186,9.611098905984576,True
2024-08-18,MLP,0.9,21.1,18.011610373457152,13.206060920464864,22.81715982644944,9.611098905984576,True
2024-08-19,MLP,0.9,19.9,18.668242474427462,13.862693021435174,23.47379192741975,9.611098905984576,True
2024-08-20,MLP,0.9,14.7,17.937120885927683,13.131571432935395,22.74267033891997,9.611098905984576,True
2024-08-21,MLP,0.9,18.0,14.938817062519716,10.133267609527428,19.744366515512006,9.611098905984578,True
2024-08-22,MLP,0.9,24.5,17.477825765074304,12.672276312082015,22.283375218066592,9.611098905984576,False
2024-08-23,MLP,0.9,17.0,19.787276294085007,14.98172684109272,24.592825747077296,9.611098905984576,True
2024-08-24,MLP,0.9,17.0,16.448850704172724,11.643301251180436,21.254400157165012,9.611098905984576,True
2024-08-25,MLP,0.9,16.2,17.22851144063458,12.422961987642292,22.03406089362687,9.611098905984576,True
2024-08-26,MLP,0.9,14.1,15.61310381930275,10.807554366310463,20.41865327229504,9.611098905984576,True
2024-08-27,MLP,0.9,11.8,15.455826900405167,10.65027744741288,20.261376353397456,9.611098905984576,True
2024-08-28,MLP,0.9,12.9,14.221608958686641,9.416059505694353,19.02715841167893,9.611098905984576,True
2024-08-29,MLP,0.9,17.2,17.53958896683291,12.73403951384062,22.345138419825197,9.611098905984576,True
2024-08-30,MLP,0.9,25.0,19.679846052845917,14.87429659985363,24.485395505838206,9.611098905984576,False
2024-08-31,MLP,0.9,19.1,20.398569366948994,15.593019913956706,25.204118819941282,9.611098905984576,True
2024-09-01,MLP,0.9,29.4,18.10293778420982,13.297388331217533,22.90848723720211,9.611098905984576,False
2024-09-02,MLP,0.9,20.2,23.117455903732818,18.31190645074053,27.923005356725106,9.611098905984576,True
2024-09-03,MLP,0.9,17.5,18.14819053203159,13.342641079039304,22.95373998502388,9.611098905984576,True
2024-09-04,MLP,0.9,14.6,17.910379993969237,13.104830540976948,22.715929446961525,9.611098905984576,True
2024-09-05,MLP,0.9,16.6,16.430338846452845,11.624789393460556,21.235888299445133,9.611098905984576,True
2024-09-06,MLP,0.9,15.8,17.31748643043245,12.511936977440161,22.123035883424738,9.611098905984576,True
2024-09-07,MLP,0.9,14.6,17.391454198801657,12.58590474580937,22.197003651793946,9.611098905984576,True
2024-09-08,MLP,0.9,19.0,16.78311875834163,11.977569305349341,21.588668211333918,9.611098905984576,True
2024-09-09,MLP,0.9,20.8,18.6222567550495,13.81670730205721,23.427806208041787,9.611098905984576,True
2024-09-10,MLP,0.9,23.8,19.591437819639257,14.785888366646969,24.396987272631545,9.611098905984576,True
2024-09-11,MLP,0.9,19.6,20.261273000680283,15.455723547687995,25.06682245367257,9.611098905984576,True
2024-09-12,MLP,0.9,17.8,18.205273064710163,13.399723611717874,23.01082251770245,9.611098905984576,True
2024-09-13,MLP,0.9,19.5,17.87105633058543,13.06550687759314,22.676605783577717,9.611098905984576,True
2024-09-14,MLP,0.9,18.0,19.236752271560107,14.431202818567819,24.042301724552395,9.611098905984576,True
2024-09-15,MLP,0.9,17.3,18.741417358271086,13.935867905278798,23.546966811263374,9.611098905984576,True
2024-09-16,MLP,0.9,16.6,18.31511758554074,13.509568132548452,23.12066703853303,9.611098905984576,True
2024-09-17,MLP,0.9,15.9,17.847585836655558,13.04203638366327,22.653135289647846,9.611098905984576,True
2024-09-18,MLP,0.9,15.9,16.193182377323712,11.387632924331424,20.998731830316,9.611098905984576,True
2024-09-19,MLP,0.9,20.0,17.62863296851675,12.823083515524463,22.43418242150904,9.611098905984576,True
2024-09-20,MLP,0.9,22.5,19.56131586164172,14.755766408649432,24.36686531463401,9.611098905984576,True
2024-09-21,MLP,0.9,26.0,20.382485598813247,15.576936145820959,25.188035051805535,9.611098905984576,False
2024-09-22,MLP,0.9,26.1,22.450584270396917,17.64503481740463,27.256133723389205,9.611098905984576,True
2024-09-23,MLP,0.9,20.9,21.9945020894714,17.18895263647911,26.800051542463688,9.611098905984576,True
2024-09-24,MLP,0.9,17.4,19.441650157321746,14.636100704329458,24.247199610314034,9.611098905984576,True
2024-09-25,MLP,0.9,19.8,18.513779480911953,13.708230027919665,23.31932893390424,9.611098905984576,True
2024-09-26,MLP,0.9,17.5,20.267953969773373,15.462404516781085,25.07350342276566,9.611098905984576,True
2024-09-27,MLP,0.9,17.1,19.267324917783448,14.46177546479116,24.072874370775736,9.611098905984576,True
2024-09-28,MLP,0.9,14.6,16.183006025469556,11.377456572477268,20.988555478461844,9.611098905984576,True
2024-09-29,MLP,0.9,14.4,16.29365872992091,11.488109276928622,21.0992081829132,9.611098905984576,True
2024-09-30,MLP,0.9,15.1,15.434377259876694,10.628827806884406,20.239926712868982,9.611098905984576,True
2024-10-01,MLP,0.9,22.9,19.036517675041402,14.230968222049114,23.84206712803369,9.611098905984576,True
2024-10-02,MLP,0.9,28.8,22.070079911082477,17.26453045809019,26.875629364074765,9.611098905984576,False
2024-10-03,MLP,0.9,28.7,24.556042358274368,19.75049290528208,29.361591811266656,9.611098905984576,True
2024-10-04,MLP,0.9,26.6,25.123759115520045,20.318209662527757,29.929308568512333,9.611098905984576,True
2024-10-05,MLP,0.9,26.3,24.297115305372856,19.491565852380567,29.102664758365144,9.611098905984576,True
2024-10-06,MLP,0.9,30.8,22.81246350901415,18.006914056021863,27.61801296200644,9.611098905984576,False
2024-10-07,MLP,0.9,24.0,25.14764426238029,20.342094809388,29.953193715372578,9.611098905984576,True
2024-10-08,MLP,0.9,22.3,21.231033705219197,16.42548425222691,26.036583158211485,9.611098905984576,True
2024-10-09,MLP,0.9,19.6,22.19212946028903,17.386580007296743,26.99767891328132,9.611098905984576,True
2024-10-10,MLP,0.9,20.9,21.25014051749293,16.444591064500642,26.05568997048522,9.611098905984576,True
2024-10-11,MLP,0.9,22.1,21.330682250055577,16.52513279706329,26.136231703047866,9.611098905984576,True
2024-10-12,MLP,0.9,21.7,21.489119231671424,16.683569778679136,26.294668684663712,9.611098905984576,True
2024-10-13,MLP,0.9,19.5,22.15363447980968,17.34808502681739,26.959183932801967,9.611098905984576,True
2024-10-14,MLP,0.9,28.6,20.94994573828655,16.144396285294263,25.75549519127884,9.611098905984576,False
2024-10-15,MLP,0.9,29.5,24.689269240211843,19.883719787219555,29.49481869320413,9.611098905984576,False
2024-10-16,MLP,0.9,22.0,24.86713802683568,20.06158857384339,29.672687479827967,9.611098905984576,True
2024-10-17,MLP,0.9,19.7,21.22876865854694,16.423219205554652,26.03431811153923,9.611098905984576,True
2024-10-18,MLP,0.9,18.3,21.5012412482157,16.69569179522341,26.306790701207987,9.611098905984576,True
2024-10-19,MLP,0.9,21.3,20.999960091072918,16.19441063808063,25.805509544065206,9.611098905984576,True
2024-10-20,MLP,0.9,25.8,22.589355031215355,17.783805578223067,27.394904484207643,9.611098905984576,True
2024-10-21,MLP,0.9,27.5,24.193786638032158,19.38823718503987,28.999336091024446,9.611098905984576,True
2024-10-22,MLP,0.9,29.6,25.382103127294165,20.576553674301877,30.187652580286453,9.611098905984576,True
2024-10-23,MLP,0.9,20.8,26.494082053264457,21.68853260027217,31.299631506256745,9.611098905984576,False
2024-10-24,MLP,0.9,20.7,22.584770738705586,17.779221285713298,27.390320191697874,9.611098905984576,True
2024-10-25,MLP,0.9,27.5,22.091882769683593,17.286333316691305,26.89743222267588,9.611098905984576,False
2024-10-26,MLP,0.9,18.4,25.064803521237565,20.259254068245276,29.870352974229853,9.611098905984576,False
2024-10-27,MLP,0.9,20.2,17.662240579011108,12.85669112601882,22.467790032003396,9.611098905984576,True
2024-10-28,MLP,0.9,20.2,19.252514043727974,14.446964590735686,24.058063496720262,9.611098905984576,True
2024-10-29,MLP,0.9,23.0,21.903407494759488,17.0978580417672,26.708956947751776,9.611098905984576,True
2024-10-30,MLP,0.9,25.6,22.969304874152314,18.163755421160026,27.774854327144602,9.611098905984576,True
2024-10-31,MLP,0.9,25.3,23.986378067771312,19.180828614779024,28.7919275207636,9.611098905984576,True
2024-11-01,MLP,0.9,23.9,23.15863459942664,18.353085146434353,27.96418405241893,9.611098905984576,True
2024-11-02,MLP,0.9,21.8,23.497647669092146,18.692098216099858,28.303197122084434,9.611098905984576,True
2024-11-03,MLP,0.9,15.4,22.330844147240647,17.52529469424836,27.136393600232935,9.611098905984576,False
2024-11-04,MLP,0.9,19.8,16.32054636778059,11.514996914788302,21.12609582077288,9.611098905984576,True
2024-11-05,MLP,0.9,24.1,22.1266484484101,17.321098995417813,26.93219790140239,9.611098905984576,True
2024-11-06,MLP,0.9,30.0,24.86271352854076,20.05716407554847,29.668262981533047,9.611098905984576,False
2024-11-07,MLP,0.9,25.0,27.596727869830858,22.79117841683857,32.402277322823146,9.611098905984576,True
2024-11-08,MLP,0.9,26.1,23.245369847537006,18.439820394544718,28.050919300529294,9.611098905984576,True
2024-11-09,MLP,0.9,23.0,25.162071840139276,20.35652238714699,29.967621293131565,9.611098905984576,True
2024-11-10,MLP,0.9,26.9,22.781009088349172,17.975459635356884,27.58655854134146,9.611098905984576,True
2024-11-11,MLP,0.9,21.3,25.575852824084325,20.770303371092037,30.381402277076614,9.611098905984576,True
2024-11-12,MLP,0.9,23.1,22.60008424814905,17.79453479515676,27.405633701141337,9.611098905984576,True
2024-11-13,MLP,0.9,27.5,23.690104416716906,18.884554963724618,28.495653869709194,9.611098905984576,True
2024-11-14,MLP,0.9,25.2,25.339279739914065,20.533730286921777,30.144829192906354,9.611098905984576,True
2024-11-15,MLP,0.9,21.5,23.008649129955593,18.203099676963305,27.81419858294788,9.611098905984576,True
2024-11-16,MLP,0.9,27.4,22.864739787400104,18.059190334407816,27.670289240392393,9.611098905984576,True
2024-11-17,MLP,0.9,22.5,25.10601881112779,20.3004693581355,29.911568264120078,9.611098905984576,True
2024-11-18,MLP,0.9,24.9,22.382784521999252,17.577235069006964,27.18833397499154,9.611098905984576,True
2024-11-19,MLP,0.9,25.7,24.79426699506402,19.988717542071733,29.59981644805631,9.611098905984576,True
2024-11-20,MLP,0.9,24.9,23.429282999331445,18.623733546339157,28.234832452323733,9.611098905984576,True
2024-11-21,MLP,0.9,24.1,24.544862368087774,19.739312915095486,29.350411821080062,9.611098905984576,True
2024-11-22,MLP,0.9,24.9,23.860929198599074,19.055379745606785,28.666478651591362,9.611098905984576,True
2024-11-23,MLP,0.9,28.5,24.523637546807226,19.718088093814938,29.329186999799514,9.611098905984576,True
2024-11-24,MLP,0.9,23.8,24.49110613061673,19.68555667762444,29.296655583609017,9.611098905984576,True
2024-11-25,MLP,0.9,19.5,22.20957780309876,17.404028350106472,27.01512725609105,9.611098905984576,True
2024-11-26,MLP,0.9,20.5,20.32109510699319,15.515545654000903,25.12664455998548,9.611098905984576,True
2024-11-27,MLP,0.9,24.5,22.147595951334097,17.34204649834181,26.953145404326385,9.611098905984576,True
2024-11-28,MLP,0.9,27.5,25.068678952521232,20.263129499528944,29.87422840551352,9.611098905984576,True
2024-11-29,MLP,0.9,23.3,25.42081786383578,20.61526841084349,30.226367316828068,9.611098905984576,True
2024-11-30,MLP,0.9,23.2,23.28202272531739,18.4764732723251,28.087572178309678,9.611098905984576,True
2024-12-01,MLP,0.9,27.8,24.49206388217123,19.686514429178942,29.29761333516352,9.611098905984576,True
2024-12-02,MLP,0.9,25.5,26.24598360156404,21.44043414857175,31.051533054556327,9.611098905984576,True
2024-12-03,MLP,0.9,27.0,24.238626234817563,19.433076781825275,29.04417568780985,9.611098905984576,True
2024-12-04,MLP,0.9,23.7,25.743263816058192,20.937714363065904,30.54881326905048,9.611098905984576,True
2024-12-05,MLP,0.9,20.9,23.754626934429712,18.949077481437424,28.560176387422,9.611098905984576,True
2024-12-06,MLP,0.9,24.8,22.79124256031618,17.985693107323893,27.59679201330847,9.611098905984576,True
2024-12-07,MLP,0.9,23.5,25.985143653810063,21.179594200817775,30.79069310680235,9.611098905984576,True
2024-12-08,MLP,0.9,29.6,24.247371473513812,19.441822020521524,29.0529209265061,9.611098905984576,False
2024-12-09,MLP,0.9,27.2,26.755959559902657,21.95041010691037,31.561509012894945,9.611098905984576,True
2024-12-10,MLP,0.9,26.5,25.475528531551248,20.66997907855896,30.281077984543536,9.611098905984576,True
2024-12-11,MLP,0.9,25.0,25.72240480556302,20.91685535257073,30.527954258555308,9.611098905984576,True
2024-12-12,MLP,0.9,22.3,24.434001708392287,19.6284522554,29.239551161384576,9.611098905984576,True
2024-12-13,MLP,0.9,24.6,23.603514490229607,18.79796503723732,28.409063943221895,9.611098905984576,True
2024-12-14,MLP,0.9,20.4,24.889366079823205,20.083816626830917,29.694915532815493,9.611098905984576,True
2024-12-15,MLP,0.9,22.6,21.501896598452024,16.696347145459736,26.307446051444312,9.611098905984576,True
2024-12-16,MLP,0.9,22.8,23.78003914089833,18.974489687906043,28.58558859389062,9.611098905984576,True
2024-12-17,MLP,0.9,23.2,24.25762057696612,19.45207112397383,29.063170029958407,9.611098905984576,True
2024-12-18,MLP,0.9,25.8,25.015238407272562,20.209688954280274,29.82078786026485,9.611098905984576,True
2024-12-19,MLP,0.9,25.0,25.829737505917805,21.024188052925517,30.635286958910093,9.611098905984576,True
2024-12-20,MLP,0.9,26.0,25.61691876667943,20.81136931368714,30.422468219671718,9.611098905984576,True
2024-12-21,MLP,0.9,26.5,26.643664895030305,21.838115442038017,31.449214348022593,9.611098905984576,True
2024-12-22,MLP,0.9,22.9,25.846401755776817,21.04085230278453,30.651951208769106,9.611098905984576,True
2024-12-23,MLP,0.9,28.2,24.696186566039298,19.89063711304701,29.501736019031586,9.611098905984576,True
2024-12-24,MLP,0.9,33.6,28.589160781852186,23.783611328859898,33.394710234844474,9.611098905984576,False
2024-12-25,MLP,0.9,35.6,30.25699445540396,25.45144500241167,35.06254390839625,9.61109890598458,False
2024-12-26,MLP,0.9,26.1,30.68437705791189,25.878827604919604,35.48992651090418,9.61109890598458,True
2024-12-27,MLP,0.9,27.9,24.941465884930093,20.135916431937805,29.74701533792238,9.611098905984576,True
2024-12-28,MLP,0.9,27.2,28.790959953002265,23.985410500009976,33.59650940599455,9.611098905984576,True
2024-12-29,MLP,0.9,26.9,25.640376596508897,20.83482714351661,30.445926049501185,9.611098905984576,True
2024-12-30,MLP,0.9,25.6,25.47502282282023,20.66947336982794,30.280572275812517,9.611098905984576,True
2024-12-31,MLP,0.9,25.7,25.981248579804976,21.175699126812688,30.786798032797265,9.611098905984576,True
2025-01-01,MLP,0.9,23.6,26.721947302682384,21.916397849690096,31.527496755674672,9.611098905984576,True
2025-01-02,MLP,0.9,26.0,26.440030298574754,21.634480845582466,31.245579751567043,9.611098905984576,True
2025-01-03,MLP,0.9,29.0,27.59399293073023,22.788443477737943,32.39954238372252,9.611098905984576,True
2025-01-04,MLP,0.9,22.4,27.78850590473944,22.982956451747153,32.59405535773173,9.61109890598458,False
2025-01-05,MLP,0.9,22.8,24.79622232017319,19.9906728671809,29.601771773165478,9.611098905984576,True
2025-01-06,MLP,0.9,24.8,26.380398142941445,21.574848689949157,31.185947595933733,9.611098905984576,True
2025-01-07,MLP,0.9,24.9,26.691939168130396,21.886389715138108,31.497488621122685,9.611098905984576,True
2025-01-08,MLP,0.9,26.0,27.017517735275337,22.21196828228305,31.823067188267625,9.611098905984576,True
2025-01-09,MLP,0.9,24.0,27.788429229448525,22.982879776456237,32.59397868244081,9.611098905984576,True
2025-01-10,MLP,0.9,26.4,26.186928666898787,21.3813792139065,30.992478119891075,9.611098905984576,True
2025-01-11,MLP,0.9,25.3,27.77102303983431,22.965473586842023,32.5765724928266,9.611098905984576,True
2025-01-12,MLP,0.9,31.1,27.03475591603157,22.229206463039283,31.84030536902386,9.611098905984576,True
2025-01-13,MLP,0.9,24.5,29.027008329051128,24.22145887605884,33.832557782043416,9.611098905984576,True
2025-01-14,MLP,0.9,21.2,23.30690332091799,18.5013538679257,28.112452773910277,9.611098905984576,True
2025-01-15,MLP,0.9,25.4,24.46376884234635,19.658219389354063,29.26931829533864,9.611098905984576,True
2025-01-16,MLP,0.9,29.0,26.960322461049856,22.154773008057568,31.765871914042144,9.611098905984576,True
2025-01-17,MLP,0.9,23.9,27.564243544305363,22.758694091313075,32.36979299729765,9.611098905984576,True
2025-01-18,MLP,0.9,25.6,25.663970335323686,20.858420882331398,30.469519788315974,9.611098905984576,True
2025-01-19,MLP,0.9,24.1,27.84304092246325,23.03749146947096,32.64859037545554,9.61109890598458,True
2025-01-20,MLP,0.9,34.7,26.46306363934019,21.657514186347903,31.26861309233248,9.611098905984576,False
2025-01-21,MLP,0.9,35.8,31.51987598986628,26.71432653687399,36.32542544285857,9.611098905984576,True
2025-01-22,MLP,0.9,28.8,30.933436351608844,26.127886898616556,35.73898580460113,9.611098905984573,True
2025-01-23,MLP,0.9,28.5,27.2722159842181,22.466666531225812,32.07776543721039,9.611098905984576,True
2025-01-24,MLP,0.9,30.5,28.794079826143204,23.988530373150915,33.59962927913549,9.611098905984576,True
2025-01-25,MLP,0.9,26.5,28.773402578736846,23.967853125744558,33.57895203172913,9.611098905984573,True
2025-01-26,MLP,0.9,27.5,27.288191997833586,22.482642544841298,32.093741450825874,9.611098905984576,True
2025-01-27,MLP,0.9,35.8,28.764768316598506,23.959218863606218,33.570317769590794,9.611098905984576,False
2025-01-28,MLP,0.9,31.4,33.094628062576504,28.289078609584216,37.90017751556879,9.611098905984576,True
2025-01-29,MLP,0.9,25.8,28.525203978752543,23.719654525760255,33.33075343174483,9.611098905984576,True
2025-01-30,MLP,0.9,24.0,26.748257380417744,21.942707927425456,31.553806833410032,9.611098905984576,True
2025-01-31,MLP,0.9,24.9,26.4093070519435,21.603757598951212,31.21485650493579,9.611098905984576,True
2025-02-01,MLP,0.9,25.5,26.907110215374995,22.101560762382707,31.712659668367284,9.611098905984576,True
2025-02-02,MLP,0.9,25.2,26.63596488191185,21.83041542891956,31.441514334904138,9.611098905984576,True
2025-02-03,MLP,0.9,25.1,26.456274913248947,21.65072546025666,31.261824366241235,9.611098905984576,True
2025-02-04,MLP,0.9,21.1,26.505037586516156,21.699488133523868,31.310587039508444,9.611098905984576,False
2025-02-05,MLP,0.9,27.4,24.086812763325327,19.28126331033304,28.892362216317615,9.611098905984576,True
2025-02-06,MLP,0.9,36.2,29.01532240061116,24.209772947618873,33.82087185360345,9.611098905984576,False
2025-02-07,MLP,0.9,26.8,30.88446498826238,26.07891553527009,35.69001444125467,9.611098905984576,True
2025-02-08,MLP,0.9,23.5,26.326682035774002,21.521132582781714,31.13223148876629,9.611098905984576,True
2025-02-09,MLP,0.9,27.5,26.950284308210605,22.144734855218317,31.755833761202894,9.611098905984576,True
2025-02-10,MLP,0.9,30.7,28.17531228780245,23.36976283481016,32.98086174079474,9.611098905984576,True
2025-02-11,MLP,0.9,31.9,28.29199447518115,23.48644502218886,33.09754392817344,9.611098905984576,True
2025-02-12,MLP,0.9,22.4,27.346189004504435,22.540639551512147,32.15173845749672,9.611098905984573,False
2025-02-13,MLP,0.9,22.9,24.431969516657677,19.62642006366539,29.237518969649965,9.611098905984576,True
2025-02-14,MLP,0.9,26.2,27.084055756074,22.278506303081713,31.88960520906629,9.611098905984576,True
2025-02-15,MLP,0.9,25.5,27.82822148851273,23.022672035520444,32.63377094150502,9.611098905984576,True
2025-02-16,MLP,0.9,27.4,27.174793923272695,22.369244470280407,31.980343376264983,9.611098905984576,True
2025-02-17,MLP,0.9,26.3,28.134944738693598,23.32939528570131,32.940494191685886,9.611098905984576,True
2025-02-18,MLP,0.9,33.8,26.954387172650264,22.148837719657976,31.759936625642553,9.611098905984576,False
2025-02-19,MLP,0.9,34.7,32.735954598863245,27.930405145870957,37.54150405185553,9.611098905984576,True
2025-02-20,MLP,0.9,27.6,29.297453969004394,24.491904516012106,34.10300342199668,9.611098905984576,True
2025-02-21,MLP,0.9,28.8,26.05810769192614,21.25255823893385,30.863657144918427,9.611098905984576,True
2025-02-22,MLP,0.9,23.6,29.079024041740528,24.27347458874824,33.88457349473282,9.61109890598458,False
2025-02-23,MLP,0.9,25.8,25.854535064990735,21.048985611998447,30.660084517983023,9.611098905984576,True
2025-02-24,MLP,0.9,26.5,27.761598862322018,22.95604940932973,32.567148315314306,9.611098905984576,True
2025-02-25,MLP,0.9,31.7,27.45378670966928,22.648237256676993,32.25933616266157,9.611098905984576,True
2025-02-26,MLP,0.9,28.1,30.375351421587634,25.569801968595346,35.18090087457992,9.611098905984573,True
2025-02-27,MLP,0.9,28.1,27.793695227827847,22.98814577483556,32.599244680820135,9.611098905984576,True
2025-02-28,MLP,0.9,25.8,28.2223180431561,23.416768590163812,33.02786749614839,9.611098905984576,True
2025-03-01,MLP,0.9,34.5,26.229108870653327,21.42355941766104,31.034658323645615,9.611098905984576,False
2025-03-02,MLP,0.9,35.2,31.811692049403725,27.006142596411436,36.61724150239601,9.611098905984576,True
2025-03-03,MLP,0.9,26.5,29.8042287236161,24.99867927062381,34.60977817660839,9.611098905984576,True
2025-03-04,MLP,0.9,27.9,26.94669832018078,22.14114886718849,31.752247773173067,9.611098905984576,True
2025-03-05,MLP,0.9,25.3,27.595057903757667,22.78950845076538,32.40060735674996,9.61109890598458,True
2025-03-06,MLP,0.9,27.8,25.126182811782115,20.320633358789827,29.931732264774404,9.611098905984576,True
2025-03-07,MLP,0.9,31.5,28.17803315904103,23.37248370604874,32.98358261203332,9.611098905984576,True
2025-03-08,MLP,0.9,25.5,28.338130656174755,23.532581203182467,33.14368010916704,9.611098905984576,True
2025-03-09,MLP,0.9,22.5,25.05504319917913,20.249493746186843,29.86059265217142,9.611098905984576,True
2025-03-10,MLP,0.9,26.5,25.56379827402684,20.758248821034552,30.36934772701913,9.611098905984576,True
2025-03-11,MLP,0.9,28.5,27.1327615352185,22.32721208222621,31.938310988210787,9.611098905984576,True
2025-03-12,MLP,0.9,29.3,26.90630008188718,22.100750628894893,31.71184953487947,9.611098905984576,True
2025-03-13,MLP,0.9,35.9,28.082433308488646,23.276883855496358,32.887982761480934,9.611098905984576,False
2025-03-14,MLP,0.9,29.0,31.8255266052725,27.019977152280212,36.63107605826479,9.611098905984576,True
2025-03-15,MLP,0.9,26.6,27.17088852983774,22.36533907684545,31.976437982830028,9.611098905984576,True
2025-03-16,MLP,0.9,27.0,26.636030851310768,21.83048139831848,31.441580304303056,9.611098905984576,True
2025-03-17,MLP,0.9,31.6,26.718659085728937,21.91310963273665,31.524208538721226,9.611098905984576,False
2025-03-18,MLP,0.9,32.8,29.15538582870483,24.349836375712542,33.96093528169712,9.611098905984576,True
2025-03-19,MLP,0.9,29.1,27.910072512345966,23.104523059353678,32.71562196533826,9.61109890598458,True
2025-03-20,MLP,0.9,26.2,22.553771650539304,17.748222197547015,27.35932110353159,9.611098905984576,True
2025-03-21,MLP,0.9,24.6,26.302990919781855,21.497441466789567,31.108540372774144,9.611098905984576,True
2025-03-22,MLP,0.9,22.2,25.15157895345309,20.3460295004608,29.957128406445378,9.611098905984576,True
2025-03-23,MLP,0.9,23.6,23.568523402116718,18.76297394912443,28.374072855109006,9.611098905984576,True
2025-03-24,MLP,0.9,23.5,25.01837381417851,20.21282436118622,29.823923267170798,9.611098905984576,True
2025-03-25,MLP,0.9,22.5,23.6675444613091,18.86199500831681,28.473093914301387,9.611098905984576,True
2025-03-26,MLP,0.9,29.6,24.654807890642644,19.849258437650356,29.460357343634932,9.611098905984576,False
2025-03-27,MLP,0.9,30.9,27.97967120032198,23.174121747329693,32.78522065331427,9.611098905984576,True
2025-03-28,MLP,0.9,24.6,27.53166544356467,22.72611599057238,32.33721489655696,9.611098905984576,True
2025-03-29,MLP,0.9,23.1,25.225501100680468,20.41995164768818,30.031050553672756,9.611098905984576,True
2025-03-30,MLP,0.9,25.8,24.793738329710905,19.988188876718617,29.599287782703193,9.611098905984576,True
2025-03-31,MLP,0.9,22.1,24.969845413204602,20.164295960212314,29.77539486619689,9.611098905984576,True
2025-04-01,MLP,0.9,24.5,23.469841249605736,18.664291796613448,28.275390702598024,9.611098905984576,True
2025-04-02,MLP,0.9,29.9,25.2720129496657,20.466463496673413,30.07756240265799,9.611098905984576,True
2025-04-03,MLP,0.9,29.9,27.31988963083672,22.51434017784443,32.12543908382901,9.611098905984576,True
2025-04-04,MLP,0.9,31.6,27.38675866587023,22.58120921287794,32.19230811886251,9.611098905984573,True
2025-04-05,MLP,0.9,31.8,28.82877023128493,24.023220778292643,33.634319684277216,9.611098905984573,True
2025-04-06,MLP,0.9,30.9,29.411041363588406,24.60549191059612,34.21659081658069,9.611098905984573,True
2025-04-07,MLP,0.9,21.4,27.381564657622025,22.576015204629737,32.18711411061432,9.61109890598458,False
2025-04-08,MLP,0.9,22.6,19.64652969636905,14.840980243376762,24.45207914936134,9.611098905984576,True
2025-04-09,MLP,0.9,24.5,24.20251675601667,19.396967303024383,29.00806620900896,9.611098905984576,True
2025-04-10,MLP,0.9,27.7,24.247194206795164,19.441644753802876,29.052743659787453,9.611098905984576,True
2025-04-11,MLP,0.9,19.8,25.547664361513007,20.74211490852072,30.353213814505295,9.611098905984576,False
2025-04-12,MLP,0.9,19.5,20.71707640639582,15.91152695340353,25.522625859388107,9.611098905984576,True
2025-04-13,MLP,0.9,19.5,22.548200820606844,17.742651367614556,27.353750273599132,9.611098905984576,True
2025-04-14,MLP,0.9,23.4,22.460422233499457,17.65487278050717,27.265971686491746,9.611098905984576,True
2025-04-15,MLP,0.9,24.9,23.52393789640628,18.718388443413993,28.32948734939857,9.611098905984576,True
2025-04-16,MLP,0.9,27.3,24.546847060919198,19.74129760792691,29.352396513911486,9.611098905984576,True
2025-04-17,MLP,0.9,31.0,26.429334311053726,21.623784858061438,31.234883764046014,9.611098905984576,True
2025-04-18,MLP,0.9,22.6,27.423582344399144,22.618032891406855,32.22913179739143,9.611098905984576,False
2025-04-19,MLP,0.9,22.5,22.57414674048018,17.768597287487893,27.37969619347247,9.611098905984576,True
2025-04-20,MLP,0.9,21.3,23.669758556150253,18.864209103157965,28.47530800914254,9.611098905984576,True
2025-04-21,MLP,0.9,25.0,21.844066355512428,17.03851690252014,26.649615808504716,9.611098905984576,True
2025-04-22,MLP,0.9,24.3,23.48862284593286,18.68307339294057,28.294172298925147,9.611098905984576,True
2025-04-23,MLP,0.9,24.8,23.821829597784582,19.016280144792294,28.62737905077687,9.611098905984576,True
2025-04-24,MLP,0.9,24.1,24.01145140384056,19.205901950848272,28.81700085683285,9.611098905984576,True
2025-04-25,MLP,0.9,26.6,24.181587776951133,19.376038323958845,28.98713722994342,9.611098905984576,True
2025-04-26,MLP,0.9,34.3,25.84355249567604,21.03800304268375,30.649101948668328,9.611098905984576,False
2025-04-27,MLP,0.9,22.9,27.65048784116429,22.844938388172,32.45603729415657,9.611098905984573,True
2025-04-28,MLP,0.9,20.0,22.961509839689324,18.155960386697036,27.767059292681612,9.611098905984576,True
2025-04-29,MLP,0.9,19.0,23.414925510074568,18.60937605708228,28.220474963066856,9.611098905984576,True
2025-04-30,MLP,0.9,15.9,20.8719560873766,16.06640663438431,25.677505540368887,9.611098905984576,False
2025-05-01,MLP,0.9,16.5,16.313426726493226,11.507877273500938,21.118976179485514,9.611098905984576,True
2025-05-02,MLP,0.9,19.6,18.814610788330242,14.009061335337954,23.62016024132253,9.611098905984576,True
2025-05-03,MLP,0.9,25.0,20.330359872391845,15.524810419399557,25.135909325384134,9.611098905984576,True
2025-05-04,MLP,0.9,21.1,22.518683593218384,17.713134140226096,27.324233046210672,9.611098905984576,True
2025-05-05,MLP,0.9,20.5,20.831900915428925,16.026351462436637,25.637450368421213,9.611098905984576,True
2025-05-06,MLP,0.9,19.8,21.934928330980366,17.129378877988078,26.740477783972654,9.611098905984576,True
2025-05-07,MLP,0.9,19.8,21.443522230353057,16.63797277736077,26.249071683345345,9.611098905984576,True
2025-05-08,MLP,0.9,20.6,20.69505238765756,15.889502934665273,25.50060184064985,9.611098905984576,True
2025-05-09,MLP,0.9,17.8,21.019417660760965,16.213868207768677,25.824967113753253,9.611098905984576,True
2025-05-10,MLP,0.9,18.0,16.61649286804323,11.810943415050943,21.42204232103552,9.611098905984576,True
2025-05-11,MLP,0.9,20.1,18.50282417584066,13.697274722848373,23.30837362883295,9.611098905984576,True
2025-05-12,MLP,0.9,21.0,20.158888612293048,15.35333915930076,24.964438065285336,9.611098905984576,True
2025-05-13,MLP,0.9,21.5,21.059127951983715,16.253578498991427,25.864677404976003,9.611098905984576,True
2025-05-14,MLP,0.9,23.6,21.104213541258606,16.298664088266317,25.909762994250894,9.611098905984576,True
2025-05-15,MLP,0.9,26.7,22.81673300714456,18.01118355415227,27.622282460136848,9.611098905984576,True
2025-05-16,MLP,0.9,23.2,23.487008230143246,18.681458777150958,28.292557683135534,9.611098905984576,True
2025-05-17,MLP,0.9,24.6,21.82293285715337,17.01738340416108,26.628482310145657,9.611098905984576,True
2025-05-18,MLP,0.9,19.9,21.269487769954978,16.46393831696269,26.075037222947266,9.611098905984576,True
2025-05-19,MLP,0.9,15.3,19.56918861778102,14.763639164788732,24.374738070773308,9.611098905984576,True
2025-05-20,MLP,0.9,16.4,16.036277458728488,11.2307280057362,20.841826911720776,9.611098905984576,True
2025-05-21,MLP,0.9,19.2,18.477705059876115,13.672155606883827,23.283254512868403,9.611098905984576,True
2025-05-22,MLP,0.9,18.9,19.228866660010013,14.423317207017725,24.0344161130023,9.611098905984576,True
2025-05-23,MLP,0.9,26.5,19.369906927245033,14.564357474252745,24.17545638023732,9.611098905984576,False
2025-05-24,MLP,0.9,21.4,23.280603310470795,18.475053857478507,28.086152763463083,9.611098905984576,True
2025-05-25,MLP,0.9,16.7,20.164319692407126,15.358770239414838,24.969869145399414,9.611098905984576,True
2025-05-26,MLP,0.9,20.1,17.83726174845396,13.031712295461674,22.64281120144625,9.611098905984576,True
2025-05-27,MLP,0.9,18.5,20.66595126503489,15.860401812042603,25.47150071802718,9.611098905984576,True
2025-05-28,MLP,0.9,18.4,17.024074132021568,12.21852467902928,21.829623585013856,9.611098905984576,True
2025-05-29,MLP,0.9,18.0,17.347229179664808,12.54167972667252,22.152778632657096,9.611098905984576,True
2025-05-30,MLP,0.9,18.2,18.259167281960565,13.453617828968277,23.064716734952853,9.611098905984576,True
2025-05-31,MLP,0.9,18.6,18.184083812443884,13.378534359451596,22.989633265436172,9.611098905984576,True
2025-06-01,MLP,0.9,17.5,18.448562359567447,13.643012906575159,23.254111812559735,9.611098905984576,True
2025-06-02,MLP,0.9,15.7,19.03127546078852,14.225726007796233,23.83682491378081,9.611098905984576,True
2025-06-03,MLP,0.9,17.7,15.818870016868448,11.01332056387616,20.624419469860737,9.611098905984576,True
2025-06-04,MLP,0.9,18.6,18.76769512785538,13.962145674863091,23.573244580847668,9.611098905984576,True
2025-06-05,MLP,0.9,16.6,19.996967855273436,15.191418402281148,24.802517308265724,9.611098905984576,True
2025-06-06,MLP,0.9,14.8,17.893360423227584,13.087810970235296,22.698909876219872,9.611098905984576,True
2025-06-07,MLP,0.9,13.9,16.063206885018033,11.257657432025745,20.86875633801032,9.611098905984576,True
2025-06-08,MLP,0.9,15.5,13.888185768390738,9.08263631539845,18.693735221383026,9.611098905984576,True
2025-06-09,MLP,0.9,16.4,16.74454388979909,11.938994436806802,21.550093342791378,9.611098905984576,True
2025-06-10,MLP,0.9,18.0,18.215232152742598,13.40968269975031,23.020781605734886,9.611098905984576,True
2025-06-11,MLP,0.9,18.9,19.002181829162645,14.196632376170356,23.807731282154933,9.611098905984576,True
2025-06-12,MLP,0.9,22.5,18.475083092738153,13.669533639745865,23.28063254573044,9.611098905984576,True
2025-06-13,MLP,0.9,25.1,20.31299189451383,15.50744244152154,25.118541347506117,9.611098905984576,True
2025-06-14,MLP,0.9,25.0,23.20277511803841,18.397225665046122,28.0083245710307,9.611098905984576,True
2025-06-15,MLP,0.9,15.7,21.472296734810758,16.66674728181847,26.277846187803046,9.611098905984576,False
2025-06-16,MLP,0.9,15.3,17.390300305754558,12.58475085276227,22.195849758746846,9.611098905984576,True
2025-06-17,MLP,0.9,17.1,17.343353103525295,12.537803650533007,22.148902556517584,9.611098905984576,True
2025-06-18,MLP,0.9,16.0,15.334989011458998,10.52943955846671,20.140538464451286,9.611098905984576,True
2025-06-19,MLP,0.9,18.2,16.518246627674735,11.712697174682447,21.323796080667023,9.611098905984576,True
2025-06-20,MLP,0.9,19.8,16.64551067876814,11.839961225775852,21.45106013176043,9.611098905984576,True
2025-06-21,MLP,0.9,15.1,18.45976912084482,13.65421966785253,23.265318573837106,9.611098905984576,True
2025-06-22,MLP,0.9,17.2,15.26801968259765,10.462470229605362,20.07356913558994,9.611098905984576,True
2025-06-23,MLP,0.9,17.2,16.779316630434586,11.973767177442298,21.584866083426874,9.611098905984576,True
2025-06-24,MLP,0.9,13.1,17.5565491985444,12.750999745552111,22.362098651536687,9.611098905984576,True
2025-06-25,MLP,0.9,13.4,14.163540265996573,9.357990813004285,18.96908971898886,9.611098905984576,True
2025-06-26,MLP,0.9,13.2,13.120706274745316,8.315156821753028,17.926255727737605,9.611098905984576,True
2025-06-27,MLP,0.9,14.6,13.475357491357553,8.669808038365264,18.28090694434984,9.611098905984576,True
2025-06-28,MLP,0.9,18.4,13.888057873610059,9.08250842061777,18.693607326602347,9.611098905984576,True
2025-06-29,MLP,0.9,18.0,16.55979453136266,11.75424507837037,21.365343984354947,9.611098905984576,True
2025-06-30,MLP,0.9,15.9,18.55010512265608,13.744555669663793,23.35565457564837,9.611098905984576,True
2025-07-01,MLP,0.9,16.5,17.392564878863343,12.587015425871055,22.19811433185563,9.611098905984576,True
2025-07-02,MLP,0.9,14.0,15.119050093288655,10.313500640296366,19.924599546280945,9.611098905984578,True
2025-07-03,MLP,0.9,13.7,13.549643436581912,8.744093983589623,18.355192889574198,9.611098905984575,True
2025-07-04,MLP,0.9,14.3,13.691457750001668,8.88590829700938,18.497007202993956,9.611098905984576,True
2025-07-05,MLP,0.9,14.6,14.289126181219617,9.483576728227328,19.094675634211903,9.611098905984575,True
2025-07-06,MLP,0.9,15.4,13.553748555512318,8.74819910252003,18.359298008504606,9.611098905984576,True
2025-07-07,MLP,0.9,18.6,16.02139739352701,11.215847940534722,20.8269468465193,9.611098905984576,True
2025-07-08,MLP,0.9,16.8,17.69438026946467,12.888830816472382,22.499929722456958,9.611098905984576,True
2025-07-09,MLP,0.9,16.8,18.129356533735766,13.323807080743478,22.934905986728054,9.611098905984576,True
2025-07-10,MLP,0.9,13.8,15.768035817970208,10.96248636497792,20.573585270962496,9.611098905984576,True
2025-07-11,MLP,0.9,14.9,14.782125453355235,9.976576000362947,19.587674906347523,9.611098905984576,True
2025-07-12,MLP,0.9,15.2,16.39775656333385,11.592207110341562,21.203306016326138,9.611098905984576,True
2025-07-13,MLP,0.9,15.9,16.459419814516767,11.65387036152448,21.264969267509056,9.611098905984576,True
2025-07-14,MLP,0.9,16.5,16.21738449327378,11.411835040281492,21.02293394626607,9.611098905984576,True
2025-07-15,MLP,0.9,17.0,16.78011656777058,11.974567114778292,21.58566602076287,9.611098905984576,True
2025-07-16,MLP,0.9,16.3,17.45881776223977,12.653268309247483,22.26436721523206,9.611098905984576,True
2025-07-17,MLP,0.9,15.0,14.595677345866779,9.79012789287449,19.401226798859067,9.611098905984576,True
2025-07-18,MLP,0.9,16.4,16.45747604913684,11.651926596144552,21.26302550212913,9.611098905984576,True
2025-07-19,MLP,0.9,18.6,17.32993017252309,12.5243807195308,22.135479625515377,9.611098905984576,True
2025-07-20,MLP,0.9,14.8,18.44707696581722,13.641527512824933,23.25262641880951,9.611098905984576,True
2025-07-21,MLP,0.9,16.9,16.0527598513533,11.247210398361013,20.85830930434559,9.611098905984576,True
2025-07-22,MLP,0.9,17.2,17.127307643652344,12.321758190660056,21.932857096644632,9.611098905984576,True
2025-07-23,MLP,0.9,16.6,17.806337226130793,13.000787773138505,22.61188667912308,9.611098905984576,True
2025-07-24,MLP,0.9,14.6,17.088116377138384,12.282566924146096,21.893665830130672,9.611098905984576,True
2025-07-25,MLP,0.9,15.1,15.489133872509376,10.683584419517087,20.294683325501666,9.611098905984578,True
2025-07-26,MLP,0.9,19.0,16.16254338316324,11.356993930170951,20.968092836155527,9.611098905984576,True
2025-07-27,MLP,0.9,21.0,18.421370514142986,13.615821061150697,23.226919967135274,9.611098905984576,True
2025-07-28,MLP,0.9,26.6,20.03345312356612,15.22790367057383,24.839002576558407,9.611098905984576,False
2025-07-29,MLP,0.9,15.9,24.24437054194145,19.43882108894916,29.049919994933738,9.611098905984576,False
2025-07-30,MLP,0.9,13.3,13.989143745460769,9.18359429246848,18.794693198453057,9.611098905984576,True
2025-07-31,MLP,0.9,15.6,15.697720766028285,10.892171313035997,20.50327021902057,9.611098905984575,True
2025-08-01,MLP,0.9,23.0,16.967256844316967,12.16170739132468,21.772806297309256,9.611098905984576,False
2025-08-02,MLP,0.9,21.2,20.656832593724115,15.851283140731827,25.462382046716403,9.611098905984576,True
2025-08-03,MLP,0.9,14.4,19.46001882738628,14.65446937439399,24.265568280378567,9.611098905984576,False
2025-08-04,MLP,0.9,14.8,14.389867804573962,9.584318351581674,19.19541725756625,9.611098905984575,True
2025-08-05,MLP,0.9,15.1,15.125716934493497,10.320167481501208,19.931266387485785,9.611098905984576,True
2025-08-06,MLP,0.9,17.0,15.401316788934631,10.595767335942343,20.206866241926917,9.611098905984575,True
2025-08-07,MLP,0.9,17.2,16.828547795810895,12.022998342818607,21.634097248803183,9.611098905984576,True
2025-08-08,MLP,0.9,14.4,16.930415021615502,12.124865568623214,21.73596447460779,9.611098905984576,True
2025-08-09,MLP,0.9,15.1,14.466555235626707,9.661005782634419,19.272104688618995,9.611098905984576,True
2025-08-10,MLP,0.9,15.9,16.409825302703876,11.604275849711588,21.215374755696164,9.611098905984576,True
2025-08-11,MLP,0.9,16.5,17.954194991307418,13.14864553831513,22.759744444299706,9.611098905984576,True
2025-08-12,MLP,0.9,16.4,17.38248258471458,12.576933131722292,22.18803203770687,9.611098905984576,True
2025-08-13,MLP,0.9,15.0,17.062360138423617,12.25681068543133,21.867909591415906,9.611098905984576,True
2025-08-14,MLP,0.9,16.6,16.930226597157866,12.124677144165577,21.735776050150154,9.611098905984576,True
2025-08-15,MLP,0.9,16.9,17.25686617463631,12.451316721644023,22.0624156276286,9.611098905984576,True
2025-08-16,MLP,0.9,19.5,16.980429525404542,12.174880072412254,21.78597897839683,9.611098905984576,True
2025-08-17,MLP,0.9,19.6,18.791373955604726,13.985824502612438,23.596923408597014,9.611098905984576,True
2025-08-18,MLP,0.9,18.9,19.427260434776397,14.621710981784108,24.232809887768685,9.611098905984576,True
2025-08-19,MLP,0.9,17.6,17.663055363090475,12.857505910098187,22.468604816082763,9.611098905984576,True
2025-08-20,MLP,0.9,17.2,16.397776346660603,11.592226893668315,21.20332579965289,9.611098905984576,True
2025-08-21,MLP,0.9,17.2,17.346593694312823,12.541044241320535,22.15214314730511,9.611098905984576,True
2025-08-22,MLP,0.9,15.4,16.97018340156273,12.16463394857044,21.775732854555017,9.611098905984576,True
2025-08-23,MLP,0.9,16.2,16.856032020366296,12.050482567374008,21.661581473358584,9.611098905984576,True
2025-08-24,MLP,0.9,16.2,16.37032626634766,11.564776813355373,21.17587571933995,9.611098905984576,True
2025-08-25,MLP,0.9,19.0,17.96216403998944,13.15661458699715,22.767713492981727,9.611098905984576,True
2025-08-26,MLP,0.9,18.4,18.89050827146754,14.08495881847525,23.696057724459827,9.611098905984576,True
2025-08-27,MLP,0.9,19.0,17.929341040734354,13.123791587742065,22.734890493726642,9.611098905984576,True
2025-08-28,MLP,0.9,20.0,18.859279911665887,14.053730458673598,23.664829364658175,9.611098905984576,True
2025-08-29,MLP,0.9,19.4,18.744522502073295,13.938973049081007,23.550071955065583,9.611098905984576,True
2025-08-30,MLP,0.9,18.6,18.425270762373174,13.619721309380886,23.230820215365462,9.611098905984576,True
2025-08-31,MLP,0.9,21.5,18.39294735615166,13.58739790315937,23.198496809143947,9.611098905984576,True
2025-09-01,MLP,0.9,20.5,20.22057999131612,15.415030538323833,25.02612944430841,9.611098905984576,True
2025-09-02,MLP,0.9,19.2,19.015337112796985,14.209787659804697,23.820886565789273,9.611098905984576,True
2025-09-03,MLP,0.9,18.9,18.679219995557194,13.873670542564906,23.484769448549482,9.611098905984576,True
2025-09-04,MLP,0.9,17.8,18.78153599886336,13.975986545871073,23.58708545185565,9.611098905984576,True
2025-09-05,MLP,0.9,17.0,18.833332130081544,14.027782677089256,23.638881583073832,9.611098905984576,True
2025-09-06,MLP,0.9,19.0,18.692749005113498,13.88719955212121,23.498298458105786,9.611098905984576,True
2025-09-07,MLP,0.9,26.5,19.40920159483681,14.60365214184452,24.214751047829097,9.611098905984576,False
2025-09-08,MLP,0.9,25.7,23.295753112857348,18.49020365986506,28.101302565849636,9.611098905984576,True
2025-09-09,MLP,0.9,19.5,20.38149940203806,15.575949949045771,25.187048855030348,9.611098905984576,True
2025-09-10,MLP,0.9,19.1,19.10701296958019,14.301463516587901,23.912562422572478,9.611098905984576,True
2025-09-11,MLP,0.9,18.7,18.54342621901735,13.73787676602506,23.348975672009637,9.611098905984576,True
2025-09-12,MLP,0.9,20.0,20.202470881419345,15.396921428427056,25.008020334411633,9.611098905984576,True
2025-09-13,MLP,0.9,21.4,20.15476515715939,15.3492157041671,24.960314610151677,9.611098905984576,True
2025-09-14,MLP,0.9,17.9,20.24156097572898,15.436011522736692,25.04711042872127,9.611098905984576,True
2025-09-15,MLP,0.9,17.1,16.8988629912654,12.093313538273112,21.704412444257688,9.611098905984576,True
2025-09-16,MLP,0.9,15.7,17.259811696137763,12.454262243145475,22.06536114913005,9.611098905984576,True
2025-09-17,MLP,0.9,16.8,17.62155719960332,12.816007746611032,22.427106652595608,9.611098905984576,True
2025-09-18,MLP,0.9,22.3,18.284853616918234,13.479304163925946,23.090403069910522,9.611098905984576,True
2025-09-19,MLP,0.9,20.4,21.177444619948837,16.37189516695655,25.982994072941125,9.611098905984576,True
2025-09-20,MLP,0.9,17.8,20.76386641551462,15.958316962522332,25.56941586850691,9.611098905984576,True
2025-09-21,MLP,0.9,19.4,18.67931324853576,13.873763795543471,23.484862701528048,9.611098905984576,True
2025-09-22,MLP,0.9,16.4,19.38156139274007,14.576011939747783,24.18711084573236,9.611098905984576,True
2025-09-23,MLP,0.9,18.5,18.282777175363183,13.477227722370895,23.08832662835547,9.611098905984576,True
2025-09-24,MLP,0.9,19.4,19.185973888013013,14.380424435020725,23.9915233410053,9.611098905984576,True
2025-09-25,MLP,0.9,26.6,20.105179754620604,15.299630301628316,24.910729207612892,9.611098905984576,False
2025-09-26,MLP,0.9,23.6,23.886222660940597,19.08067320794831,28.691772113932885,9.611098905984576,True
2025-09-27,MLP,0.9,19.9,21.121768260234006,16.316218807241718,25.927317713226294,9.611098905984576,True
2025-09-28,MLP,0.9,24.1,20.2769961371282,15.471446684135913,25.08254559012049,9.611098905984576,True
2025-09-29,MLP,0.9,34.5,21.42919963658705,16.623650183594762,26.23474908957934,9.611098905984576,False
2025-09-30,MLP,0.9,20.8,25.972347669488478,21.16679821649619,30.777897122480766,9.611098905984576,False
2025-10-01,MLP,0.9,18.4,18.255460884043615,13.449911431051326,23.061010337035903,9.611098905984576,True
2025-10-02,MLP,0.9,25.6,19.589618474368493,14.784069021376204,24.39516792736078,9.611098905984576,False
2025-10-03,MLP,0.9,22.4,24.467619651082803,19.662070198090515,29.27316910407509,9.611098905984576,True
2025-10-04,MLP,0.9,19.0,21.871363292557483,17.065813839565195,26.67691274554977,9.611098905984576,True
2025-10-05,MLP,0.9,19.5,20.19879948728395,15.393250034291661,25.004348940276238,9.611098905984576,True
2025-10-06,MLP,0.9,20.6,20.14741947898847,15.341870025996183,24.95296893198076,9.611098905984576,True
2025-10-07,MLP,0.9,20.9,21.481740482819422,16.676191029827134,26.28728993581171,9.611098905984576,True
2025-10-08,MLP,0.9,27.2,21.148462555419638,16.34291310242735,25.954012008411926,9.611098905984576,False
2025-10-09,MLP,0.9,27.0,24.47126896546193,19.665719512469643,29.27681841845422,9.611098905984576,True
2025-10-10,MLP,0.9,24.0,22.950373614833527,18.14482416184124,27.755923067825815,9.611098905984576,True
2025-10-11,MLP,0.9,23.7,21.823309218360578,17.01775976536829,26.628858671352866,9.611098905984576,True
2025-10-12,MLP,0.9,22.1,22.516922355841626,17.711372902849337,27.322471808833914,9.611098905984576,True
2025-10-13,MLP,0.9,19.8,22.713830129807445,17.908280676815156,27.519379582799733,9.611098905984576,True
2025-10-14,MLP,0.9,19.1,20.2241695251902,15.41862007219791,25.029718978182487,9.611098905984576,True
2025-10-15,MLP,0.9,18.6,21.267681432511058,16.46213197951877,26.073230885503346,9.611098905984576,True
2025-10-16,MLP,0.9,27.8,20.068309995258044,15.262760542265756,24.873859448250332,9.611098905984576,False
2025-10-17,MLP,0.9,19.6,26.12372526175873,21.31817580876644,30.929274714751017,9.611098905984576,False
2025-10-18,MLP,0.9,24.5,19.909361904589357,15.103812451597069,24.714911357581645,9.611098905984576,True
2025-10-19,MLP,0.9,28.8,23.48115226664463,18.675602813652343,28.28670171963692,9.611098905984576,False
2025-10-20,MLP,0.9,31.4,25.25846099444181,20.45291154144952,30.064010447434097,9.611098905984576,False
2025-10-21,MLP,0.9,31.5,26.50007227931046,21.69452282631817,31.305621732302747,9.611098905984576,False
2025-10-22,MLP,0.9,22.5,25.273225128380332,20.467675675388044,30.07877458137262,9.611098905984576,True
2025-10-23,MLP,0.9,20.4,22.07483564008141,17.269286187089122,26.8803850930737,9.611098905984576,True
2025-10-24,MLP,0.9,19.5,21.794519296369714,16.988969843377426,26.600068749362002,9.611098905984576,True
2025-10-25,MLP,0.9,17.6,20.481969232577423,15.676419779585135,25.28751868556971,9.611098905984576,True
2025-10-26,MLP,0.9,20.4,18.403917551857624,13.598368098865336,23.209467004849913,9.611098905984576,True
2025-10-27,MLP,0.9,20.5,21.40836042592405,16.602810972931763,26.21390987891634,9.611098905984576,True
2025-10-28,MLP,0.9,21.6,22.213922328323456,17.408372875331168,27.019471781315744,9.611098905984576,True
2025-10-29,MLP,0.9,31.5,22.428773306819554,17.623223853827266,27.234322759811842,9.611098905984576,False
2025-10-30,MLP,0.9,22.2,26.329155242486234,21.523605789493946,31.134704695478522,9.611098905984576,True
2025-10-31,MLP,0.9,20.6,21.169740749001903,16.364191296009615,25.97529020199419,9.611098905984576,True
2025-11-01,MLP,0.9,21.0,21.04896482272734,16.24341536973505,25.854514275719627,9.611098905984576,True
2025-11-02,MLP,0.9,23.2,23.028931377443662,18.223381924451374,27.83448083043595,9.611098905984576,True
2025-11-03,MLP,0.9,22.4,23.423835391447007,18.61828593845472,28.229384844439295,9.611098905984576,True
2025-11-04,MLP,0.9,27.1,22.55316078155076,17.74761132855847,27.358710234543047,9.611098905984576,True
2025-11-05,MLP,0.9,29.9,25.64076141495046,20.835211961958173,30.44631086794275,9.611098905984576,True
2025-11-06,MLP,0.9,34.3,25.651837407242358,20.84628795425007,30.457386860234646,9.611098905984576,False
2025-11-07,MLP,0.9,30.9,29.069454411222225,24.263904958229936,33.87500386421451,9.611098905984576,True
2025-11-08,MLP,0.9,29.9,28.38951791884423,23.583968465851942,33.195067371836515,9.611098905984573,True
2025-11-09,MLP,0.9,28.6,28.30647805954164,23.50092860654935,33.11202751253393,9.611098905984576,True
2025-11-10,MLP,0.9,25.9,25.014350184819243,20.208800731826955,29.81989963781153,9.611098905984576,True
2025-11-11,MLP,0.9,25.3,24.552922510845058,19.74737305785277,29.358471963837346,9.611098905984576,True
2025-11-12,MLP,0.9,28.0,24.619522337321907,19.81397288432962,29.425071790314195,9.611098905984576,True
2025-11-13,MLP,0.9,25.5,25.840192006672222,21.034642553679934,30.64574145966451,9.611098905984576,True
2025-11-14,MLP,0.9,22.1,23.70199030344154,18.896440850449252,28.50753975643383,9.611098905984576,True
2025-11-15,MLP,0.9,25.8,22.94069125491339,18.1351418019211,27.746240707905677,9.611098905984576,True
2025-11-16,MLP,0.9,30.5,24.86044350659349,20.054894053601203,29.66599295958578,9.611098905984576,False
2025-11-17,MLP,0.9,24.5,26.599650318935307,21.79410086594302,31.405199771927595,9.611098905984576,True
2025-11-18,MLP,0.9,25.4,23.567418233575488,18.7618687805832,28.372967686567776,9.611098905984576,True
2025-11-19,MLP,0.9,25.1,24.694292704351724,19.888743251359436,29.499842157344013,9.611098905984576,True
2025-11-20,MLP,0.9,27.6,24.170174689183597,19.36462523619131,28.975724142175885,9.611098905984576,True
2025-11-21,MLP,0.9,29.9,25.44887732234448,20.64332786935219,30.254426775336768,9.611098905984576,True
2025-11-22,MLP,0.9,25.4,25.926620314885447,21.12107086189316,30.732169767877735,9.611098905984576,True
2025-11-23,MLP,0.9,24.6,24.165996304097252,19.360446851104964,28.97154575708954,9.611098905984576,True
2025-11-24,MLP,0.9,34.5,24.72277217085892,19.917222717866633,29.52832162385121,9.611098905984576,False
2025-11-25,MLP,0.9,25.9,28.90569508847566,24.100145635483372,33.71124454146795,9.611098905984576,True
2025-11-26,MLP,0.9,32.6,23.666918580560516,18.861369127568228,28.472468033552804,9.611098905984576,False
2025-11-27,MLP,0.9,27.5,29.275382715155224,24.469833262162936,34.08093216814751,9.611098905984576,True
2025-11-28,MLP,0.9,24.0,24.545594180876208,19.74004472788392,29.351143633868496,9.611098905984576,True
2025-11-29,MLP,0.9,27.1,23.122662392119523,18.317112939127234,27.92821184511181,9.611098905984576,True
2025-11-30,MLP,0.9,26.0,25.66972787208678,20.864178419094493,30.47527732507907,9.611098905984576,True
2025-12-01,MLP,0.9,24.6,24.70465549181899,19.8991060388267,29.510204944811278,9.611098905984576,True
2025-12-02,MLP,0.9,29.6,24.83374887880389,20.0281994258116,29.639298331796176,9.611098905984576,True
2025-12-03,MLP,0.9,32.3,27.86116657767789,23.0556171246856,32.66671603067017,9.611098905984573,True
2025-12-04,MLP,0.9,24.9,26.386497148417305,21.580947695425017,31.192046601409594,9.611098905984576,True
2025-12-05,MLP,0.9,23.6,23.588419407923524,18.782869954931236,28.393968860915813,9.611098905984576,True
2025-12-06,MLP,0.9,27.5,25.206880782740807,20.40133132974852,30.012430235733095,9.611098905984576,True
2025-12-07,MLP,0.9,23.8,25.889340881188385,21.083791428196097,30.694890334180673,9.611098905984576,True
2025-12-08,MLP,0.9,24.4,24.344902119576602,19.539352666584314,29.15045157256889,9.611098905984576,True
2025-12-09,MLP,0.9,30.8,25.583066368116626,20.777516915124338,30.388615821108914,9.611098905984576,False
2025-12-10,MLP,0.9,33.5,28.71075727890035,23.90520782590806,33.51630673189264,9.61109890598458,True
2025-12-11,MLP,0.9,24.4,27.77986862667853,22.974319173686244,32.585418079670816,9.611098905984573,True
2025-12-12,MLP,0.9,20.6,22.991547727717652,18.185998274725364,27.79709718070994,9.611098905984576,True
2025-12-13,MLP,0.9,23.6,23.5872232247825,18.781673771790214,28.39277267777479,9.611098905984576,True
2025-12-14,MLP,0.9,24.7,25.067300862928214,20.261751409935925,29.872850315920502,9.611098905984576,True
2025-12-15,MLP,0.9,27.0,25.319777844813796,20.514228391821508,30.125327297806084,9.611098905984576,True
2025-12-16,MLP,0.9,21.3,26.45839923869017,21.65284978569788,31.263948691682458,9.611098905984576,False
2025-12-17,MLP,0.9,23.1,23.114057141529795,18.308507688537507,27.919606594522083,9.611098905984576,True
2025-12-18,MLP,0.9,23.5,25.58987805814083,20.78432860514854,30.395427511133118,9.611098905984576,True
2025-12-19,MLP,0.9,30.2,25.098571535237916,20.293022082245628,29.904120988230204,9.611098905984576,False
2025-12-20,MLP,0.9,34.5,28.809759056761397,24.00420960376911,33.61530850975369,9.61109890598458,False
2025-12-21,MLP,0.9,30.8,30.42527796538772,25.619728512395433,35.23082741838001,9.611098905984576,True
2025-12-22,MLP,0.9,23.5,27.330455146944065,22.524905693951776,32.136004599936356,9.61109890598458,True
2025-12-23,MLP,0.9,27.9,25.0014735550384,20.195924102046114,29.80702300803069,9.611098905984576,True
2025-12-24,MLP,0.9,29.0,27.736455746143015,22.930906293150727,32.5420051991353,9.611098905984576,True
2025-12-25,MLP,0.9,28.8,26.811835121408723,22.006285668416435,31.61738457440101,9.611098905984576,True
2025-12-26,MLP,0.9,27.9,27.172572086491837,22.36702263349955,31.978121539484125,9.611098905984576,True
2025-12-27,MLP,0.9,30.5,27.222256658803094,22.416707205810805,32.027806111795385,9.61109890598458,True
2025-12-28,MLP,0.9,35.6,29.032076708502636,24.226527255510348,33.837626161494924,9.611098905984576,False
2025-12-29,MLP,0.9,30.2,31.95698314672076,27.15143369372847,36.76253259971305,9.611098905984576,True
2025-12-30,MLP,0.9,26.8,25.7649307273254,20.95938127433311,30.570480180317688,9.611098905984576,True
2024-05-07,Random Forest,0.95,19.2,19.01667013629121,12.76307741805735,25.270262854525072,12.507185436467722,True
2024-05-08,Random Forest,0.95,20.8,20.27272683697868,14.01913411874482,26.52631955521254,12.507185436467722,True
2024-05-09,Random Forest,0.95,18.4,21.647816432443125,15.394223714209264,27.901409150676987,12.507185436467722,True
2024-05-10,Random Forest,0.95,18.6,18.45704908680496,12.2034563685711,24.710641805038822,12.507185436467722,True
2024-05-11,Random Forest,0.95,20.6,19.53948017428293,13.285887456049068,25.79307289251679,12.507185436467722,True
2024-05-12,Random Forest,0.95,24.4,20.694852427433652,14.441259709199791,26.948445145667513,12.507185436467722,True
2024-05-13,Random Forest,0.95,29.6,20.971018203205475,14.717425484971614,27.224610921439336,12.507185436467722,False
2024-05-14,Random Forest,0.95,22.0,21.90506736425755,15.65147464602369,28.158660082491412,12.507185436467722,True
2024-05-15,Random Forest,0.95,21.0,21.742474053400816,15.488881335166955,27.996066771634677,12.507185436467722,True
2024-05-16,Random Forest,0.95,21.1,21.4269510650294,15.173358346795538,27.68054378326326,12.507185436467722,True
2024-05-17,Random Forest,0.95,24.3,21.91972766986516,15.6661349516313,28.17332038809902,12.507185436467722,True
2024-05-18,Random Forest,0.95,22.7,21.30528780467965,15.05169508644579,27.558880522913512,12.507185436467722,True
2024-05-19,Random Forest,0.95,24.8,21.197378630392212,14.94378591215835,27.450971348626073,12.507185436467722,True
2024-05-20,Random Forest,0.95,21.4,21.18821053748927,14.934617819255408,27.44180325572313,12.507185436467722,True
2024-05-21,Random Forest,0.95,21.5,21.872571736571857,15.618979018337996,28.126164454805718,12.507185436467722,True
2024-05-22,Random Forest,0.95,19.7,21.37274353008266,15.119150811848797,27.62633624831652,12.507185436467722,True
2024-05-23,Random Forest,0.95,23.4,20.30240909140737,14.048816373173509,26.55600180964123,12.507185436467722,True
2024-05-24,Random Forest,0.95,19.6,22.496058117299295,16.242465399065434,28.749650835533156,12.507185436467722,True
2024-05-25,Random Forest,0.95,20.4,20.21872512029549,13.965132402061627,26.47231783852935,12.507185436467722,True
2024-05-26,Random Forest,0.95,22.0,21.526788261660098,15.273195543426237,27.78038097989396,12.507185436467722,True
2024-05-27,Random Forest,0.95,27.2,20.551677363798554,14.298084645564693,26.805270082032415,12.507185436467722,False
2024-05-28,Random Forest,0.95,32.5,22.735665349511887,16.482072631278026,28.989258067745748,12.507185436467722,False
2024-05-29,Random Forest,0.95,17.2,23.635598642877024,17.382005924643163,29.889191361110885,12.507185436467722,False
2024-05-30,Random Forest,0.95,17.3,16.936663524123507,10.683070805889646,23.190256242357368,12.507185436467722,True
2024-05-31,Random Forest,0.95,18.7,19.63677064204336,13.383177923809498,25.89036336027722,12.507185436467722,True
2024-06-01,Random Forest,0.95,18.4,21.063875899571048,14.810283181337187,27.31746861780491,12.507185436467722,True
2024-06-02,Random Forest,0.95,15.1,20.341326705451845,14.087733987217984,26.594919423685706,12.507185436467722,True
2024-06-03,Random Forest,0.95,19.3,16.48304244252273,10.22944972428887,22.73663516075659,12.507185436467722,True
2024-06-04,Random Forest,0.95,17.5,16.797023830050122,10.543431111816261,23.050616548283983,12.507185436467722,True
2024-06-05,Random Forest,0.95,17.2,16.183457432109137,9.929864713875276,22.437050150342998,12.507185436467722,True
2024-06-06,Random Forest,0.95,17.1,16.061863394087574,9.808270675853713,22.315456112321435,12.507185436467722,True
2024-06-07,Random Forest,0.95,17.8,17.18623153440064,10.93263881616678,23.4398242526345,12.507185436467722,True
2024-06-08,Random Forest,0.95,17.2,19.83674007871941,13.583147360485547,26.09033279695327,12.507185436467722,True
2024-06-09,Random Forest,0.95,25.5,18.22361326805362,11.970020549819758,24.47720598628748,12.507185436467722,False
2024-06-10,Random Forest,0.95,24.3,22.717289423649405,16.463696705415543,28.970882141883266,12.507185436467722,True
2024-06-11,Random Forest,0.95,19.2,17.936523604782153,11.682930886548291,24.190116323016014,12.507185436467722,True
2024-06-12,Random Forest,0.95,18.9,17.362806133877765,11.109213415643904,23.616398852111626,12.507185436467722,True
2024-06-13,Random Forest,0.95,19.6,19.498051816117183,13.244459097883322,25.751644534351044,12.507185436467722,True
2024-06-14,Random Forest,0.95,20.6,20.31616533196843,14.06257261373457,26.569758050202292,12.507185436467722,True
2024-06-15,Random Forest,0.95,22.2,20.121946606331466,13.868353888097605,26.375539324565327,12.507185436467722,True
2024-06-16,Random Forest,0.95,20.1,21.41659740909343,15.16300469085957,27.67019012732729,12.507185436467722,True
2024-06-17,Random Forest,0.95,18.3,20.312375314085504,14.058782595851643,26.565968032319365,12.507185436467722,True
2024-06-18,Random Forest,0.95,16.6,16.75113116885217,10.497538450618308,23.00472388708603,12.507185436467722,True
2024-06-19,Random Forest,0.95,17.0,16.656503550596508,10.402910832362647,22.91009626883037,12.507185436467722,True
2024-06-20,Random Forest,0.95,18.1,17.262193892870535,11.008601174636674,23.515786611104396,12.507185436467722,True
2024-06-21,Random Forest,0.95,19.2,16.218879657972295,9.965286939738434,22.472472376206156,12.507185436467722,True
2024-06-22,Random Forest,0.95,20.8,17.774951135325182,11.52135841709132,24.028543853559043,12.507185436467722,True
2024-06-23,Random Forest,0.95,17.8,18.395288553806402,12.141695835572541,24.648881272040263,12.507185436467722,True
2024-06-24,Random Forest,0.95,17.7,19.316949266755167,13.063356548521305,25.570541984989028,12.507185436467722,True
2024-06-25,Random Forest,0.95,20.2,18.15823354691164,11.904640828677778,24.4118262651455,12.507185436467722,True
2024-06-26,Random Forest,0.95,25.1,19.460492393049474,13.206899674815613,25.714085111283335,12.507185436467722,True
2024-06-27,Random Forest,0.95,26.6,25.284674841430284,19.031082123196423,31.538267559664146,12.507185436467722,True
2024-06-28,Random Forest,0.95,21.4,22.413912657035766,16.160319938801905,28.667505375269627,12.507185436467722,True
2024-06-29,Random Forest,0.95,19.6,19.81098833783427,13.55739561960041,26.064581056068132,12.507185436467722,True
2024-06-30,Random Forest,0.95,17.0,20.9205854973922,14.666992779158338,27.17417821562606,12.507185436467722,True
2024-07-01,Random Forest,0.95,17.0,18.28327617957851,12.02968346134465,24.536868897812372,12.507185436467722,True
2024-07-02,Random Forest,0.95,15.5,17.158669140800708,10.905076422566847,23.41226185903457,12.507185436467722,True
2024-07-03,Random Forest,0.95,16.5,14.322530895357795,8.068938177123934,20.576123613591655,12.50718543646772,True
2024-07-04,Random Forest,0.95,17.0,15.339002726655005,9.085410008421144,21.592595444888865,12.50718543646772,True
2024-07-05,Random Forest,0.95,21.8,17.099401939810285,10.845809221576424,23.352994658044146,12.507185436467722,True
2024-07-06,Random Forest,0.95,14.6,21.190512570547387,14.936919852313526,27.444105288781248,12.507185436467722,False
2024-07-07,Random Forest,0.95,13.1,13.453622081197686,7.200029362963825,19.707214799431547,12.507185436467722,True
2024-07-08,Random Forest,0.95,15.4,15.13787170005552,8.884278981821659,21.39146441828938,12.507185436467722,True
2024-07-09,Random Forest,0.95,17.0,14.878233788142381,8.62464106990852,21.131826506376242,12.507185436467722,True
2024-07-10,Random Forest,0.95,17.2,16.256984844518303,10.003392126284442,22.510577562752164,12.507185436467722,True
2024-07-11,Random Forest,0.95,15.1,16.357136332473644,10.103543614239783,22.610729050707505,12.507185436467722,True
2024-07-12,Random Forest,0.95,13.4,16.491951949823598,10.238359231589737,22.74554466805746,12.507185436467722,True
2024-07-13,Random Forest,0.95,15.1,14.441103123312454,8.187510405078593,20.694695841546313,12.50718543646772,True
2024-07-14,Random Forest,0.95,16.3,14.534166425238983,8.280573707005122,20.787759143472844,12.507185436467722,True
2024-07-15,Random Forest,0.95,15.4,15.290493172167965,9.036900453934104,21.544085890401824,12.50718543646772,True
2024-07-16,Random Forest,0.95,14.9,14.887809272209113,8.634216553975252,21.141401990442972,12.50718543646772,True
2024-07-17,Random Forest,0.95,15.2,16.542160264525293,10.288567546291432,22.795752982759154,12.507185436467722,True
2024-07-18,Random Forest,0.95,16.1,14.000601815112244,7.747009096878383,20.254194533346105,12.507185436467722,True
2024-07-19,Random Forest,0.95,14.5,15.234810250972068,8.981217532738206,21.48840296920593,12.507185436467722,True
2024-07-20,Random Forest,0.95,14.2,15.51511774093895,9.261525022705088,21.76871045917281,12.50718543646772,True
2024-07-21,Random Forest,0.95,16.0,16.98252342028752,10.72893070205366,23.236116138521382,12.507185436467722,True
2024-07-22,Random Forest,0.95,15.4,16.670729971847326,10.417137253613465,22.924322690081187,12.507185436467722,True
2024-07-23,Random Forest,0.95,15.1,15.539190989721531,9.28559827148767,21.792783707955394,12.507185436467724,True
2024-07-24,Random Forest,0.95,18.7,15.345230178939941,9.09163746070608,21.598822897173804,12.507185436467724,True
2024-07-25,Random Forest,0.95,16.9,16.91305263283563,10.659459914601769,23.16664535106949,12.507185436467722,True
2024-07-26,Random Forest,0.95,14.4,16.134804517789217,9.881211799555356,22.388397236023078,12.507185436467722,True
2024-07-27,Random Forest,0.95,13.4,14.443568619425326,8.189975901191465,20.69716133765919,12.507185436467724,True
2024-07-28,Random Forest,0.95,14.4,15.098296449447028,8.844703731213167,21.351889167680888,12.50718543646772,True
2024-07-29,Random Forest,0.95,13.9,14.224682611951078,7.971089893717217,20.47827533018494,12.507185436467722,True
2024-07-30,Random Forest,0.95,14.0,14.984817787023303,8.731225068789442,21.238410505257164,12.507185436467722,True
2024-07-31,Random Forest,0.95,15.6,16.792775749027893,10.539183030794032,23.046368467261754,12.507185436467722,True
2024-08-01,Random Forest,0.95,15.4,16.75331831537663,10.49972559714277,23.006911033610493,12.507185436467722,True
2024-08-02,Random Forest,0.95,20.0,17.98047966538944,11.726886947155577,24.2340723836233,12.507185436467722,True
2024-08-03,Random Forest,0.95,13.8,19.766470667993925,13.512877949760064,26.020063386227786,12.507185436467722,True
2024-08-04,Random Forest,0.95,14.9,13.746179164095098,7.492586445861237,19.999771882328957,12.50718543646772,True
2024-08-05,Random Forest,0.95,18.3,16.37157429416308,10.117981575929218,22.62516701239694,12.507185436467722,True
2024-08-06,Random Forest,0.95,17.0,17.790016390036463,11.536423671802602,24.043609108270324,12.507185436467722,True
2024-08-07,Random Forest,0.95,14.4,18.635666108594013,12.382073390360151,24.889258826827874,12.507185436467722,True
2024-08-08,Random Forest,0.95,16.0,15.303462406948256,9.049869688714395,21.557055125182117,12.507185436467722,True
2024-08-09,Random Forest,0.95,17.0,16.337326237411773,10.083733519177912,22.590918955645634,12.507185436467722,True
2024-08-10,Random Forest,0.95,16.5,15.941996635932716,9.688403917698855,22.19558935416658,12.507185436467724,True
2024-08-11,Random Forest,0.95,16.8,16.25365974338907,10.000067025155207,22.50725246162293,12.507185436467722,True
2024-08-12,Random Forest,0.95,16.4,16.907101999666427,10.653509281432566,23.160694717900288,12.507185436467722,True
2024-08-13,Random Forest,0.95,13.9,13.969030583010035,7.715437864776174,20.222623301243896,12.507185436467722,True
2024-08-14,Random Forest,0.95,18.4,17.355563482467044,11.101970764233183,23.609156200700905,12.507185436467722,True
2024-08-15,Random Forest,0.95,17.4,17.0028529657183,10.74926024748444,23.256445683952162,12.507185436467722,True
2024-08-16,Random Forest,0.95,15.4,19.124777450386393,12.871184732152532,25.378370168620254,12.507185436467722,True
2024-08-17,Random Forest,0.95,18.0,16.245542766033264,9.991950047799403,22.499135484267125,12.507185436467722,True
2024-08-18,Random Forest,0.95,21.1,16.62667198944749,10.37307927121363,22.880264707681352,12.507185436467722,True
2024-08-19,Random Forest,0.95,19.9,20.03434088637265,13.780748168138789,26.28793360460651,12.507185436467722,True
2024-08-20,Random Forest,0.95,14.7,20.48242893176036,14.228836213526499,26.73602164999422,12.507185436467722,True
2024-08-21,Random Forest,0.95,18.0,14.464581215178802,8.21098849694494,20.718173933412665,12.507185436467724,True
2024-08-22,Random Forest,0.95,24.5,16.58359806495812,10.33000534672426,22.837190783191982,12.507185436467722,False
2024-08-23,Random Forest,0.95,17.0,20.444877123315845,14.191284405081984,26.698469841549706,12.507185436467722,True
2024-08-24,Random Forest,0.95,17.0,16.62053989158916,10.3669471733553,22.87413260982302,12.507185436467722,True
2024-08-25,Random Forest,0.95,16.2,17.283110090944426,11.029517372710565,23.536702809178287,12.507185436467722,True
2024-08-26,Random Forest,0.95,14.1,16.54734856594887,10.293755847715008,22.80094128418273,12.507185436467722,True
2024-08-27,Random Forest,0.95,11.8,15.413701666165608,9.160108947931747,21.66729438439947,12.507185436467722,True
2024-08-28,Random Forest,0.95,12.9,15.586609330638433,9.333016612404572,21.840202048872293,12.50718543646772,True
2024-08-29,Random Forest,0.95,17.2,16.823595136313678,10.570002418079817,23.07718785454754,12.507185436467722,True
2024-08-30,Random Forest,0.95,25.0,18.15652656441051,11.902933846176648,24.41011928264437,12.507185436467722,False
2024-08-31,Random Forest,0.95,19.1,21.54370552365996,15.290112805426098,27.79729824189382,12.507185436467722,True
2024-09-01,Random Forest,0.95,29.4,19.931184965554245,13.677592247320383,26.184777683788106,12.507185436467722,False
2024-09-02,Random Forest,0.95,20.2,24.691750913571504,18.438158195337643,30.945343631805365,12.507185436467722,True
2024-09-03,Random Forest,0.95,17.5,19.001259541110954,12.747666822877093,25.254852259344815,12.507185436467722,True
2024-09-04,Random Forest,0.95,14.6,18.76819996361179,12.514607245377928,25.02179268184565,12.507185436467722,True
2024-09-05,Random Forest,0.95,16.6,16.61782035821967,10.36422763998581,22.871413076453532,12.507185436467722,True
2024-09-06,Random Forest,0.95,15.8,16.598093363302716,10.344500645068855,22.851686081536577,12.507185436467722,True
2024-09-07,Random Forest,0.95,14.6,18.431817692318358,12.178224974084497,24.68541041055222,12.507185436467722,True
2024-09-08,Random Forest,0.95,19.0,16.543951880764318,10.290359162530457,22.79754459899818,12.507185436467722,True
2024-09-09,Random Forest,0.95,20.8,18.7479910158113,12.49439829757744,25.001583734045163,12.507185436467722,True
2024-09-10,Random Forest,0.95,23.8,21.608656638433622,15.355063920199761,27.862249356667483,12.507185436467722,True
2024-09-11,Random Forest,0.95,19.6,21.412970864552776,15.159378146318915,27.666563582786637,12.507185436467722,True
2024-09-12,Random Forest,0.95,17.8,17.8762620609678,11.62266934273394,24.12985477920166,12.507185436467722,True
2024-09-13,Random Forest,0.95,19.5,17.93661948796583,11.68302676973197,24.190212206199693,12.507185436467722,True
2024-09-14,Random Forest,0.95,18.0,19.3570440834663,13.103451365232438,25.61063680170016,12.507185436467722,True
2024-09-15,Random Forest,0.95,17.3,19.04307688042667,12.78948416219281,25.296669598660532,12.507185436467722,True
2024-09-16,Random Forest,0.95,16.6,18.3600954497484,12.106502731514539,24.61368816798226,12.507185436467722,True
2024-09-17,Random Forest,0.95,15.9,19.900869722637307,13.647277004403445,26.154462440871168,12.507185436467722,True
2024-09-18,Random Forest,0.95,15.9,16.555741792008394,10.302149073774533,22.809334510242255,12.507185436467722,True
2024-09-19,Random Forest,0.95,20.0,17.052457439963934,10.798864721730073,23.306050158197795,12.507185436467722,True
2024-09-20,Random Forest,0.95,22.5,19.92977423416458,13.676181515930718,26.18336695239844,12.507185436467722,True
2024-09-21,Random Forest,0.95,26.0,21.713119493579317,15.459526775345456,27.966712211813178,12.507185436467722,True
2024-09-22,Random Forest,0.95,26.1,24.221559711523913,17.96796699329005,30.475152429757774,12.507185436467722,True
2024-09-23,Random Forest,0.95,20.9,23.39721962039019,17.143626902156328,29.65081233862405,12.507185436467722,True
2024-09-24,Random Forest,0.95,17.4,21.269699655472532,15.016106937238671,27.523292373706393,12.507185436467722,True
2024-09-25,Random Forest,0.95,19.8,17.95179260605832,11.698199887824458,24.20538532429218,12.507185436467722,True
2024-09-26,Random Forest,0.95,17.5,20.353666202088295,14.100073483854434,26.607258920322156,12.507185436467722,True
2024-09-27,Random Forest,0.95,17.1,19.61008718241139,13.35649446417753,25.863679900645252,12.507185436467722,True
2024-09-28,Random Forest,0.95,14.6,16.17164025304321,9.91804753480935,22.425232971277072,12.507185436467722,True
2024-09-29,Random Forest,0.95,14.4,16.91673579808367,10.66314307984981,23.170328516317532,12.507185436467722,True
2024-09-30,Random Forest,0.95,15.1,16.210618703996595,9.957025985762733,22.464211422230456,12.507185436467722,True
2024-10-01,Random Forest,0.95,22.9,16.970381835865037,10.716789117631176,23.2239745540989,12.507185436467722,True
2024-10-02,Random Forest,0.95,28.8,21.668549903879505,15.414957185645644,27.922142622113366,12.507185436467722,False
2024-10-03,Random Forest,0.95,28.7,25.552052837011313,19.298460118777452,31.805645555245174,12.507185436467722,True
2024-10-04,Random Forest,0.95,26.6,25.343716587662456,19.090123869428595,31.597309305896317,12.507185436467722,True
2024-10-05,Random Forest,0.95,26.3,24.814289796216794,18.560697077982933,31.067882514450655,12.507185436467722,True
2024-10-06,Random Forest,0.95,30.8,23.57281012895112,17.319217410717258,29.82640284718498,12.507185436467722,False
2024-10-07,Random Forest,0.95,24.0,28.1078529295765,21.854260211342638,34.361445647810356,12.507185436467719,True
2024-10-08,Random Forest,0.95,22.3,22.88010349086741,16.626510772633548,29.13369620910127,12.507185436467722,True
2024-10-09,Random Forest,0.95,19.6,23.473160206083012,17.21956748784915,29.726752924316873,12.507185436467722,True
2024-10-10,Random Forest,0.95,20.9,21.019290186549902,14.765697468316041,27.272882904783764,12.507185436467722,True
2024-10-11,Random Forest,0.95,22.1,21.322533079807805,15.068940361573944,27.576125798041666,12.507185436467722,True
2024-10-12,Random Forest,0.95,21.7,22.141062959646263,15.887470241412402,28.394655677880124,12.507185436467722,True
2024-10-13,Random Forest,0.95,19.5,21.671482496958856,15.417889778724994,27.925075215192717,12.507185436467722,True
2024-10-14,Random Forest,0.95,28.6,20.930225948529277,14.676633230295415,27.183818666763138,12.507185436467722,False
2024-10-15,Random Forest,0.95,29.5,24.396738411724602,18.14314569349074,30.650331129958463,12.507185436467722,True
2024-10-16,Random Forest,0.95,22.0,24.153417630344116,17.899824912110255,30.407010348577977,12.507185436467722,True
2024-10-17,Random Forest,0.95,19.7,21.58541173312673,15.331819014892869,27.83900445136059,12.507185436467722,True
2024-10-18,Random Forest,0.95,18.3,21.656678663027105,15.403085944793244,27.910271381260966,12.507185436467722,True
2024-10-19,Random Forest,0.95,21.3,21.28245550786607,15.02886278963221,27.536048226099933,12.507185436467722,True
2024-10-20,Random Forest,0.95,25.8,23.532960009805578,17.279367291571717,29.78655272803944,12.507185436467722,True
2024-10-21,Random Forest,0.95,27.5,23.054179234298466,16.800586516064605,29.307771952532327,12.507185436467722,True
2024-10-22,Random Forest,0.95,29.6,23.89444664800514,17.64085392977128,30.148039366239,12.507185436467722,True
2024-10-23,Random Forest,0.95,20.8,26.707322735557987,20.453730017324126,32.96091545379185,12.507185436467722,True
2024-10-24,Random Forest,0.95,20.7,23.193309795021033,16.939717076787172,29.446902513254894,12.507185436467722,True
2024-10-25,Random Forest,0.95,27.5,21.73351989361244,15.479927175378577,27.9871126118463,12.507185436467722,True
2024-10-26,Random Forest,0.95,18.4,25.435615384541013,19.18202266630715,31.689208102774874,12.507185436467722,False
2024-10-27,Random Forest,0.95,20.2,19.078151864489573,12.824559146255712,25.331744582723434,12.507185436467722,True
2024-10-28,Random Forest,0.95,20.2,21.357239527844612,15.103646809610751,27.610832246078473,12.507185436467722,True
2024-10-29,Random Forest,0.95,23.0,22.238491471749494,15.984898753515633,28.492084189983355,12.507185436467722,True
2024-10-30,Random Forest,0.95,25.6,23.357909622034626,17.104316903800765,29.611502340268487,12.507185436467722,True
2024-10-31,Random Forest,0.95,25.3,24.219422180297382,17.96582946206352,30.473014898531243,12.507185436467722,True
2024-11-01,Random Forest,0.95,23.9,22.440359629503742,16.18676691126988,28.693952347737604,12.507185436467722,True
2024-11-02,Random Forest,0.95,21.8,21.691706630479395,15.438113912245534,27.945299348713256,12.507185436467722,True
2024-11-03,Random Forest,0.95,15.4,23.457216336461048,17.203623618227187,29.71080905469491,12.507185436467722,False
2024-11-04,Random Forest,0.95,19.8,17.341412410285585,11.087819692051724,23.595005128519446,12.507185436467722,True
2024-11-05,Random Forest,0.95,24.1,21.737732255806204,15.484139537572343,27.991324974040065,12.507185436467722,True
2024-11-06,Random Forest,0.95,30.0,25.07706052078612,18.82346780255226,31.33065323901998,12.507185436467722,True
2024-11-07,Random Forest,0.95,25.0,26.109254732909925,19.855662014676064,32.362847451143786,12.507185436467722,True
2024-11-08,Random Forest,0.95,26.1,24.074450130164916,17.820857411931055,30.328042848398777,12.507185436467722,True
2024-11-09,Random Forest,0.95,23.0,25.183381377706183,18.929788659472322,31.436974095940045,12.507185436467722,True
2024-11-10,Random Forest,0.95,26.9,23.276341165728706,17.022748447494845,29.529933883962567,12.507185436467722,True
2024-11-11,Random Forest,0.95,21.3,24.914848586859513,18.661255868625652,31.168441305093374,12.507185436467722,True
2024-11-12,Random Forest,0.95,23.1,23.128486403474767,16.874893685240906,29.382079121708628,12.507185436467722,True
2024-11-13,Random Forest,0.95,27.5,24.111433135725743,17.857840417491882,30.365025853959605,12.507185436467722,True
2024-11-14,Random Forest,0.95,25.2,24.80326466026968,18.54967194203582,31.05685737850354,12.507185436467722,True
2024-11-15,Random Forest,0.95,21.5,23.036831981494792,16.78323926326093,29.290424699728653,12.507185436467722,True
2024-11-16,Random Forest,0.95,27.4,23.726186120061122,17.47259340182726,29.979778838294983,12.507185436467722,True
2024-11-17,Random Forest,0.95,22.5,24.974567364732046,18.720974646498185,31.228160082965907,12.507185436467722,True
2024-11-18,Random Forest,0.95,24.9,23.78947347523706,17.5358807570032,30.04306619347092,12.507185436467722,True
2024-11-19,Random Forest,0.95,25.7,24.83797336695205,18.584380648718188,31.09156608518591,12.507185436467722,True
2024-11-20,Random Forest,0.95,24.9,22.436383610936993,16.18279089270313,28.689976329170854,12.507185436467722,True
2024-11-21,Random Forest,0.95,24.1,25.998274859758475,19.744682141524613,32.251867577992336,12.507185436467722,True
2024-11-22,Random Forest,0.95,24.9,24.878854426991534,18.625261708757673,31.132447145225395,12.507185436467722,True
2024-11-23,Random Forest,0.95,28.5,25.17921338841851,18.92562067018465,31.43280610665237,12.507185436467722,True
2024-11-24,Random Forest,0.95,23.8,24.612484859611914,18.358892141378053,30.866077577845775,12.507185436467722,True
2024-11-25,Random Forest,0.95,19.5,22.83340577897645,16.579813060742588,29.08699849721031,12.507185436467722,True
2024-11-26,Random Forest,0.95,20.5,22.16823111289713,15.914638394663267,28.42182383113099,12.507185436467722,True
2024-11-27,Random Forest,0.95,24.5,20.889773742145334,14.636181023911472,27.143366460379195,12.507185436467722,True
2024-11-28,Random Forest,0.95,27.5,24.530230105191105,18.276637386957244,30.783822823424966,12.507185436467722,True
2024-11-29,Random Forest,0.95,23.3,24.887224437087177,18.633631718853316,31.140817155321038,12.507185436467722,True
2024-11-30,Random Forest,0.95,23.2,24.4638042115734,18.21021149333954,30.71739692980726,12.507185436467722,True
2024-12-01,Random Forest,0.95,27.8,24.33943719848586,18.085844480252,30.593029916719722,12.507185436467722,True
2024-12-02,Random Forest,0.95,25.5,25.125323532173926,18.871730813940065,31.378916250407787,12.507185436467722,True
2024-12-03,Random Forest,0.95,27.0,23.387502980539384,17.133910262305523,29.641095698773245,12.507185436467722,True
2024-12-04,Random Forest,0.95,23.7,24.970104247526717,18.716511529292855,31.223696965760578,12.507185436467722,True
2024-12-05,Random Forest,0.95,20.9,22.96336951510119,16.709776796867327,29.21696223333505,12.507185436467722,True
2024-12-06,Random Forest,0.95,24.8,22.523564567154928,16.269971848921067,28.77715728538879,12.507185436467722,True
2024-12-07,Random Forest,0.95,23.5,25.277001161496052,19.02340844326219,31.530593879729913,12.507185436467722,True
2024-12-08,Random Forest,0.95,29.6,24.228789716442417,17.975196998208556,30.48238243467628,12.507185436467722,True
2024-12-09,Random Forest,0.95,27.2,25.61854590171159,19.36495318347773,31.872138619945453,12.507185436467722,True
2024-12-10,Random Forest,0.95,26.5,24.864231474210634,18.610638755976773,31.117824192444495,12.507185436467722,True
2024-12-11,Random Forest,0.95,25.0,25.37362734617708,19.12003462794322,31.627220064410942,12.507185436467722,True
2024-12-12,Random Forest,0.95,22.3,23.917272749427568,17.663680031193707,30.17086546766143,12.507185436467722,True
2024-12-13,Random Forest,0.95,24.6,22.573679960522526,16.320087242288665,28.827272678756387,12.507185436467722,True
2024-12-14,Random Forest,0.95,20.4,24.443137315772734,18.189544597538873,30.696730034006595,12.507185436467722,True
2024-12-15,Random Forest,0.95,22.6,21.11129626468302,14.857703546449159,27.36488898291688,12.507185436467722,True
2024-12-16,Random Forest,0.95,22.8,24.831985872090513,18.578393153856652,31.085578590324374,12.507185436467722,True
2024-12-17,Random Forest,0.95,23.2,25.283726012456793,19.03013329422293,31.537318730690654,12.507185436467722,True
2024-12-18,Random Forest,0.95,25.8,24.023190693945747,17.769597975711886,30.276783412179608,12.507185436467722,True
2024-12-19,Random Forest,0.95,25.0,24.955669017136714,18.702076298902853,31.209261735370575,12.507185436467722,True
2024-12-20,Random Forest,0.95,26.0,25.52078984296187,19.26719712472801,31.774382561195733,12.507185436467722,True
2024-12-21,Random Forest,0.95,26.5,27.584435932733875,21.330843214500014,33.838028650967736,12.507185436467722,True
2024-12-22,Random Forest,0.95,22.9,26.10602848632158,19.85243576808772,32.35962120455544,12.507185436467719,True
2024-12-23,Random Forest,0.95,28.2,24.92266677033117,18.669074052097308,31.17625948856503,12.507185436467722,True
2024-12-24,Random Forest,0.95,33.6,27.68405910240325,21.43046638416939,33.937651820637114,12.507185436467726,True
2024-12-25,Random Forest,0.95,35.6,31.098028320209693,24.84443560197583,37.351621038443554,12.507185436467722,True
2024-12-26,Random Forest,0.95,26.1,29.902945891700057,23.649353173466196,36.15653860993392,12.507185436467722,True
2024-12-27,Random Forest,0.95,27.9,25.058245245658746,18.804652527424885,31.311837963892607,12.507185436467722,True
2024-12-28,Random Forest,0.95,27.2,28.181544097282003,21.927951379048142,34.43513681551586,12.507185436467719,True
2024-12-29,Random Forest,0.95,26.9,24.584615789517944,18.331023071284083,30.838208507751805,12.507185436467722,True
2024-12-30,Random Forest,0.95,25.6,24.476378369387078,18.222785651153217,30.72997108762094,12.507185436467722,True
2024-12-31,Random Forest,0.95,25.7,26.026432479932698,19.772839761698837,32.280025198166555,12.507185436467719,True
2025-01-01,Random Forest,0.95,23.6,26.39076967068977,20.13717695245591,32.64436238892363,12.507185436467722,True
2025-01-02,Random Forest,0.95,26.0,26.487133614679877,20.233540896446016,32.74072633291374,12.507185436467722,True
2025-01-03,Random Forest,0.95,29.0,27.26636910152666,21.0127763832928,33.519961819760525,12.507185436467726,True
2025-01-04,Random Forest,0.95,22.4,26.76657807710125,20.51298535886739,33.02017079533511,12.507185436467722,True
2025-01-05,Random Forest,0.95,22.8,25.051228344919267,18.797635626685405,31.304821063153128,12.507185436467722,True
2025-01-06,Random Forest,0.95,24.8,26.88963128595372,20.636038567719858,33.14322400418758,12.507185436467722,True
2025-01-07,Random Forest,0.95,24.9,27.055035323010273,20.801442604776412,33.308628041244134,12.507185436467722,True
2025-01-08,Random Forest,0.95,26.0,26.288724682324084,20.035131964090223,32.54231740055795,12.507185436467726,True
2025-01-09,Random Forest,0.95,24.0,26.577334324568806,20.323741606334945,32.83092704280267,12.507185436467726,True
2025-01-10,Random Forest,0.95,26.4,26.447907459294473,20.194314741060612,32.70150017752833,12.507185436467719,True
2025-01-11,Random Forest,0.95,25.3,26.060944909850374,19.807352191616513,32.31453762808424,12.507185436467726,True
2025-01-12,Random Forest,0.95,31.1,25.65931937691808,19.40572665868422,31.912912095151942,12.507185436467722,True
2025-01-13,Random Forest,0.95,24.5,28.78175093614141,22.52815821790755,35.03534365437527,12.507185436467719,True
2025-01-14,Random Forest,0.95,21.2,24.1463663849813,17.892773666747438,30.39995910321516,12.507185436467722,True
2025-01-15,Random Forest,0.95,25.4,23.21445449570033,16.96086177746647,29.46804721393419,12.507185436467722,True
2025-01-16,Random Forest,0.95,29.0,27.35912279612674,21.10553007789288,33.6127155143606,12.507185436467722,True
2025-01-17,Random Forest,0.95,23.9,25.983216565238326,19.729623847004465,32.23680928347218,12.507185436467719,True
2025-01-18,Random Forest,0.95,25.6,26.210081174063554,19.956488455829692,32.463673892297415,12.507185436467722,True
2025-01-19,Random Forest,0.95,24.1,26.203308739744227,19.949716021510365,32.45690145797809,12.507185436467726,True
2025-01-20,Random Forest,0.95,34.7,25.754711246907544,19.501118528673683,32.00830396514141,12.507185436467726,False
2025-01-21,Random Forest,0.95,35.8,32.283493830320474,26.029901112086613,38.537086548554335,12.507185436467722,True
2025-01-22,Random Forest,0.95,28.8,29.259820014095816,23.006227295861954,35.51341273232968,12.507185436467722,True
2025-01-23,Random Forest,0.95,28.5,25.240987175205277,18.987394456971415,31.494579893439138,12.507185436467722,True
2025-01-24,Random Forest,0.95,30.5,26.03444611136421,19.78085339313035,32.28803882959807,12.507185436467722,True
2025-01-25,Random Forest,0.95,26.5,27.97112239964757,21.71752968141371,34.22471511788143,12.507185436467722,True
2025-01-26,Random Forest,0.95,27.5,26.756883224849812,20.50329050661595,33.01047594308368,12.507185436467726,True
2025-01-27,Random Forest,0.95,35.8,27.86168666092067,21.60809394268681,34.11527937915453,12.507185436467719,False
2025-01-28,Random Forest,0.95,31.4,30.163601038995246,23.910008320761385,36.41719375722911,12.507185436467722,True
2025-01-29,Random Forest,0.95,25.8,27.35990738333509,21.10631466510123,33.61350010156895,12.507185436467722,True
2025-01-30,Random Forest,0.95,24.0,25.33648413565901,19.08289141742515,31.59007685389287,12.507185436467722,True
2025-01-31,Random Forest,0.95,24.9,26.14347778461812,19.88988506638426,32.39707050285198,12.507185436467722,True
2025-02-01,Random Forest,0.95,25.5,26.797647530915253,20.54405481268139,33.05124024914912,12.507185436467726,True
2025-02-02,Random Forest,0.95,25.2,26.634410896391707,20.380818178157845,32.88800361462557,12.507185436467722,True
2025-02-03,Random Forest,0.95,25.1,26.733214318936554,20.479621600702693,32.986807037170415,12.507185436467722,True
2025-02-04,Random Forest,0.95,21.1,26.537928683103697,20.284335964869836,32.79152140133756,12.507185436467726,True
2025-02-05,Random Forest,0.95,27.4,23.538108017532355,17.284515299298494,29.791700735766216,12.507185436467722,True
2025-02-06,Random Forest,0.95,36.2,27.900968123597075,21.647375405363213,34.154560841830936,12.507185436467722,False
2025-02-07,Random Forest,0.95,26.8,30.41476805501487,24.16117533678101,36.668360773248736,12.507185436467726,True
2025-02-08,Random Forest,0.95,23.5,25.855433277839957,19.601840559606096,32.10902599607382,12.507185436467722,True
2025-02-09,Random Forest,0.95,27.5,27.101500574239285,20.847907856005424,33.35509329247314,12.507185436467719,True
2025-02-10,Random Forest,0.95,30.7,27.050092415295058,20.796499697061197,33.303685133528916,12.507185436467719,True
2025-02-11,Random Forest,0.95,31.9,28.588885890469793,22.335293172235932,34.84247860870366,12.507185436467726,True
2025-02-12,Random Forest,0.95,22.4,26.666488616424086,20.412895898190225,32.92008133465795,12.507185436467726,True
2025-02-13,Random Forest,0.95,22.9,24.740540464880336,18.486947746646475,30.994133183114197,12.507185436467722,True
2025-02-14,Random Forest,0.95,26.2,26.47659511961463,20.223002401380768,32.73018783784849,12.507185436467722,True
2025-02-15,Random Forest,0.95,25.5,27.852830299271602,21.59923758103774,34.10642301750546,12.507185436467722,True
2025-02-16,Random Forest,0.95,27.4,27.274597683024663,21.0210049647908,33.52819040125853,12.507185436467726,True
2025-02-17,Random Forest,0.95,26.3,27.78898311446512,21.535390396231257,34.04257583269898,12.507185436467722,True
2025-02-18,Random Forest,0.95,33.8,27.507563234293006,21.253970516059145,33.76115595252686,12.507185436467719,False
2025-02-19,Random Forest,0.95,34.7,30.100750944155656,23.847158225921795,36.35434366238952,12.507185436467722,True
2025-02-20,Random Forest,0.95,27.6,27.167700531737687,20.914107813503826,33.42129324997155,12.507185436467722,True
2025-02-21,Random Forest,0.95,28.8,24.499255808167703,18.245663089933842,30.752848526401564,12.507185436467722,True
2025-02-22,Random Forest,0.95,23.6,28.21707908245922,21.96348636422536,34.47067180069308,12.507185436467722,True
2025-02-23,Random Forest,0.95,25.8,26.939127519753168,20.685534801519307,33.19272023798703,12.507185436467726,True
2025-02-24,Random Forest,0.95,26.5,26.432480542123294,20.178887823889433,32.686073260357155,12.507185436467722,True
2025-02-25,Random Forest,0.95,31.7,28.011114571020777,21.757521852786915,34.26470728925464,12.507185436467722,True
2025-02-26,Random Forest,0.95,28.1,30.99823689877671,24.74464418054285,37.25182961701057,12.507185436467722,True
2025-02-27,Random Forest,0.95,28.1,27.43742896657966,21.1838362483458,33.69102168481352,12.507185436467722,True
2025-02-28,Random Forest,0.95,25.8,28.201990326704454,21.948397608470593,34.455583044938315,12.507185436467722,True
2025-03-01,Random Forest,0.95,34.5,26.34783656587846,20.0942438476446,32.60142928411232,12.507185436467722,False
2025-03-02,Random Forest,0.95,35.2,30.044898934202326,23.791306215968465,36.298491652436184,12.507185436467719,True
2025-03-03,Random Forest,0.95,26.5,27.50070818226985,21.24711546403599,33.75430090050371,12.507185436467719,True
2025-03-04,Random Forest,0.95,27.9,25.04623729097048,18.79264457273662,31.299830009204342,12.507185436467722,True
2025-03-05,Random Forest,0.95,25.3,27.385357475343355,21.131764757109494,33.638950193577216,12.507185436467722,True
2025-03-06,Random Forest,0.95,27.8,25.44823877936548,19.194646061131618,31.70183149759934,12.507185436467722,True
2025-03-07,Random Forest,0.95,31.5,26.648242257474017,20.394649539240156,32.90183497570788,12.507185436467722,True
2025-03-08,Random Forest,0.95,25.5,28.8071151837158,22.55352246548194,35.06070790194966,12.507185436467722,True
2025-03-09,Random Forest,0.95,22.5,23.355374113692847,17.101781395458985,29.608966831926708,12.507185436467722,True
2025-03-10,Random Forest,0.95,26.5,25.54596438478007,19.29237166654621,31.79955710301393,12.507185436467722,True
2025-03-11,Random Forest,0.95,28.5,26.893556337921847,20.639963619687986,33.14714905615571,12.507185436467726,True
2025-03-12,Random Forest,0.95,29.3,26.97696576040494,20.72337304217108,33.2305584786388,12.507185436467719,True
2025-03-13,Random Forest,0.95,35.9,27.863136623217905,21.609543904984044,34.116729341451766,12.507185436467722,False
2025-03-14,Random Forest,0.95,29.0,29.49886773471709,23.24527501648323,35.752460452950956,12.507185436467726,True
2025-03-15,Random Forest,0.95,26.6,27.60129325317729,21.347700534943428,33.85488597141115,12.507185436467722,True
2025-03-16,Random Forest,0.95,27.0,24.887068286077884,18.633475567844023,31.140661004311745,12.507185436467722,True
2025-03-17,Random Forest,0.95,31.6,26.752016317835665,20.498423599601804,33.00560903606953,12.507185436467726,True
2025-03-18,Random Forest,0.95,32.8,28.63505859304744,22.38146587481358,34.8886513112813,12.507185436467722,True
2025-03-19,Random Forest,0.95,29.1,27.34945337052805,21.09586065229419,33.603046088761914,12.507185436467726,True
2025-03-20,Random Forest,0.95,26.2,22.54355274246536,16.289960024231497,28.79714546069922,12.507185436467722,True
2025-03-21,Random Forest,0.95,24.6,23.47474415757799,17.22115143934413,29.728336875811852,12.507185436467722,True
2025-03-22,Random Forest,0.95,22.2,24.00800924707518,17.75441652884132,30.26160196530904,12.507185436467722,True
2025-03-23,Random Forest,0.95,23.6,23.329405174705844,17.075812456471983,29.582997892939705,12.507185436467722,True
2025-03-24,Random Forest,0.95,23.5,25.08529471195982,18.831701993725957,31.33888743019368,12.507185436467722,True
2025-03-25,Random Forest,0.95,22.5,22.204954516064902,15.95136179783104,28.458547234298763,12.507185436467722,True
2025-03-26,Random Forest,0.95,29.6,24.15950191705539,17.90590919882153,30.41309463528925,12.507185436467722,True
2025-03-27,Random Forest,0.95,30.9,27.252427436788874,20.998834718555013,33.50602015502274,12.507185436467726,True
2025-03-28,Random Forest,0.95,24.6,27.674227024112504,21.420634305878643,33.927819742346365,12.507185436467722,True
2025-03-29,Random Forest,0.95,23.1,22.93679826698829,16.68320554875443,29.19039098522215,12.507185436467722,True
2025-03-30,Random Forest,0.95,25.8,23.88767182804769,17.63407910981383,30.14126454628155,12.507185436467722,True
2025-03-31,Random Forest,0.95,22.1,22.95487421407125,16.70128149583739,29.20846693230511,12.507185436467722,True
2025-04-01,Random Forest,0.95,24.5,22.871331867233845,16.617739148999984,29.124924585467706,12.507185436467722,True
2025-04-02,Random Forest,0.95,29.9,25.511811732150136,19.258219013916275,31.765404450383997,12.507185436467722,True
2025-04-03,Random Forest,0.95,29.9,26.035428648714912,19.78183593048105,32.289021366948774,12.507185436467722,True
2025-04-04,Random Forest,0.95,31.6,27.861763350303065,21.608170632069204,34.115356068536926,12.507185436467722,True
2025-04-05,Random Forest,0.95,31.8,28.76531857594416,22.5117258577103,35.018911294178025,12.507185436467726,True
2025-04-06,Random Forest,0.95,30.9,27.717996365345442,21.46440364711158,33.9715890835793,12.507185436467722,True
2025-04-07,Random Forest,0.95,21.4,27.189681746817115,20.936089028583254,33.443274465050976,12.507185436467722,True
2025-04-08,Random Forest,0.95,22.6,23.309581449152287,17.055988730918425,29.563174167386148,12.507185436467722,True
2025-04-09,Random Forest,0.95,24.5,23.06589856528793,16.81230584705407,29.319491283521792,12.507185436467722,True
2025-04-10,Random Forest,0.95,27.7,24.664136761656717,18.410544043422856,30.91772947989058,12.507185436467722,True
2025-04-11,Random Forest,0.95,19.8,25.997680136041403,19.744087417807542,32.251272854275264,12.507185436467722,True
2025-04-12,Random Forest,0.95,19.5,20.593559490972986,14.339966772739125,26.847152209206847,12.507185436467722,True
2025-04-13,Random Forest,0.95,19.5,21.67442882576253,15.420836107528668,27.92802154399639,12.507185436467722,True
2025-04-14,Random Forest,0.95,23.4,21.889087776442373,15.635495058208512,28.142680494676235,12.507185436467722,True
2025-04-15,Random Forest,0.95,24.9,24.143624147130918,17.890031428897057,30.39721686536478,12.507185436467722,True
2025-04-16,Random Forest,0.95,27.3,25.428719697171406,19.175126978937545,31.682312415405267,12.507185436467722,True
2025-04-17,Random Forest,0.95,31.0,25.96386721316545,19.71027449493159,32.21745993139931,12.507185436467722,True
2025-04-18,Random Forest,0.95,22.6,27.563848254259185,21.310255536025323,33.817440972493046,12.507185436467722,True
2025-04-19,Random Forest,0.95,22.5,22.20767914646165,15.95408642822779,28.46127186469551,12.507185436467722,True
2025-04-20,Random Forest,0.95,21.3,23.94208226612369,17.68848954788983,30.195674984357552,12.507185436467722,True
2025-04-21,Random Forest,0.95,25.0,22.42047514918357,16.16688243094971,28.67406786741743,12.507185436467722,True
2025-04-22,Random Forest,0.95,24.3,25.24946946149743,18.99587674326357,31.50306217973129,12.507185436467722,True
2025-04-23,Random Forest,0.95,24.8,24.706962202791143,18.45336948455728,30.960554921025004,12.507185436467722,True
2025-04-24,Random Forest,0.95,24.1,24.19317660531108,17.93958388707722,30.44676932354494,12.507185436467722,True
2025-04-25,Random Forest,0.95,26.6,23.667498104739177,17.413905386505316,29.92109082297304,12.507185436467722,True
2025-04-26,Random Forest,0.95,34.3,26.554285159196972,20.30069244096311,32.80787787743083,12.507185436467722,False
2025-04-27,Random Forest,0.95,22.9,28.421061746143454,22.167469027909593,34.67465446437731,12.507185436467719,True
2025-04-28,Random Forest,0.95,20.0,24.246843819816505,17.993251101582644,30.500436538050366,12.507185436467722,True
2025-04-29,Random Forest,0.95,19.0,22.106436239492243,15.852843521258382,28.360028957726104,12.507185436467722,True
2025-04-30,Random Forest,0.95,15.9,21.043155746777085,14.789563028543224,27.296748465010946,12.507185436467722,True
2025-05-01,Random Forest,0.95,16.5,17.251894646376154,10.998301928142293,23.505487364610016,12.507185436467722,True
2025-05-02,Random Forest,0.95,19.6,17.528434962933638,11.274842244699776,23.7820276811675,12.507185436467722,True
2025-05-03,Random Forest,0.95,25.0,19.90059878421482,13.64700606598096,26.154191502448683,12.507185436467722,True
2025-05-04,Random Forest,0.95,21.1,22.046297393025363,15.792704674791501,28.299890111259224,12.507185436467722,True
2025-05-05,Random Forest,0.95,20.5,19.529397171653986,13.275804453420125,25.782989889887848,12.507185436467722,True
2025-05-06,Random Forest,0.95,19.8,22.148706076755193,15.895113358521332,28.402298794989054,12.507185436467722,True
2025-05-07,Random Forest,0.95,19.8,20.992774912056603,14.739182193822742,27.246367630290464,12.507185436467722,True
2025-05-08,Random Forest,0.95,20.6,20.67696501530733,14.42337229707347,26.930557733541193,12.507185436467722,True
2025-05-09,Random Forest,0.95,17.8,20.825409893650715,14.571817175416854,27.079002611884576,12.507185436467722,True
2025-05-10,Random Forest,0.95,18.0,18.43473119557275,12.181138477338887,24.68832391380661,12.507185436467722,True
2025-05-11,Random Forest,0.95,20.1,17.87784954258974,11.624256824355879,24.1314422608236,12.507185436467722,True
2025-05-12,Random Forest,0.95,21.0,20.127555540084074,13.873962821850213,26.381148258317936,12.507185436467722,True
2025-05-13,Random Forest,0.95,21.5,20.85726481037558,14.603672092141718,27.11085752860944,12.507185436467722,True
2025-05-14,Random Forest,0.95,23.6,20.176519918684427,13.922927200450566,26.430112636918288,12.507185436467722,True
2025-05-15,Random Forest,0.95,26.7,23.37945330317009,17.12586058493623,29.633046021403953,12.507185436467722,True
2025-05-16,Random Forest,0.95,23.2,24.28135489274277,18.027762174508908,30.53494761097663,12.507185436467722,True
2025-05-17,Random Forest,0.95,24.6,22.833441158044632,16.57984843981077,29.087033876278493,12.507185436467722,True
2025-05-18,Random Forest,0.95,19.9,21.66020455856961,15.40661184033575,27.91379727680347,12.507185436467722,True
2025-05-19,Random Forest,0.95,15.3,20.411789169755515,14.158196451521654,26.665381887989376,12.507185436467722,True
2025-05-20,Random Forest,0.95,16.4,15.33641883935405,9.082826121120188,21.59001155758791,12.507185436467722,True
2025-05-21,Random Forest,0.95,19.2,16.898568243218993,10.644975524985131,23.152160961452854,12.507185436467722,True
2025-05-22,Random Forest,0.95,18.9,19.58585883864671,13.33226612041285,25.839451556880572,12.507185436467722,True
2025-05-23,Random Forest,0.95,26.5,19.187646899326413,12.934054181092552,25.441239617560274,12.507185436467722,False
2025-05-24,Random Forest,0.95,21.4,23.05512824617648,16.80153552794262,29.30872096441034,12.507185436467722,True
2025-05-25,Random Forest,0.95,16.7,21.614336677884296,15.360743959650435,27.867929396118157,12.507185436467722,True
2025-05-26,Random Forest,0.95,20.1,17.24850024664435,10.99490752841049,23.502092964878212,12.507185436467722,True
2025-05-27,Random Forest,0.95,18.5,19.82578876400404,13.57219604577018,26.079381482237903,12.507185436467722,True
2025-05-28,Random Forest,0.95,18.4,17.535570526672892,11.28197780843903,23.789163244906753,12.507185436467722,True
2025-05-29,Random Forest,0.95,18.0,17.637079291665316,11.383486573431455,23.890672009899177,12.507185436467722,True
2025-05-30,Random Forest,0.95,18.2,17.364850477780866,11.111257759547005,23.618443196014727,12.507185436467722,True
2025-05-31,Random Forest,0.95,18.6,18.886222495875135,12.632629777641274,25.139815214108996,12.507185436467722,True
2025-06-01,Random Forest,0.95,17.5,19.630808664233395,13.377215945999534,25.884401382467257,12.507185436467722,True
2025-06-02,Random Forest,0.95,15.7,20.52514365613949,14.27155093790563,26.778736374373352,12.507185436467722,True
2025-06-03,Random Forest,0.95,17.7,16.79041985603714,10.536827137803279,23.044012574271,12.507185436467722,True
2025-06-04,Random Forest,0.95,18.6,18.214209928190268,11.960617209956407,24.46780264642413,12.507185436467722,True
2025-06-05,Random Forest,0.95,16.6,20.465311160976306,14.211718442742445,26.718903879210167,12.507185436467722,True
2025-06-06,Random Forest,0.95,14.8,17.74905096764308,11.495458249409218,24.00264368587694,12.507185436467722,True
2025-06-07,Random Forest,0.95,13.9,14.907122036475021,8.65352931824116,21.160714754708884,12.507185436467724,True
2025-06-08,Random Forest,0.95,15.5,14.987834239692932,8.73424152145907,21.24142695792679,12.50718543646772,True
2025-06-09,Random Forest,0.95,16.4,16.1742436419105,9.92065092367664,22.42783636014436,12.507185436467722,True
2025-06-10,Random Forest,0.95,18.0,17.183328369233223,10.929735650999362,23.436921087467084,12.507185436467722,True
2025-06-11,Random Forest,0.95,18.9,19.317634452667757,13.064041734433896,25.57122717090162,12.507185436467722,True
2025-06-12,Random Forest,0.95,22.5,19.187464816535844,12.933872098301983,25.441057534769705,12.507185436467722,True
2025-06-13,Random Forest,0.95,25.1,20.23968583928716,13.986093121053297,26.49327855752102,12.507185436467722,True
2025-06-14,Random Forest,0.95,25.0,22.033618490791024,15.780025772557163,28.287211209024886,12.507185436467722,True
2025-06-15,Random Forest,0.95,15.7,21.046048335778252,14.792455617544391,27.299641054012113,12.507185436467722,True
2025-06-16,Random Forest,0.95,15.3,16.299248056021234,10.045655337787373,22.552840774255095,12.507185436467722,True
2025-06-17,Random Forest,0.95,17.1,16.720435526550748,10.466842808316887,22.97402824478461,12.507185436467722,True
2025-06-18,Random Forest,0.95,16.0,15.75002609593682,9.496433377702958,22.00361881417068,12.50718543646772,True
2025-06-19,Random Forest,0.95,18.2,16.422174310800692,10.16858159256683,22.675767029034553,12.507185436467722,True
2025-06-20,Random Forest,0.95,19.8,17.263414921636176,11.009822203402315,23.517007639870037,12.507185436467722,True
2025-06-21,Random Forest,0.95,15.1,18.645557879611776,12.391965161377914,24.899150597845637,12.507185436467722,True
2025-06-22,Random Forest,0.95,17.2,16.437408494570487,10.183815776336626,22.69100121280435,12.507185436467722,True
2025-06-23,Random Forest,0.95,17.2,16.653158420559222,10.399565702325361,22.906751138793084,12.507185436467722,True
2025-06-24,Random Forest,0.95,13.1,19.011779657093708,12.758186938859847,25.26537237532757,12.507185436467722,True
2025-06-25,Random Forest,0.95,13.4,14.61589563129207,8.362302913058208,20.86948834952593,12.507185436467722,True
2025-06-26,Random Forest,0.95,13.2,14.21928849970815,7.965695781474288,20.47288121794201,12.507185436467722,True
2025-06-27,Random Forest,0.95,14.6,14.595790105387962,8.342197387154101,20.849382823621823,12.507185436467722,True
2025-06-28,Random Forest,0.95,18.4,15.309185206863363,9.055592488629502,21.562777925097222,12.50718543646772,True
2025-06-29,Random Forest,0.95,18.0,16.058961857357243,9.805369139123382,22.312554575591104,12.507185436467722,True
2025-06-30,Random Forest,0.95,15.9,19.503392576809265,13.249799858575404,25.756985295043126,12.507185436467722,True
2025-07-01,Random Forest,0.95,16.5,17.4875411033549,11.233948385121039,23.74113382158876,12.507185436467722,True
2025-07-02,Random Forest,0.95,14.0,16.855318265370506,10.601725547136645,23.108910983604368,12.507185436467722,True
2025-07-03,Random Forest,0.95,13.7,13.866235315560923,7.612642597327062,20.119828033794782,12.50718543646772,True
2025-07-04,Random Forest,0.95,14.3,14.031134040719301,7.77754132248544,20.284726758953163,12.507185436467722,True
2025-07-05,Random Forest,0.95,14.6,14.466954399999183,8.213361681765322,20.720547118233043,12.50718543646772,True
2025-07-06,Random Forest,0.95,15.4,14.41536891782306,8.161776199589198,20.66896163605692,12.507185436467722,True
2025-07-07,Random Forest,0.95,18.6,15.759820913948555,9.506228195714694,22.013413632182417,12.507185436467722,True
2025-07-08,Random Forest,0.95,16.8,18.55900756181732,12.30541484358346,24.812600280051182,12.507185436467722,True
2025-07-09,Random Forest,0.95,16.8,17.966815975533375,11.713223257299514,24.220408693767236,12.507185436467722,True
2025-07-10,Random Forest,0.95,13.8,17.001189769881194,10.747597051647332,23.254782488115055,12.507185436467722,True
2025-07-11,Random Forest,0.95,14.9,15.320463744953916,9.066871026720055,21.574056463187777,12.507185436467722,True
2025-07-12,Random Forest,0.95,15.2,16.910120489725465,10.656527771491604,23.163713207959326,12.507185436467722,True
2025-07-13,Random Forest,0.95,15.9,17.020606124737334,10.767013406503473,23.274198842971195,12.507185436467722,True
2025-07-14,Random Forest,0.95,16.5,16.05003488758596,9.796442169352098,22.30362760581982,12.507185436467722,True
2025-07-15,Random Forest,0.95,17.0,16.076360449345824,9.822767731111963,22.329953167579685,12.507185436467722,True
2025-07-16,Random Forest,0.95,16.3,16.64056944658662,10.38697672835276,22.894162164820482,12.507185436467722,True
2025-07-17,Random Forest,0.95,15.0,15.137157971454092,8.883565253220231,21.390750689687955,12.507185436467724,True
2025-07-18,Random Forest,0.95,16.4,16.930247092277327,10.676654374043466,23.183839810511188,12.507185436467722,True
2025-07-19,Random Forest,0.95,18.6,17.59927259730617,11.34567987907231,23.852865315540033,12.507185436467722,True
2025-07-20,Random Forest,0.95,14.8,18.69196538136667,12.43837266313281,24.945558099600532,12.507185436467722,True
2025-07-21,Random Forest,0.95,16.9,15.6458128450059,9.392220126772038,21.89940556323976,12.507185436467722,True
2025-07-22,Random Forest,0.95,17.2,16.875862191052217,10.622269472818356,23.12945490928608,12.507185436467722,True
2025-07-23,Random Forest,0.95,16.6,17.429280425831163,11.175687707597302,23.682873144065024,12.507185436467722,True
2025-07-24,Random Forest,0.95,14.6,16.979288882026843,10.725696163792982,23.232881600260704,12.507185436467722,True
2025-07-25,Random Forest,0.95,15.1,15.87975811282636,9.6261653945925,22.13335083106022,12.50718543646772,True
2025-07-26,Random Forest,0.95,19.0,16.80407257051522,10.55047985228136,23.05766528874908,12.507185436467722,True
2025-07-27,Random Forest,0.95,21.0,17.164881973000785,10.911289254766924,23.418474691234646,12.507185436467722,True
2025-07-28,Random Forest,0.95,26.6,21.029772233514567,14.776179515280706,27.28336495174843,12.507185436467722,True
2025-07-29,Random Forest,0.95,15.9,22.536189082076856,16.282596363842995,28.789781800310717,12.507185436467722,False
2025-07-30,Random Forest,0.95,13.3,16.224752029197443,9.971159310963582,22.478344747431304,12.507185436467722,True
2025-07-31,Random Forest,0.95,15.6,15.583641420285819,9.330048702051958,21.83723413851968,12.507185436467722,True
2025-08-01,Random Forest,0.95,23.0,16.678612453585956,10.425019735352095,22.932205171819817,12.507185436467722,False
2025-08-02,Random Forest,0.95,21.2,20.011690808146664,13.758098089912803,26.265283526380525,12.507185436467722,True
2025-08-03,Random Forest,0.95,14.4,19.487477105406295,13.233884387172434,25.741069823640156,12.507185436467722,True
2025-08-04,Random Forest,0.95,14.8,15.762830360508215,9.509237642274353,22.016423078742076,12.507185436467722,True
2025-08-05,Random Forest,0.95,15.1,15.516659213588776,9.263066495354915,21.770251931822635,12.50718543646772,True
2025-08-06,Random Forest,0.95,17.0,15.182868827968823,8.929276109734962,21.436461546202686,12.507185436467724,True
2025-08-07,Random Forest,0.95,17.2,16.464893900010576,10.211301181776715,22.718486618244437,12.507185436467722,True
2025-08-08,Random Forest,0.95,14.4,17.763636117966566,11.510043399732705,24.017228836200427,12.507185436467722,True
2025-08-09,Random Forest,0.95,15.1,14.969542805753882,8.71595008752002,21.223135523987743,12.507185436467722,True
2025-08-10,Random Forest,0.95,15.9,15.941378221982113,9.687785503748252,22.194970940215974,12.507185436467722,True
2025-08-11,Random Forest,0.95,16.5,17.507539351898327,11.253946633664466,23.761132070132188,12.507185436467722,True
2025-08-12,Random Forest,0.95,16.4,17.173197120269734,10.919604402035873,23.426789838503595,12.507185436467722,True
2025-08-13,Random Forest,0.95,15.0,17.55282294005659,11.299230221822729,23.80641565829045,12.507185436467722,True
2025-08-14,Random Forest,0.95,16.6,17.39912866866224,11.145535950428378,23.6527213868961,12.507185436467722,True
2025-08-15,Random Forest,0.95,16.9,16.39271707141322,10.139124353179358,22.64630978964708,12.507185436467722,True
2025-08-16,Random Forest,0.95,19.5,16.412127088747646,10.158534370513784,22.665719806981507,12.507185436467722,True
2025-08-17,Random Forest,0.95,19.6,19.637540032458084,13.383947314224223,25.891132750691945,12.507185436467722,True
2025-08-18,Random Forest,0.95,18.9,20.852858890496897,14.599266172263036,27.106451608730758,12.507185436467722,True
2025-08-19,Random Forest,0.95,17.6,17.732101944822745,11.478509226588884,23.985694663056606,12.507185436467722,True
2025-08-20,Random Forest,0.95,17.2,16.10156135628632,9.84796863805246,22.355154074520183,12.507185436467722,True
2025-08-21,Random Forest,0.95,17.2,17.06018695681634,10.80659423858248,23.313779675050203,12.507185436467722,True
2025-08-22,Random Forest,0.95,15.4,16.822126611934237,10.568533893700376,23.0757193301681,12.507185436467722,True
2025-08-23,Random Forest,0.95,16.2,16.592332106578578,10.338739388344717,22.84592482481244,12.507185436467722,True
2025-08-24,Random Forest,0.95,16.2,15.833213528073145,9.579620809839284,22.086806246307006,12.507185436467722,True
2025-08-25,Random Forest,0.95,19.0,17.7850021874032,11.53140946916934,24.038594905637062,12.507185436467722,True
2025-08-26,Random Forest,0.95,18.4,19.3435743960344,13.089981677800537,25.59716711426826,12.507185436467722,True
2025-08-27,Random Forest,0.95,19.0,19.436795393408577,13.183202675174716,25.690388111642438,12.507185436467722,True
2025-08-28,Random Forest,0.95,20.0,18.92923113490574,12.67563841667188,25.182823853139602,12.507185436467722,True
2025-08-29,Random Forest,0.95,19.4,20.04077140997616,13.787178691742298,26.29436412821002,12.507185436467722,True
2025-08-30,Random Forest,0.95,18.6,19.55881422373983,13.305221505505969,25.81240694197369,12.507185436467722,True
2025-08-31,Random Forest,0.95,21.5,18.48626527418306,12.2326725559492,24.739857992416923,12.507185436467722,True
2025-09-01,Random Forest,0.95,20.5,21.439156082084065,15.185563363850203,27.692748800317926,12.507185436467722,True
2025-09-02,Random Forest,0.95,19.2,20.128224974626715,13.874632256392854,26.381817692860576,12.507185436467722,True
2025-09-03,Random Forest,0.95,18.9,19.33557772320276,13.0819850049689,25.58917044143662,12.507185436467722,True
2025-09-04,Random Forest,0.95,17.8,19.38174007734067,13.128147359106809,25.63533279557453,12.507185436467722,True
2025-09-05,Random Forest,0.95,17.0,19.412424514097683,13.158831795863822,25.666017232331544,12.507185436467722,True
2025-09-06,Random Forest,0.95,19.0,18.510452636578197,12.256859918344336,24.76404535481206,12.507185436467722,True
2025-09-07,Random Forest,0.95,26.5,20.302743266564796,14.049150548330935,26.556335984798658,12.507185436467722,True
2025-09-08,Random Forest,0.95,25.7,23.800561542040747,17.546968823806885,30.054154260274608,12.507185436467722,True
2025-09-09,Random Forest,0.95,19.5,22.004669525826806,15.751076807592945,28.258262244060667,12.507185436467722,True
2025-09-10,Random Forest,0.95,19.1,19.667459278277054,13.413866560043193,25.921051996510915,12.507185436467722,True
2025-09-11,Random Forest,0.95,18.7,19.153026430954128,12.899433712720267,25.40661914918799,12.507185436467722,True
2025-09-12,Random Forest,0.95,20.0,20.421679206849916,14.168086488616055,26.675271925083777,12.507185436467722,True
2025-09-13,Random Forest,0.95,21.4,20.87952803750359,14.625935319269729,27.13312075573745,12.507185436467722,True
2025-09-14,Random Forest,0.95,17.9,22.162503855002978,15.908911136769117,28.41609657323684,12.507185436467722,True
2025-09-15,Random Forest,0.95,17.1,16.706577874285525,10.452985156051664,22.960170592519386,12.507185436467722,True
2025-09-16,Random Forest,0.95,15.7,16.90111106888843,10.647518350654568,23.15470378712229,12.507185436467722,True
2025-09-17,Random Forest,0.95,16.8,18.636676106361858,12.383083388127996,24.89026882459572,12.507185436467722,True
2025-09-18,Random Forest,0.95,22.3,17.805376148390504,11.551783430156643,24.058968866624365,12.507185436467722,True
2025-09-19,Random Forest,0.95,20.4,21.575087616235848,15.321494898001987,27.82868033446971,12.507185436467722,True
2025-09-20,Random Forest,0.95,17.8,19.68173318644332,13.42814046820946,25.935325904677182,12.507185436467722,True
2025-09-21,Random Forest,0.95,19.4,18.4431641359513,12.189571417717438,24.69675685418516,12.507185436467722,True
2025-09-22,Random Forest,0.95,16.4,18.18415332752064,11.930560609286779,24.4377460457545,12.507185436467722,True
2025-09-23,Random Forest,0.95,18.5,16.730736819023637,10.477144100789776,22.984329537257498,12.507185436467722,True
2025-09-24,Random Forest,0.95,19.4,18.51830676072292,12.264714042489057,24.77189947895678,12.507185436467722,True
2025-09-25,Random Forest,0.95,26.6,20.26534668462435,14.01175396639049,26.518939402858212,12.507185436467722,False
2025-09-26,Random Forest,0.95,23.6,25.009313879297633,18.75572116106377,31.262906597531494,12.507185436467722,True
2025-09-27,Random Forest,0.95,19.9,21.010153268042988,14.756560549809127,27.26374598627685,12.507185436467722,True
2025-09-28,Random Forest,0.95,24.1,21.789642779641397,15.536050061407536,28.04323549787526,12.507185436467722,True
2025-09-29,Random Forest,0.95,34.5,23.73124038614293,17.477647667909068,29.98483310437679,12.507185436467722,False
2025-09-30,Random Forest,0.95,20.8,26.573153201290157,20.319560483056296,32.826745919524015,12.507185436467719,True
2025-10-01,Random Forest,0.95,18.4,18.596856470087655,12.343263751853794,24.850449188321516,12.507185436467722,True
2025-10-02,Random Forest,0.95,25.6,20.73479323000574,14.481200511771878,26.9883859482396,12.507185436467722,True
2025-10-03,Random Forest,0.95,22.4,24.53524256234203,18.28164984410817,30.788835280575892,12.507185436467722,True
2025-10-04,Random Forest,0.95,19.0,21.571223740151428,15.317631021917567,27.82481645838529,12.507185436467722,True
2025-10-05,Random Forest,0.95,19.5,20.127984419350415,13.874391701116554,26.381577137584276,12.507185436467722,True
2025-10-06,Random Forest,0.95,20.6,18.170598402433097,11.917005684199236,24.424191120666958,12.507185436467722,True
2025-10-07,Random Forest,0.95,20.9,21.59217243231915,15.338579714085288,27.84576515055301,12.507185436467722,True
2025-10-08,Random Forest,0.95,27.2,21.560185780779864,15.306593062546003,27.813778499013726,12.507185436467722,True
2025-10-09,Random Forest,0.95,27.0,24.097463713979607,17.843870995745746,30.35105643221347,12.507185436467722,True
2025-10-10,Random Forest,0.95,24.0,23.033458270429584,16.779865552195723,29.287050988663445,12.507185436467722,True
2025-10-11,Random Forest,0.95,23.7,22.30068167350709,16.047088955273228,28.55427439174095,12.507185436467722,True
2025-10-12,Random Forest,0.95,22.1,22.95235532083172,16.69876260259786,29.205948039065582,12.507185436467722,True
2025-10-13,Random Forest,0.95,19.8,23.952268343219007,17.698675624985146,30.205861061452868,12.507185436467722,True
2025-10-14,Random Forest,0.95,19.1,19.197980383583488,12.944387665349627,25.45157310181735,12.507185436467722,True
2025-10-15,Random Forest,0.95,18.6,21.45972634125118,15.206133623017319,27.71331905948504,12.507185436467722,True
2025-10-16,Random Forest,0.95,27.8,19.018464408792855,12.764871690558994,25.272057127026716,12.507185436467722,False
2025-10-17,Random Forest,0.95,19.6,25.281773759549655,19.028181041315793,31.535366477783516,12.507185436467722,True
2025-10-18,Random Forest,0.95,24.5,21.011979987271076,14.758387269037215,27.265572705504937,12.507185436467722,True
2025-10-19,Random Forest,0.95,28.8,23.898623326105778,17.645030607871917,30.15221604433964,12.507185436467722,True
2025-10-20,Random Forest,0.95,31.4,24.862225419106498,18.608632700872636,31.11581813734036,12.507185436467722,False
2025-10-21,Random Forest,0.95,31.5,30.550032182751522,24.29643946451766,36.80362490098538,12.507185436467722,True
2025-10-22,Random Forest,0.95,22.5,26.58348794356266,20.329895225328798,32.83708066179652,12.507185436467722,True
2025-10-23,Random Forest,0.95,20.4,23.112768808027166,16.859176089793305,29.366361526261027,12.507185436467722,True
2025-10-24,Random Forest,0.95,19.5,22.25638556253769,16.00279284430383,28.509978280771552,12.507185436467722,True
2025-10-25,Random Forest,0.95,17.6,19.073964363715056,12.820371645481195,25.327557081948918,12.507185436467722,True
2025-10-26,Random Forest,0.95,20.4,17.88225981438028,11.628667096146419,24.13585253261414,12.507185436467722,True
2025-10-27,Random Forest,0.95,20.5,21.74181600580811,15.48822328757425,27.995408724041972,12.507185436467722,True
2025-10-28,Random Forest,0.95,21.6,22.543548922877783,16.28995620464392,28.797141641111644,12.507185436467722,True
2025-10-29,Random Forest,0.95,31.5,22.95849247740004,16.704899759166178,29.2120851956339,12.507185436467722,False
2025-10-30,Random Forest,0.95,22.2,28.190095924336067,21.936503206102206,34.443688642569924,12.507185436467719,True
2025-10-31,Random Forest,0.95,20.6,21.57906897854752,15.32547626031366,27.832661696781383,12.507185436467722,True
2025-11-01,Random Forest,0.95,21.0,19.155284042846272,12.901691324612411,25.408876761080133,12.507185436467722,True
2025-11-02,Random Forest,0.95,23.2,23.01373879090639,16.76014607267253,29.267331509140252,12.507185436467722,True
2025-11-03,Random Forest,0.95,22.4,24.65116158358005,18.397568865346187,30.90475430181391,12.507185436467722,True
2025-11-04,Random Forest,0.95,27.1,22.757010518193667,16.503417799959806,29.010603236427528,12.507185436467722,True
2025-11-05,Random Forest,0.95,29.9,25.059659270167902,18.80606655193404,31.313251988401763,12.507185436467722,True
2025-11-06,Random Forest,0.95,34.3,27.30859309254938,21.05500037431552,33.56218581078324,12.507185436467722,False
2025-11-07,Random Forest,0.95,30.9,30.173311386450276,23.919718668216415,36.42690410468414,12.507185436467726,True
2025-11-08,Random Forest,0.95,29.9,28.41917701369967,22.16558429546581,34.67276973193353,12.507185436467719,True
2025-11-09,Random Forest,0.95,28.6,27.98837314494636,21.7347804267125,34.241965863180226,12.507185436467726,True
2025-11-10,Random Forest,0.95,25.9,26.04586833880635,19.79227562057249,32.29946105704021,12.507185436467722,True
2025-11-11,Random Forest,0.95,25.3,24.52791073732857,18.274318019094707,30.78150345556243,12.507185436467722,True
2025-11-12,Random Forest,0.95,28.0,24.860206386937033,18.606613668703172,31.113799105170894,12.507185436467722,True
2025-11-13,Random Forest,0.95,25.5,26.841676570362367,20.588083852128506,33.09526928859623,12.507185436467722,True
2025-11-14,Random Forest,0.95,22.1,24.18451160852454,17.93091889029068,30.438104326758403,12.507185436467722,True
2025-11-15,Random Forest,0.95,25.8,23.251115997144996,16.997523278911135,29.504708715378857,12.507185436467722,True
2025-11-16,Random Forest,0.95,30.5,25.602151046370683,19.34855832813682,31.855743764604544,12.507185436467722,True
2025-11-17,Random Forest,0.95,24.5,26.647217819899748,20.393625101665886,32.90081053813361,12.507185436467726,True
2025-11-18,Random Forest,0.95,25.4,24.85802803551872,18.60443531728486,31.111620753752582,12.507185436467722,True
2025-11-19,Random Forest,0.95,25.1,25.64767145209474,19.39407873386088,31.901264170328602,12.507185436467722,True
2025-11-20,Random Forest,0.95,27.6,25.177962058756684,18.924369340522823,31.431554776990545,12.507185436467722,True
2025-11-21,Random Forest,0.95,29.9,26.81380092833374,20.56020821009988,33.0673936465676,12.507185436467722,True
2025-11-22,Random Forest,0.95,25.4,26.92896927032243,20.67537655208857,33.18256198855629,12.507185436467719,True
2025-11-23,Random Forest,0.95,24.6,25.446168701285174,19.192575983051313,31.699761419519035,12.507185436467722,True
2025-11-24,Random Forest,0.95,34.5,25.18532986846874,18.93173715023488,31.438922586702603,12.507185436467722,False
2025-11-25,Random Forest,0.95,25.9,30.936146904968044,24.682554186734183,37.1897396232019,12.507185436467719,True
2025-11-26,Random Forest,0.95,32.6,25.58911344521579,19.33552072698193,31.84270616344965,12.507185436467722,False
2025-11-27,Random Forest,0.95,27.5,30.4491903799307,24.19559766169684,36.70278309816456,12.507185436467719,True
2025-11-28,Random Forest,0.95,24.0,24.20489100303407,17.95129828480021,30.458483721267932,12.507185436467722,True
2025-11-29,Random Forest,0.95,27.1,23.445287465962007,17.191694747728146,29.69888018419587,12.507185436467722,True
2025-11-30,Random Forest,0.95,26.0,25.990376455278764,19.736783737044902,32.243969173512625,12.507185436467722,True
2025-12-01,Random Forest,0.95,24.6,25.133017394247144,18.879424676013283,31.386610112481005,12.507185436467722,True
2025-12-02,Random Forest,0.95,29.6,25.566006988901844,19.312414270667983,31.819599707135705,12.507185436467722,True
2025-12-03,Random Forest,0.95,32.3,29.40196747102745,23.14837475279359,35.65556018926131,12.507185436467719,True
2025-12-04,Random Forest,0.95,24.9,26.46544553742275,20.211852819188888,32.71903825565661,12.507185436467726,True
2025-12-05,Random Forest,0.95,23.6,25.45756661357157,19.203973895337707,31.71115933180543,12.507185436467722,True
2025-12-06,Random Forest,0.95,27.5,25.822214963652808,19.568622245418947,32.07580768188667,12.507185436467726,True
2025-12-07,Random Forest,0.95,23.8,25.583293464263942,19.32970074603008,31.836886182497803,12.507185436467722,True
2025-12-08,Random Forest,0.95,24.4,24.230877560224037,17.977284841990176,30.4844702784579,12.507185436467722,True
2025-12-09,Random Forest,0.95,30.8,24.975969945618143,18.722377227384282,31.229562663852004,12.507185436467722,True
2025-12-10,Random Forest,0.95,33.5,29.742518715472173,23.48892599723831,35.996111433706034,12.507185436467722,True
2025-12-11,Random Forest,0.95,24.4,27.649666404924076,21.396073686690215,33.90325912315794,12.507185436467722,True
2025-12-12,Random Forest,0.95,20.6,23.315815936938726,17.062223218704865,29.569408655172587,12.507185436467722,True
2025-12-13,Random Forest,0.95,23.6,23.14768900634781,16.89409628811395,29.401281724581672,12.507185436467722,True
2025-12-14,Random Forest,0.95,24.7,25.17637855582627,18.922785837592407,31.42997127406013,12.507185436467722,True
2025-12-15,Random Forest,0.95,27.0,24.2290278842506,17.975435166016737,30.48262060248446,12.507185436467722,True
2025-12-16,Random Forest,0.95,21.3,25.08363378423423,18.83004106600037,31.33722650246809,12.507185436467722,True
2025-12-17,Random Forest,0.95,23.1,23.40610374796307,17.152511029729208,29.65969646619693,12.507185436467722,True
2025-12-18,Random Forest,0.95,23.5,24.804084296441623,18.55049157820776,31.057677014675484,12.507185436467722,True
2025-12-19,Random Forest,0.95,30.2,24.464742475921163,18.211149757687302,30.718335194155024,12.507185436467722,True
2025-12-20,Random Forest,0.95,34.5,28.99752510768439,22.743932389450528,35.25111782591825,12.507185436467722,True
2025-12-21,Random Forest,0.95,30.8,31.783768767082446,25.530176048848585,38.03736148531631,12.507185436467726,True
2025-12-22,Random Forest,0.95,23.5,27.19574218612917,20.94214946789531,33.44933490436303,12.507185436467719,True
2025-12-23,Random Forest,0.95,27.9,24.874354246019962,18.6207615277861,31.127946964253823,12.507185436467722,True
2025-12-24,Random Forest,0.95,29.0,27.36289627603243,21.10930355779857,33.61648899426629,12.507185436467722,True
2025-12-25,Random Forest,0.95,28.8,26.657783672430835,20.404190954196974,32.9113763906647,12.507185436467726,True
2025-12-26,Random Forest,0.95,27.9,26.32822127491303,20.07462855667917,32.581813993146895,12.507185436467726,True
2025-12-27,Random Forest,0.95,30.5,26.562177451027836,20.308584732793975,32.8157701692617,12.507185436467722,True
2025-12-28,Random Forest,0.95,35.6,28.2715468141029,22.01795409586904,34.525139532336766,12.507185436467726,False
2025-12-29,Random Forest,0.95,30.2,29.934680510174015,23.681087791940154,36.18827322840788,12.507185436467726,True
2025-12-30,Random Forest,0.95,26.8,26.448286045046494,20.194693326812633,32.701878763280355,12.507185436467722,True
2024-05-07,XGBoost,0.95,19.2,20.103078842163086,14.143543624877928,26.062614059448244,11.919070434570315,True
2024-05-08,XGBoost,0.95,20.8,19.763280868530273,13.803745651245116,25.72281608581543,11.919070434570315,True
2024-05-09,XGBoost,0.95,18.4,21.792980194091797,15.83344497680664,27.752515411376955,11.919070434570315,True
2024-05-10,XGBoost,0.95,18.6,17.566505432128906,11.606970214843749,23.526040649414064,11.919070434570315,True
2024-05-11,XGBoost,0.95,20.6,19.819616317749023,13.860081100463866,25.77915153503418,11.919070434570315,True
2024-05-12,XGBoost,0.95,24.4,20.82703971862793,14.867504501342772,26.786574935913087,11.919070434570315,True
2024-05-13,XGBoost,0.95,29.6,20.610231399536133,14.650696182250975,26.56976661682129,11.919070434570315,False
2024-05-14,XGBoost,0.95,22.0,22.684999465942383,16.725464248657225,28.64453468322754,11.919070434570315,True
2024-05-15,XGBoost,0.95,21.0,21.265621185302734,15.306085968017577,27.225156402587892,11.919070434570315,True
2024-05-16,XGBoost,0.95,21.1,20.789966583251953,14.830431365966795,26.74950180053711,11.919070434570315,True
2024-05-17,XGBoost,0.95,24.3,21.488676071166992,15.529140853881835,27.44821128845215,11.919070434570315,True
2024-05-18,XGBoost,0.95,22.7,21.127897262573242,15.168362045288085,27.0874324798584,11.919070434570315,True
2024-05-19,XGBoost,0.95,24.8,20.383285522460938,14.42375030517578,26.342820739746095,11.919070434570315,True
2024-05-20,XGBoost,0.95,21.4,21.396074295043945,15.436539077758788,27.355609512329103,11.919070434570315,True
2024-05-21,XGBoost,0.95,21.5,21.550643920898438,15.59110870361328,27.510179138183595,11.919070434570315,True
2024-05-22,XGBoost,0.95,19.7,22.049205780029297,16.08967056274414,28.008740997314455,11.919070434570315,True
2024-05-23,XGBoost,0.95,23.4,21.5427188873291,15.583183670043944,27.50225410461426,11.919070434570315,True
2024-05-24,XGBoost,0.95,19.6,22.288251876831055,16.328716659545897,28.247787094116212,11.919070434570315,True
2024-05-25,XGBoost,0.95,20.4,20.438631057739258,14.4790958404541,26.398166275024415,11.919070434570315,True
2024-05-26,XGBoost,0.95,22.0,21.302955627441406,15.343420410156249,27.262490844726564,11.919070434570315,True
2024-05-27,XGBoost,0.95,27.2,21.154998779296875,15.195463562011717,27.114533996582033,11.919070434570315,False
2024-05-28,XGBoost,0.95,32.5,22.288251876831055,16.328716659545897,28.247787094116212,11.919070434570315,False
2024-05-29,XGBoost,0.95,17.2,23.605634689331055,17.646099472045897,29.565169906616212,11.919070434570315,False
2024-05-30,XGBoost,0.95,17.3,17.479522705078125,11.519987487792967,23.439057922363283,11.919070434570315,True
2024-05-31,XGBoost,0.95,18.7,19.48983383178711,13.530298614501952,25.449369049072267,11.919070434570315,True
2024-06-01,XGBoost,0.95,18.4,20.420501708984375,14.460966491699217,26.380036926269533,11.919070434570315,True
2024-06-02,XGBoost,0.95,15.1,19.878015518188477,13.918480300903319,25.837550735473634,11.919070434570315,True
2024-06-03,XGBoost,0.95,19.3,16.29958724975586,10.340052032470702,22.259122467041017,11.919070434570315,True
2024-06-04,XGBoost,0.95,17.5,17.601171493530273,11.641636276245116,23.56070671081543,11.919070434570315,True
2024-06-05,XGBoost,0.95,17.2,16.368528366088867,10.40899314880371,22.328063583374025,11.919070434570315,True
2024-06-06,XGBoost,0.95,17.1,15.84329891204834,9.883763694763182,21.802834129333498,11.919070434570315,True
2024-06-07,XGBoost,0.95,17.8,17.022306442260742,11.062771224975585,22.9818416595459,11.919070434570315,True
2024-06-08,XGBoost,0.95,17.2,19.437828063964844,13.478292846679686,25.39736328125,11.919070434570315,True
2024-06-09,XGBoost,0.95,25.5,18.38994789123535,12.430412673950194,24.34948310852051,11.919070434570315,False
2024-06-10,XGBoost,0.95,24.3,21.419666290283203,15.460131072998045,27.37920150756836,11.919070434570315,True
2024-06-11,XGBoost,0.95,19.2,18.600793838500977,12.641258621215819,24.560329055786134,11.919070434570315,True
2024-06-12,XGBoost,0.95,18.9,17.41371726989746,11.454182052612303,23.37325248718262,11.919070434570315,True
2024-06-13,XGBoost,0.95,19.6,19.725107192993164,13.765571975708006,25.68464241027832,11.919070434570315,True
2024-06-14,XGBoost,0.95,20.6,20.697681427001953,14.738146209716795,26.65721664428711,11.919070434570315,True
2024-06-15,XGBoost,0.95,22.2,19.618858337402344,13.659323120117186,25.5783935546875,11.919070434570315,True
2024-06-16,XGBoost,0.95,20.1,20.24675750732422,14.287222290039061,26.206292724609376,11.919070434570315,True
2024-06-17,XGBoost,0.95,18.3,20.605731964111328,14.64619674682617,26.565267181396486,11.919070434570315,True
2024-06-18,XGBoost,0.95,16.6,17.132619857788086,11.173084640502928,23.092155075073244,11.919070434570315,True
2024-06-19,XGBoost,0.95,17.0,16.452865600585938,10.49333038330078,22.412400817871095,11.919070434570315,True
2024-06-20,XGBoost,0.95,18.1,18.240921020507812,12.281385803222655,24.20045623779297,11.919070434570315,True
2024-06-21,XGBoost,0.95,19.2,16.18703269958496,10.227497482299803,22.14656791687012,11.919070434570315,True
2024-06-22,XGBoost,0.95,20.8,17.284908294677734,11.325373077392577,23.244443511962892,11.919070434570315,True
2024-06-23,XGBoost,0.95,17.8,18.636131286621094,12.676596069335936,24.59566650390625,11.919070434570315,True
2024-06-24,XGBoost,0.95,17.7,19.5761775970459,13.61664237976074,25.535712814331056,11.919070434570315,True
2024-06-25,XGBoost,0.95,20.2,18.50138282775879,12.541847610473631,24.460918045043947,11.919070434570315,True
2024-06-26,XGBoost,0.95,25.1,19.422191619873047,13.46265640258789,25.381726837158205,11.919070434570315,True
2024-06-27,XGBoost,0.95,26.6,21.56556510925293,15.606029891967772,27.525100326538087,11.919070434570315,True
2024-06-28,XGBoost,0.95,21.4,21.64044761657715,15.68091239929199,27.599982833862306,11.919070434570315,True
2024-06-29,XGBoost,0.95,19.6,20.599475860595703,14.639940643310545,26.55901107788086,11.919070434570315,True
2024-06-30,XGBoost,0.95,17.0,19.84482192993164,13.885286712646483,25.8043571472168,11.919070434570315,True
2024-07-01,XGBoost,0.95,17.0,18.260658264160156,12.301123046874999,24.220193481445314,11.919070434570315,True
2024-07-02,XGBoost,0.95,15.5,16.707015991210938,10.74748077392578,22.666551208496095,11.919070434570315,True
2024-07-03,XGBoost,0.95,16.5,15.358887672424316,9.399352455139159,21.318422889709474,11.919070434570315,True
2024-07-04,XGBoost,0.95,17.0,15.443639755249023,9.484104537963866,21.40317497253418,11.919070434570315,True
2024-07-05,XGBoost,0.95,21.8,16.805049896240234,10.845514678955077,22.764585113525392,11.919070434570315,True
2024-07-06,XGBoost,0.95,14.6,18.940364837646484,12.980829620361327,24.899900054931642,11.919070434570315,True
2024-07-07,XGBoost,0.95,13.1,14.81473159790039,8.855196380615233,20.77426681518555,11.919070434570315,True
2024-07-08,XGBoost,0.95,15.4,15.162217140197754,9.202681922912596,21.12175235748291,11.919070434570315,True
2024-07-09,XGBoost,0.95,17.0,15.009477615356445,9.049942398071288,20.969012832641603,11.919070434570315,True
2024-07-10,XGBoost,0.95,17.2,16.032474517822266,10.072939300537108,21.992009735107423,11.919070434570315,True
2024-07-11,XGBoost,0.95,15.1,16.42316246032715,10.46362724304199,22.382697677612306,11.919070434570315,True
2024-07-12,XGBoost,0.95,13.4,15.898026466369629,9.938491249084471,21.857561683654787,11.919070434570315,True
2024-07-13,XGBoost,0.95,15.1,14.773614883422852,8.814079666137694,20.73315010070801,11.919070434570315,True
2024-07-14,XGBoost,0.95,16.3,15.197915077209473,9.238379859924315,21.15745029449463,11.919070434570315,True
2024-07-15,XGBoost,0.95,15.4,15.674756050109863,9.715220832824706,21.63429126739502,11.919070434570315,True
2024-07-16,XGBoost,0.95,14.9,15.636979103088379,9.677443885803221,21.596514320373537,11.919070434570315,True
2024-07-17,XGBoost,0.95,15.2,17.39044189453125,11.430906677246092,23.349977111816408,11.919070434570315,True
2024-07-18,XGBoost,0.95,16.1,15.138538360595703,9.179003143310545,21.09807357788086,11.919070434570315,True
2024-07-19,XGBoost,0.95,14.5,15.427480697631836,9.467945480346678,21.387015914916994,11.919070434570315,True
2024-07-20,XGBoost,0.95,14.2,15.728533744812012,9.768998527526854,21.68806896209717,11.919070434570315,True
2024-07-21,XGBoost,0.95,16.0,17.128829956054688,11.16929473876953,23.088365173339845,11.919070434570315,True
2024-07-22,XGBoost,0.95,15.4,17.09845542907715,11.13892021179199,23.057990646362306,11.919070434570315,True
2024-07-23,XGBoost,0.95,15.1,16.74856948852539,10.789034271240233,22.70810470581055,11.919070434570315,True
2024-07-24,XGBoost,0.95,18.7,15.910637855529785,9.951102638244627,21.870173072814943,11.919070434570315,True
2024-07-25,XGBoost,0.95,16.9,17.295536041259766,11.336000823974608,23.255071258544923,11.919070434570315,True
2024-07-26,XGBoost,0.95,14.4,16.004268646240234,10.044733428955077,21.963803863525392,11.919070434570315,True
2024-07-27,XGBoost,0.95,13.4,15.447713851928711,9.488178634643553,21.40724906921387,11.919070434570315,True
2024-07-28,XGBoost,0.95,14.4,15.185704231262207,9.22616901397705,21.145239448547365,11.919070434570315,True
2024-07-29,XGBoost,0.95,13.9,15.218860626220703,9.259325408935545,21.17839584350586,11.919070434570315,True
2024-07-30,XGBoost,0.95,14.0,15.162217140197754,9.202681922912596,21.12175235748291,11.919070434570315,True
2024-07-31,XGBoost,0.95,15.6,17.09845542907715,11.13892021179199,23.057990646362306,11.919070434570315,True
2024-08-01,XGBoost,0.95,15.4,17.09845542907715,11.13892021179199,23.057990646362306,11.919070434570315,True
2024-08-02,XGBoost,0.95,20.0,17.462154388427734,11.502619171142577,23.421689605712892,11.919070434570315,True
2024-08-03,XGBoost,0.95,13.8,17.895097732543945,11.935562515258788,23.854632949829103,11.919070434570315,True
2024-08-04,XGBoost,0.95,14.9,14.752230644226074,8.792695426940917,20.711765861511232,11.919070434570315,True
2024-08-05,XGBoost,0.95,18.3,16.901573181152344,10.942037963867186,22.8611083984375,11.919070434570315,True
2024-08-06,XGBoost,0.95,17.0,17.837390899658203,11.877855682373045,23.79692611694336,11.919070434570315,True
2024-08-07,XGBoost,0.95,14.4,17.646827697753906,11.687292480468749,23.606362915039064,11.919070434570315,True
2024-08-08,XGBoost,0.95,16.0,15.56031322479248,9.600778007507323,21.519848442077638,11.919070434570315,True
2024-08-09,XGBoost,0.95,17.0,16.09804916381836,10.138513946533202,22.057584381103517,11.919070434570315,True
2024-08-10,XGBoost,0.95,16.5,15.91079044342041,9.951255226135252,21.870325660705568,11.919070434570315,True
2024-08-11,XGBoost,0.95,16.8,16.289283752441406,10.329748535156249,22.248818969726564,11.919070434570315,True
2024-08-12,XGBoost,0.95,16.4,17.273683547973633,11.314148330688475,23.23321876525879,11.919070434570315,True
2024-08-13,XGBoost,0.95,13.9,15.432867050170898,9.47333183288574,21.392402267456056,11.919070434570315,True
2024-08-14,XGBoost,0.95,18.4,17.273683547973633,11.314148330688475,23.23321876525879,11.919070434570315,True
2024-08-15,XGBoost,0.95,17.4,17.355674743652344,11.396139526367186,23.3152099609375,11.919070434570315,True
2024-08-16,XGBoost,0.95,15.4,18.70948600769043,12.749950790405272,24.669021224975587,11.919070434570315,True
2024-08-17,XGBoost,0.95,18.0,16.229394912719727,10.269859695434569,22.188930130004884,11.919070434570315,True
2024-08-18,XGBoost,0.95,21.1,16.71284294128418,10.753307723999022,22.672378158569337,11.919070434570315,True
2024-08-19,XGBoost,0.95,19.9,18.571918487548828,12.61238327026367,24.531453704833986,11.919070434570315,True
2024-08-20,XGBoost,0.95,14.7,18.88288116455078,12.923345947265624,24.84241638183594,11.919070434570315,True
2024-08-21,XGBoost,0.95,18.0,15.637784957885742,9.678249740600585,21.5973201751709,11.919070434570315,True
2024-08-22,XGBoost,0.95,24.5,17.344650268554688,11.38511505126953,23.304185485839845,11.919070434570315,False
2024-08-23,XGBoost,0.95,17.0,19.269351959228516,13.309816741943358,25.228887176513673,11.919070434570315,True
2024-08-24,XGBoost,0.95,17.0,16.452537536621094,10.493002319335936,22.41207275390625,11.919070434570315,True
2024-08-25,XGBoost,0.95,16.2,17.21941566467285,11.259880447387694,23.17895088195801,11.919070434570315,True
2024-08-26,XGBoost,0.95,14.1,16.09853172302246,10.138996505737303,22.05806694030762,11.919070434570315,True
2024-08-27,XGBoost,0.95,11.8,15.666245460510254,9.706710243225096,21.62578067779541,11.919070434570315,True
2024-08-28,XGBoost,0.95,12.9,15.750252723693848,9.79071750640869,21.709787940979005,11.919070434570315,True
2024-08-29,XGBoost,0.95,17.2,17.7071533203125,11.747618103027342,23.666688537597658,11.919070434570315,True
2024-08-30,XGBoost,0.95,25.0,17.93860626220703,11.979071044921874,23.89814147949219,11.919070434570315,False
2024-08-31,XGBoost,0.95,19.1,19.067392349243164,13.107857131958006,25.02692756652832,11.919070434570315,True
2024-09-01,XGBoost,0.95,29.4,17.38005256652832,11.420517349243163,23.339587783813478,11.919070434570315,False
2024-09-02,XGBoost,0.95,20.2,22.13410186767578,16.174566650390624,28.09363708496094,11.919070434570315,True
2024-09-03,XGBoost,0.95,17.5,17.972108840942383,12.012573623657225,23.93164405822754,11.919070434570315,True
2024-09-04,XGBoost,0.95,14.6,18.68277359008789,12.723238372802733,24.64230880737305,11.919070434570315,True
2024-09-05,XGBoost,0.95,16.6,16.55352783203125,10.593992614746092,22.513063049316408,11.919070434570315,True
2024-09-06,XGBoost,0.95,15.8,17.70549201965332,11.745956802368163,23.665027236938478,11.919070434570315,True
2024-09-07,XGBoost,0.95,14.6,18.240276336669922,12.280741119384764,24.19981155395508,11.919070434570315,True
2024-09-08,XGBoost,0.95,19.0,16.40342903137207,10.443893814086913,22.362964248657228,11.919070434570315,True
2024-09-09,XGBoost,0.95,20.8,17.984594345092773,12.025059127807616,23.94412956237793,11.919070434570315,True
2024-09-10,XGBoost,0.95,23.8,19.09852409362793,13.138988876342772,25.058059310913087,11.919070434570315,True
2024-09-11,XGBoost,0.95,19.6,20.01030158996582,14.050766372680663,25.969836807250978,11.919070434570315,True
2024-09-12,XGBoost,0.95,17.8,17.178733825683594,11.219198608398436,23.13826904296875,11.919070434570315,True
2024-09-13,XGBoost,0.95,19.5,17.393224716186523,11.433689498901366,23.35275993347168,11.919070434570315,True
2024-09-14,XGBoost,0.95,18.0,19.356916427612305,13.397381210327147,25.316451644897462,11.919070434570315,True
2024-09-15,XGBoost,0.95,17.3,18.471797943115234,12.512262725830077,24.431333160400392,11.919070434570315,True
2024-09-16,XGBoost,0.95,16.6,19.395612716674805,13.436077499389647,25.355147933959962,11.919070434570315,True
2024-09-17,XGBoost,0.95,15.9,18.931568145751953,12.972032928466795,24.89110336303711,11.919070434570315,True
2024-09-18,XGBoost,0.95,15.9,16.39164161682129,10.432106399536131,22.351176834106447,11.919070434570315,True
2024-09-19,XGBoost,0.95,20.0,16.964975357055664,11.005440139770506,22.92451057434082,11.919070434570315,True
2024-09-20,XGBoost,0.95,22.5,19.22262191772461,13.263086700439452,25.182157135009767,11.919070434570315,True
2024-09-21,XGBoost,0.95,26.0,19.860027313232422,13.900492095947264,25.81956253051758,11.919070434570315,False
2024-09-22,XGBoost,0.95,26.1,22.83616828918457,16.876633071899413,28.795703506469728,11.919070434570315,True
2024-09-23,XGBoost,0.95,20.9,23.895240783691406,17.93570556640625,29.854776000976564,11.919070434570315,True
2024-09-24,XGBoost,0.95,17.4,20.769954681396484,14.810419464111327,26.729489898681642,11.919070434570315,True
2024-09-25,XGBoost,0.95,19.8,17.992042541503906,12.032507324218749,23.951577758789064,11.919070434570315,True
2024-09-26,XGBoost,0.95,17.5,20.442522048950195,14.482986831665038,26.402057266235353,11.919070434570315,True
2024-09-27,XGBoost,0.95,17.1,20.024986267089844,14.065451049804686,25.984521484375,11.919070434570315,True
2024-09-28,XGBoost,0.95,14.6,16.29852294921875,10.338987731933592,22.258058166503908,11.919070434570315,True
2024-09-29,XGBoost,0.95,14.4,16.904258728027344,10.944723510742186,22.8637939453125,11.919070434570315,True
2024-09-30,XGBoost,0.95,15.1,16.15452766418457,10.194992446899413,22.114062881469728,11.919070434570315,True
2024-10-01,XGBoost,0.95,22.9,17.948476791381836,11.988941574096678,23.908012008666994,11.919070434570315,True
2024-10-02,XGBoost,0.95,28.8,20.692142486572266,14.732607269287108,26.651677703857423,11.919070434570315,False
2024-10-03,XGBoost,0.95,28.7,23.874671936035156,17.91513671875,29.834207153320314,11.919070434570315,True
2024-10-04,XGBoost,0.95,26.6,24.759431838989258,18.7998966217041,30.718967056274415,11.919070434570315,True
2024-10-05,XGBoost,0.95,26.3,25.69066047668457,19.731125259399413,31.650195693969728,11.919070434570315,True
2024-10-06,XGBoost,0.95,30.8,23.760568618774414,17.801033401489256,29.72010383605957,11.919070434570315,False
2024-10-07,XGBoost,0.95,24.0,25.021270751953125,19.061735534667967,30.980805969238283,11.919070434570315,True
2024-10-08,XGBoost,0.95,22.3,22.69528579711914,16.735750579833983,28.6548210144043,11.919070434570315,True
2024-10-09,XGBoost,0.95,19.6,23.157581329345703,17.198046112060545,29.11711654663086,11.919070434570315,True
2024-10-10,XGBoost,0.95,20.9,20.614763259887695,14.655228042602538,26.574298477172853,11.919070434570315,True
2024-10-11,XGBoost,0.95,22.1,20.845911026000977,14.886375808715819,26.805446243286134,11.919070434570315,True
2024-10-12,XGBoost,0.95,21.7,21.403654098510742,15.444118881225585,27.3631893157959,11.919070434570315,True
2024-10-13,XGBoost,0.95,19.5,22.145191192626953,16.185655975341795,28.10472640991211,11.919070434570315,True
2024-10-14,XGBoost,0.95,28.6,21.11240005493164,15.152864837646483,27.0719352722168,11.919070434570315,False
2024-10-15,XGBoost,0.95,29.5,23.85344886779785,17.893913650512694,29.81298408508301,11.919070434570315,True
2024-10-16,XGBoost,0.95,22.0,24.28968048095703,18.330145263671874,30.24921569824219,11.919070434570315,True
2024-10-17,XGBoost,0.95,19.7,21.723907470703125,15.764372253417967,27.683442687988283,11.919070434570315,True
2024-10-18,XGBoost,0.95,18.3,22.122154235839844,16.162619018554686,28.081689453125,11.919070434570315,True
2024-10-19,XGBoost,0.95,21.3,21.00397300720215,15.04443778991699,26.963508224487306,11.919070434570315,True
2024-10-20,XGBoost,0.95,25.8,22.94106674194336,16.9815315246582,28.900601959228517,11.919070434570315,True
2024-10-21,XGBoost,0.95,27.5,23.636001586914062,17.676466369628905,29.59553680419922,11.919070434570315,True
2024-10-22,XGBoost,0.95,29.6,24.656200408935547,18.69666519165039,30.615735626220705,11.919070434570315,True
2024-10-23,XGBoost,0.95,20.8,26.765546798706055,20.806011581420897,32.72508201599121,11.919070434570315,False
2024-10-24,XGBoost,0.95,20.7,23.660310745239258,17.7007755279541,29.619845962524415,11.919070434570315,True
2024-10-25,XGBoost,0.95,27.5,22.511194229125977,16.55165901184082,28.470729446411134,11.919070434570315,True
2024-10-26,XGBoost,0.95,18.4,24.38710594177246,18.427570724487303,30.34664115905762,11.919070434570315,False
2024-10-27,XGBoost,0.95,20.2,18.503873825073242,12.544338607788085,24.4634090423584,11.919070434570315,True
2024-10-28,XGBoost,0.95,20.2,21.041112899780273,15.081577682495116,27.00064811706543,11.919070434570315,True
2024-10-29,XGBoost,0.95,23.0,22.389636993408203,16.430101776123045,28.34917221069336,11.919070434570315,True
2024-10-30,XGBoost,0.95,25.6,23.37724494934082,17.417709732055663,29.336780166625978,11.919070434570315,True
2024-10-31,XGBoost,0.95,25.3,24.356693267822266,18.397158050537108,30.316228485107423,11.919070434570315,True
2024-11-01,XGBoost,0.95,23.9,23.57081413269043,17.611278915405272,29.530349349975587,11.919070434570315,True
2024-11-02,XGBoost,0.95,21.8,23.20222282409668,17.242687606811522,29.161758041381837,11.919070434570315,True
2024-11-03,XGBoost,0.95,15.4,22.88212013244629,16.92258491516113,28.841655349731447,11.919070434570315,False
2024-11-04,XGBoost,0.95,19.8,17.742185592651367,11.78265037536621,23.701720809936525,11.919070434570315,True
2024-11-05,XGBoost,0.95,24.1,22.025062561035156,16.06552734375,27.984597778320314,11.919070434570315,True
2024-11-06,XGBoost,0.95,30.0,23.765310287475586,17.80577507019043,29.724845504760744,11.919070434570315,False
2024-11-07,XGBoost,0.95,25.0,26.3129940032959,20.35345878601074,32.272529220581056,11.919070434570315,True
2024-11-08,XGBoost,0.95,26.1,24.09192657470703,18.132391357421874,30.05146179199219,11.919070434570315,True
2024-11-09,XGBoost,0.95,23.0,24.901630401611328,18.94209518432617,30.861165618896486,11.919070434570315,True
2024-11-10,XGBoost,0.95,26.9,23.777633666992188,17.81809844970703,29.737168884277345,11.919070434570315,True
2024-11-11,XGBoost,0.95,21.3,24.769697189331055,18.810161972045897,30.729232406616212,11.919070434570315,True
2024-11-12,XGBoost,0.95,23.1,23.068458557128906,17.10892333984375,29.027993774414064,11.919070434570315,True
2024-11-13,XGBoost,0.95,27.5,22.86577033996582,16.906235122680663,28.825305557250978,11.919070434570315,True
2024-11-14,XGBoost,0.95,25.2,24.707265853881836,18.74773063659668,30.666801071166994,11.919070434570315,True
2024-11-15,XGBoost,0.95,21.5,23.493999481201172,17.534464263916014,29.45353469848633,11.919070434570315,True
2024-11-16,XGBoost,0.95,27.4,23.51625633239746,17.556721115112303,29.47579154968262,11.919070434570315,True
2024-11-17,XGBoost,0.95,22.5,24.31256675720215,18.35303153991699,30.272101974487306,11.919070434570315,True
2024-11-18,XGBoost,0.95,24.9,23.752161026000977,17.79262580871582,29.711696243286134,11.919070434570315,True
2024-11-19,XGBoost,0.95,25.7,24.127948760986328,18.16841354370117,30.087483978271486,11.919070434570315,True
2024-11-20,XGBoost,0.95,24.9,23.821414947509766,17.861879730224608,29.780950164794923,11.919070434570315,True
2024-11-21,XGBoost,0.95,24.1,25.272918701171875,19.313383483886717,31.232453918457033,11.919070434570315,True
2024-11-22,XGBoost,0.95,24.9,24.53765106201172,18.57811584472656,30.497186279296876,11.919070434570315,True
2024-11-23,XGBoost,0.95,28.5,25.345577239990234,19.386042022705077,31.305112457275392,11.919070434570315,True
2024-11-24,XGBoost,0.95,23.8,24.361713409423828,18.40217819213867,30.321248626708986,11.919070434570315,True
2024-11-25,XGBoost,0.95,19.5,23.05023956298828,17.090704345703124,29.00977478027344,11.919070434570315,True
2024-11-26,XGBoost,0.95,20.5,20.97026824951172,15.010733032226561,26.929803466796876,11.919070434570315,True
2024-11-27,XGBoost,0.95,24.5,21.155120849609375,15.195585632324217,27.114656066894533,11.919070434570315,True
2024-11-28,XGBoost,0.95,27.5,24.686355590820312,18.726820373535155,30.64589080810547,11.919070434570315,True
2024-11-29,XGBoost,0.95,23.3,25.057876586914062,19.098341369628905,31.01741180419922,11.919070434570315,True
2024-11-30,XGBoost,0.95,23.2,24.47446632385254,18.51493110656738,30.434001541137697,11.919070434570315,True
2024-12-01,XGBoost,0.95,27.8,24.744403839111328,18.78486862182617,30.703939056396486,11.919070434570315,True
2024-12-02,XGBoost,0.95,25.5,25.411170959472656,19.4516357421875,31.370706176757814,11.919070434570315,True
2024-12-03,XGBoost,0.95,27.0,24.19171714782715,18.23218193054199,30.151252365112306,11.919070434570315,True
2024-12-04,XGBoost,0.95,23.7,25.564239501953125,19.604704284667967,31.523774719238283,11.919070434570315,True
2024-12-05,XGBoost,0.95,20.9,24.061389923095703,18.101854705810545,30.02092514038086,11.919070434570315,True
2024-12-06,XGBoost,0.95,24.8,22.42357063293457,16.464035415649413,28.383105850219728,11.919070434570315,True
2024-12-07,XGBoost,0.95,23.5,24.94691276550293,18.987377548217772,30.906447982788087,11.919070434570315,True
2024-12-08,XGBoost,0.95,29.6,24.785612106323242,18.826076889038085,30.7451473236084,11.919070434570315,True
2024-12-09,XGBoost,0.95,27.2,25.277320861816406,19.31778564453125,31.236856079101564,11.919070434570315,True
2024-12-10,XGBoost,0.95,26.5,25.313344955444336,19.35380973815918,31.272880172729494,11.919070434570315,True
2024-12-11,XGBoost,0.95,25.0,25.446752548217773,19.487217330932616,31.40628776550293,11.919070434570315,True
2024-12-12,XGBoost,0.95,22.3,24.009992599487305,18.050457382202147,29.969527816772462,11.919070434570315,True
2024-12-13,XGBoost,0.95,24.6,22.78059959411621,16.821064376831053,28.74013481140137,11.919070434570315,True
2024-12-14,XGBoost,0.95,20.4,24.606876373291016,18.647341156005858,30.566411590576173,11.919070434570315,True
2024-12-15,XGBoost,0.95,22.6,21.165828704833984,15.206293487548827,27.125363922119142,11.919070434570315,True
2024-12-16,XGBoost,0.95,22.8,23.67677116394043,17.717235946655272,29.636306381225587,11.919070434570315,True
2024-12-17,XGBoost,0.95,23.2,24.337112426757812,18.377577209472655,30.29664764404297,11.919070434570315,True
2024-12-18,XGBoost,0.95,25.8,24.582895278930664,18.623360061645506,30.54243049621582,11.919070434570315,True
2024-12-19,XGBoost,0.95,25.0,25.17951202392578,19.219976806640624,31.13904724121094,11.919070434570315,True
2024-12-20,XGBoost,0.95,26.0,25.54418182373047,19.58464660644531,31.503717041015626,11.919070434570315,True
2024-12-21,XGBoost,0.95,26.5,26.529481887817383,20.569946670532225,32.48901710510254,11.919070434570315,True
2024-12-22,XGBoost,0.95,22.9,25.920795440673828,19.96126022338867,31.880330657958986,11.919070434570315,True
2024-12-23,XGBoost,0.95,28.2,25.234060287475586,19.27452507019043,31.193595504760744,11.919070434570315,True
2024-12-24,XGBoost,0.95,33.6,27.04496955871582,21.085434341430663,33.00450477600098,11.919070434570315,False
2024-12-25,XGBoost,0.95,35.6,28.91642189025879,22.95688667297363,34.87595710754395,11.919070434570315,False
2024-12-26,XGBoost,0.95,26.1,30.251480102539062,24.291944885253905,36.21101531982422,11.919070434570315,True
2024-12-27,XGBoost,0.95,27.9,25.722930908203125,19.763395690917967,31.682466125488283,11.919070434570315,True
2024-12-28,XGBoost,0.95,27.2,28.142141342163086,22.18260612487793,34.101676559448244,11.919070434570315,True
2024-12-29,XGBoost,0.95,26.9,25.166105270385742,19.206570053100585,31.1256404876709,11.919070434570315,True
2024-12-30,XGBoost,0.95,25.6,24.686063766479492,18.726528549194335,30.64559898376465,11.919070434570315,True
2024-12-31,XGBoost,0.95,25.7,25.82362174987793,19.864086532592772,31.783156967163087,11.919070434570315,True
2025-01-01,XGBoost,0.95,23.6,26.205509185791016,20.245973968505858,32.16504440307617,11.919070434570315,True
2025-01-02,XGBoost,0.95,26.0,26.256906509399414,20.297371292114256,32.21644172668457,11.919070434570315,True
2025-01-03,XGBoost,0.95,29.0,27.014360427856445,21.054825210571288,32.9738956451416,11.919070434570315,True
2025-01-04,XGBoost,0.95,22.4,27.08078384399414,21.121248626708983,33.0403190612793,11.919070434570315,True
2025-01-05,XGBoost,0.95,22.8,24.2830810546875,18.323545837402342,30.242616271972658,11.919070434570315,True
2025-01-06,XGBoost,0.95,24.8,25.82591438293457,19.866379165649413,31.785449600219728,11.919070434570315,True
2025-01-07,XGBoost,0.95,24.9,26.20562171936035,20.246086502075194,32.16515693664551,11.919070434570315,True
2025-01-08,XGBoost,0.95,26.0,26.23418426513672,20.27464904785156,32.193719482421876,11.919070434570315,True
2025-01-09,XGBoost,0.95,24.0,26.075435638427734,20.115900421142577,32.03497085571289,11.919070434570315,True
2025-01-10,XGBoost,0.95,26.4,26.458223342895508,20.49868812561035,32.417758560180665,11.919070434570315,True
2025-01-11,XGBoost,0.95,25.3,26.158849716186523,20.199314498901366,32.11838493347168,11.919070434570315,True
2025-01-12,XGBoost,0.95,31.1,25.982912063598633,20.023376846313475,31.94244728088379,11.919070434570315,True
2025-01-13,XGBoost,0.95,24.5,27.950977325439453,21.991442108154295,33.91051254272461,11.919070434570315,True
2025-01-14,XGBoost,0.95,21.2,24.330354690551758,18.3708194732666,30.289889907836915,11.919070434570315,True
2025-01-15,XGBoost,0.95,25.4,23.35915756225586,17.3996223449707,29.318692779541017,11.919070434570315,True
2025-01-16,XGBoost,0.95,29.0,26.508228302001953,20.548693084716795,32.46776351928711,11.919070434570315,True
2025-01-17,XGBoost,0.95,23.9,26.865009307861328,20.90547409057617,32.824544525146486,11.919070434570315,True
2025-01-18,XGBoost,0.95,25.6,25.851200103759766,19.891664886474608,31.810735321044923,11.919070434570315,True
2025-01-19,XGBoost,0.95,24.1,26.483665466308594,20.524130249023436,32.44320068359375,11.919070434570315,True
2025-01-20,XGBoost,0.95,34.7,25.525192260742188,19.56565704345703,31.484727478027345,11.919070434570315,False
2025-01-21,XGBoost,0.95,35.8,30.231294631958008,24.27175941467285,36.190829849243165,11.919070434570315,True
2025-01-22,XGBoost,0.95,28.8,29.893449783325195,23.933914566040038,35.85298500061035,11.919070434570315,True
2025-01-23,XGBoost,0.95,28.5,26.104097366333008,20.14456214904785,32.063632583618165,11.919070434570315,True
2025-01-24,XGBoost,0.95,30.5,26.61197280883789,20.652437591552733,32.57150802612305,11.919070434570315,True
2025-01-25,XGBoost,0.95,26.5,28.601009368896484,22.641474151611327,34.56054458618164,11.919070434570315,True
2025-01-26,XGBoost,0.95,27.5,28.236663818359375,22.277128601074217,34.19619903564453,11.919070434570315,True
2025-01-27,XGBoost,0.95,35.8,28.612417221069336,22.65288200378418,34.571952438354494,11.919070434570315,False
2025-01-28,XGBoost,0.95,31.4,29.26053810119629,23.30100288391113,35.22007331848145,11.919070434570315,True
2025-01-29,XGBoost,0.95,25.8,28.806346893310547,22.84681167602539,34.765882110595705,11.919070434570315,True
2025-01-30,XGBoost,0.95,24.0,25.736616134643555,19.777080917358397,31.696151351928712,11.919070434570315,True
2025-01-31,XGBoost,0.95,24.9,25.267593383789062,19.308058166503905,31.22712860107422,11.919070434570315,True
2025-02-01,XGBoost,0.95,25.5,26.437192916870117,20.47765769958496,32.396728134155275,11.919070434570315,True
2025-02-02,XGBoost,0.95,25.2,26.486862182617188,20.52732696533203,32.446397399902345,11.919070434570315,True
2025-02-03,XGBoost,0.95,25.1,26.535062789916992,20.575527572631835,32.49459800720215,11.919070434570315,True
2025-02-04,XGBoost,0.95,21.1,26.535062789916992,20.575527572631835,32.49459800720215,11.919070434570315,True
2025-02-05,XGBoost,0.95,27.4,23.863386154174805,17.903850936889647,29.822921371459962,11.919070434570315,True
2025-02-06,XGBoost,0.95,36.2,27.271486282348633,21.311951065063475,33.23102149963379,11.919070434570315,False
2025-02-07,XGBoost,0.95,26.8,29.349552154541016,23.390016937255858,35.30908737182617,11.919070434570315,True
2025-02-08,XGBoost,0.95,23.5,24.70172119140625,18.742185974121092,30.661256408691408,11.919070434570315,True
2025-02-09,XGBoost,0.95,27.5,26.502582550048828,20.54304733276367,32.462117767333986,11.919070434570315,True
2025-02-10,XGBoost,0.95,30.7,26.641769409179688,20.68223419189453,32.601304626464845,11.919070434570315,True
2025-02-11,XGBoost,0.95,31.9,28.29591178894043,22.336376571655272,34.25544700622559,11.919070434570315,True
2025-02-12,XGBoost,0.95,22.4,26.317747116088867,20.35821189880371,32.277282333374025,11.919070434570315,True
2025-02-13,XGBoost,0.95,22.9,24.450347900390625,18.490812683105467,30.409883117675783,11.919070434570315,True
2025-02-14,XGBoost,0.95,26.2,26.09336280822754,20.13382759094238,32.0528980255127,11.919070434570315,True
2025-02-15,XGBoost,0.95,25.5,27.38013458251953,21.420599365234374,33.33966979980469,11.919070434570315,True
2025-02-16,XGBoost,0.95,27.4,27.038816452026367,21.07928123474121,32.998351669311525,11.919070434570315,True
2025-02-17,XGBoost,0.95,26.3,27.51384735107422,21.55431213378906,33.473382568359376,11.919070434570315,True
2025-02-18,XGBoost,0.95,33.8,27.063581466674805,21.104046249389647,33.02311668395996,11.919070434570315,False
2025-02-19,XGBoost,0.95,34.7,29.87281608581543,23.913280868530272,35.83235130310059,11.919070434570315,True
2025-02-20,XGBoost,0.95,27.6,28.785263061523438,22.82572784423828,34.744798278808595,11.919070434570315,True
2025-02-21,XGBoost,0.95,28.8,24.832910537719727,18.87337532043457,30.792445755004884,11.919070434570315,True
2025-02-22,XGBoost,0.95,23.6,27.406164169311523,21.446628952026366,33.36569938659668,11.919070434570315,True
2025-02-23,XGBoost,0.95,25.8,26.254730224609375,20.295195007324217,32.21426544189453,11.919070434570315,True
2025-02-24,XGBoost,0.95,26.5,26.59037208557129,20.63083686828613,32.54990730285645,11.919070434570315,True
2025-02-25,XGBoost,0.95,31.7,27.429410934448242,21.469875717163085,33.3889461517334,11.919070434570315,True
2025-02-26,XGBoost,0.95,28.1,29.368040084838867,23.40850486755371,35.327575302124025,11.919070434570315,True
2025-02-27,XGBoost,0.95,28.1,28.17340087890625,22.213865661621092,34.13293609619141,11.919070434570315,True
2025-02-28,XGBoost,0.95,25.8,28.041942596435547,22.08240737915039,34.001477813720705,11.919070434570315,True
2025-03-01,XGBoost,0.95,34.5,26.722938537597656,20.7634033203125,32.682473754882814,11.919070434570315,False
2025-03-02,XGBoost,0.95,35.2,29.1256046295166,23.166069412231444,35.08513984680176,11.919070434570315,False
2025-03-03,XGBoost,0.95,26.5,29.19530487060547,23.23576965332031,35.154840087890626,11.919070434570315,True
2025-03-04,XGBoost,0.95,27.9,25.882492065429688,19.92295684814453,31.842027282714845,11.919070434570315,True
2025-03-05,XGBoost,0.95,25.3,27.221437454223633,21.261902236938475,33.18097267150879,11.919070434570315,True
2025-03-06,XGBoost,0.95,27.8,25.532516479492188,19.57298126220703,31.492051696777345,11.919070434570315,True
2025-03-07,XGBoost,0.95,31.5,27.443859100341797,21.48432388305664,33.403394317626955,11.919070434570315,True
2025-03-08,XGBoost,0.95,25.5,28.429859161376953,22.470323944091795,34.38939437866211,11.919070434570315,True
2025-03-09,XGBoost,0.95,22.5,24.668426513671875,18.708891296386717,30.627961730957033,11.919070434570315,True
2025-03-10,XGBoost,0.95,26.5,25.80650520324707,19.846969985961913,31.766040420532228,11.919070434570315,True
2025-03-11,XGBoost,0.95,28.5,26.472042083740234,20.512506866455077,32.43157730102539,11.919070434570315,True
2025-03-12,XGBoost,0.95,29.3,26.988344192504883,21.028808975219725,32.94787940979004,11.919070434570315,True
2025-03-13,XGBoost,0.95,35.9,28.36087989807129,22.40134468078613,34.32041511535645,11.919070434570315,False
2025-03-14,XGBoost,0.95,29.0,29.517139434814453,23.557604217529295,35.47667465209961,11.919070434570315,True
2025-03-15,XGBoost,0.95,26.6,27.833581924438477,21.87404670715332,33.793117141723634,11.919070434570315,True
2025-03-16,XGBoost,0.95,27.0,24.86546516418457,18.905929946899413,30.825000381469728,11.919070434570315,True
2025-03-17,XGBoost,0.95,31.6,26.9103946685791,20.950859451293944,32.86992988586426,11.919070434570315,True
2025-03-18,XGBoost,0.95,32.8,28.400894165039062,22.441358947753905,34.36042938232422,11.919070434570315,True
2025-03-19,XGBoost,0.95,29.1,27.745309829711914,21.785774612426756,33.70484504699707,11.919070434570315,True
2025-03-20,XGBoost,0.95,26.2,23.478097915649414,17.518562698364256,29.43763313293457,11.919070434570315,True
2025-03-21,XGBoost,0.95,24.6,24.301828384399414,18.342293167114256,30.26136360168457,11.919070434570315,True
2025-03-22,XGBoost,0.95,22.2,24.266550064086914,18.307014846801756,30.22608528137207,11.919070434570315,True
2025-03-23,XGBoost,0.95,23.6,23.136611938476562,17.177076721191405,29.09614715576172,11.919070434570315,True
2025-03-24,XGBoost,0.95,23.5,25.098669052124023,19.139133834838866,31.05820426940918,11.919070434570315,True
2025-03-25,XGBoost,0.95,22.5,22.176794052124023,16.217258834838866,28.13632926940918,11.919070434570315,True
2025-03-26,XGBoost,0.95,29.6,24.346412658691406,18.38687744140625,30.305947875976564,11.919070434570315,True
2025-03-27,XGBoost,0.95,30.9,26.954833984375,20.995298767089842,32.91436920166016,11.919070434570315,True
2025-03-28,XGBoost,0.95,24.6,26.756895065307617,20.79735984802246,32.716430282592775,11.919070434570315,True
2025-03-29,XGBoost,0.95,23.1,23.001399993896484,17.041864776611327,28.960935211181642,11.919070434570315,True
2025-03-30,XGBoost,0.95,25.8,23.61943817138672,17.65990295410156,29.578973388671876,11.919070434570315,True
2025-03-31,XGBoost,0.95,22.1,22.63233757019043,16.672802352905272,28.591872787475587,11.919070434570315,True
2025-04-01,XGBoost,0.95,24.5,22.554975509643555,16.595440292358397,28.514510726928712,11.919070434570315,True
2025-04-02,XGBoost,0.95,29.9,25.320026397705078,19.36049118041992,31.279561614990236,11.919070434570315,True
2025-04-03,XGBoost,0.95,29.9,26.66126251220703,20.701727294921874,32.62079772949219,11.919070434570315,True
2025-04-04,XGBoost,0.95,31.6,27.795513153076172,21.835977935791014,33.75504837036133,11.919070434570315,True
2025-04-05,XGBoost,0.95,31.8,28.447174072265625,22.487638854980467,34.40670928955078,11.919070434570315,True
2025-04-06,XGBoost,0.95,30.9,28.35178565979004,22.39225044250488,34.3113208770752,11.919070434570315,True
2025-04-07,XGBoost,0.95,21.4,27.68780517578125,21.728269958496092,33.64734039306641,11.919070434570315,False
2025-04-08,XGBoost,0.95,22.6,22.2492618560791,16.289726638793944,28.20879707336426,11.919070434570315,True
2025-04-09,XGBoost,0.95,24.5,22.664230346679688,16.70469512939453,28.623765563964845,11.919070434570315,True
2025-04-10,XGBoost,0.95,27.7,24.807096481323242,18.847561264038085,30.7666316986084,11.919070434570315,True
2025-04-11,XGBoost,0.95,19.8,25.298311233520508,19.33877601623535,31.257846450805665,11.919070434570315,True
2025-04-12,XGBoost,0.95,19.5,20.674198150634766,14.714662933349608,26.633733367919923,11.919070434570315,True
2025-04-13,XGBoost,0.95,19.5,21.347501754760742,15.387966537475585,27.3070369720459,11.919070434570315,True
2025-04-14,XGBoost,0.95,23.4,22.43379020690918,16.474254989624022,28.393325424194337,11.919070434570315,True
2025-04-15,XGBoost,0.95,24.9,23.88135528564453,17.921820068359374,29.84089050292969,11.919070434570315,True
2025-04-16,XGBoost,0.95,27.3,24.459457397460938,18.49992218017578,30.418992614746095,11.919070434570315,True
2025-04-17,XGBoost,0.95,31.0,25.26289939880371,19.303364181518553,31.22243461608887,11.919070434570315,True
2025-04-18,XGBoost,0.95,22.6,27.161237716674805,21.201702499389647,33.12077293395996,11.919070434570315,True
2025-04-19,XGBoost,0.95,22.5,22.282346725463867,16.32281150817871,28.241881942749025,11.919070434570315,True
2025-04-20,XGBoost,0.95,21.3,24.615249633789062,18.655714416503905,30.57478485107422,11.919070434570315,True
2025-04-21,XGBoost,0.95,25.0,23.43590545654297,17.47637023925781,29.395440673828126,11.919070434570315,True
2025-04-22,XGBoost,0.95,24.3,24.611591339111328,18.65205612182617,30.571126556396486,11.919070434570315,True
2025-04-23,XGBoost,0.95,24.8,24.141597747802734,18.182062530517577,30.101132965087892,11.919070434570315,True
2025-04-24,XGBoost,0.95,24.1,23.44857406616211,17.48903884887695,29.408109283447267,11.919070434570315,True
2025-04-25,XGBoost,0.95,26.6,22.82973861694336,16.8702033996582,28.789273834228517,11.919070434570315,True
2025-04-26,XGBoost,0.95,34.3,25.015682220458984,19.056147003173827,30.975217437744142,11.919070434570315,False
2025-04-27,XGBoost,0.95,22.9,27.49761199951172,21.53807678222656,33.457147216796876,11.919070434570315,True
2025-04-28,XGBoost,0.95,20.0,24.336326599121094,18.376791381835936,30.29586181640625,11.919070434570315,True
2025-04-29,XGBoost,0.95,19.0,22.180118560791016,16.220583343505858,28.139653778076173,11.919070434570315,True
2025-04-30,XGBoost,0.95,15.9,21.043010711669922,15.083475494384764,27.00254592895508,11.919070434570315,True
2025-05-01,XGBoost,0.95,16.5,17.285888671875,11.326353454589842,23.245423889160158,11.919070434570315,True
2025-05-02,XGBoost,0.95,19.6,18.014802932739258,12.0552677154541,23.974338150024415,11.919070434570315,True
2025-05-03,XGBoost,0.95,25.0,19.63408851623535,13.674553298950194,25.59362373352051,11.919070434570315,True
2025-05-04,XGBoost,0.95,21.1,22.509838104248047,16.55030288696289,28.469373321533205,11.919070434570315,True
2025-05-05,XGBoost,0.95,20.5,20.53942108154297,14.579885864257811,26.498956298828126,11.919070434570315,True
2025-05-06,XGBoost,0.95,19.8,22.120540618896484,16.161005401611327,28.080075836181642,11.919070434570315,True
2025-05-07,XGBoost,0.95,19.8,21.4325008392334,15.47296562194824,27.392036056518556,11.919070434570315,True
2025-05-08,XGBoost,0.95,20.6,21.028982162475586,15.069446945190428,26.988517379760744,11.919070434570315,True
2025-05-09,XGBoost,0.95,17.8,20.82703971862793,14.867504501342772,26.786574935913087,11.919070434570315,True
2025-05-10,XGBoost,0.95,18.0,17.546688079833984,11.587152862548827,23.506223297119142,11.919070434570315,True
2025-05-11,XGBoost,0.95,20.1,17.858598709106445,11.899063491821288,23.818133926391603,11.919070434570315,True
2025-05-12,XGBoost,0.95,21.0,20.82703971862793,14.867504501342772,26.786574935913087,11.919070434570315,True
2025-05-13,XGBoost,0.95,21.5,21.2749080657959,15.31537284851074,27.234443283081056,11.919070434570315,True
2025-05-14,XGBoost,0.95,23.6,20.610231399536133,14.650696182250975,26.56976661682129,11.919070434570315,True
2025-05-15,XGBoost,0.95,26.7,22.671934127807617,16.71239891052246,28.631469345092775,11.919070434570315,True
2025-05-16,XGBoost,0.95,23.2,23.746923446655273,17.787388229370116,29.70645866394043,11.919070434570315,True
2025-05-17,XGBoost,0.95,24.6,22.938636779785156,16.9791015625,28.898171997070314,11.919070434570315,True
2025-05-18,XGBoost,0.95,19.9,20.934438705444336,14.974903488159178,26.893973922729494,11.919070434570315,True
2025-05-19,XGBoost,0.95,15.3,20.490097045898438,14.53056182861328,26.449632263183595,11.919070434570315,True
2025-05-20,XGBoost,0.95,16.4,16.66825294494629,10.708717727661131,22.627788162231447,11.919070434570315,True
2025-05-21,XGBoost,0.95,19.2,17.12175178527832,11.162216567993163,23.081287002563478,11.919070434570315,True
2025-05-22,XGBoost,0.95,18.9,20.01695442199707,14.057419204711913,25.976489639282228,11.919070434570315,True
2025-05-23,XGBoost,0.95,26.5,18.847148895263672,12.887613677978514,24.80668411254883,11.919070434570315,False
2025-05-24,XGBoost,0.95,21.4,21.78050994873047,15.820974731445311,27.740045166015626,11.919070434570315,True
2025-05-25,XGBoost,0.95,16.7,21.31557273864746,15.356037521362303,27.27510795593262,11.919070434570315,True
2025-05-26,XGBoost,0.95,20.1,17.510845184326172,11.551309967041014,23.47038040161133,11.919070434570315,True
2025-05-27,XGBoost,0.95,18.5,19.69904327392578,13.739508056640624,25.65857849121094,11.919070434570315,True
2025-05-28,XGBoost,0.95,18.4,17.209630966186523,11.250095748901366,23.16916618347168,11.919070434570315,True
2025-05-29,XGBoost,0.95,18.0,17.39675521850586,11.437220001220702,23.356290435791017,11.919070434570315,True
2025-05-30,XGBoost,0.95,18.2,18.081756591796875,12.122221374511717,24.041291809082033,11.919070434570315,True
2025-05-31,XGBoost,0.95,18.6,17.982145309448242,12.022610092163085,23.9416805267334,11.919070434570315,True
2025-06-01,XGBoost,0.95,17.5,19.481496810913086,13.521961593627928,25.441032028198244,11.919070434570315,True
2025-06-02,XGBoost,0.95,15.7,18.780092239379883,12.820557022094725,24.73962745666504,11.919070434570315,True
2025-06-03,XGBoost,0.95,17.7,16.68988609313965,10.73035087585449,22.649421310424806,11.919070434570315,True
2025-06-04,XGBoost,0.95,18.6,18.14871597290039,12.189180755615233,24.10825119018555,11.919070434570315,True
2025-06-05,XGBoost,0.95,16.6,20.662059783935547,14.70252456665039,26.621595001220705,11.919070434570315,True
2025-06-06,XGBoost,0.95,14.8,17.122394561767578,11.16285934448242,23.081929779052736,11.919070434570315,True
2025-06-07,XGBoost,0.95,13.9,15.74691390991211,9.787378692626952,21.706449127197267,11.919070434570315,True
2025-06-08,XGBoost,0.95,15.5,15.028474807739258,9.0689395904541,20.988010025024415,11.919070434570315,True
2025-06-09,XGBoost,0.95,16.4,16.321361541748047,10.36182632446289,22.280896759033205,11.919070434570315,True
2025-06-10,XGBoost,0.95,18.0,18.212486267089844,12.252951049804686,24.172021484375,11.919070434570315,True
2025-06-11,XGBoost,0.95,18.9,18.751855850219727,12.792320632934569,24.711391067504884,11.919070434570315,True
2025-06-12,XGBoost,0.95,22.5,19.959625244140625,14.000090026855467,25.919160461425783,11.919070434570315,True
2025-06-13,XGBoost,0.95,25.1,20.363977432250977,14.404442214965819,26.323512649536134,11.919070434570315,True
2025-06-14,XGBoost,0.95,25.0,21.593339920043945,15.633804702758788,27.552875137329103,11.919070434570315,True
2025-06-15,XGBoost,0.95,15.7,21.629905700683594,15.670370483398436,27.58944091796875,11.919070434570315,True
2025-06-16,XGBoost,0.95,15.3,16.812358856201172,10.852823638916014,22.77189407348633,11.919070434570315,True
2025-06-17,XGBoost,0.95,17.1,16.868148803710938,10.90861358642578,22.827684020996095,11.919070434570315,True
2025-06-18,XGBoost,0.95,16.0,15.935322761535645,9.975787544250487,21.894857978820802,11.919070434570315,True
2025-06-19,XGBoost,0.95,18.2,16.332500457763672,10.372965240478514,22.29203567504883,11.919070434570315,True
2025-06-20,XGBoost,0.95,19.8,16.750732421875,10.791197204589842,22.710267639160158,11.919070434570315,True
2025-06-21,XGBoost,0.95,15.1,18.602222442626953,12.642687225341795,24.56175765991211,11.919070434570315,True
2025-06-22,XGBoost,0.95,17.2,15.960204124450684,10.000668907165526,21.91973934173584,11.919070434570315,True
2025-06-23,XGBoost,0.95,17.2,16.389144897460938,10.42960968017578,22.348680114746095,11.919070434570315,True
2025-06-24,XGBoost,0.95,13.1,18.76120376586914,12.801668548583983,24.7207389831543,11.919070434570315,True
2025-06-25,XGBoost,0.95,13.4,15.255457878112793,9.295922660827635,21.21499309539795,11.919070434570315,True
2025-06-26,XGBoost,0.95,13.2,14.327326774597168,8.36779155731201,20.286861991882326,11.919070434570315,True
2025-06-27,XGBoost,0.95,14.6,14.850162506103516,8.890627288818358,20.809697723388673,11.919070434570315,True
2025-06-28,XGBoost,0.95,18.4,15.176711082458496,9.217175865173338,21.136246299743654,11.919070434570315,True
2025-06-29,XGBoost,0.95,18.0,15.82397747039795,9.864442253112792,21.783512687683107,11.919070434570315,True
2025-06-30,XGBoost,0.95,15.9,18.929492950439453,12.969957733154295,24.88902816772461,11.919070434570315,True
2025-07-01,XGBoost,0.95,16.5,18.54639434814453,12.586859130859374,24.50592956542969,11.919070434570315,True
2025-07-02,XGBoost,0.95,14.0,16.208951950073242,10.249416732788085,22.1684871673584,11.919070434570315,True
2025-07-03,XGBoost,0.95,13.7,14.749574661254883,8.790039443969725,20.70910987854004,11.919070434570315,True
2025-07-04,XGBoost,0.95,14.3,14.40660572052002,8.447070503234862,20.366140937805177,11.919070434570315,True
2025-07-05,XGBoost,0.95,14.6,14.952496528625488,8.99296131134033,20.912031745910646,11.919070434570315,True
2025-07-06,XGBoost,0.95,15.4,14.660009384155273,8.700474166870116,20.61954460144043,11.919070434570315,True
2025-07-07,XGBoost,0.95,18.6,16.54173469543457,10.582199478149413,22.501269912719728,11.919070434570315,True
2025-07-08,XGBoost,0.95,16.8,17.76033592224121,11.800800704956053,23.71987113952637,11.919070434570315,True
2025-07-09,XGBoost,0.95,16.8,18.24820899963379,12.288673782348631,24.207744216918947,11.919070434570315,True
2025-07-10,XGBoost,0.95,13.8,16.439132690429688,10.47959747314453,22.398667907714845,11.919070434570315,True
2025-07-11,XGBoost,0.95,14.9,15.647830963134766,9.688295745849608,21.607366180419923,11.919070434570315,True
2025-07-12,XGBoost,0.95,15.2,17.131275177001953,11.171739959716795,23.09081039428711,11.919070434570315,True
2025-07-13,XGBoost,0.95,15.9,16.77353858947754,10.814003372192381,22.733073806762697,11.919070434570315,True
2025-07-14,XGBoost,0.95,16.5,16.738815307617188,10.77928009033203,22.698350524902345,11.919070434570315,True
2025-07-15,XGBoost,0.95,17.0,17.34494972229004,11.385414505004881,23.304484939575197,11.919070434570315,True
2025-07-16,XGBoost,0.95,16.3,17.766876220703125,11.807341003417967,23.726411437988283,11.919070434570315,True
2025-07-17,XGBoost,0.95,15.0,15.358887672424316,9.399352455139159,21.318422889709474,11.919070434570315,True
2025-07-18,XGBoost,0.95,16.4,17.165494918823242,11.205959701538085,23.1250301361084,11.919070434570315,True
2025-07-19,XGBoost,0.95,18.6,17.758853912353516,11.799318695068358,23.718389129638673,11.919070434570315,True
2025-07-20,XGBoost,0.95,14.8,18.18553352355957,12.225998306274413,24.145068740844728,11.919070434570315,True
2025-07-21,XGBoost,0.95,16.9,15.773903846740723,9.814368629455565,21.73343906402588,11.919070434570315,True
2025-07-22,XGBoost,0.95,17.2,17.295536041259766,11.336000823974608,23.255071258544923,11.919070434570315,True
2025-07-23,XGBoost,0.95,16.6,17.933115005493164,11.973579788208006,23.89265022277832,11.919070434570315,True
2025-07-24,XGBoost,0.95,14.6,17.18548011779785,11.225944900512694,23.14501533508301,11.919070434570315,True
2025-07-25,XGBoost,0.95,15.1,16.13123321533203,10.171697998046874,22.09076843261719,11.919070434570315,True
2025-07-26,XGBoost,0.95,19.0,17.057117462158203,11.097582244873045,23.01665267944336,11.919070434570315,True
2025-07-27,XGBoost,0.95,21.0,17.464330673217773,11.504795455932616,23.42386589050293,11.919070434570315,True
2025-07-28,XGBoost,0.95,26.6,19.633329391479492,13.673794174194335,25.59286460876465,11.919070434570315,False
2025-07-29,XGBoost,0.95,15.9,22.39256477355957,16.433029556274413,28.352099990844728,11.919070434570315,False
2025-07-30,XGBoost,0.95,13.3,16.111858367919922,10.152323150634764,22.07139358520508,11.919070434570315,True
2025-07-31,XGBoost,0.95,15.6,15.781265258789062,9.821730041503905,21.74080047607422,11.919070434570315,True
2025-08-01,XGBoost,0.95,23.0,17.106727600097656,11.147192382812499,23.066262817382814,11.919070434570315,True
2025-08-02,XGBoost,0.95,21.2,18.20305824279785,12.243523025512694,24.16259346008301,11.919070434570315,True
2025-08-03,XGBoost,0.95,14.4,20.224580764770508,14.26504554748535,26.184115982055665,11.919070434570315,True
2025-08-04,XGBoost,0.95,14.8,15.667219161987305,9.707683944702147,21.626754379272462,11.919070434570315,True
2025-08-05,XGBoost,0.95,15.1,15.155458450317383,9.195923233032225,21.11499366760254,11.919070434570315,True
2025-08-06,XGBoost,0.95,17.0,15.359297752380371,9.399762535095213,21.31883296966553,11.919070434570315,True
2025-08-07,XGBoost,0.95,17.2,16.95578956604004,10.996254348754881,22.915324783325197,11.919070434570315,True
2025-08-08,XGBoost,0.95,14.4,18.159523010253906,12.199987792968749,24.119058227539064,11.919070434570315,True
2025-08-09,XGBoost,0.95,15.1,15.152894020080566,9.193358802795409,21.112429237365724,11.919070434570315,True
2025-08-10,XGBoost,0.95,15.9,15.498520851135254,9.538985633850096,21.45805606842041,11.919070434570315,True
2025-08-11,XGBoost,0.95,16.5,17.758853912353516,11.799318695068358,23.718389129638673,11.919070434570315,True
2025-08-12,XGBoost,0.95,16.4,17.279205322265625,11.319670104980467,23.238740539550783,11.919070434570315,True
2025-08-13,XGBoost,0.95,15.0,17.75259017944336,11.793054962158202,23.712125396728517,11.919070434570315,True
2025-08-14,XGBoost,0.95,16.6,17.72221565246582,11.762680435180663,23.681750869750978,11.919070434570315,True
2025-08-15,XGBoost,0.95,16.9,16.239303588867188,10.27976837158203,22.198838806152345,11.919070434570315,True
2025-08-16,XGBoost,0.95,19.5,16.43730354309082,10.477768325805663,22.396838760375978,11.919070434570315,True
2025-08-17,XGBoost,0.95,19.6,19.55754852294922,13.598013305664061,25.517083740234376,11.919070434570315,True
2025-08-18,XGBoost,0.95,18.9,19.27019500732422,13.310659790039061,25.229730224609376,11.919070434570315,True
2025-08-19,XGBoost,0.95,17.6,17.196653366088867,11.23711814880371,23.156188583374025,11.919070434570315,True
2025-08-20,XGBoost,0.95,17.2,16.12055015563965,10.16101493835449,22.080085372924806,11.919070434570315,True
2025-08-21,XGBoost,0.95,17.2,16.753711700439453,10.794176483154295,22.71324691772461,11.919070434570315,True
2025-08-22,XGBoost,0.95,15.4,16.752519607543945,10.792984390258788,22.712054824829103,11.919070434570315,True
2025-08-23,XGBoost,0.95,16.2,16.404451370239258,10.4449161529541,22.363986587524415,11.919070434570315,True
2025-08-24,XGBoost,0.95,16.2,16.01773452758789,10.058199310302733,21.97726974487305,11.919070434570315,True
2025-08-25,XGBoost,0.95,19.0,18.011022567749023,12.051487350463866,23.97055778503418,11.919070434570315,True
2025-08-26,XGBoost,0.95,18.4,18.407503128051758,12.4479679107666,24.367038345336915,11.919070434570315,True
2025-08-27,XGBoost,0.95,19.0,19.274900436401367,13.31536521911621,25.234435653686525,11.919070434570315,True
2025-08-28,XGBoost,0.95,20.0,19.848073959350586,13.888538742065428,25.807609176635744,11.919070434570315,True
2025-08-29,XGBoost,0.95,19.4,19.77231216430664,13.812776947021483,25.7318473815918,11.919070434570315,True
2025-08-30,XGBoost,0.95,18.6,19.88770294189453,13.928167724609374,25.84723815917969,11.919070434570315,True
2025-08-31,XGBoost,0.95,21.5,19.109312057495117,13.14977684020996,25.068847274780275,11.919070434570315,True
2025-09-01,XGBoost,0.95,20.5,20.821020126342773,14.861484909057616,26.78055534362793,11.919070434570315,True
2025-09-02,XGBoost,0.95,19.2,20.049358367919922,14.089823150634764,26.00889358520508,11.919070434570315,True
2025-09-03,XGBoost,0.95,18.9,19.25200653076172,13.292471313476561,25.211541748046876,11.919070434570315,True
2025-09-04,XGBoost,0.95,17.8,18.648778915405273,12.689243698120116,24.60831413269043,11.919070434570315,True
2025-09-05,XGBoost,0.95,17.0,18.986804962158203,13.027269744873045,24.94634017944336,11.919070434570315,True
2025-09-06,XGBoost,0.95,19.0,19.109312057495117,13.14977684020996,25.068847274780275,11.919070434570315,True
2025-09-07,XGBoost,0.95,26.5,20.020259857177734,14.060724639892577,25.979795074462892,11.919070434570315,False
2025-09-08,XGBoost,0.95,25.7,22.417190551757812,16.457655334472655,28.37672576904297,11.919070434570315,True
2025-09-09,XGBoost,0.95,19.5,22.263124465942383,16.303589248657225,28.22265968322754,11.919070434570315,True
2025-09-10,XGBoost,0.95,19.1,20.50065040588379,14.541115188598631,26.460185623168947,11.919070434570315,True
2025-09-11,XGBoost,0.95,18.7,18.7602596282959,12.80072441101074,24.719794845581056,11.919070434570315,True
2025-09-12,XGBoost,0.95,20.0,20.02576446533203,14.066229248046874,25.98529968261719,11.919070434570315,True
2025-09-13,XGBoost,0.95,21.4,20.714191436767578,14.75465621948242,26.673726654052736,11.919070434570315,True
2025-09-14,XGBoost,0.95,17.9,20.5523738861084,14.59283866882324,26.511909103393556,11.919070434570315,True
2025-09-15,XGBoost,0.95,17.1,16.680892944335938,10.72135772705078,22.640428161621095,11.919070434570315,True
2025-09-16,XGBoost,0.95,15.7,17.214712142944336,11.255176925659178,23.174247360229494,11.919070434570315,True
2025-09-17,XGBoost,0.95,16.8,18.893203735351562,12.933668518066405,24.85273895263672,11.919070434570315,True
2025-09-18,XGBoost,0.95,22.3,18.14581298828125,12.186277770996092,24.105348205566408,11.919070434570315,True
2025-09-19,XGBoost,0.95,20.4,20.06069564819336,14.101160430908202,26.020230865478517,11.919070434570315,True
2025-09-20,XGBoost,0.95,17.8,21.74313735961914,15.783602142333983,27.7026725769043,11.919070434570315,True
2025-09-21,XGBoost,0.95,19.4,18.518657684326172,12.559122467041014,24.47819290161133,11.919070434570315,True
2025-09-22,XGBoost,0.95,16.4,18.212886810302734,12.253351593017577,24.172422027587892,11.919070434570315,True
2025-09-23,XGBoost,0.95,18.5,17.19485092163086,11.235315704345702,23.154386138916017,11.919070434570315,True
2025-09-24,XGBoost,0.95,19.4,19.900896072387695,13.941360855102538,25.860431289672853,11.919070434570315,True
2025-09-25,XGBoost,0.95,26.6,20.244712829589844,14.285177612304686,26.204248046875,11.919070434570315,False
2025-09-26,XGBoost,0.95,23.6,23.579303741455078,17.61976852416992,29.538838958740236,11.919070434570315,True
2025-09-27,XGBoost,0.95,19.9,22.07832145690918,16.118786239624022,28.037856674194337,11.919070434570315,True
2025-09-28,XGBoost,0.95,24.1,21.195049285888672,15.235514068603514,27.15458450317383,11.919070434570315,True
2025-09-29,XGBoost,0.95,34.5,22.761388778686523,16.801853561401366,28.72092399597168,11.919070434570315,False
2025-09-30,XGBoost,0.95,20.8,25.272939682006836,19.31340446472168,31.232474899291994,11.919070434570315,True
2025-10-01,XGBoost,0.95,18.4,18.192596435546875,12.233061218261717,24.152131652832033,11.919070434570315,True
2025-10-02,XGBoost,0.95,25.6,20.582246780395508,14.62271156311035,26.541781997680665,11.919070434570315,True
2025-10-03,XGBoost,0.95,22.4,23.058670043945312,17.099134826660155,29.01820526123047,11.919070434570315,True
2025-10-04,XGBoost,0.95,19.0,21.416568756103516,15.457033538818358,27.376103973388673,11.919070434570315,True
2025-10-05,XGBoost,0.95,19.5,20.47182273864746,14.512287521362303,26.43135795593262,11.919070434570315,True
2025-10-06,XGBoost,0.95,20.6,18.53710174560547,12.577566528320311,24.496636962890626,11.919070434570315,True
2025-10-07,XGBoost,0.95,20.9,21.513957977294922,15.554422760009764,27.47349319458008,11.919070434570315,True
2025-10-08,XGBoost,0.95,27.2,21.19047737121582,15.230942153930663,27.150012588500978,11.919070434570315,False
2025-10-09,XGBoost,0.95,27.0,24.0008544921875,18.041319274902342,29.960389709472658,11.919070434570315,True
2025-10-10,XGBoost,0.95,24.0,23.87105941772461,17.91152420043945,29.830594635009767,11.919070434570315,True
2025-10-11,XGBoost,0.95,23.7,22.358232498168945,16.398697280883788,28.317767715454103,11.919070434570315,True
2025-10-12,XGBoost,0.95,22.1,23.482423782348633,17.522888565063475,29.44195899963379,11.919070434570315,True
2025-10-13,XGBoost,0.95,19.8,23.67202377319336,17.7124885559082,29.631558990478517,11.919070434570315,True
2025-10-14,XGBoost,0.95,19.1,19.9266414642334,13.96710624694824,25.886176681518556,11.919070434570315,True
2025-10-15,XGBoost,0.95,18.6,21.06618881225586,15.106653594970702,27.025724029541017,11.919070434570315,True
2025-10-16,XGBoost,0.95,27.8,18.865585327148438,12.90605010986328,24.825120544433595,11.919070434570315,False
2025-10-17,XGBoost,0.95,19.6,24.269821166992188,18.31028594970703,30.229356384277345,11.919070434570315,True
2025-10-18,XGBoost,0.95,24.5,20.53056526184082,14.571030044555663,26.490100479125978,11.919070434570315,True
2025-10-19,XGBoost,0.95,28.8,23.150907516479492,17.191372299194335,29.11044273376465,11.919070434570315,True
2025-10-20,XGBoost,0.95,31.4,24.91859245300293,18.959057235717772,30.878127670288087,11.919070434570315,False
2025-10-21,XGBoost,0.95,31.5,26.008155822753906,20.04862060546875,31.967691040039064,11.919070434570315,True
2025-10-22,XGBoost,0.95,22.5,25.268924713134766,19.309389495849608,31.228459930419923,11.919070434570315,True
2025-10-23,XGBoost,0.95,20.4,23.19842529296875,17.238890075683592,29.157960510253908,11.919070434570315,True
2025-10-24,XGBoost,0.95,19.5,22.550107955932617,16.59057273864746,28.509643173217775,11.919070434570315,True
2025-10-25,XGBoost,0.95,17.6,19.813743591308594,13.854208374023436,25.77327880859375,11.919070434570315,True
2025-10-26,XGBoost,0.95,20.4,18.65436363220215,12.69482841491699,24.613898849487306,11.919070434570315,True
2025-10-27,XGBoost,0.95,20.5,21.79084587097168,15.831310653686522,27.750381088256837,11.919070434570315,True
2025-10-28,XGBoost,0.95,21.6,22.407251358032227,16.44771614074707,28.366786575317384,11.919070434570315,True
2025-10-29,XGBoost,0.95,31.5,23.37724494934082,17.417709732055663,29.336780166625978,11.919070434570315,False
2025-10-30,XGBoost,0.95,22.2,26.564878463745117,20.60534324645996,32.524413681030275,11.919070434570315,True
2025-10-31,XGBoost,0.95,20.6,22.2805118560791,16.320976638793944,28.24004707336426,11.919070434570315,True
2025-11-01,XGBoost,0.95,21.0,20.538393020629883,14.578857803344725,26.49792823791504,11.919070434570315,True
2025-11-02,XGBoost,0.95,23.2,22.83316993713379,16.87363471984863,28.792705154418947,11.919070434570315,True
2025-11-03,XGBoost,0.95,22.4,23.40593910217285,17.446403884887694,29.36547431945801,11.919070434570315,True
2025-11-04,XGBoost,0.95,27.1,23.248634338378906,17.28909912109375,29.208169555664064,11.919070434570315,True
2025-11-05,XGBoost,0.95,29.9,25.022249221801758,19.0627140045166,30.981784439086915,11.919070434570315,True
2025-11-06,XGBoost,0.95,34.3,26.6975040435791,20.737968826293944,32.65703926086426,11.919070434570315,False
2025-11-07,XGBoost,0.95,30.9,28.308076858520508,22.34854164123535,34.267612075805665,11.919070434570315,True
2025-11-08,XGBoost,0.95,29.9,27.799850463867188,21.84031524658203,33.759385681152345,11.919070434570315,True
2025-11-09,XGBoost,0.95,28.6,27.46953773498535,21.510002517700194,33.42907295227051,11.919070434570315,True
2025-11-10,XGBoost,0.95,25.9,24.941930770874023,18.982395553588866,30.90146598815918,11.919070434570315,True
2025-11-11,XGBoost,0.95,25.3,24.259174346923828,18.29963912963867,30.218709564208986,11.919070434570315,True
2025-11-12,XGBoost,0.95,28.0,24.803312301635742,18.843777084350585,30.7628475189209,11.919070434570315,True
2025-11-13,XGBoost,0.95,25.5,25.703235626220703,19.743700408935545,31.66277084350586,11.919070434570315,True
2025-11-14,XGBoost,0.95,22.1,24.34117317199707,18.381637954711913,30.300708389282228,11.919070434570315,True
2025-11-15,XGBoost,0.95,25.8,23.74726676940918,17.787731552124022,29.706801986694337,11.919070434570315,True
2025-11-16,XGBoost,0.95,30.5,24.895523071289062,18.935987854003905,30.85505828857422,11.919070434570315,True
2025-11-17,XGBoost,0.95,24.5,25.988740921020508,20.02920570373535,31.948276138305665,11.919070434570315,True
2025-11-18,XGBoost,0.95,25.4,24.46083641052246,18.501301193237303,30.42037162780762,11.919070434570315,True
2025-11-19,XGBoost,0.95,25.1,25.02129364013672,19.06175842285156,30.980828857421876,11.919070434570315,True
2025-11-20,XGBoost,0.95,27.6,24.577423095703125,18.617887878417967,30.536958312988283,11.919070434570315,True
2025-11-21,XGBoost,0.95,29.9,25.88160514831543,19.922069931030272,31.841140365600587,11.919070434570315,True
2025-11-22,XGBoost,0.95,25.4,26.148225784301758,20.1886905670166,32.107761001586915,11.919070434570315,True
2025-11-23,XGBoost,0.95,24.6,25.14470672607422,19.18517150878906,31.104241943359376,11.919070434570315,True
2025-11-24,XGBoost,0.95,34.5,24.58201026916504,18.62247505187988,30.541545486450197,11.919070434570315,False
2025-11-25,XGBoost,0.95,25.9,29.195158004760742,23.235622787475585,35.1546932220459,11.919070434570315,True
2025-11-26,XGBoost,0.95,32.6,25.578937530517578,19.61940231323242,31.538472747802736,11.919070434570315,False
2025-11-27,XGBoost,0.95,27.5,28.79473876953125,22.835203552246092,34.75427398681641,11.919070434570315,True
2025-11-28,XGBoost,0.95,24.0,24.494827270507812,18.535292053222655,30.45436248779297,11.919070434570315,True
2025-11-29,XGBoost,0.95,27.1,23.675064086914062,17.715528869628905,29.63459930419922,11.919070434570315,True
2025-11-30,XGBoost,0.95,26.0,25.591468811035156,19.63193359375,31.551004028320314,11.919070434570315,True
2025-12-01,XGBoost,0.95,24.6,25.23111343383789,19.271578216552733,31.19064865112305,11.919070434570315,True
2025-12-02,XGBoost,0.95,29.6,25.475330352783203,19.515795135498045,31.43486557006836,11.919070434570315,True
2025-12-03,XGBoost,0.95,32.3,28.2293643951416,22.269829177856444,34.18889961242676,11.919070434570315,True
2025-12-04,XGBoost,0.95,24.9,26.79991912841797,20.84038391113281,32.759454345703126,11.919070434570315,True
2025-12-05,XGBoost,0.95,23.6,25.5175724029541,19.558037185668944,31.47710762023926,11.919070434570315,True
2025-12-06,XGBoost,0.95,27.5,25.659996032714844,19.700460815429686,31.61953125,11.919070434570315,True
2025-12-07,XGBoost,0.95,23.8,25.594606399536133,19.635071182250975,31.55414161682129,11.919070434570315,True
2025-12-08,XGBoost,0.95,24.4,24.953664779663086,18.99412956237793,30.913199996948244,11.919070434570315,True
2025-12-09,XGBoost,0.95,30.8,25.564239501953125,19.604704284667967,31.523774719238283,11.919070434570315,True
2025-12-10,XGBoost,0.95,33.5,28.05342674255371,22.093891525268553,34.01296195983887,11.919070434570315,True
2025-12-11,XGBoost,0.95,24.4,27.881065368652344,21.921530151367186,33.8406005859375,11.919070434570315,True
2025-12-12,XGBoost,0.95,20.6,23.8016300201416,17.842094802856444,29.76116523742676,11.919070434570315,True
2025-12-13,XGBoost,0.95,23.6,22.12133026123047,16.16179504394531,28.080865478515626,11.919070434570315,True
2025-12-14,XGBoost,0.95,24.7,24.590953826904297,18.63141860961914,30.550489044189455,11.919070434570315,True
2025-12-15,XGBoost,0.95,27.0,24.887500762939453,18.927965545654295,30.84703598022461,11.919070434570315,True
2025-12-16,XGBoost,0.95,21.3,24.47471809387207,18.515182876586913,30.434253311157228,11.919070434570315,True
2025-12-17,XGBoost,0.95,23.1,22.93174934387207,16.972214126586913,28.891284561157228,11.919070434570315,True
2025-12-18,XGBoost,0.95,23.5,24.730854034423828,18.77131881713867,30.690389251708986,11.919070434570315,True
2025-12-19,XGBoost,0.95,30.2,25.06558609008789,19.106050872802733,31.02512130737305,11.919070434570315,True
2025-12-20,XGBoost,0.95,34.5,27.92183494567871,21.962299728393553,33.88137016296387,11.919070434570315,False
2025-12-21,XGBoost,0.95,30.8,28.975128173828125,23.015592956542967,34.93466339111328,11.919070434570315,True
2025-12-22,XGBoost,0.95,23.5,27.650667190551758,21.6911319732666,33.610202407836915,11.919070434570315,True
2025-12-23,XGBoost,0.95,27.9,24.60726547241211,18.64773025512695,30.566800689697267,11.919070434570315,True
2025-12-24,XGBoost,0.95,29.0,27.08265495300293,21.123119735717772,33.04219017028809,11.919070434570315,True
2025-12-25,XGBoost,0.95,28.8,26.578256607055664,20.618721389770506,32.53779182434082,11.919070434570315,True
2025-12-26,XGBoost,0.95,27.9,26.761503219604492,20.801968002319335,32.72103843688965,11.919070434570315,True
2025-12-27,XGBoost,0.95,30.5,26.831302642822266,20.871767425537108,32.79083786010742,11.919070434570315,True
2025-12-28,XGBoost,0.95,35.6,28.274620056152344,22.315084838867186,34.2341552734375,11.919070434570315,False
2025-12-29,XGBoost,0.95,30.2,29.907093048095703,23.947557830810545,35.86662826538086,11.919070434570315,True
2025-12-30,XGBoost,0.95,26.8,27.34740447998047,21.38786926269531,33.306939697265626,11.919070434570315,True
2024-05-07,MLP,0.95,19.2,20.264889558429235,14.36597978499167,26.1637993318668,11.797819546875132,True
2024-05-08,MLP,0.95,20.8,20.60470512079802,14.705795347360453,26.503614894235586,11.797819546875132,True
2024-05-09,MLP,0.95,18.4,22.15057351173992,16.251663738302355,28.049483285177487,11.797819546875132,True
2024-05-10,MLP,0.95,18.6,17.020484453520528,11.121574680082961,22.919394226958094,11.797819546875132,True
2024-05-11,MLP,0.95,20.6,19.2081612479965,13.309251474558934,25.107071021434066,11.797819546875132,True
2024-05-12,MLP,0.95,24.4,20.735589419429445,14.836679645991879,26.63449919286701,11.797819546875132,True
2024-05-13,MLP,0.95,29.6,21.383243981873598,15.484334208436032,27.282153755311164,11.797819546875132,False
2024-05-14,MLP,0.95,22.0,23.692482706079833,17.793572932642267,29.5913924795174,11.797819546875132,True
2024-05-15,MLP,0.95,21.0,20.915939186866886,15.01702941342932,26.814848960304452,11.797819546875132,True
2024-05-16,MLP,0.95,21.1,21.5305581172557,15.631648343818135,27.429467890693267,11.797819546875132,True
2024-05-17,MLP,0.95,24.3,22.260069023303686,16.36115924986612,28.158978796741252,11.797819546875132,True
2024-05-18,MLP,0.95,22.7,21.676615369069836,15.77770559563227,27.575525142507402,11.797819546875132,True
2024-05-19,MLP,0.95,24.8,20.86250905825296,14.963599284815395,26.761418831690527,11.797819546875132,True
2024-05-20,MLP,0.95,21.4,20.97112646693163,15.072216693494063,26.870036240369195,11.797819546875132,True
2024-05-21,MLP,0.95,21.5,20.40051042677932,14.501600653341754,26.299420200216886,11.797819546875132,True
2024-05-22,MLP,0.95,19.7,21.71268757118948,15.813777797751914,27.611597344627047,11.797819546875132,True
2024-05-23,MLP,0.95,23.4,20.059038091153703,14.160128317716136,25.95794786459127,11.797819546875132,True
2024-05-24,MLP,0.95,19.6,22.79197304159159,16.893063268154023,28.690882815029155,11.797819546875132,True
2024-05-25,MLP,0.95,20.4,20.71148639713396,14.812576623696394,26.610396170571526,11.797819546875132,True
2024-05-26,MLP,0.95,22.0,21.102532075351853,15.203622301914287,27.00144184878942,11.797819546875132,True
2024-05-27,MLP,0.95,27.2,20.665342469272975,14.766432695835409,26.56425224271054,11.797819546875132,False
2024-05-28,MLP,0.95,32.5,22.948866954440895,17.04995718100333,28.84777672787846,11.797819546875132,False
2024-05-29,MLP,0.95,17.2,25.37834012710404,19.479430353666473,31.277249900541605,11.797819546875132,False
2024-05-30,MLP,0.95,17.3,18.0814310064138,12.182521232976235,23.980340779851367,11.797819546875132,True
2024-05-31,MLP,0.95,18.7,18.235041661073804,12.336131887636238,24.13395143451137,11.797819546875132,True
2024-06-01,MLP,0.95,18.4,19.979424709214086,14.08051493577652,25.878334482651653,11.797819546875132,True
2024-06-02,MLP,0.95,15.1,19.38174373324721,13.482833959809643,25.280653506684775,11.797819546875132,True
2024-06-03,MLP,0.95,19.3,16.248977695714984,10.350067922277418,22.14788746915255,11.797819546875132,True
2024-06-04,MLP,0.95,17.5,16.60796587006181,10.709056096624245,22.506875643499377,11.797819546875132,True
2024-06-05,MLP,0.95,17.2,15.564097577420114,9.665187803982548,21.46300735085768,11.797819546875132,True
2024-06-06,MLP,0.95,17.1,15.369531376711468,9.470621603273901,21.268441150149034,11.797819546875132,True
2024-06-07,MLP,0.95,17.8,18.743814053996402,12.844904280558836,24.64272382743397,11.797819546875132,True
2024-06-08,MLP,0.95,17.2,19.355648925974346,13.45673915253678,25.254558699411913,11.797819546875132,True
2024-06-09,MLP,0.95,25.5,17.53985610331587,11.640946329878304,23.438765876753436,11.797819546875132,False
2024-06-10,MLP,0.95,24.3,23.222302193069268,17.323392419631702,29.121211966506834,11.797819546875132,True
2024-06-11,MLP,0.95,19.2,18.39699288041912,12.498083106981554,24.295902653856686,11.797819546875132,True
2024-06-12,MLP,0.95,18.9,19.881709966204703,13.982800192767137,25.78061973964227,11.797819546875132,True
2024-06-13,MLP,0.95,19.6,18.73789907787485,12.838989304437284,24.636808851312416,11.797819546875132,True
2024-06-14,MLP,0.95,20.6,20.540606913276413,14.641697139838847,26.43951668671398,11.797819546875132,True
2024-06-15,MLP,0.95,22.2,19.769942409271508,13.871032635833942,25.668852182709074,11.797819546875132,True
2024-06-16,MLP,0.95,20.1,20.959004131979984,15.060094358542418,26.85791390541755,11.797819546875132,True
2024-06-17,MLP,0.95,18.3,20.28487985238129,14.385970078943725,26.183789625818857,11.797819546875132,True
2024-06-18,MLP,0.95,16.6,15.988343439476534,10.089433666038968,21.8872532129141,11.797819546875132,True
2024-06-19,MLP,0.95,17.0,16.856643042373133,10.957733268935566,22.7555528158107,11.797819546875132,True
2024-06-20,MLP,0.95,18.1,17.956934636635125,12.05802486319756,23.85584441007269,11.797819546875132,True
2024-06-21,MLP,0.95,19.2,15.663782243403963,9.764872469966397,21.56269201684153,11.797819546875134,True
2024-06-22,MLP,0.95,20.8,17.283653016760123,11.384743243322557,23.18256279019769,11.797819546875132,True
2024-06-23,MLP,0.95,17.8,18.723374718854004,12.824464945416437,24.62228449229157,11.797819546875132,True
2024-06-24,MLP,0.95,17.7,19.20031381242942,13.301404038991855,25.099223585866987,11.797819546875132,True
2024-06-25,MLP,0.95,20.2,18.47386309841405,12.574953324976484,24.372772871851616,11.797819546875132,True
2024-06-26,MLP,0.95,25.1,19.37987714154037,13.480967368102803,25.278786914977935,11.797819546875132,True
2024-06-27,MLP,0.95,26.6,22.808748729519692,16.909838956082126,28.70765850295726,11.797819546875132,True
2024-06-28,MLP,0.95,21.4,23.536462005246086,17.63755223180852,29.435371778683653,11.797819546875132,True
2024-06-29,MLP,0.95,19.6,20.00287244823538,14.103962674797813,25.901782221672946,11.797819546875132,True
2024-06-30,MLP,0.95,17.0,20.6383647570344,14.739454983596833,26.537274530471965,11.797819546875132,True
2024-07-01,MLP,0.95,17.0,17.76257366836932,11.863663894931754,23.661483441806887,11.797819546875132,True
2024-07-02,MLP,0.95,15.5,17.31535168253236,11.416441909094793,23.214261455969925,11.797819546875132,True
2024-07-03,MLP,0.95,16.5,14.215912189482491,8.317002416044925,20.114821962920058,11.797819546875132,True
2024-07-04,MLP,0.95,17.0,14.879798829366349,8.980889055928783,20.778708602803917,11.797819546875134,True
2024-07-05,MLP,0.95,21.8,18.66060129300115,12.761691519563584,24.559511066438716,11.797819546875132,True
2024-07-06,MLP,0.95,14.6,20.643370754514024,14.744460981076458,26.54228052795159,11.797819546875132,False
2024-07-07,MLP,0.95,13.1,13.84397686079863,7.945067087361064,19.742886634236196,11.797819546875132,True
2024-07-08,MLP,0.95,15.4,15.35951942772687,9.460609654289303,21.258429201164436,11.797819546875132,True
2024-07-09,MLP,0.95,17.0,14.44410716103145,8.545197387593884,20.343016934469016,11.797819546875132,True
2024-07-10,MLP,0.95,17.2,15.472051324453988,9.573141551016422,21.370961097891552,11.79781954687513,True
2024-07-11,MLP,0.95,15.1,14.824263142034464,8.925353368596898,20.72317291547203,11.797819546875132,True
2024-07-12,MLP,0.95,13.4,16.12384848006507,10.224938706627505,22.022758253502637,11.797819546875132,True
2024-07-13,MLP,0.95,15.1,13.163776089887936,7.2648663164503695,19.062685863325502,11.797819546875132,True
2024-07-14,MLP,0.95,16.3,15.366875602224297,9.467965828786731,21.265785375661864,11.797819546875132,True
2024-07-15,MLP,0.95,15.4,16.294851343487053,10.395941570049487,22.19376111692462,11.797819546875132,True
2024-07-16,MLP,0.95,14.9,14.869318290996421,8.970408517558855,20.768228064433988,11.797819546875132,True
2024-07-17,MLP,0.95,15.2,16.424837334358543,10.525927560920977,22.32374710779611,11.797819546875132,True
2024-07-18,MLP,0.95,16.1,14.572304125420139,8.673394351982573,20.471213898857705,11.797819546875132,True
2024-07-19,MLP,0.95,14.5,14.673468303826755,8.77455853038919,20.57237807726432,11.797819546875132,True
2024-07-20,MLP,0.95,14.2,15.784357245646715,9.88544747220915,21.683267019084283,11.797819546875134,True
2024-07-21,MLP,0.95,16.0,15.290560568888111,9.391650795450545,21.189470342325677,11.797819546875132,True
2024-07-22,MLP,0.95,15.4,16.796504083300746,10.89759430986318,22.695413856738313,11.797819546875132,True
2024-07-23,MLP,0.95,15.1,16.415224797994806,10.51631502455724,22.314134571432373,11.797819546875132,True
2024-07-24,MLP,0.95,18.7,15.980360243811951,10.081450470374385,21.879270017249517,11.797819546875132,True
2024-07-25,MLP,0.95,16.9,17.939279731520216,12.04036995808265,23.838189504957782,11.797819546875132,True
2024-07-26,MLP,0.95,14.4,15.487039452042989,9.588129678605423,21.385949225480555,11.797819546875132,True
2024-07-27,MLP,0.95,13.4,14.96946119109995,9.070551417662385,20.86837096453752,11.797819546875134,True
2024-07-28,MLP,0.95,14.4,13.753804537432488,7.854894763994922,19.652714310870053,11.79781954687513,True
2024-07-29,MLP,0.95,13.9,14.34201154767017,8.443101774232604,20.240921321107734,11.79781954687513,True
2024-07-30,MLP,0.95,14.0,15.505064687864905,9.60615491442734,21.40397446130247,11.797819546875132,True
2024-07-31,MLP,0.95,15.6,15.361575341208512,9.462665567770946,21.26048511464608,11.797819546875134,True
2024-08-01,MLP,0.95,15.4,16.14453881444651,10.245629041008943,22.043448587884075,11.797819546875132,True
2024-08-02,MLP,0.95,20.0,16.455965107700578,10.557055334263012,22.354874881138144,11.797819546875132,True
2024-08-03,MLP,0.95,13.8,17.579052807278142,11.680143033840576,23.477962580715708,11.797819546875132,True
2024-08-04,MLP,0.95,14.9,14.234451172906589,8.335541399469022,20.133360946344155,11.797819546875132,True
2024-08-05,MLP,0.95,18.3,16.484004570271605,10.585094796834039,22.38291434370917,11.797819546875132,True
2024-08-06,MLP,0.95,17.0,17.859628627741678,11.960718854304112,23.758538401179244,11.797819546875132,True
2024-08-07,MLP,0.95,14.4,16.686246963338967,10.7873371899014,22.585156736776533,11.797819546875132,True
2024-08-08,MLP,0.95,16.0,14.719766493397879,8.820856719960313,20.618676266835443,11.79781954687513,True
2024-08-09,MLP,0.95,17.0,16.62392850828935,10.725018734851783,22.522838281726916,11.797819546875132,True
2024-08-10,MLP,0.95,16.5,15.144339173371534,9.245429399933968,21.0432489468091,11.797819546875132,True
2024-08-11,MLP,0.95,16.8,16.635191723384487,10.736281949946921,22.534101496822053,11.797819546875132,True
2024-08-12,MLP,0.95,16.4,16.578025174370744,10.679115400933178,22.47693494780831,11.797819546875132,True
2024-08-13,MLP,0.95,13.9,15.060544476865392,9.161634703427826,20.959454250302958,11.797819546875132,True
2024-08-14,MLP,0.95,18.4,16.518153520380785,10.61924374694322,22.41706329381835,11.797819546875132,True
2024-08-15,MLP,0.95,17.4,17.238632030695353,11.339722257257787,23.13754180413292,11.797819546875132,True
2024-08-16,MLP,0.95,15.4,17.19775888940826,11.298849115970693,23.096668662845826,11.797819546875132,True
2024-08-17,MLP,0.95,18.0,16.6911898168779,10.792280043440332,22.590099590315464,11.797819546875132,True
2024-08-18,MLP,0.95,21.1,18.011610373457152,12.112700600019586,23.91052014689472,11.797819546875132,True
2024-08-19,MLP,0.95,19.9,18.668242474427462,12.769332700989896,24.567152247865028,11.797819546875132,True
2024-08-20,MLP,0.95,14.7,17.937120885927683,12.038211112490117,23.83603065936525,11.797819546875132,True
2024-08-21,MLP,0.95,18.0,14.938817062519716,9.03990728908215,20.837726835957284,11.797819546875134,True
2024-08-22,MLP,0.95,24.5,17.477825765074304,11.578915991636737,23.37673553851187,11.797819546875132,False
2024-08-23,MLP,0.95,17.0,19.787276294085007,13.888366520647441,25.686186067522573,11.797819546875132,True
2024-08-24,MLP,0.95,17.0,16.448850704172724,10.549940930735158,22.34776047761029,11.797819546875132,True
2024-08-25,MLP,0.95,16.2,17.22851144063458,11.329601667197014,23.127421214072147,11.797819546875132,True
2024-08-26,MLP,0.95,14.1,15.61310381930275,9.714194045865185,21.512013592740317,11.797819546875132,True
2024-08-27,MLP,0.95,11.8,15.455826900405167,9.556917126967601,21.354736673842734,11.797819546875132,True
2024-08-28,MLP,0.95,12.9,14.221608958686641,8.322699185249075,20.120518732124207,11.797819546875132,True
2024-08-29,MLP,0.95,17.2,17.53958896683291,11.640679193395343,23.438498740270475,11.797819546875132,True
2024-08-30,MLP,0.95,25.0,19.679846052845917,13.780936279408351,25.578755826283484,11.797819546875132,True
2024-08-31,MLP,0.95,19.1,20.398569366948994,14.499659593511428,26.29747914038656,11.797819546875132,True
2024-09-01,MLP,0.95,29.4,18.10293778420982,12.204028010772255,24.001847557647388,11.797819546875132,False
2024-09-02,MLP,0.95,20.2,23.117455903732818,17.218546130295252,29.016365677170384,11.797819546875132,True
2024-09-03,MLP,0.95,17.5,18.14819053203159,12.249280758594026,24.047100305469158,11.797819546875132,True
2024-09-04,MLP,0.95,14.6,17.910379993969237,12.01147022053167,23.809289767406803,11.797819546875132,True
2024-09-05,MLP,0.95,16.6,16.430338846452845,10.531429073015278,22.32924861989041,11.797819546875132,True
2024-09-06,MLP,0.95,15.8,17.31748643043245,11.418576656994883,23.216396203870016,11.797819546875132,True
2024-09-07,MLP,0.95,14.6,17.391454198801657,11.492544425364091,23.290363972239224,11.797819546875132,True
2024-09-08,MLP,0.95,19.0,16.78311875834163,10.884208984904063,22.682028531779196,11.797819546875132,True
2024-09-09,MLP,0.95,20.8,18.6222567550495,12.723346981611932,24.521166528487065,11.797819546875132,True
2024-09-10,MLP,0.95,23.8,19.591437819639257,13.69252804620169,25.490347593076823,11.797819546875132,True
2024-09-11,MLP,0.95,19.6,20.261273000680283,14.362363227242717,26.16018277411785,11.797819546875132,True
2024-09-12,MLP,0.95,17.8,18.205273064710163,12.306363291272596,24.10418283814773,11.797819546875132,True
2024-09-13,MLP,0.95,19.5,17.87105633058543,11.972146557147862,23.769966104022995,11.797819546875132,True
2024-09-14,MLP,0.95,18.0,19.236752271560107,13.33784249812254,25.135662044997673,11.797819546875132,True
2024-09-15,MLP,0.95,17.3,18.741417358271086,12.84250758483352,24.640327131708652,11.797819546875132,True
2024-09-16,MLP,0.95,16.6,18.31511758554074,12.416207812103174,24.214027358978306,11.797819546875132,True
2024-09-17,MLP,0.95,15.9,17.847585836655558,11.948676063217992,23.746495610093124,11.797819546875132,True
2024-09-18,MLP,0.95,15.9,16.193182377323712,10.294272603886146,22.092092150761278,11.797819546875132,True
2024-09-19,MLP,0.95,20.0,17.62863296851675,11.729723195079185,23.527542741954317,11.797819546875132,True
2024-09-20,MLP,0.95,22.5,19.56131586164172,13.662406088204154,25.460225635079286,11.797819546875132,True
2024-09-21,MLP,0.95,26.0,20.382485598813247,14.48357582537568,26.281395372250813,11.797819546875132,True
2024-09-22,MLP,0.95,26.1,22.450584270396917,16.55167449695935,28.349494043834483,11.797819546875132,True
2024-09-23,MLP,0.95,20.9,21.9945020894714,16.095592316033834,27.893411862908966,11.797819546875132,True
2024-09-24,MLP,0.95,17.4,19.441650157321746,13.54274038388418,25.340559930759312,11.797819546875132,True
2024-09-25,MLP,0.95,19.8,18.513779480911953,12.614869707474387,24.41268925434952,11.797819546875132,True
2024-09-26,MLP,0.95,17.5,20.267953969773373,14.369044196335807,26.16686374321094,11.797819546875132,True
2024-09-27,MLP,0.95,17.1,19.267324917783448,13.368415144345882,25.166234691221014,11.797819546875132,True
2024-09-28,MLP,0.95,14.6,16.183006025469556,10.28409625203199,22.081915798907122,11.797819546875132,True
2024-09-29,MLP,0.95,14.4,16.29365872992091,10.394748956483344,22.192568503358476,11.797819546875132,True
2024-09-30,MLP,0.95,15.1,15.434377259876694,9.535467486439128,21.33328703331426,11.797819546875132,True
2024-10-01,MLP,0.95,22.9,19.036517675041402,13.137607901603836,24.93542744847897,11.797819546875132,True
2024-10-02,MLP,0.95,28.8,22.070079911082477,16.17117013764491,27.968989684520043,11.797819546875132,False
2024-10-03,MLP,0.95,28.7,24.556042358274368,18.657132584836802,30.454952131711934,11.797819546875132,True
2024-10-04,MLP,0.95,26.6,25.123759115520045,19.22484934208248,31.02266888895761,11.797819546875132,True
2024-10-05,MLP,0.95,26.3,24.297115305372856,18.39820553193529,30.196025078810422,11.797819546875132,True
2024-10-06,MLP,0.95,30.8,22.81246350901415,16.913553735576585,28.711373282451717,11.797819546875132,False
2024-10-07,MLP,0.95,24.0,25.14764426238029,19.248734488942723,31.046554035817856,11.797819546875132,True
2024-10-08,MLP,0.95,22.3,21.231033705219197,15.33212393178163,27.129943478656763,11.797819546875132,True
2024-10-09,MLP,0.95,19.6,22.19212946028903,16.293219686851465,28.091039233726598,11.797819546875132,True
2024-10-10,MLP,0.95,20.9,21.25014051749293,15.351230744055364,27.149050290930496,11.797819546875132,True
2024-10-11,MLP,0.95,22.1,21.330682250055577,15.431772476618011,27.229592023493144,11.797819546875132,True
2024-10-12,MLP,0.95,21.7,21.489119231671424,15.590209458233858,27.38802900510899,11.797819546875132,True
2024-10-13,MLP,0.95,19.5,22.15363447980968,16.254724706372112,28.052544253247245,11.797819546875132,True
2024-10-14,MLP,0.95,28.6,20.94994573828655,15.051035964848985,26.848855511724118,11.797819546875132,False
2024-10-15,MLP,0.95,29.5,24.689269240211843,18.790359466774277,30.58817901364941,11.797819546875132,True
2024-10-16,MLP,0.95,22.0,24.86713802683568,18.968228253398113,30.766047800273245,11.797819546875132,True
2024-10-17,MLP,0.95,19.7,21.22876865854694,15.329858885109374,27.127678431984506,11.797819546875132,True
2024-10-18,MLP,0.95,18.3,21.5012412482157,15.602331474778133,27.400151021653265,11.797819546875132,True
2024-10-19,MLP,0.95,21.3,20.999960091072918,15.101050317635352,26.898869864510484,11.797819546875132,True
2024-10-20,MLP,0.95,25.8,22.589355031215355,16.69044525777779,28.48826480465292,11.797819546875132,True
2024-10-21,MLP,0.95,27.5,24.193786638032158,18.294876864594592,30.092696411469724,11.797819546875132,True
2024-10-22,MLP,0.95,29.6,25.382103127294165,19.4831933538566,31.28101290073173,11.797819546875132,True
2024-10-23,MLP,0.95,20.8,26.494082053264457,20.59517227982689,32.39299182670202,11.797819546875132,True
2024-10-24,MLP,0.95,20.7,22.584770738705586,16.68586096526802,28.483680512143152,11.797819546875132,True
2024-10-25,MLP,0.95,27.5,22.091882769683593,16.192972996246027,27.99079254312116,11.797819546875132,True
2024-10-26,MLP,0.95,18.4,25.064803521237565,19.1658937478,30.96371329467513,11.797819546875132,False
2024-10-27,MLP,0.95,20.2,17.662240579011108,11.763330805573542,23.561150352448674,11.797819546875132,True
2024-10-28,MLP,0.95,20.2,19.252514043727974,13.353604270290408,25.15142381716554,11.797819546875132,True
2024-10-29,MLP,0.95,23.0,21.903407494759488,16.004497721321922,27.802317268197054,11.797819546875132,True
2024-10-30,MLP,0.95,25.6,22.969304874152314,17.070395100714748,28.86821464758988,11.797819546875132,True
2024-10-31,MLP,0.95,25.3,23.986378067771312,18.087468294333746,29.88528784120888,11.797819546875132,True
2024-11-01,MLP,0.95,23.9,23.15863459942664,17.259724825989075,29.057544372864207,11.797819546875132,True
2024-11-02,MLP,0.95,21.8,23.497647669092146,17.59873789565458,29.396557442529712,11.797819546875132,True
2024-11-03,MLP,0.95,15.4,22.330844147240647,16.43193437380308,28.229753920678213,11.797819546875132,False
2024-11-04,MLP,0.95,19.8,16.32054636778059,10.421636594343024,22.219456141218156,11.797819546875132,True
2024-11-05,MLP,0.95,24.1,22.1266484484101,16.227738674972535,28.025558221847668,11.797819546875132,True
2024-11-06,MLP,0.95,30.0,24.86271352854076,18.963803755103193,30.761623301978325,11.797819546875132,True
2024-11-07,MLP,0.95,25.0,27.596727869830858,21.69781809639329,33.495637643268424,11.797819546875132,True
2024-11-08,MLP,0.95,26.1,23.245369847537006,17.34646007409944,29.144279620974572,11.797819546875132,True
2024-11-09,MLP,0.95,23.0,25.162071840139276,19.26316206670171,31.060981613576843,11.797819546875132,True
2024-11-10,MLP,0.95,26.9,22.781009088349172,16.882099314911606,28.67991886178674,11.797819546875132,True
2024-11-11,MLP,0.95,21.3,25.575852824084325,19.67694305064676,31.47476259752189,11.797819546875132,True
2024-11-12,MLP,0.95,23.1,22.60008424814905,16.701174474711483,28.498994021586615,11.797819546875132,True
2024-11-13,MLP,0.95,27.5,23.690104416716906,17.79119464327934,29.589014190154472,11.797819546875132,True
2024-11-14,MLP,0.95,25.2,25.339279739914065,19.4403699664765,31.23818951335163,11.797819546875132,True
2024-11-15,MLP,0.95,21.5,23.008649129955593,17.109739356518027,28.90755890339316,11.797819546875132,True
2024-11-16,MLP,0.95,27.4,22.864739787400104,16.965830013962538,28.76364956083767,11.797819546875132,True
2024-11-17,MLP,0.95,22.5,25.10601881112779,19.207109037690223,31.004928584565356,11.797819546875132,True
2024-11-18,MLP,0.95,24.9,22.382784521999252,16.483874748561686,28.281694295436818,11.797819546875132,True
2024-11-19,MLP,0.95,25.7,24.79426699506402,18.895357221626455,30.693176768501587,11.797819546875132,True
2024-11-20,MLP,0.95,24.9,23.429282999331445,17.53037322589388,29.32819277276901,11.797819546875132,True
2024-11-21,MLP,0.95,24.1,24.544862368087774,18.645952594650208,30.44377214152534,11.797819546875132,True
2024-11-22,MLP,0.95,24.9,23.860929198599074,17.962019425161508,29.75983897203664,11.797819546875132,True
2024-11-23,MLP,0.95,28.5,24.523637546807226,18.62472777336966,30.422547320244792,11.797819546875132,True
2024-11-24,MLP,0.95,23.8,24.49110613061673,18.592196357179162,30.390015904054295,11.797819546875132,True
2024-11-25,MLP,0.95,19.5,22.20957780309876,16.310668029661194,28.108487576536326,11.797819546875132,True
2024-11-26,MLP,0.95,20.5,20.32109510699319,14.422185333555625,26.220004880430757,11.797819546875132,True
2024-11-27,MLP,0.95,24.5,22.147595951334097,16.24868617789653,28.046505724771663,11.797819546875132,True
2024-11-28,MLP,0.95,27.5,25.068678952521232,19.169769179083666,30.967588725958798,11.797819546875132,True
2024-11-29,MLP,0.95,23.3,25.42081786383578,19.521908090398213,31.319727637273346,11.797819546875132,True
2024-11-30,MLP,0.95,23.2,23.28202272531739,17.383112951879824,29.180932498754956,11.797819546875132,True
2024-12-01,MLP,0.95,27.8,24.49206388217123,18.593154108733664,30.390973655608796,11.797819546875132,True
2024-12-02,MLP,0.95,25.5,26.24598360156404,20.347073828126472,32.1448933750016,11.797819546875129,True
2024-12-03,MLP,0.95,27.0,24.238626234817563,18.339716461379997,30.13753600825513,11.797819546875132,True
2024-12-04,MLP,0.95,23.7,25.743263816058192,19.844354042620626,31.64217358949576,11.797819546875132,True
2024-12-05,MLP,0.95,20.9,23.754626934429712,17.855717160992146,29.65353670786728,11.797819546875132,True
2024-12-06,MLP,0.95,24.8,22.79124256031618,16.892332786878615,28.690152333753748,11.797819546875132,True
2024-12-07,MLP,0.95,23.5,25.985143653810063,20.086233880372497,31.88405342724763,11.797819546875132,True
2024-12-08,MLP,0.95,29.6,24.247371473513812,18.348461700076246,30.14628124695138,11.797819546875132,True
2024-12-09,MLP,0.95,27.2,26.755959559902657,20.85704978646509,32.65486933334022,11.797819546875132,True
2024-12-10,MLP,0.95,26.5,25.475528531551248,19.576618758113682,31.374438304988814,11.797819546875132,True
2024-12-11,MLP,0.95,25.0,25.72240480556302,19.823495032125454,31.621314579000586,11.797819546875132,True
2024-12-12,MLP,0.95,22.3,24.434001708392287,18.53509193495472,30.332911481829854,11.797819546875132,True
2024-12-13,MLP,0.95,24.6,23.603514490229607,17.70460471679204,29.502424263667173,11.797819546875132,True
2024-12-14,MLP,0.95,20.4,24.889366079823205,18.99045630638564,30.78827585326077,11.797819546875132,True
2024-12-15,MLP,0.95,22.6,21.501896598452024,15.602986825014458,27.40080637188959,11.797819546875132,True
2024-12-16,MLP,0.95,22.8,23.78003914089833,17.881129367460765,29.678948914335898,11.797819546875132,True
2024-12-17,MLP,0.95,23.2,24.25762057696612,18.358710803528552,30.156530350403685,11.797819546875132,True
2024-12-18,MLP,0.95,25.8,25.015238407272562,19.116328633834996,30.91414818071013,11.797819546875132,True
2024-12-19,MLP,0.95,25.0,25.829737505917805,19.93082773248024,31.72864727935537,11.797819546875132,True
2024-12-20,MLP,0.95,26.0,25.61691876667943,19.718008993241863,31.515828540116996,11.797819546875132,True
2024-12-21,MLP,0.95,26.5,26.643664895030305,20.74475512159274,32.54257466846787,11.797819546875132,True
2024-12-22,MLP,0.95,22.9,25.846401755776817,19.94749198233925,31.745311529214383,11.797819546875132,True
2024-12-23,MLP,0.95,28.2,24.696186566039298,18.797276792601732,30.595096339476864,11.797819546875132,True
2024-12-24,MLP,0.95,33.6,28.589160781852186,22.69025100841462,34.48807055528975,11.797819546875132,True
2024-12-25,MLP,0.95,35.6,30.25699445540396,24.358084681966393,36.15590422884152,11.797819546875129,True
2024-12-26,MLP,0.95,26.1,30.68437705791189,24.785467284474326,36.583286831349454,11.797819546875129,True
2024-12-27,MLP,0.95,27.9,24.941465884930093,19.042556111492527,30.84037565836766,11.797819546875132,True
2024-12-28,MLP,0.95,27.2,28.790959953002265,22.8920501795647,34.68986972643983,11.797819546875132,True
2024-12-29,MLP,0.95,26.9,25.640376596508897,19.74146682307133,31.539286369946463,11.797819546875132,True
2024-12-30,MLP,0.95,25.6,25.47502282282023,19.576113049382663,31.373932596257795,11.797819546875132,True
2024-12-31,MLP,0.95,25.7,25.981248579804976,20.08233880636741,31.880158353242543,11.797819546875132,True
2025-01-01,MLP,0.95,23.6,26.721947302682384,20.823037529244818,32.62085707611995,11.797819546875129,True
2025-01-02,MLP,0.95,26.0,26.440030298574754,20.54112052513719,32.33894007201232,11.797819546875132,True
2025-01-03,MLP,0.95,29.0,27.59399293073023,21.695083157292665,33.4929027041678,11.797819546875132,True
2025-01-04,MLP,0.95,22.4,27.78850590473944,21.889596131301875,33.687415678177004,11.797819546875129,True
2025-01-05,MLP,0.95,22.8,24.79622232017319,18.897312546735623,30.695132093610756,11.797819546875132,True
2025-01-06,MLP,0.95,24.8,26.380398142941445,20.48148836950388,32.27930791637901,11.797819546875132,True
2025-01-07,MLP,0.95,24.9,26.691939168130396,20.79302939469283,32.59084894156796,11.797819546875132,True
2025-01-08,MLP,0.95,26.0,27.017517735275337,21.11860796183777,32.9164275087129,11.797819546875129,True
2025-01-09,MLP,0.95,24.0,27.788429229448525,21.88951945601096,33.68733900288609,11.797819546875132,True
2025-01-10,MLP,0.95,26.4,26.186928666898787,20.28801889346122,32.08583844033635,11.797819546875132,True
2025-01-11,MLP,0.95,25.3,27.77102303983431,21.872113266396745,33.66993281327188,11.797819546875132,True
2025-01-12,MLP,0.95,31.1,27.03475591603157,21.135846142594005,32.93366568946914,11.797819546875132,True
2025-01-13,MLP,0.95,24.5,29.027008329051128,23.128098555613562,34.925918102488694,11.797819546875132,True
2025-01-14,MLP,0.95,21.2,23.30690332091799,17.407993547480423,29.205813094355555,11.797819546875132,True
2025-01-15,MLP,0.95,25.4,24.46376884234635,18.564859068908785,30.362678615783917,11.797819546875132,True
2025-01-16,MLP,0.95,29.0,26.960322461049856,21.06141268761229,32.85923223448742,11.797819546875132,True
2025-01-17,MLP,0.95,23.9,27.564243544305363,21.665333770867797,33.46315331774293,11.797819546875132,True
2025-01-18,MLP,0.95,25.6,25.663970335323686,19.76506056188612,31.562880108761252,11.797819546875132,True
2025-01-19,MLP,0.95,24.1,27.84304092246325,21.944131149025683,33.74195069590081,11.797819546875129,True
2025-01-20,MLP,0.95,34.7,26.46306363934019,20.564153865902625,32.36197341277776,11.797819546875132,False
2025-01-21,MLP,0.95,35.8,31.51987598986628,25.620966216428712,37.418785763303845,11.797819546875132,True
2025-01-22,MLP,0.95,28.8,30.933436351608844,25.034526578171278,36.83234612504641,11.797819546875136,True
2025-01-23,MLP,0.95,28.5,27.2722159842181,21.373306210780534,33.171125757655666,11.797819546875132,True
2025-01-24,MLP,0.95,30.5,28.794079826143204,22.895170052705637,34.69298959958077,11.797819546875132,True
2025-01-25,MLP,0.95,26.5,28.773402578736846,22.87449280529928,34.672312352174416,11.797819546875136,True
2025-01-26,MLP,0.95,27.5,27.288191997833586,21.38928222439602,33.18710177127115,11.797819546875132,True
2025-01-27,MLP,0.95,35.8,28.764768316598506,22.86585854316094,34.66367809003607,11.797819546875132,False
2025-01-28,MLP,0.95,31.4,33.094628062576504,27.195718289138938,38.99353783601407,11.797819546875132,True
2025-01-29,MLP,0.95,25.8,28.525203978752543,22.626294205314977,34.42411375219011,11.797819546875132,True
2025-01-30,MLP,0.95,24.0,26.748257380417744,20.849347606980178,32.64716715385531,11.797819546875129,True
2025-01-31,MLP,0.95,24.9,26.4093070519435,20.510397278505934,32.308216825381066,11.797819546875132,True
2025-02-01,MLP,0.95,25.5,26.907110215374995,21.00820044193743,32.806019988812565,11.797819546875136,True
2025-02-02,MLP,0.95,25.2,26.63596488191185,20.737055108474284,32.53487465534941,11.797819546875129,True
2025-02-03,MLP,0.95,25.1,26.456274913248947,20.55736513981138,32.35518468668651,11.797819546875132,True
2025-02-04,MLP,0.95,21.1,26.505037586516156,20.60612781307859,32.40394735995372,11.797819546875129,True
2025-02-05,MLP,0.95,27.4,24.086812763325327,18.18790298988776,29.985722536762893,11.797819546875132,True
2025-02-06,MLP,0.95,36.2,29.01532240061116,23.116412627173595,34.91423217404873,11.797819546875132,False
2025-02-07,MLP,0.95,26.8,30.88446498826238,24.985555214824814,36.783374761699946,11.797819546875132,True
2025-02-08,MLP,0.95,23.5,26.326682035774002,20.427772262336436,32.225591809211565,11.797819546875129,True
2025-02-09,MLP,0.95,27.5,26.950284308210605,21.05137453477304,32.84919408164817,11.797819546875132,True
2025-02-10,MLP,0.95,30.7,28.17531228780245,22.276402514364882,34.074222061240015,11.797819546875132,True
2025-02-11,MLP,0.95,31.9,28.29199447518115,22.393084701743582,34.190904248618715,11.797819546875132,True
2025-02-12,MLP,0.95,22.4,27.346189004504435,21.44727923106687,33.245098777942005,11.797819546875136,True
2025-02-13,MLP,0.95,22.9,24.431969516657677,18.53305974322011,30.330879290095243,11.797819546875132,True
2025-02-14,MLP,0.95,26.2,27.084055756074,21.185145982636435,32.98296552951157,11.797819546875132,True
2025-02-15,MLP,0.95,25.5,27.82822148851273,21.929311715075166,33.7271312619503,11.797819546875132,True
2025-02-16,MLP,0.95,27.4,27.174793923272695,21.27588414983513,33.07370369671026,11.797819546875132,True
2025-02-17,MLP,0.95,26.3,28.134944738693598,22.23603496525603,34.033854512131164,11.797819546875132,True
2025-02-18,MLP,0.95,33.8,26.954387172650264,21.0554773992127,32.85329694608783,11.797819546875132,False
2025-02-19,MLP,0.95,34.7,32.735954598863245,26.83704482542568,38.63486437230081,11.797819546875132,True
2025-02-20,MLP,0.95,27.6,29.297453969004394,23.398544195566828,35.19636374244196,11.797819546875132,True
2025-02-21,MLP,0.95,28.8,26.05810769192614,20.159197918488573,31.957017465363705,11.797819546875132,True
2025-02-22,MLP,0.95,23.6,29.079024041740528,23.18011426830296,34.97793381517809,11.797819546875129,True
2025-02-23,MLP,0.95,25.8,25.854535064990735,19.95562529155317,31.7534448384283,11.797819546875132,True
2025-02-24,MLP,0.95,26.5,27.761598862322018,21.86268908888445,33.660508635759584,11.797819546875132,True
2025-02-25,MLP,0.95,31.7,27.45378670966928,21.554876936231715,33.35269648310685,11.797819546875132,True
2025-02-26,MLP,0.95,28.1,30.375351421587634,24.476441648150068,36.274261195025204,11.797819546875136,True
2025-02-27,MLP,0.95,28.1,27.793695227827847,21.89478545439028,33.69260500126541,11.797819546875132,True
2025-02-28,MLP,0.95,25.8,28.2223180431561,22.323408269718534,34.12122781659367,11.797819546875132,True
2025-03-01,MLP,0.95,34.5,26.229108870653327,20.33019909721576,32.12801864409089,11.797819546875132,False
2025-03-02,MLP,0.95,35.2,31.811692049403725,25.91278227596616,37.71060182284129,11.797819546875132,True
2025-03-03,MLP,0.95,26.5,29.8042287236161,23.905318950178533,35.703138497053665,11.797819546875132,True
2025-03-04,MLP,0.95,27.9,26.94669832018078,21.047788546743213,32.845608093618345,11.797819546875132,True
2025-03-05,MLP,0.95,25.3,27.595057903757667,21.6961481303201,33.49396767719523,11.797819546875129,True
2025-03-06,MLP,0.95,27.8,25.126182811782115,19.22727303834455,31.02509258521968,11.797819546875132,True
2025-03-07,MLP,0.95,31.5,28.17803315904103,22.279123385603462,34.076942932478595,11.797819546875132,True
2025-03-08,MLP,0.95,25.5,28.338130656174755,22.43922088273719,34.23704042961232,11.797819546875132,True
2025-03-09,MLP,0.95,22.5,25.05504319917913,19.156133425741565,30.953952972616698,11.797819546875132,True
2025-03-10,MLP,0.95,26.5,25.56379827402684,19.664888500589274,31.462708047464407,11.797819546875132,True
2025-03-11,MLP,0.95,28.5,27.1327615352185,21.233851761780933,33.031671308656065,11.797819546875132,True
2025-03-12,MLP,0.95,29.3,26.90630008188718,21.007390308449615,32.80520985532475,11.797819546875132,True
2025-03-13,MLP,0.95,35.9,28.082433308488646,22.18352353505108,33.98134308192621,11.797819546875132,False
2025-03-14,MLP,0.95,29.0,31.8255266052725,25.926616831834934,37.72443637871007,11.797819546875132,True
2025-03-15,MLP,0.95,26.6,27.17088852983774,21.271978756400173,33.069798303275306,11.797819546875132,True
2025-03-16,MLP,0.95,27.0,26.636030851310768,20.7371210778732,32.53494062474833,11.797819546875129,True
2025-03-17,MLP,0.95,31.6,26.718659085728937,20.81974931229137,32.617568859166504,11.797819546875132,True
2025-03-18,MLP,0.95,32.8,29.15538582870483,23.256476055267264,35.054295602142396,11.797819546875132,True
2025-03-19,MLP,0.95,29.1,27.910072512345966,22.0111627389084,33.80898228578353,11.797819546875129,True
2025-03-20,MLP,0.95,26.2,22.553771650539304,16.654861877101737,28.45268142397687,11.797819546875132,True
2025-03-21,MLP,0.95,24.6,26.302990919781855,20.40408114634429,32.20190069321942,11.797819546875132,True
2025-03-22,MLP,0.95,22.2,25.15157895345309,19.252669180015523,31.050488726890656,11.797819546875132,True
2025-03-23,MLP,0.95,23.6,23.568523402116718,17.66961362867915,29.467433175554284,11.797819546875132,True
2025-03-24,MLP,0.95,23.5,25.01837381417851,19.119464040740944,30.917283587616076,11.797819546875132,True
2025-03-25,MLP,0.95,22.5,23.6675444613091,17.768634687871533,29.566454234746665,11.797819546875132,True
2025-03-26,MLP,0.95,29.6,24.654807890642644,18.755898117205078,30.55371766408021,11.797819546875132,True
2025-03-27,MLP,0.95,30.9,27.97967120032198,22.080761426884415,33.87858097375955,11.797819546875132,True
2025-03-28,MLP,0.95,24.6,27.53166544356467,21.632755670127104,33.430575217002236,11.797819546875132,True
2025-03-29,MLP,0.95,23.1,25.225501100680468,19.3265913272429,31.124410874118034,11.797819546875132,True
2025-03-30,MLP,0.95,25.8,24.793738329710905,18.89482855627334,30.69264810314847,11.797819546875132,True
2025-03-31,MLP,0.95,22.1,24.969845413204602,19.070935639767036,30.86875518664217,11.797819546875132,True
2025-04-01,MLP,0.95,24.5,23.469841249605736,17.57093147616817,29.368751023043302,11.797819546875132,True
2025-04-02,MLP,0.95,29.9,25.2720129496657,19.373103176228135,31.170922723103267,11.797819546875132,True
2025-04-03,MLP,0.95,29.9,27.31988963083672,21.420979857399153,33.218799404274286,11.797819546875132,True
2025-04-04,MLP,0.95,31.6,27.38675866587023,21.487848892432662,33.2856684393078,11.797819546875136,True
2025-04-05,MLP,0.95,31.8,28.82877023128493,22.929860457847365,34.7276800047225,11.797819546875136,True
2025-04-06,MLP,0.95,30.9,29.411041363588406,23.51213159015084,35.309951137025976,11.797819546875136,True
2025-04-07,MLP,0.95,21.4,27.381564657622025,21.48265488418446,33.28047443105959,11.797819546875129,False
2025-04-08,MLP,0.95,22.6,19.64652969636905,13.747619922931484,25.545439469806617,11.797819546875132,True
2025-04-09,MLP,0.95,24.5,24.20251675601667,18.303606982579105,30.101426529454237,11.797819546875132,True
2025-04-10,MLP,0.95,27.7,24.247194206795164,18.3482844333576,30.14610398023273,11.797819546875132,True
2025-04-11,MLP,0.95,19.8,25.547664361513007,19.64875458807544,31.446574134950573,11.797819546875132,True
2025-04-12,MLP,0.95,19.5,20.71707640639582,14.818166632958253,26.615986179833385,11.797819546875132,True
2025-04-13,MLP,0.95,19.5,22.548200820606844,16.649291047169278,28.44711059404441,11.797819546875132,True
2025-04-14,MLP,0.95,23.4,22.460422233499457,16.56151246006189,28.359332006937024,11.797819546875132,True
2025-04-15,MLP,0.95,24.9,23.52393789640628,17.625028122968715,29.422847669843847,11.797819546875132,True
2025-04-16,MLP,0.95,27.3,24.546847060919198,18.647937287481632,30.445756834356764,11.797819546875132,True
2025-04-17,MLP,0.95,31.0,26.429334311053726,20.53042453761616,32.32824408449129,11.797819546875129,True
2025-04-18,MLP,0.95,22.6,27.423582344399144,21.524672570961577,33.32249211783671,11.797819546875132,True
2025-04-19,MLP,0.95,22.5,22.57414674048018,16.675236967042615,28.473056513917747,11.797819546875132,True
2025-04-20,MLP,0.95,21.3,23.669758556150253,17.770848782712687,29.56866832958782,11.797819546875132,True
2025-04-21,MLP,0.95,25.0,21.844066355512428,15.945156582074862,27.742976128949994,11.797819546875132,True
2025-04-22,MLP,0.95,24.3,23.48862284593286,17.589713072495293,29.387532619370425,11.797819546875132,True
2025-04-23,MLP,0.95,24.8,23.821829597784582,17.922919824347016,29.720739371222148,11.797819546875132,True
2025-04-24,MLP,0.95,24.1,24.01145140384056,18.112541630402994,29.910361177278126,11.797819546875132,True
2025-04-25,MLP,0.95,26.6,24.181587776951133,18.282678003513567,30.0804975503887,11.797819546875132,True
2025-04-26,MLP,0.95,34.3,25.84355249567604,19.944642722238473,31.742462269113606,11.797819546875132,False
2025-04-27,MLP,0.95,22.9,27.65048784116429,21.751578067726722,33.54939761460186,11.797819546875136,True
2025-04-28,MLP,0.95,20.0,22.961509839689324,17.062600066251758,28.86041961312689,11.797819546875132,True
2025-04-29,MLP,0.95,19.0,23.414925510074568,17.516015736637,29.313835283512134,11.797819546875132,True
2025-04-30,MLP,0.95,15.9,20.8719560873766,14.973046313939033,26.770865860814165,11.797819546875132,True
2025-05-01,MLP,0.95,16.5,16.313426726493226,10.41451695305566,22.212336499930792,11.797819546875132,True
2025-05-02,MLP,0.95,19.6,18.814610788330242,12.915701014892676,24.713520561767808,11.797819546875132,True
2025-05-03,MLP,0.95,25.0,20.330359872391845,14.43145009895428,26.22926964582941,11.797819546875132,True
2025-05-04,MLP,0.95,21.1,22.518683593218384,16.619773819780818,28.41759336665595,11.797819546875132,True
2025-05-05,MLP,0.95,20.5,20.831900915428925,14.932991141991359,26.73081068886649,11.797819546875132,True
2025-05-06,MLP,0.95,19.8,21.934928330980366,16.0360185575428,27.833838104417932,11.797819546875132,True
2025-05-07,MLP,0.95,19.8,21.443522230353057,15.544612456915491,27.342432003790623,11.797819546875132,True
2025-05-08,MLP,0.95,20.6,20.69505238765756,14.796142614219995,26.593962161095128,11.797819546875132,True
2025-05-09,MLP,0.95,17.8,21.019417660760965,15.120507887323399,26.91832743419853,11.797819546875132,True
2025-05-10,MLP,0.95,18.0,16.61649286804323,10.717583094605665,22.515402641480797,11.797819546875132,True
2025-05-11,MLP,0.95,20.1,18.50282417584066,12.603914402403095,24.401733949278228,11.797819546875132,True
2025-05-12,MLP,0.95,21.0,20.158888612293048,14.259978838855481,26.057798385730614,11.797819546875132,True
2025-05-13,MLP,0.95,21.5,21.059127951983715,15.160218178546149,26.95803772542128,11.797819546875132,True
2025-05-14,MLP,0.95,23.6,21.104213541258606,15.20530376782104,27.00312331469617,11.797819546875132,True
2025-05-15,MLP,0.95,26.7,22.81673300714456,16.917823233706994,28.715642780582126,11.797819546875132,True
2025-05-16,MLP,0.95,23.2,23.487008230143246,17.58809845670568,29.385918003580812,11.797819546875132,True
2025-05-17,MLP,0.95,24.6,21.82293285715337,15.924023083715802,27.721842630590935,11.797819546875132,True
2025-05-18,MLP,0.95,19.9,21.269487769954978,15.370577996517412,27.168397543392544,11.797819546875132,True
2025-05-19,MLP,0.95,15.3,19.56918861778102,13.670278844343454,25.468098391218586,11.797819546875132,True
2025-05-20,MLP,0.95,16.4,16.036277458728488,10.137367685290922,21.935187232166054,11.797819546875132,True
2025-05-21,MLP,0.95,19.2,18.477705059876115,12.578795286438549,24.37661483331368,11.797819546875132,True
2025-05-22,MLP,0.95,18.9,19.228866660010013,13.329956886572447,25.12777643344758,11.797819546875132,True
2025-05-23,MLP,0.95,26.5,19.369906927245033,13.470997153807467,25.2688167006826,11.797819546875132,False
2025-05-24,MLP,0.95,21.4,23.280603310470795,17.38169353703323,29.17951308390836,11.797819546875132,True
2025-05-25,MLP,0.95,16.7,20.164319692407126,14.26540991896956,26.063229465844692,11.797819546875132,True
2025-05-26,MLP,0.95,20.1,17.83726174845396,11.938351975016396,23.736171521891528,11.797819546875132,True
2025-05-27,MLP,0.95,18.5,20.66595126503489,14.767041491597325,26.564861038472458,11.797819546875132,True
2025-05-28,MLP,0.95,18.4,17.024074132021568,11.125164358584001,22.922983905459134,11.797819546875132,True
2025-05-29,MLP,0.95,18.0,17.347229179664808,11.448319406227242,23.246138953102374,11.797819546875132,True
2025-05-30,MLP,0.95,18.2,18.259167281960565,12.360257508522999,24.15807705539813,11.797819546875132,True
2025-05-31,MLP,0.95,18.6,18.184083812443884,12.285174039006318,24.08299358588145,11.797819546875132,True
2025-06-01,MLP,0.95,17.5,18.448562359567447,12.54965258612988,24.347472133005013,11.797819546875132,True
2025-06-02,MLP,0.95,15.7,19.03127546078852,13.132365687350955,24.930185234226087,11.797819546875132,True
2025-06-03,MLP,0.95,17.7,15.818870016868448,9.919960243430882,21.717779790306015,11.797819546875132,True
2025-06-04,MLP,0.95,18.6,18.76769512785538,12.868785354417813,24.666604901292946,11.797819546875132,True
2025-06-05,MLP,0.95,16.6,19.996967855273436,14.09805808183587,25.895877628711002,11.797819546875132,True
2025-06-06,MLP,0.95,14.8,17.893360423227584,11.994450649790018,23.79227019666515,11.797819546875132,True
2025-06-07,MLP,0.95,13.9,16.063206885018033,10.164297111580467,21.9621166584556,11.797819546875132,True
2025-06-08,MLP,0.95,15.5,13.888185768390738,7.9892759949531715,19.787095541828304,11.797819546875132,True
2025-06-09,MLP,0.95,16.4,16.74454388979909,10.845634116361524,22.643453663236656,11.797819546875132,True
2025-06-10,MLP,0.95,18.0,18.215232152742598,12.316322379305031,24.114141926180164,11.797819546875132,True
2025-06-11,MLP,0.95,18.9,19.002181829162645,13.103272055725078,24.90109160260021,11.797819546875132,True
2025-06-12,MLP,0.95,22.5,18.475083092738153,12.576173319300587,24.37399286617572,11.797819546875132,True
2025-06-13,MLP,0.95,25.1,20.31299189451383,14.414082121076262,26.211901667951395,11.797819546875132,True
2025-06-14,MLP,0.95,25.0,23.20277511803841,17.303865344600844,29.101684891475976,11.797819546875132,True
2025-06-15,MLP,0.95,15.7,21.472296734810758,15.573386961373192,27.371206508248324,11.797819546875132,True
2025-06-16,MLP,0.95,15.3,17.390300305754558,11.491390532316991,23.289210079192124,11.797819546875132,True
2025-06-17,MLP,0.95,17.1,17.343353103525295,11.44444333008773,23.24226287696286,11.797819546875132,True
2025-06-18,MLP,0.95,16.0,15.334989011458998,9.436079238021431,21.233898784896564,11.797819546875132,True
2025-06-19,MLP,0.95,18.2,16.518246627674735,10.619336854237169,22.4171564011123,11.797819546875132,True
2025-06-20,MLP,0.95,19.8,16.64551067876814,10.746600905330574,22.544420452205706,11.797819546875132,True
2025-06-21,MLP,0.95,15.1,18.45976912084482,12.560859347407252,24.358678894282384,11.797819546875132,True
2025-06-22,MLP,0.95,17.2,15.26801968259765,9.369109909160084,21.166929456035216,11.797819546875132,True
2025-06-23,MLP,0.95,17.2,16.779316630434586,10.88040685699702,22.678226403872152,11.797819546875132,True
2025-06-24,MLP,0.95,13.1,17.5565491985444,11.657639425106833,23.455458971981965,11.797819546875132,True
2025-06-25,MLP,0.95,13.4,14.163540265996573,8.264630492559007,20.06245003943414,11.797819546875132,True
2025-06-26,MLP,0.95,13.2,13.120706274745316,7.22179650130775,19.019616048182883,11.797819546875132,True
2025-06-27,MLP,0.95,14.6,13.475357491357553,7.5764477179199865,19.37426726479512,11.797819546875132,True
2025-06-28,MLP,0.95,18.4,13.888057873610059,7.989148100172493,19.786967647047625,11.797819546875132,True
2025-06-29,MLP,0.95,18.0,16.55979453136266,10.660884757925093,22.458704304800225,11.797819546875132,True
2025-06-30,MLP,0.95,15.9,18.55010512265608,12.651195349218515,24.449014896093647,11.797819546875132,True
2025-07-01,MLP,0.95,16.5,17.392564878863343,11.493655105425777,23.29147465230091,11.797819546875132,True
2025-07-02,MLP,0.95,14.0,15.119050093288655,9.220140319851089,21.017959866726223,11.797819546875134,True
2025-07-03,MLP,0.95,13.7,13.549643436581912,7.650733663144345,19.448553210019476,11.79781954687513,True
2025-07-04,MLP,0.95,14.3,13.691457750001668,7.7925479765641015,19.590367523439234,11.797819546875132,True
2025-07-05,MLP,0.95,14.6,14.289126181219617,8.39021640778205,20.18803595465718,11.79781954687513,True
2025-07-06,MLP,0.95,15.4,13.553748555512318,7.654838782074751,19.452658328949884,11.797819546875132,True
2025-07-07,MLP,0.95,18.6,16.02139739352701,10.122487620089444,21.920307166964577,11.797819546875132,True
2025-07-08,MLP,0.95,16.8,17.69438026946467,11.795470496027104,23.593290042902236,11.797819546875132,True
2025-07-09,MLP,0.95,16.8,18.129356533735766,12.2304467602982,24.028266307173332,11.797819546875132,True
2025-07-10,MLP,0.95,13.8,15.768035817970208,9.869126044532642,21.666945591407774,11.797819546875132,True
2025-07-11,MLP,0.95,14.9,14.782125453355235,8.883215679917669,20.6810352267928,11.797819546875132,True
2025-07-12,MLP,0.95,15.2,16.39775656333385,10.498846789896284,22.296666336771416,11.797819546875132,True
2025-07-13,MLP,0.95,15.9,16.459419814516767,10.560510041079201,22.358329587954334,11.797819546875132,True
2025-07-14,MLP,0.95,16.5,16.21738449327378,10.318474719836214,22.116294266711346,11.797819546875132,True
2025-07-15,MLP,0.95,17.0,16.78011656777058,10.881206794333014,22.679026341208147,11.797819546875132,True
2025-07-16,MLP,0.95,16.3,17.45881776223977,11.559907988802205,23.357727535677338,11.797819546875132,True
2025-07-17,MLP,0.95,15.0,14.595677345866779,8.696767572429213,20.494587119304345,11.797819546875132,True
2025-07-18,MLP,0.95,16.4,16.45747604913684,10.558566275699274,22.356385822574406,11.797819546875132,True
2025-07-19,MLP,0.95,18.6,17.32993017252309,11.431020399085522,23.228839945960654,11.797819546875132,True
2025-07-20,MLP,0.95,14.8,18.44707696581722,12.548167192379655,24.345986739254787,11.797819546875132,True
2025-07-21,MLP,0.95,16.9,16.0527598513533,10.153850077915735,21.951669624790867,11.797819546875132,True
2025-07-22,MLP,0.95,17.2,17.127307643652344,11.228397870214778,23.02621741708991,11.797819546875132,True
2025-07-23,MLP,0.95,16.6,17.806337226130793,11.907427452693227,23.70524699956836,11.797819546875132,True
2025-07-24,MLP,0.95,14.6,17.088116377138384,11.189206603700818,22.98702615057595,11.797819546875132,True
2025-07-25,MLP,0.95,15.1,15.489133872509376,9.59022409907181,21.388043645946944,11.797819546875134,True
2025-07-26,MLP,0.95,19.0,16.16254338316324,10.263633609725673,22.061453156600805,11.797819546875132,True
2025-07-27,MLP,0.95,21.0,18.421370514142986,12.52246074070542,24.32028028758055,11.797819546875132,True
2025-07-28,MLP,0.95,26.6,20.03345312356612,14.134543350128553,25.932362897003685,11.797819546875132,False
2025-07-29,MLP,0.95,15.9,24.24437054194145,18.345460768503884,30.143280315379016,11.797819546875132,False
2025-07-30,MLP,0.95,13.3,13.989143745460769,8.090233972023203,19.888053518898335,11.797819546875132,True
2025-07-31,MLP,0.95,15.6,15.697720766028285,9.798810992590719,21.59663053946585,11.79781954687513,True
2025-08-01,MLP,0.95,23.0,16.967256844316967,11.068347070879401,22.866166617754534,11.797819546875132,False
2025-08-02,MLP,0.95,21.2,20.656832593724115,14.757922820286549,26.55574236716168,11.797819546875132,True
2025-08-03,MLP,0.95,14.4,19.46001882738628,13.561109053948712,25.358928600823845,11.797819546875132,True
2025-08-04,MLP,0.95,14.8,14.389867804573962,8.490958031136396,20.288777578011526,11.79781954687513,True
2025-08-05,MLP,0.95,15.1,15.125716934493497,9.22680716105593,21.024626707931063,11.797819546875132,True
2025-08-06,MLP,0.95,17.0,15.401316788934631,9.502407015497065,21.300226562372195,11.79781954687513,True
2025-08-07,MLP,0.95,17.2,16.828547795810895,10.929638022373329,22.72745756924846,11.797819546875132,True
2025-08-08,MLP,0.95,14.4,16.930415021615502,11.031505248177936,22.82932479505307,11.797819546875132,True
2025-08-09,MLP,0.95,15.1,14.466555235626707,8.567645462189141,20.365465009064273,11.797819546875132,True
2025-08-10,MLP,0.95,15.9,16.409825302703876,10.51091552926631,22.308735076141442,11.797819546875132,True
2025-08-11,MLP,0.95,16.5,17.954194991307418,12.055285217869852,23.853104764744984,11.797819546875132,True
2025-08-12,MLP,0.95,16.4,17.38248258471458,11.483572811277014,23.281392358152146,11.797819546875132,True
2025-08-13,MLP,0.95,15.0,17.062360138423617,11.163450364986051,22.961269911861184,11.797819546875132,True
2025-08-14,MLP,0.95,16.6,16.930226597157866,11.0313168237203,22.82913637059543,11.797819546875132,True
2025-08-15,MLP,0.95,16.9,17.25686617463631,11.357956401198745,23.155775948073877,11.797819546875132,True
2025-08-16,MLP,0.95,19.5,16.980429525404542,11.081519751966976,22.87933929884211,11.797819546875132,True
2025-08-17,MLP,0.95,19.6,18.791373955604726,12.89246418216716,24.690283729042292,11.797819546875132,True
2025-08-18,MLP,0.95,18.9,19.427260434776397,13.52835066133883,25.326170208213963,11.797819546875132,True
2025-08-19,MLP,0.95,17.6,17.663055363090475,11.764145589652909,23.56196513652804,11.797819546875132,True
2025-08-20,MLP,0.95,17.2,16.397776346660603,10.498866573223037,22.29668612009817,11.797819546875132,True
2025-08-21,MLP,0.95,17.2,17.346593694312823,11.447683920875257,23.24550346775039,11.797819546875132,True
2025-08-22,MLP,0.95,15.4,16.97018340156273,11.071273628125162,22.869093175000295,11.797819546875132,True
2025-08-23,MLP,0.95,16.2,16.856032020366296,10.95712224692873,22.754941793803862,11.797819546875132,True
2025-08-24,MLP,0.95,16.2,16.37032626634766,10.471416492910095,22.269236039785227,11.797819546875132,True
2025-08-25,MLP,0.95,19.0,17.96216403998944,12.063254266551873,23.861073813427005,11.797819546875132,True
2025-08-26,MLP,0.95,18.4,18.89050827146754,12.991598498029973,24.789418044905105,11.797819546875132,True
2025-08-27,MLP,0.95,19.0,17.929341040734354,12.030431267296787,23.82825081417192,11.797819546875132,True
2025-08-28,MLP,0.95,20.0,18.859279911665887,12.96037013822832,24.758189685103453,11.797819546875132,True
2025-08-29,MLP,0.95,19.4,18.744522502073295,12.845612728635729,24.64343227551086,11.797819546875132,True
2025-08-30,MLP,0.95,18.6,18.425270762373174,12.526360988935608,24.32418053581074,11.797819546875132,True
2025-08-31,MLP,0.95,21.5,18.39294735615166,12.494037582714093,24.291857129589225,11.797819546875132,True
2025-09-01,MLP,0.95,20.5,20.22057999131612,14.321670217878555,26.119489764753688,11.797819546875132,True
2025-09-02,MLP,0.95,19.2,19.015337112796985,13.116427339359419,24.91424688623455,11.797819546875132,True
2025-09-03,MLP,0.95,18.9,18.679219995557194,12.780310222119628,24.57812976899476,11.797819546875132,True
2025-09-04,MLP,0.95,17.8,18.78153599886336,12.882626225425795,24.680445772300928,11.797819546875132,True
2025-09-05,MLP,0.95,17.0,18.833332130081544,12.934422356643978,24.73224190351911,11.797819546875132,True
2025-09-06,MLP,0.95,19.0,18.692749005113498,12.793839231675932,24.591658778551064,11.797819546875132,True
2025-09-07,MLP,0.95,26.5,19.40920159483681,13.510291821399242,25.308111368274375,11.797819546875132,False
2025-09-08,MLP,0.95,25.7,23.295753112857348,17.39684333941978,29.194662886294914,11.797819546875132,True
2025-09-09,MLP,0.95,19.5,20.38149940203806,14.482589628600493,26.280409175475626,11.797819546875132,True
2025-09-10,MLP,0.95,19.1,19.10701296958019,13.208103196142623,25.005922743017756,11.797819546875132,True
2025-09-11,MLP,0.95,18.7,18.54342621901735,12.644516445579782,24.442335992454915,11.797819546875132,True
2025-09-12,MLP,0.95,20.0,20.202470881419345,14.303561107981778,26.10138065485691,11.797819546875132,True
2025-09-13,MLP,0.95,21.4,20.15476515715939,14.255855383721823,26.053674930596955,11.797819546875132,True
2025-09-14,MLP,0.95,17.9,20.24156097572898,14.342651202291414,26.140470749166546,11.797819546875132,True
2025-09-15,MLP,0.95,17.1,16.8988629912654,10.999953217827834,22.797772764702966,11.797819546875132,True
2025-09-16,MLP,0.95,15.7,17.259811696137763,11.360901922700197,23.15872146957533,11.797819546875132,True
2025-09-17,MLP,0.95,16.8,17.62155719960332,11.722647426165754,23.520466973040886,11.797819546875132,True
2025-09-18,MLP,0.95,22.3,18.284853616918234,12.385943843480668,24.1837633903558,11.797819546875132,True
2025-09-19,MLP,0.95,20.4,21.177444619948837,15.27853484651127,27.076354393386403,11.797819546875132,True
2025-09-20,MLP,0.95,17.8,20.76386641551462,14.864956642077054,26.662776188952186,11.797819546875132,True
2025-09-21,MLP,0.95,19.4,18.67931324853576,12.780403475098193,24.578223021973326,11.797819546875132,True
2025-09-22,MLP,0.95,16.4,19.38156139274007,13.482651619302505,25.280471166177637,11.797819546875132,True
2025-09-23,MLP,0.95,18.5,18.282777175363183,12.383867401925617,24.18168694880075,11.797819546875132,True
2025-09-24,MLP,0.95,19.4,19.185973888013013,13.287064114575447,25.08488366145058,11.797819546875132,True
2025-09-25,MLP,0.95,26.6,20.105179754620604,14.206269981183038,26.00408952805817,11.797819546875132,False
2025-09-26,MLP,0.95,23.6,23.886222660940597,17.98731288750303,29.785132434378163,11.797819546875132,True
2025-09-27,MLP,0.95,19.9,21.121768260234006,15.22285848679644,27.020678033671572,11.797819546875132,True
2025-09-28,MLP,0.95,24.1,20.2769961371282,14.378086363690635,26.175905910565767,11.797819546875132,True
2025-09-29,MLP,0.95,34.5,21.42919963658705,15.530289863149484,27.328109410024616,11.797819546875132,False
2025-09-30,MLP,0.95,20.8,25.972347669488478,20.073437896050912,31.871257442926044,11.797819546875132,True
2025-10-01,MLP,0.95,18.4,18.255460884043615,12.356551110606048,24.15437065748118,11.797819546875132,True
2025-10-02,MLP,0.95,25.6,19.589618474368493,13.690708700930927,25.48852824780606,11.797819546875132,False
2025-10-03,MLP,0.95,22.4,24.467619651082803,18.568709877645237,30.36652942452037,11.797819546875132,True
2025-10-04,MLP,0.95,19.0,21.871363292557483,15.972453519119917,27.77027306599505,11.797819546875132,True
2025-10-05,MLP,0.95,19.5,20.19879948728395,14.299889713846383,26.097709260721516,11.797819546875132,True
2025-10-06,MLP,0.95,20.6,20.14741947898847,14.248509705550905,26.046329252426037,11.797819546875132,True
2025-10-07,MLP,0.95,20.9,21.481740482819422,15.582830709381856,27.38065025625699,11.797819546875132,True
2025-10-08,MLP,0.95,27.2,21.148462555419638,15.249552781982072,27.047372328857204,11.797819546875132,False
2025-10-09,MLP,0.95,27.0,24.47126896546193,18.572359192024365,30.370178738899497,11.797819546875132,True
2025-10-10,MLP,0.95,24.0,22.950373614833527,17.05146384139596,28.849283388271093,11.797819546875132,True
2025-10-11,MLP,0.95,23.7,21.823309218360578,15.924399444923012,27.722218991798144,11.797819546875132,True
2025-10-12,MLP,0.95,22.1,22.516922355841626,16.61801258240406,28.41583212927919,11.797819546875132,True
2025-10-13,MLP,0.95,19.8,22.713830129807445,16.81492035636988,28.61273990324501,11.797819546875132,True
2025-10-14,MLP,0.95,19.1,20.2241695251902,14.325259751752633,26.123079298627765,11.797819546875132,True
2025-10-15,MLP,0.95,18.6,21.267681432511058,15.368771659073492,27.166591205948624,11.797819546875132,True
2025-10-16,MLP,0.95,27.8,20.068309995258044,14.169400221820478,25.96721976869561,11.797819546875132,False
2025-10-17,MLP,0.95,19.6,26.12372526175873,20.224815488321163,32.022635035196295,11.797819546875132,False
2025-10-18,MLP,0.95,24.5,19.909361904589357,14.01045213115179,25.808271678026923,11.797819546875132,True
2025-10-19,MLP,0.95,28.8,23.48115226664463,17.582242493207065,29.380062040082198,11.797819546875132,True
2025-10-20,MLP,0.95,31.4,25.25846099444181,19.359551221004242,31.157370767879375,11.797819546875132,False
2025-10-21,MLP,0.95,31.5,26.50007227931046,20.601162505872892,32.398982052748025,11.797819546875132,True
2025-10-22,MLP,0.95,22.5,25.273225128380332,19.374315354942766,31.1721349018179,11.797819546875132,True
2025-10-23,MLP,0.95,20.4,22.07483564008141,16.175925866643844,27.973745413518976,11.797819546875132,True
2025-10-24,MLP,0.95,19.5,21.794519296369714,15.895609522932148,27.69342906980728,11.797819546875132,True
2025-10-25,MLP,0.95,17.6,20.481969232577423,14.583059459139857,26.38087900601499,11.797819546875132,True
2025-10-26,MLP,0.95,20.4,18.403917551857624,12.505007778420058,24.30282732529519,11.797819546875132,True
2025-10-27,MLP,0.95,20.5,21.40836042592405,15.509450652486485,27.307270199361618,11.797819546875132,True
2025-10-28,MLP,0.95,21.6,22.213922328323456,16.31501255488589,28.112832101761022,11.797819546875132,True
2025-10-29,MLP,0.95,31.5,22.428773306819554,16.529863533381988,28.32768308025712,11.797819546875132,False
2025-10-30,MLP,0.95,22.2,26.329155242486234,20.430245469048668,32.228065015923804,11.797819546875136,True
2025-10-31,MLP,0.95,20.6,21.169740749001903,15.270830975564337,27.06865052243947,11.797819546875132,True
2025-11-01,MLP,0.95,21.0,21.04896482272734,15.150055049289772,26.947874596164905,11.797819546875132,True
2025-11-02,MLP,0.95,23.2,23.028931377443662,17.130021604006096,28.92784115088123,11.797819546875132,True
2025-11-03,MLP,0.95,22.4,23.423835391447007,17.52492561800944,29.322745164884573,11.797819546875132,True
2025-11-04,MLP,0.95,27.1,22.55316078155076,16.654251008113192,28.452070554988325,11.797819546875132,True
2025-11-05,MLP,0.95,29.9,25.64076141495046,19.741851641512895,31.539671188388027,11.797819546875132,True
2025-11-06,MLP,0.95,34.3,25.651837407242358,19.75292763380479,31.550747180679924,11.797819546875132,False
2025-11-07,MLP,0.95,30.9,29.069454411222225,23.17054463778466,34.96836418465979,11.797819546875132,True
2025-11-08,MLP,0.95,29.9,28.38951791884423,22.490608145406664,34.2884276922818,11.797819546875136,True
2025-11-09,MLP,0.95,28.6,28.30647805954164,22.407568286104073,34.205387832979206,11.797819546875132,True
2025-11-10,MLP,0.95,25.9,25.014350184819243,19.115440411381677,30.91325995825681,11.797819546875132,True
2025-11-11,MLP,0.95,25.3,24.552922510845058,18.65401273740749,30.451832284282624,11.797819546875132,True
2025-11-12,MLP,0.95,28.0,24.619522337321907,18.72061256388434,30.518432110759473,11.797819546875132,True
2025-11-13,MLP,0.95,25.5,25.840192006672222,19.941282233234656,31.739101780109788,11.797819546875132,True
2025-11-14,MLP,0.95,22.1,23.70199030344154,17.803080530003975,29.600900076879107,11.797819546875132,True
2025-11-15,MLP,0.95,25.8,22.94069125491339,17.041781481475823,28.839601028350955,11.797819546875132,True
2025-11-16,MLP,0.95,30.5,24.86044350659349,18.961533733155925,30.759353280031057,11.797819546875132,True
2025-11-17,MLP,0.95,24.5,26.599650318935307,20.70074054549774,32.49856009237287,11.797819546875129,True
2025-11-18,MLP,0.95,25.4,23.567418233575488,17.66850846013792,29.466328007013054,11.797819546875132,True
2025-11-19,MLP,0.95,25.1,24.694292704351724,18.79538293091416,30.59320247778929,11.797819546875132,True
2025-11-20,MLP,0.95,27.6,24.170174689183597,18.27126491574603,30.069084462621163,11.797819546875132,True
2025-11-21,MLP,0.95,29.9,25.44887732234448,19.549967548906913,31.347787095782046,11.797819546875132,True
2025-11-22,MLP,0.95,25.4,25.926620314885447,20.02771054144788,31.825530088323013,11.797819546875132,True
2025-11-23,MLP,0.95,24.6,24.165996304097252,18.267086530659686,30.06490607753482,11.797819546875132,True
2025-11-24,MLP,0.95,34.5,24.72277217085892,18.823862397421355,30.621681944296487,11.797819546875132,False
2025-11-25,MLP,0.95,25.9,28.90569508847566,23.006785315038094,34.804604861913226,11.797819546875132,True
2025-11-26,MLP,0.95,32.6,23.666918580560516,17.76800880712295,29.565828353998082,11.797819546875132,False
2025-11-27,MLP,0.95,27.5,29.275382715155224,23.376472941717658,35.17429248859279,11.797819546875132,True
2025-11-28,MLP,0.95,24.0,24.545594180876208,18.64668440743864,30.444503954313774,11.797819546875132,True
2025-11-29,MLP,0.95,27.1,23.122662392119523,17.223752618681957,29.02157216555709,11.797819546875132,True
2025-11-30,MLP,0.95,26.0,25.66972787208678,19.770818098649215,31.568637645524348,11.797819546875132,True
2025-12-01,MLP,0.95,24.6,24.70465549181899,18.805745718381424,30.603565265256556,11.797819546875132,True
2025-12-02,MLP,0.95,29.6,24.83374887880389,18.934839105366322,30.732658652241454,11.797819546875132,True
2025-12-03,MLP,0.95,32.3,27.86116657767789,21.962256804240322,33.76007635111546,11.797819546875136,True
2025-12-04,MLP,0.95,24.9,26.386497148417305,20.48758737497974,32.28540692185487,11.797819546875132,True
2025-12-05,MLP,0.95,23.6,23.588419407923524,17.689509634485958,29.48732918136109,11.797819546875132,True
2025-12-06,MLP,0.95,27.5,25.206880782740807,19.30797100930324,31.105790556178373,11.797819546875132,True
2025-12-07,MLP,0.95,23.8,25.889340881188385,19.99043110775082,31.78825065462595,11.797819546875132,True
2025-12-08,MLP,0.95,24.4,24.344902119576602,18.445992346139036,30.24381189301417,11.797819546875132,True
2025-12-09,MLP,0.95,30.8,25.583066368116626,19.68415659467906,31.481976141554192,11.797819546875132,True
2025-12-10,MLP,0.95,33.5,28.71075727890035,22.811847505462783,34.60966705233791,11.797819546875129,True
2025-12-11,MLP,0.95,24.4,27.77986862667853,21.880958853240966,33.6787784001161,11.797819546875136,True
2025-12-12,MLP,0.95,20.6,22.991547727717652,17.092637954280086,28.89045750115522,11.797819546875132,True
2025-12-13,MLP,0.95,23.6,23.5872232247825,17.688313451344936,29.486132998220068,11.797819546875132,True
2025-12-14,MLP,0.95,24.7,25.067300862928214,19.168391089490648,30.96621063636578,11.797819546875132,True
2025-12-15,MLP,0.95,27.0,25.319777844813796,19.42086807137623,31.218687618251362,11.797819546875132,True
2025-12-16,MLP,0.95,21.3,26.45839923869017,20.559489465252604,32.357309012127736,11.797819546875132,True
2025-12-17,MLP,0.95,23.1,23.114057141529795,17.21514736809223,29.01296691496736,11.797819546875132,True
2025-12-18,MLP,0.95,23.5,25.58987805814083,19.690968284703263,31.488787831578396,11.797819546875132,True
2025-12-19,MLP,0.95,30.2,25.098571535237916,19.19966176180035,30.997481308675482,11.797819546875132,True
2025-12-20,MLP,0.95,34.5,28.809759056761397,22.91084928332383,34.70866883019896,11.797819546875129,True
2025-12-21,MLP,0.95,30.8,30.42527796538772,24.526368191950155,36.32418773882529,11.797819546875132,True
2025-12-22,MLP,0.95,23.5,27.330455146944065,21.4315453735065,33.22936492038163,11.797819546875129,True
2025-12-23,MLP,0.95,27.9,25.0014735550384,19.102563781600836,30.900383328475968,11.797819546875132,True
2025-12-24,MLP,0.95,29.0,27.736455746143015,21.83754597270545,33.63536551958058,11.797819546875132,True
2025-12-25,MLP,0.95,28.8,26.811835121408723,20.912925347971157,32.710744894846286,11.797819546875129,True
2025-12-26,MLP,0.95,27.9,27.172572086491837,21.27366231305427,33.071481859929406,11.797819546875136,True
2025-12-27,MLP,0.95,30.5,27.222256658803094,21.323346885365527,33.121166432240656,11.797819546875129,True
2025-12-28,MLP,0.95,35.6,29.032076708502636,23.13316693506507,34.9309864819402,11.797819546875132,False
2025-12-29,MLP,0.95,30.2,31.95698314672076,26.058073373283193,37.855892920158325,11.797819546875132,True
2025-12-30,MLP,0.95,26.8,25.7649307273254,19.866020953887833,31.663840500762966,11.797819546875132,True
