time,TMAX,TMIN,TMEAN,PRCP,TMAX_30day_avg,month,TMAX_next,TMAX_lag1,TMAX_lag2,TMAX_lag3,day,month_sin,month_cos,day_sin,day_cos
2015-01-04,23.5,17.7,20.3,1.1,,1,22.2,24.2,23.5,24.4,4,0.49999999999999994,0.8660254037844387,0.06880242680231986,0.9976303053065857
2015-01-05,22.2,18.3,20.2,3.7,,1,23.8,23.5,24.2,23.5,5,0.49999999999999994,0.8660254037844387,0.08596479873744647,0.9962981749346078
2015-01-06,23.8,17.7,20.7,0.0,,1,28.9,22.2,23.5,24.2,6,0.49999999999999994,0.8660254037844387,0.10310169744743485,0.9946708199115211
2015-01-07,28.9,16.9,22.4,0.0,,1,23.5,23.8,22.2,23.5,7,0.49999999999999994,0.8660254037844387,0.1202080448993527,0.9927487224577402
2015-01-08,23.5,18.5,20.5,0.0,,1,26.6,28.9,23.8,22.2,8,0.49999999999999994,0.8660254037844387,0.13727877211326478,0.9905324521322229
2015-01-09,26.6,17.8,21.5,0.0,,1,24.4,23.5,28.9,23.8,9,0.49999999999999994,0.8660254037844387,0.15430882066428117,0.9880226656636976
2015-01-10,24.4,17.9,20.7,0.0,,1,25.8,26.6,23.5,28.9,10,0.49999999999999994,0.8660254037844387,0.1712931441814776,0.9852201067560606
2015-01-11,25.8,17.5,21.0,0.0,,1,24.5,24.4,26.6,23.5,11,0.49999999999999994,0.8660254037844387,0.1882267098432442,0.9821256058680006
2015-01-12,24.5,18.3,20.9,0.0,,1,25.5,25.8,24.4,26.6,12,0.49999999999999994,0.8660254037844387,0.2051044998686192,0.9787400799669153
2015-01-13,25.5,16.5,21.4,0.0,,1,31.5,24.5,25.8,24.4,13,0.49999999999999994,0.8660254037844387,0.2219215130041655,0.9750645322571948
2015-01-14,31.5,19.6,25.6,0.0,,1,24.2,25.5,24.5,25.8,14,0.49999999999999994,0.8660254037844387,0.2386727660059501,0.9711000518829505
2015-01-15,24.2,19.2,21.6,0.2,,1,19.9,31.5,25.5,24.5,15,0.49999999999999994,0.8660254037844387,0.255353295116187,0.9668478136052775
2015-01-16,19.9,16.6,18.4,16.8,,1,22.1,24.2,31.5,25.5,16,0.49999999999999994,0.8660254037844387,0.2719581575341055,0.9623090774541486
2015-01-17,22.1,14.9,18.4,0.0,,1,22.2,19.9,24.2,31.5,17,0.49999999999999994,0.8660254037844387,0.288482432880609,0.9574851883550393
2015-01-18,22.2,16.3,18.9,0.0,,1,25.2,22.1,19.9,24.2,18,0.49999999999999994,0.8660254037844387,0.30492122465628907,0.9523775757303974
2015-01-19,25.2,16.5,20.3,0.0,,1,30.1,22.2,22.1,19.9,19,0.49999999999999994,0.8660254037844387,0.3212696616923644,0.9469877530760753
2015-01-20,30.1,15.9,22.1,0.0,,1,29.2,25.2,22.2,22.1,20,0.49999999999999994,0.8660254037844387,0.3375228995941133,0.9413173175128471
2015-01-21,29.2,17.8,23.0,0.0,,1,28.3,30.1,25.2,22.2,21,0.49999999999999994,0.8660254037844387,0.3536761221763716,0.9353679493131483
2015-01-22,28.3,18.3,23.1,0.0,,1,29.1,29.2,30.1,25.2,22,0.49999999999999994,0.8660254037844387,0.3697245428906731,0.9291414114031743
2015-01-23,29.1,19.2,23.8,0.0,,1,27.8,28.3,29.2,30.1,23,0.49999999999999994,0.8660254037844387,0.38566340624360707,0.9226395488404876
2015-01-24,27.8,19.3,22.5,0.0,,1,24.5,29.1,28.3,29.2,24,0.49999999999999994,0.8660254037844387,0.401487989205973,0.9158642882672872
2015-01-25,24.5,18.4,20.8,0.0,,1,23.2,27.8,29.1,28.3,25,0.49999999999999994,0.8660254037844387,0.4171936026123168,0.9088176373395029
2015-01-26,23.2,17.5,20.2,0.5,,1,24.1,24.5,27.8,29.1,26,0.49999999999999994,0.8660254037844387,0.4327755925504312,0.901501684131884
2015-01-27,24.1,19.0,21.1,0.0,,1,28.6,23.2,24.5,27.8,27,0.49999999999999994,0.8660254037844387,0.4482293417404106,0.893918596519257
2015-01-28,28.6,18.0,23.2,0.0,,1,30.1,24.1,23.2,24.5,28,0.49999999999999994,0.8660254037844387,0.4635502709028509,0.886070621534138
2015-01-29,30.1,18.8,24.0,0.0,,1,24.0,28.6,24.1,23.2,29,0.49999999999999994,0.8660254037844387,0.47873384011578846,0.8779600847008882
2015-01-30,24.0,18.5,20.6,0.0,25.496666666666666,1,21.5,30.1,28.6,24.1,30,0.49999999999999994,0.8660254037844387,0.49377555015997715,0.869589389346611
2015-01-31,21.5,18.0,19.4,4.6,25.4,1,25.0,24.0,30.1,28.6,31,0.49999999999999994,0.8660254037844387,0.5086709438521044,0.8609610158889943
2015-02-01,25.0,17.1,20.6,0.0,25.45,2,28.6,21.5,24.0,30.1,32,0.8660254037844386,0.5000000000000001,0.5234156073655503,0.8520775211013093
2015-02-02,28.6,16.5,22.2,0.0,25.596666666666668,2,25.5,25.0,21.5,24.0,33,0.8660254037844386,0.5000000000000001,0.5380051715382996,0.8429415373547828
2015-02-03,25.5,16.4,20.7,0.0,25.663333333333334,2,22.3,28.6,25.0,21.5,34,0.8660254037844386,0.5000000000000001,0.5524353131676196,0.8335557718385699
2015-02-04,22.3,17.8,19.9,3.7,25.666666666666668,2,22.9,25.5,28.6,25.0,35,0.8660254037844386,0.5000000000000001,0.5667017562911176,0.8239230057575542
2015-02-05,22.9,16.6,19.8,0.6,25.636666666666667,2,24.3,22.3,25.5,28.6,36,0.8660254037844386,0.5000000000000001,0.5808002734538009,0.8140460935082178
2015-02-06,24.3,17.9,20.9,0.0,25.483333333333334,2,26.4,22.9,22.3,25.5,37,0.8660254037844386,0.5000000000000001,0.5947266869607634,0.8039279618328213
2015-02-07,26.4,17.1,21.6,0.0,25.58,2,24.7,24.3,22.9,22.3,38,0.8660254037844386,0.5000000000000001,0.6084768701151261,0.7935716089521474
2015-02-08,24.7,17.3,20.3,0.0,25.516666666666666,2,25.2,26.4,24.3,22.9,39,0.8660254037844386,0.5000000000000001,0.6220467484408675,0.7829801036770629
2015-02-09,25.2,17.9,20.7,0.0,25.543333333333333,2,22.3,24.7,26.4,24.3,40,0.8660254037844386,0.5000000000000001,0.6354323008901774,0.7721565844991642
2015-02-10,22.3,17.6,19.8,2.6,25.42666666666667,2,24.3,25.2,24.7,26.4,41,0.8660254037844386,0.5000000000000001,0.6486295610349814,0.7611042586607747
2015-02-11,24.3,15.3,19.7,0.0,25.42,2,22.9,22.3,25.2,24.7,42,0.8660254037844386,0.5000000000000001,0.6616346182422783,0.7498264012045686
2015-02-12,22.9,17.1,19.7,0.7,25.333333333333332,2,22.2,24.3,22.3,25.2,43,0.8660254037844386,0.5000000000000001,0.6744436188329455,0.7383263540031065
2015-02-13,22.2,17.3,19.3,2.8,25.023333333333333,2,21.4,22.9,24.3,22.3,44,0.8660254037844386,0.5000000000000001,0.6870527672236669,0.7266075247685656
2015-02-14,21.4,18.3,19.3,0.3,24.93,2,23.7,22.2,22.9,24.3,45,0.8660254037844386,0.5000000000000001,0.699458327051647,0.7146733860429609
2015-02-15,23.7,17.3,20.1,0.0,25.05666666666667,2,28.6,21.4,22.2,22.9,46,0.8660254037844386,0.5000000000000001,0.7116566222817746,0.7025274741691571
2015-02-16,28.6,16.7,22.0,0.0,25.273333333333333,2,30.3,23.7,21.4,22.2,47,0.8660254037844386,0.5000000000000001,0.7236440382959124,0.6901733882429719
2015-02-17,30.3,16.5,23.8,0.0,25.543333333333333,2,23.6,28.6,23.7,21.4,48,0.8660254037844386,0.5000000000000001,0.7354170229639855,0.6776147890466889
2015-02-18,23.6,17.1,19.9,0.0,25.490000000000002,2,21.8,30.3,28.6,23.7,49,0.8660254037844386,0.5000000000000001,0.7469720876965552,0.6648553979642865
2015-02-19,21.8,17.5,19.1,0.1,25.21333333333333,2,21.8,23.6,30.3,28.6,50,0.8660254037844386,0.5000000000000001,0.7583058084785624,0.6518989958787126
2015-02-20,21.8,15.9,18.4,0.0,24.966666666666665,2,18.6,21.8,23.6,30.3,51,0.8660254037844386,0.5000000000000001,0.7694148268839378,0.6387494220515272
2015-02-21,18.6,15.4,16.9,0.2,24.64333333333333,2,26.1,21.8,21.8,23.6,52,0.8660254037844386,0.5000000000000001,0.7802958510707755,0.6254105729852463
2015-02-22,26.1,13.8,19.4,0.0,24.543333333333333,2,28.0,18.6,21.8,21.8,53,0.8660254037844386,0.5000000000000001,0.7909456567567772,0.6118864012687243
2015-02-23,28.0,15.7,21.1,0.0,24.55,2,26.0,26.1,18.6,21.8,54,0.8660254037844386,0.5000000000000001,0.8013610881746766,0.5981809144059165
2015-02-24,26.0,19.1,21.8,0.0,24.6,2,25.6,28.0,26.1,18.6,55,0.8660254037844386,0.5000000000000001,0.8115390590073611,0.5842981736283684
2015-02-25,25.6,18.5,21.6,0.0,24.68,2,23.1,26.0,28.0,26.1,56,0.8660254037844386,0.5000000000000001,0.8214765533024142,0.5702422926917871
2015-02-26,23.1,18.4,20.3,0.0,24.646666666666665,2,24.4,25.6,26.0,28.0,57,0.8660254037844386,0.5000000000000001,0.8311706263658079,0.5560174366570446
2015-02-27,24.4,17.4,20.4,0.0,24.506666666666668,2,26.7,23.1,25.6,26.0,58,0.8660254037844386,0.5000000000000001,0.8406184056344782,0.5416278206559814
2015-02-28,26.7,17.1,21.4,0.0,24.393333333333334,2,26.1,24.4,23.1,25.6,59,0.8660254037844386,0.5000000000000001,0.8498170915275278,0.5270777086423722
2015-03-01,26.1,18.6,21.9,0.0,24.46333333333333,3,32.7,26.7,24.4,23.1,60,1.0,6.123233995736766e-17,0.8587639582758029,0.5123714121284237
2015-03-02,32.7,19.2,24.8,0.0,24.836666666666666,3,34.5,26.1,26.7,24.4,61,1.0,6.123233995736766e-17,0.8674563547295969,0.49751328890718066
2015-03-03,34.5,17.7,25.9,0.0,25.153333333333332,3,23.1,32.7,26.1,26.7,62,1.0,6.123233995736766e-17,0.8758917051442429,0.48250774176121847
2015-03-04,23.1,18.8,20.6,0.0,24.970000000000002,3,23.7,34.5,32.7,26.1,63,1.0,6.123233995736766e-17,0.8840675099433636,0.4673592171580022
2015-03-05,23.7,17.4,19.8,0.0,24.910000000000004,3,24.7,23.1,34.5,32.7,64,1.0,6.123233995736766e-17,0.8919813464595485,0.45207220393230435
2015-03-06,24.7,16.0,19.9,0.0,24.990000000000002,3,21.2,23.7,23.1,34.5,65,1.0,6.123233995736766e-17,0.8996308696522433,0.43665123195606403
2015-03-07,21.2,16.7,19.0,0.0,24.933333333333334,3,24.3,24.7,23.7,23.1,66,1.0,6.123233995736766e-17,0.9070138128026359,0.4211008707960896
2015-03-08,24.3,16.4,19.7,0.0,24.933333333333334,3,27.1,21.2,24.7,23.7,67,1.0,6.123233995736766e-17,0.9141279881853337,0.40542572835999735
2015-03-09,27.1,14.9,20.6,0.0,24.956666666666667,3,21.9,24.3,21.2,24.7,68,1.0,6.123233995736766e-17,0.9209712877166346,0.38963044953078796
2015-03-10,21.9,18.0,19.6,0.0,24.863333333333333,3,29.6,27.1,24.3,21.2,69,1.0,6.123233995736766e-17,0.9275416835791966,0.37371971479046906
2015-03-11,29.6,16.9,22.5,0.0,25.01,3,22.3,21.9,27.1,24.3,70,1.0,6.123233995736766e-17,0.9338372288229252,0.35769823883312546
2015-03-12,22.3,17.1,19.6,0.0,25.009999999999998,3,23.8,29.6,21.9,27.1,71,1.0,6.123233995736766e-17,0.9398560579418954,0.3415707691678556
2015-03-13,23.8,17.5,20.4,0.0,24.993333333333336,3,25.8,22.3,29.6,21.9,72,1.0,6.123233995736766e-17,0.9455963874271426,0.3253420847119801
2015-03-14,25.8,16.9,21.3,0.0,25.09,3,22.4,23.8,22.3,29.6,73,1.0,6.123233995736766e-17,0.9510565162951535,0.30901699437494745
2015-03-15,22.4,16.7,18.8,0.0,25.096666666666668,3,20.3,25.8,23.8,22.3,74,1.0,6.123233995736766e-17,0.9562348265919056,0.29260033563334836
2015-03-16,20.3,15.8,18.5,0.0,25.060000000000002,3,25.7,22.4,25.8,23.8,75,1.0,6.123233995736766e-17,0.9611297838723007,0.27609697309746883
2015-03-17,25.7,17.0,20.4,0.0,25.126666666666665,3,23.8,20.3,22.4,25.8,76,1.0,6.123233995736766e-17,0.9657399376548549,0.2595117970697999
2015-03-18,23.8,15.0,19.2,0.0,24.966666666666665,3,24.0,25.7,20.3,22.4,77,1.0,6.123233995736766e-17,0.9700639218515071,0.2428497220959356
2015-03-19,24.0,16.8,20.2,0.0,24.756666666666668,3,22.7,23.8,25.7,20.3,78,1.0,6.123233995736766e-17,0.9741004551724205,0.22611568550828828
2015-03-20,22.7,15.8,18.6,0.0,24.726666666666667,3,24.3,24.0,23.8,25.7,79,1.0,6.123233995736766e-17,0.9778483415056568,0.20931464596304847
2015-03-21,24.3,15.1,19.5,1.6,24.810000000000002,3,23.7,22.7,24.0,23.8,80,1.0,6.123233995736766e-17,0.9813064702716093,0.19245158197082998
2015-03-22,23.7,14.7,19.5,0.0,24.87333333333333,3,26.7,24.3,22.7,24.0,81,1.0,6.123233995736766e-17,0.9844738167520922,0.1755314904214282
2015-03-23,26.7,18.9,21.8,0.0,25.143333333333334,3,24.1,23.7,24.3,22.7,82,1.0,6.123233995736766e-17,0.9873494423939864,0.15855938510313475
2015-03-24,24.1,18.3,20.6,0.0,25.076666666666668,3,25.4,26.7,23.7,24.3,83,1.0,6.123233995736766e-17,0.989932495087353,0.141540295217043
2015-03-25,25.4,18.1,20.6,0.0,24.990000000000002,3,21.1,24.1,26.7,23.7,84,1.0,6.123233995736766e-17,0.9922222094179323,0.12447926388678915
2015-03-26,21.1,17.5,19.1,1.1,24.826666666666668,3,23.2,25.4,24.1,26.7,85,1.0,6.123233995736766e-17,0.994217906893952,0.10738134666416309
2015-03-27,23.2,17.3,19.6,0.0,24.746666666666666,3,26.4,21.1,25.4,24.1,86,1.0,6.123233995736766e-17,0.995918996147179,0.09025161003104117
2015-03-28,26.4,15.2,20.6,0.0,24.85666666666667,3,25.4,23.2,21.1,25.4,87,1.0,6.123233995736766e-17,0.9973249731081555,0.07309512989807777
2015-03-29,25.4,16.8,20.5,0.0,24.89,3,27.5,26.4,23.2,21.1,88,1.0,6.123233995736766e-17,0.9984354211555643,0.055916990100603484
2015-03-30,27.5,17.4,21.8,0.0,24.916666666666668,3,25.5,25.4,26.4,23.2,89,1.0,6.123233995736766e-17,0.9992500112396835,0.03872228089217446
2015-03-31,25.5,16.2,20.4,0.0,24.89666666666667,3,22.5,27.5,25.4,26.4,90,1.0,6.123233995736766e-17,0.9997685019798909,0.021516097436222254
2015-04-01,22.5,15.5,18.7,0.0,24.55666666666667,4,20.5,25.5,27.5,25.4,91,0.8660254037844387,-0.4999999999999998,0.9999907397361901,0.004303538296244289
2015-04-02,20.5,16.1,18.2,0.0,24.09,4,20.6,22.5,25.5,27.5,92,0.8660254037844387,-0.4999999999999998,0.9999166586547379,-0.01291029607500882
2015-04-03,20.6,15.6,17.7,0.0,24.006666666666668,4,18.9,20.5,22.5,25.5,93,0.8660254037844387,-0.4999999999999998,0.9995462806873573,-0.030120304846908114
2015-04-04,18.9,14.8,16.8,0.2,23.846666666666668,4,22.2,20.6,20.5,22.5,94,0.8660254037844387,-0.4999999999999998,0.9988797155850336,-0.04732138832243185
2015-04-05,22.2,14.4,17.8,0.0,23.763333333333332,4,24.9,18.9,20.6,20.5,95,0.8660254037844387,-0.4999999999999998,0.9979171608653922,-0.06450844944931623
2015-04-06,24.9,14.3,19.5,0.0,23.886666666666663,4,26.1,22.2,18.9,20.6,96,0.8660254037844387,-0.4999999999999998,0.9966589017541702,-0.08167639533042241
2015-04-07,26.1,16.0,20.1,0.0,23.946666666666665,4,27.3,24.9,22.2,18.9,97,0.8660254037844387,-0.4999999999999998,0.9951053111006976,-0.09882013873287143
2015-04-08,27.3,15.2,20.8,0.0,23.953333333333333,4,31.0,26.1,24.9,22.2,98,0.8660254037844387,-0.4999999999999998,0.9932568492674143,-0.11593459959550041
2015-04-09,31.0,16.3,22.9,0.0,24.256666666666668,4,25.8,27.3,26.1,24.9,99,0.8660254037844387,-0.4999999999999998,0.9911140639934547,-0.1330147065341959
2015-04-10,25.8,17.4,21.2,0.0,24.13,4,21.9,31.0,27.3,26.1,100,0.8660254037844387,-0.4999999999999998,0.9886775902323405,-0.1500553983446526
2015-04-11,21.9,15.3,17.9,0.0,24.116666666666667,4,22.4,25.8,31.0,27.3,101,0.8660254037844387,-0.4999999999999998,0.9859481499638304,-0.16705162550211924
2015-04-12,22.4,16.0,18.6,0.0,24.069999999999997,4,20.3,21.9,25.8,31.0,102,0.8660254037844387,-0.4999999999999998,0.9829265519799822,-0.18399835165768005
2015-04-13,20.3,14.3,17.6,0.0,23.886666666666667,4,18.2,22.4,21.9,25.8,103,0.8660254037844387,-0.4999999999999998,0.9796136916454901,-0.20089055513063506
2015-04-14,18.2,15.3,16.6,0.0,23.74666666666667,4,17.5,20.3,22.4,21.9,104,0.8660254037844387,-0.4999999999999998,0.9760105506323683,-0.21772323039653177
2015-04-15,17.5,13.9,15.3,0.8,23.65333333333333,4,18.6,18.2,20.3,22.4,105,0.8660254037844387,-0.4999999999999998,0.9721181966290613,-0.23449138957040985
2015-04-16,18.6,12.9,15.5,0.1,23.416666666666668,4,22.8,17.5,18.2,20.3,106,0.8660254037844387,-0.4999999999999998,0.9679377830240642,-0.25119006388481935
2015-04-17,22.8,14.2,17.6,0.0,23.383333333333333,4,23.5,18.6,17.5,18.2,107,0.8660254037844387,-0.4999999999999998,0.9634705485641488,-0.2678143051621742
2015-04-18,23.5,13.1,17.8,0.0,23.366666666666667,4,21.0,22.8,18.6,17.5,108,0.8660254037844387,-0.4999999999999998,0.9587178169872964,-0.2843591872810034
2015-04-19,21.0,11.6,15.5,0.0,23.310000000000002,4,19.7,23.5,22.8,18.6,109,0.8660254037844387,-0.4999999999999998,0.9536809966304457,-0.30081980763566735
2015-04-20,19.7,13.2,16.0,0.0,23.156666666666663,4,22.7,21.0,23.5,22.8,110,0.8660254037844387,-0.4999999999999998,0.9483615800121715,-0.3171912885891061
2015-04-21,22.7,14.5,17.6,0.0,23.123333333333335,4,19.4,19.7,21.0,23.5,111,0.8660254037844387,-0.4999999999999998,0.9427611433904207,-0.3334687789181868
2015-04-22,19.4,13.6,16.1,0.0,22.88,4,22.9,22.7,19.7,21.0,112,0.8660254037844387,-0.4999999999999998,0.9368813462954315,-0.3496474552512284
2015-04-23,22.9,14.5,17.7,0.0,22.839999999999996,4,24.5,19.4,22.7,19.7,113,0.8660254037844387,-0.4999999999999998,0.9307239310379795,-0.36572252349726897
2015-04-24,24.5,13.8,18.6,0.0,22.81,4,18.4,22.9,19.4,22.7,114,0.8660254037844387,-0.4999999999999998,0.9242907221930933,-0.3816892202666588
2015-04-25,18.4,12.1,16.4,0.1,22.719999999999995,4,20.6,24.5,22.9,19.4,115,0.8660254037844387,-0.4999999999999998,0.9175836260593937,-0.39754281428255595
2015-04-26,20.6,15.3,17.1,0.0,22.633333333333333,4,23.0,18.4,24.5,22.9,116,0.8660254037844387,-0.4999999999999998,0.9106046300942162,-0.4132786077829042
2015-04-27,23.0,15.0,17.9,0.0,22.519999999999996,4,19.5,20.6,18.4,24.5,117,0.8660254037844387,-0.4999999999999998,0.9033558023246845,-0.4288919379124835
2015-04-28,19.5,13.2,15.7,0.0,22.32333333333333,4,18.1,23.0,20.6,18.4,118,0.8660254037844387,-0.4999999999999998,0.895839290734909,-0.4443781781046132
2015-04-29,18.1,14.4,15.8,3.3,22.009999999999998,4,18.1,19.5,23.0,20.6,119,0.8660254037844387,-0.4999999999999998,0.8880573226294932,-0.45973273945210397
2015-04-30,18.1,14.0,15.6,0.1,21.763333333333332,4,16.9,18.1,19.5,23.0,120,0.8660254037844387,-0.4999999999999998,0.8800122039735357,-0.47495107206704995
2015-05-01,16.9,10.4,14.0,0.4,21.576666666666664,5,19.9,18.1,18.1,19.5,121,0.49999999999999994,-0.8660254037844387,0.8717063187093218,-0.4900286664290592
2015-05-02,19.9,12.8,16.0,0.0,21.556666666666665,5,19.2,16.9,18.1,18.1,122,0.49999999999999994,-0.8660254037844387,0.8631421280499114,-0.5049610547215204
2015-05-03,19.2,13.3,16.1,0.0,21.509999999999998,5,20.1,19.9,16.9,18.1,123,0.49999999999999994,-0.8660254037844387,0.854322169749827,-0.5197438121555155
2015-05-04,20.1,15.9,17.3,0.0,21.55,5,17.7,19.2,19.9,16.9,124,0.49999999999999994,-0.8660254037844387,0.8452490573530633,-0.5343725582809786
2015-05-05,17.7,14.4,16.1,2.1,21.4,5,18.5,20.1,19.2,19.9,125,0.49999999999999994,-0.8660254037844387,0.8359254794186372,-0.548842958284719
2015-05-06,18.5,13.9,15.7,0.0,21.186666666666664,5,23.4,17.7,20.1,19.2,126,0.49999999999999994,-0.8660254037844387,0.8263541987239096,-0.5631507242749186
2015-05-07,23.4,12.4,17.1,0.0,21.096666666666668,5,22.3,18.5,17.7,20.1,127,0.49999999999999994,-0.8660254037844387,0.8165380514459161,-0.5772916165517272
2015-05-08,22.3,13.0,16.7,0.0,20.93,5,19.8,23.4,18.5,17.7,128,0.49999999999999994,-0.8660254037844387,0.8064799463209448,-0.5912614448635781
2015-05-09,19.8,15.2,17.0,0.0,20.556666666666665,5,21.5,22.3,23.4,18.5,129,0.49999999999999994,-0.8660254037844387,0.7961828637826158,-0.6050560696488488
2015-05-10,21.5,15.4,17.7,0.0,20.413333333333334,5,21.9,19.8,22.3,23.4,130,0.49999999999999994,-0.8660254037844387,0.7856498550787147,-0.6186714032625031
2015-05-11,21.9,14.7,17.5,0.0,20.413333333333334,5,23.8,21.5,19.8,22.3,131,0.49999999999999994,-0.8660254037844387,0.7748840413670407,-0.6321034111873487
2015-05-12,23.8,12.9,17.6,0.0,20.46,5,17.9,21.9,21.5,19.8,132,0.49999999999999994,-0.8660254037844387,0.7638886127905428,-0.6453481132295501
2015-05-13,17.9,12.3,15.5,2.4,20.38,5,16.7,23.8,21.9,21.5,133,0.49999999999999994,-0.8660254037844387,0.7526668275320085,-0.6584015846980488
2015-05-14,16.7,11.4,14.7,3.5,20.330000000000002,5,17.4,17.9,23.8,21.9,134,0.49999999999999994,-0.8660254037844387,0.7412220108485958,-0.6712599575675313
2015-05-15,17.4,8.6,14.1,0.8,20.326666666666668,5,17.7,16.7,17.9,23.8,135,0.49999999999999994,-0.8660254037844387,0.7295575540864875,-0.6839194216246106
2015-05-16,17.7,13.2,14.7,3.8,20.296666666666667,5,22.0,17.4,16.7,17.9,136,0.49999999999999994,-0.8660254037844387,0.717676913675962,-0.6963762255968722
2015-05-17,22.0,9.4,15.5,0.0,20.269999999999996,5,20.4,17.7,17.4,16.7,137,0.49999999999999994,-0.8660254037844387,0.705583610107178,-0.7086266782644596
2015-05-18,20.4,13.2,16.7,0.0,20.166666666666668,5,18.1,22.0,17.7,17.4,138,0.49999999999999994,-0.8660254037844387,0.6932812268869777,-0.7206671495538609
2015-05-19,18.1,12.4,15.8,2.4,20.069999999999997,5,16.9,20.4,22.0,17.7,139,0.49999999999999994,-0.8660254037844387,0.6807734094770161,-0.7324940716135789
2015-05-20,16.9,12.1,14.2,0.0,19.97666666666667,5,18.3,18.1,20.4,22.0,140,0.49999999999999994,-0.8660254037844387,0.6680638642135335,-0.7441039398713607
2015-05-21,18.3,10.7,14.4,0.0,19.83,5,23.8,16.9,18.1,20.4,141,0.49999999999999994,-0.8660254037844387,0.6551563572090853,-0.7554933140726803
2015-05-22,23.8,13.0,17.5,0.0,19.976666666666667,5,17.9,18.3,16.9,18.1,142,0.49999999999999994,-0.8660254037844387,0.6420547132365637,-0.766658819300159
2015-05-23,17.9,12.4,15.3,0.4,19.810000000000002,5,17.6,23.8,18.3,16.9,143,0.49999999999999994,-0.8660254037844387,0.6287628145958344,-0.7775971469736269
2015-05-24,17.6,12.7,14.7,0.0,19.58,5,18.0,17.9,23.8,18.3,144,0.49999999999999994,-0.8660254037844387,0.6152845999633276,-0.7883050558305255
2015-05-25,18.0,12.5,14.9,0.1,19.566666666666666,5,16.1,17.6,17.9,23.8,145,0.49999999999999994,-0.8660254037844387,0.6016240632249226,-0.7987793728863649
2015-05-26,16.1,14.3,15.0,7.7,19.416666666666668,5,18.7,18.0,17.6,17.9,146,0.49999999999999994,-0.8660254037844387,0.5877852522924732,-0.8090169943749473
2015-05-27,18.7,13.6,15.3,0.0,19.273333333333333,5,17.1,16.1,18.0,17.6,147,0.49999999999999994,-0.8660254037844387,0.5737722679043246,-0.8190148866680801
2015-05-28,17.1,13.8,15.3,6.8,19.193333333333335,5,18.0,18.7,16.1,18.0,148,0.49999999999999994,-0.8660254037844387,0.5595892624101765,-0.8287700871745038
2015-05-29,18.0,13.1,15.3,11.3,19.19,5,16.4,17.1,18.7,16.1,149,0.49999999999999994,-0.8660254037844387,0.545240438540651,-0.8382797052177744
2015-05-30,16.4,12.2,14.9,5.7,19.133333333333333,5,13.0,18.0,17.1,18.7,150,0.49999999999999994,-0.8660254037844387,0.5307300481619334,-0.8475409228928311
2015-05-31,13.0,11.7,12.2,2.6,19.003333333333334,5,13.8,16.4,18.0,17.1,151,0.49999999999999994,-0.8660254037844387,0.5160623910158528,-0.8565509959010036
2015-06-01,13.8,11.3,12.3,4.3,18.8,6,16.5,13.0,16.4,18.0,152,1.2246467991473532e-16,-1.0,0.5012418134457758,-0.865307254363206
2015-06-02,16.5,12.5,14.5,11.0,18.709999999999997,6,14.3,13.8,13.0,16.4,153,1.2246467991473532e-16,-1.0,0.48627270710868997,-0.8738071036110808
2015-06-03,14.3,11.5,13.1,28.3,18.516666666666666,6,14.9,16.5,13.8,13.0,154,1.2246467991473532e-16,-1.0,0.4711595076738638,-0.8820480249558537
2015-06-04,14.9,11.8,13.6,0.9,18.423333333333336,6,15.8,14.3,16.5,13.8,155,1.2246467991473532e-16,-1.0,0.4559066935084588,-0.8900275764346767
2015-06-05,15.8,7.2,11.9,0.0,18.333333333333332,6,15.6,14.9,14.3,16.5,156,1.2246467991473532e-16,-1.0,0.440518784350495,-0.8977433935342337
2015-06-06,15.6,8.6,12.4,0.0,18.073333333333334,6,17.1,15.8,14.9,14.3,157,1.2246467991473532e-16,-1.0,0.42500033996955416,-0.9051931898913974
2015-06-07,17.1,7.4,11.7,0.0,17.9,6,18.1,15.6,15.8,14.9,158,1.2246467991473532e-16,-1.0,0.4093559588156213,-0.9123747579707273
2015-06-08,18.1,7.2,12.2,0.0,17.843333333333337,6,21.1,17.1,15.6,15.8,159,1.2246467991473532e-16,-1.0,0.39359027665646673,-0.9192859697186104
2015-06-09,21.1,8.4,14.0,0.0,17.830000000000002,6,14.7,18.1,17.1,15.6,160,1.2246467991473532e-16,-1.0,0.3777079652039649,-0.9259247771938498
2015-06-10,14.7,10.3,12.3,0.0,17.59,6,16.8,21.1,18.1,17.1,161,1.2246467991473532e-16,-1.0,0.36171373072976765,-0.9322892131745133
2015-06-11,16.8,11.8,14.2,0.0,17.35666666666667,6,16.5,14.7,21.1,18.1,162,1.2246467991473532e-16,-1.0,0.3456123126707335,-0.9383773917408641
2015-06-12,16.5,10.8,13.3,0.0,17.31,6,16.9,16.8,14.7,21.1,163,1.2246467991473532e-16,-1.0,0.3294084822245304,-0.9441875088341993
2015-06-13,16.9,10.0,13.1,0.0,17.316666666666666,6,15.1,16.5,16.8,14.7,164,1.2246467991473532e-16,-1.0,0.3131070409358269,-0.9497178427914316
2015-06-14,15.1,10.9,12.8,0.0,17.24,6,14.5,16.9,16.5,16.8,165,1.2246467991473532e-16,-1.0,0.29671281927349075,-0.9549667548552551
2015-06-15,14.5,12.6,13.3,4.7,17.133333333333333,6,13.8,15.1,16.9,16.5,166,1.2246467991473532e-16,-1.0,0.28023067519921585,-0.9599326896597447
2015-06-16,13.8,11.7,12.9,26.2,16.86,6,15.1,14.5,15.1,16.9,167,1.2246467991473532e-16,-1.0,0.26366549272800704,-0.9646141756912435
2015-06-17,15.1,10.8,13.2,0.1,16.683333333333334,6,14.9,13.8,14.5,15.1,168,1.2246467991473532e-16,-1.0,0.24702218048093552,-0.9690098257244062
2015-06-18,14.9,7.5,11.1,0.0,16.576666666666668,6,16.8,15.1,13.8,14.5,169,1.2246467991473532e-16,-1.0,0.23030567023061221,-0.9731183372332619
2015-06-19,16.8,11.3,13.7,0.0,16.573333333333334,6,18.5,14.9,15.1,13.8,170,1.2246467991473532e-16,-1.0,0.21352091543979612,-0.9769384927771817
2015-06-20,18.5,8.2,12.8,0.0,16.580000000000002,6,16.4,16.8,14.9,15.1,171,1.2246467991473532e-16,-1.0,0.19667288979357647,-0.980469160361632
2015-06-21,16.4,9.9,12.7,0.0,16.333333333333332,6,16.4,18.5,16.8,14.9,172,1.2246467991473532e-16,-1.0,0.1797665857255624,-0.9837092937736097
2015-06-22,16.4,9.0,12.5,0.0,16.283333333333335,6,14.2,16.4,18.5,16.8,173,1.2246467991473532e-16,-1.0,0.16280701293851715,-0.986657932891657
2015-06-23,14.2,11.0,12.3,9.5,16.17,6,13.0,16.4,16.4,18.5,174,1.2246467991473532e-16,-1.0,0.1457991969198751,-0.9893142039703663
2015-06-24,13.0,10.1,11.7,35.7,16.003333333333334,6,13.0,14.2,16.4,16.4,175,1.2246467991473532e-16,-1.0,0.12874817745258132,-0.99167731989929
2015-06-25,13.0,7.8,10.8,1.6,15.9,6,14.6,13.0,14.2,16.4,176,1.2246467991473532e-16,-1.0,0.11165900712169512,-0.993746580436178
2015-06-26,14.6,9.6,11.6,0.0,15.763333333333332,6,14.7,13.0,13.0,14.2,177,1.2246467991473532e-16,-1.0,0.09453674981719912,-0.9955213724144752
2015-06-27,14.7,8.8,11.8,0.0,15.683333333333334,6,14.9,14.6,13.0,13.0,178,1.2246467991473532e-16,-1.0,0.07738647923346301,-0.9970011699250151
2015-06-28,14.9,11.0,12.5,1.9,15.580000000000002,6,15.1,14.7,14.6,13.0,179,1.2246467991473532e-16,-1.0,0.06021327736579302,-0.9981855344718586
2015-06-29,15.1,10.2,12.6,0.3,15.536666666666665,6,14.9,14.9,14.7,14.6,180,1.2246467991473532e-16,-1.0,0.04302223300453059,-0.99907411510223
2015-06-30,14.9,8.0,11.5,0.0,15.6,6,15.6,15.1,14.9,14.7,181,1.2246467991473532e-16,-1.0,0.02581844022713308,-0.9996666485105112
2015-07-01,15.6,10.8,12.7,0.0,15.66,7,15.1,14.9,15.1,14.9,182,-0.4999999999999997,-0.8660254037844388,0.008606996888688698,-0.9999629591162655
2015-07-02,15.1,9.3,11.9,0.0,15.613333333333333,7,17.0,15.6,14.9,15.1,183,-0.4999999999999997,-0.8660254037844388,-0.008606996888688009,-0.9999629591162655
2015-07-03,17.0,10.3,13.0,0.0,15.703333333333335,7,15.5,15.1,15.6,14.9,184,-0.4999999999999997,-0.8660254037844388,-0.02581844022713239,-0.9996666485105112
2015-07-04,15.5,8.8,11.9,0.0,15.723333333333333,7,14.9,17.0,15.1,15.6,185,-0.4999999999999997,-0.8660254037844388,-0.04302223300453034,-0.99907411510223
2015-07-05,14.9,11.7,13.2,0.0,15.693333333333332,7,18.8,15.5,17.0,15.1,186,-0.4999999999999997,-0.8660254037844388,-0.060213277365792774,-0.9981855344718586
2015-07-06,18.8,10.1,13.7,0.0,15.8,7,23.3,14.9,15.5,17.0,187,-0.4999999999999997,-0.8660254037844388,-0.07738647923346322,-0.9970011699250151
2015-07-07,23.3,10.8,15.2,0.5,16.006666666666668,7,15.8,18.8,14.9,15.5,188,-0.4999999999999997,-0.8660254037844388,-0.09453674981719933,-0.9955213724144752
2015-07-08,15.8,12.1,13.8,0.8,15.930000000000001,7,18.0,23.3,18.8,14.9,189,-0.4999999999999997,-0.8660254037844388,-0.11165900712169444,-0.9937465804361781
2015-07-09,18.0,12.9,14.8,0.0,15.826666666666666,7,19.5,15.8,23.3,18.8,190,-0.4999999999999997,-0.8660254037844388,-0.12874817745258066,-0.99167731989929
2015-07-10,19.5,11.8,15.1,0.0,15.986666666666668,7,14.9,18.0,15.8,23.3,191,-0.4999999999999997,-0.8660254037844388,-0.14579919691987442,-0.9893142039703664
2015-07-11,14.9,10.5,12.7,9.7,15.923333333333334,7,11.7,19.5,18.0,15.8,192,-0.4999999999999997,-0.8660254037844388,-0.16280701293851646,-0.9866579328916572
2015-07-12,11.7,9.4,10.7,3.1,15.763333333333332,7,12.1,14.9,19.5,18.0,193,-0.4999999999999997,-0.8660254037844388,-0.17976658572556214,-0.9837092937736098
2015-07-13,12.1,6.9,9.7,0.3,15.603333333333333,7,13.8,11.7,14.9,19.5,194,-0.4999999999999997,-0.8660254037844388,-0.19667288979357622,-0.9804691603616321
2015-07-14,13.8,7.6,10.3,0.0,15.56,7,13.8,12.1,11.7,14.9,195,-0.4999999999999997,-0.8660254037844388,-0.2135209154397959,-0.9769384927771817
2015-07-15,13.8,4.5,9.4,0.0,15.536666666666667,7,13.2,13.8,12.1,11.7,196,-0.4999999999999997,-0.8660254037844388,-0.23030567023061196,-0.973118337233262
2015-07-16,13.2,7.5,10.4,1.4,15.516666666666667,7,12.8,13.8,13.8,12.1,197,-0.4999999999999997,-0.8660254037844388,-0.24702218048093527,-0.9690098257244063
2015-07-17,12.8,10.6,12.0,58.6,15.440000000000001,7,15.9,13.2,13.8,13.8,198,-0.4999999999999997,-0.8660254037844388,-0.2636654927280072,-0.9646141756912435
2015-07-18,15.9,9.0,12.6,4.8,15.473333333333333,7,14.1,12.8,13.2,13.8,199,-0.4999999999999997,-0.8660254037844388,-0.2802306751992161,-0.9599326896597445
2015-07-19,14.1,8.3,10.9,0.0,15.383333333333333,7,13.2,15.9,12.8,13.2,200,-0.4999999999999997,-0.8660254037844388,-0.2967128192734901,-0.9549667548552553
2015-07-20,13.2,10.5,11.9,0.0,15.206666666666667,7,14.7,14.1,15.9,12.8,201,-0.4999999999999997,-0.8660254037844388,-0.3131070409358267,-0.9497178427914317
2015-07-21,14.7,10.6,12.2,0.0,15.15,7,15.7,13.2,14.1,15.9,202,-0.4999999999999997,-0.8660254037844388,-0.3294084822245302,-0.9441875088341994
2015-07-22,15.7,11.2,13.1,5.9,15.126666666666667,7,14.0,14.7,13.2,14.1,203,-0.4999999999999997,-0.8660254037844388,-0.3456123126707333,-0.9383773917408642
2015-07-23,14.0,9.8,11.6,17.3,15.12,7,12.7,15.7,14.7,13.2,204,-0.4999999999999997,-0.8660254037844388,-0.3617137307297674,-0.9322892131745134
2015-07-24,12.7,9.0,10.8,6.0,15.109999999999998,7,14.2,14.0,15.7,14.7,205,-0.4999999999999997,-0.8660254037844388,-0.37770796520396466,-0.9259247771938499
2015-07-25,14.2,10.0,12.0,0.0,15.15,7,14.5,12.7,14.0,15.7,206,-0.4999999999999997,-0.8660254037844388,-0.39359027665646645,-0.9192859697186105
2015-07-26,14.5,6.2,10.1,0.0,15.146666666666667,7,14.1,14.2,12.7,14.0,207,-0.4999999999999997,-0.8660254037844388,-0.4093559588156211,-0.9123747579707274
2015-07-27,14.1,7.0,10.6,0.0,15.126666666666667,7,13.7,14.5,14.2,12.7,208,-0.4999999999999997,-0.8660254037844388,-0.42500033996955394,-0.9051931898913975
2015-07-28,13.7,8.4,10.9,0.0,15.086666666666666,7,12.6,14.1,14.5,14.2,209,-0.4999999999999997,-0.8660254037844388,-0.4405187843504952,-0.8977433935342336
2015-07-29,12.6,8.7,10.9,4.4,15.003333333333334,7,12.3,13.7,14.1,14.5,210,-0.4999999999999997,-0.8660254037844388,-0.455906693508459,-0.8900275764346766
2015-07-30,12.3,10.0,11.5,33.7,14.916666666666666,7,12.3,12.6,13.7,14.1,211,-0.4999999999999997,-0.8660254037844388,-0.47115950767386394,-0.8820480249558535
2015-07-31,12.3,8.1,10.2,0.0,14.806666666666668,7,15.0,12.3,12.6,13.7,212,-0.4999999999999997,-0.8660254037844388,-0.4862727071086902,-0.8738071036110807
2015-08-01,15.0,6.0,10.4,0.0,14.803333333333335,8,19.7,12.3,12.3,12.6,213,-0.8660254037844385,-0.5000000000000004,-0.5012418134457756,-0.8653072543632061
2015-08-02,19.7,6.4,12.7,0.0,14.893333333333334,8,16.5,15.0,12.3,12.3,214,-0.8660254037844385,-0.5000000000000004,-0.5160623910158526,-0.8565509959010037
2015-08-03,16.5,10.9,13.3,0.0,14.926666666666668,8,15.0,19.7,15.0,12.3,215,-0.8660254037844385,-0.5000000000000004,-0.5307300481619331,-0.8475409228928312
2015-08-04,15.0,11.8,13.1,15.4,14.930000000000001,8,15.9,16.5,19.7,15.0,216,-0.8660254037844385,-0.5000000000000004,-0.5452404385406507,-0.8382797052177745
2015-08-05,15.9,8.6,12.7,0.0,14.833333333333334,8,20.1,15.0,16.5,19.7,217,-0.8660254037844385,-0.5000000000000004,-0.5595892624101763,-0.828770087174504
2015-08-06,20.1,6.6,12.8,0.0,14.726666666666667,8,16.2,15.9,15.0,16.5,218,-0.8660254037844385,-0.5000000000000004,-0.5737722679043243,-0.8190148866680802
2015-08-07,16.2,10.5,13.2,0.0,14.74,8,14.7,20.1,15.9,15.0,219,-0.8660254037844385,-0.5000000000000004,-0.5877852522924734,-0.8090169943749472
2015-08-08,14.7,8.2,11.4,0.0,14.629999999999999,8,13.4,16.2,20.1,15.9,220,-0.8660254037844385,-0.5000000000000004,-0.6016240632249227,-0.7987793728863648
2015-08-09,13.4,10.4,11.8,0.0,14.426666666666668,8,15.0,14.7,16.2,20.1,221,-0.8660254037844385,-0.5000000000000004,-0.6152845999633277,-0.7883050558305253
2015-08-10,15.0,9.1,11.7,0.0,14.430000000000001,8,16.0,13.4,14.7,16.2,222,-0.8660254037844385,-0.5000000000000004,-0.6287628145958345,-0.7775971469736268
2015-08-11,16.0,7.7,11.6,0.0,14.573333333333334,8,14.8,15.0,13.4,14.7,223,-0.8660254037844385,-0.5000000000000004,-0.6420547132365636,-0.7666588193001592
2015-08-12,14.8,10.2,12.4,0.9,14.663333333333332,8,14.6,16.0,15.0,13.4,224,-0.8660254037844385,-0.5000000000000004,-0.655156357209085,-0.7554933140726804
2015-08-13,14.6,11.2,12.8,11.7,14.69,8,16.4,14.8,16.0,15.0,225,-0.8660254037844385,-0.5000000000000004,-0.6680638642135333,-0.7441039398713608
2015-08-14,16.4,10.0,12.6,0.1,14.776666666666666,8,14.3,14.6,14.8,16.0,226,-0.8660254037844385,-0.5000000000000004,-0.6807734094770159,-0.7324940716135792
2015-08-15,14.3,8.9,12.4,3.8,14.813333333333333,8,14.4,16.4,14.6,14.8,227,-0.8660254037844385,-0.5000000000000004,-0.6932812268869771,-0.7206671495538615
2015-08-16,14.4,11.9,13.0,3.6,14.866666666666667,8,17.3,14.3,16.4,14.6,228,-0.8660254037844385,-0.5000000000000004,-0.7055836101071774,-0.70862667826446
2015-08-17,17.3,11.7,13.8,0.0,14.913333333333332,8,13.9,14.4,14.3,16.4,229,-0.8660254037844385,-0.5000000000000004,-0.7176769136759615,-0.6963762255968726
2015-08-18,13.9,12.2,13.1,0.3,14.906666666666666,8,16.8,17.3,14.4,14.3,230,-0.8660254037844385,-0.5000000000000004,-0.7295575540864876,-0.6839194216246105
2015-08-19,16.8,11.0,13.5,0.0,15.026666666666667,8,19.6,13.9,17.3,14.4,231,-0.8660254037844385,-0.5000000000000004,-0.7412220108485957,-0.6712599575675315
2015-08-20,19.6,11.2,14.8,0.0,15.19,8,19.8,16.8,13.9,17.3,232,-0.8660254037844385,-0.5000000000000004,-0.7526668275320083,-0.6584015846980489
2015-08-21,19.8,10.5,14.6,0.0,15.326666666666666,8,20.9,19.6,16.8,13.9,233,-0.8660254037844385,-0.5000000000000004,-0.7638886127905429,-0.64534811322955
2015-08-22,20.9,11.9,15.6,0.0,15.556666666666667,8,21.3,19.8,19.6,16.8,234,-0.8660254037844385,-0.5000000000000004,-0.7748840413670406,-0.6321034111873488
2015-08-23,21.3,13.3,16.7,0.2,15.843333333333334,8,16.6,20.9,19.8,19.6,235,-0.8660254037844385,-0.5000000000000004,-0.7856498550787144,-0.6186714032625032
2015-08-24,16.6,11.6,13.7,0.0,15.923333333333336,8,16.3,21.3,20.9,19.8,236,-0.8660254037844385,-0.5000000000000004,-0.7961828637826154,-0.6050560696488494
2015-08-25,16.3,12.5,13.9,4.5,15.983333333333336,8,17.8,16.6,21.3,20.9,237,-0.8660254037844385,-0.5000000000000004,-0.8064799463209447,-0.5912614448635782
2015-08-26,17.8,8.9,13.3,0.0,16.10666666666667,8,19.4,16.3,16.6,21.3,238,-0.8660254037844385,-0.5000000000000004,-0.8165380514459157,-0.5772916165517278
2015-08-27,19.4,13.2,15.2,0.0,16.296666666666667,8,15.0,17.8,16.3,16.6,239,-0.8660254037844385,-0.5000000000000004,-0.8263541987239094,-0.5631507242749187
2015-08-28,15.0,12.8,13.8,1.4,16.37666666666667,8,15.4,19.4,17.8,16.3,240,-0.8660254037844385,-0.5000000000000004,-0.8359254794186365,-0.5488429582847199
2015-08-29,15.4,12.8,13.8,0.6,16.48,8,15.7,15.0,19.4,17.8,241,-0.8660254037844385,-0.5000000000000004,-0.8452490573530634,-0.5343725582809785
2015-08-30,15.7,13.0,13.9,8.6,16.593333333333334,8,14.2,15.4,15.0,19.4,242,-0.8660254037844385,-0.5000000000000004,-0.8543221697498269,-0.5197438121555157
2015-08-31,14.2,12.5,13.3,7.8,16.566666666666666,8,15.6,15.7,15.4,15.0,243,-0.8660254037844385,-0.5000000000000004,-0.8631421280499115,-0.5049610547215202
2015-09-01,15.6,12.0,13.4,0.0,16.43,9,16.0,14.2,15.7,15.4,244,-1.0,-1.8369701987210297e-16,-0.8717063187093217,-0.4900286664290594
2015-09-02,16.0,10.5,13.1,0.0,16.413333333333334,9,19.8,15.6,14.2,15.7,245,-1.0,-1.8369701987210297e-16,-0.8800122039735356,-0.4749510720670502
2015-09-03,19.8,9.3,14.3,0.0,16.573333333333334,9,20.3,16.0,15.6,14.2,246,-1.0,-1.8369701987210297e-16,-0.888057322629493,-0.4597327394521046
2015-09-04,20.3,7.6,13.8,0.0,16.720000000000002,9,25.2,19.8,16.0,15.6,247,-1.0,-1.8369701987210297e-16,-0.8958392907349089,-0.4443781781046134
2015-09-05,25.2,8.9,16.3,0.0,16.89,9,22.7,20.3,19.8,16.0,248,-1.0,-1.8369701987210297e-16,-0.9033558023246842,-0.4288919379124841
2015-09-06,22.7,13.2,17.2,0.0,17.10666666666667,9,14.9,25.2,20.3,19.8,249,-1.0,-1.8369701987210297e-16,-0.9106046300942162,-0.41327860778290443
2015-09-07,14.9,10.9,13.5,12.4,17.113333333333333,9,15.3,22.7,25.2,20.3,250,-1.0,-1.8369701987210297e-16,-0.9175836260593934,-0.3975428142825566
2015-09-08,15.3,9.2,12.5,0.2,17.176666666666666,9,15.3,14.9,22.7,25.2,251,-1.0,-1.8369701987210297e-16,-0.9242907221930934,-0.3816892202666586
2015-09-09,15.3,9.2,12.6,0.3,17.186666666666667,9,12.1,15.3,14.9,22.7,252,-1.0,-1.8369701987210297e-16,-0.9307239310379793,-0.3657225234972692
2015-09-10,12.1,10.9,11.5,4.3,17.056666666666665,9,17.5,15.3,15.3,14.9,253,-1.0,-1.8369701987210297e-16,-0.9368813462954315,-0.34964745525122826
2015-09-11,17.5,10.8,13.8,0.0,17.146666666666665,9,18.0,12.1,15.3,15.3,254,-1.0,-1.8369701987210297e-16,-0.9427611433904206,-0.33346877891818705
2015-09-12,18.0,11.4,14.4,0.0,17.259999999999998,9,24.3,17.5,12.1,15.3,255,-1.0,-1.8369701987210297e-16,-0.9483615800121716,-0.31719128858910595
2015-09-13,24.3,13.8,17.9,0.0,17.523333333333333,9,25.6,18.0,17.5,12.1,256,-1.0,-1.8369701987210297e-16,-0.9536809966304455,-0.300819807635668
2015-09-14,25.6,15.0,19.3,0.3,17.9,9,16.3,24.3,18.0,17.5,257,-1.0,-1.8369701987210297e-16,-0.9587178169872964,-0.2843591872810036
2015-09-15,16.3,13.8,15.0,5.5,17.963333333333335,9,16.5,25.6,24.3,18.0,258,-1.0,-1.8369701987210297e-16,-0.9634705485641486,-0.26781430516217486
2015-09-16,16.5,13.2,14.3,0.0,17.936666666666667,9,15.4,16.3,25.6,24.3,259,-1.0,-1.8369701987210297e-16,-0.9679377830240642,-0.25119006388481957
2015-09-17,15.4,12.5,13.8,0.0,17.986666666666668,9,17.2,16.5,16.3,25.6,260,-1.0,-1.8369701987210297e-16,-0.9721181966290612,-0.23449138957041052
2015-09-18,17.2,11.8,14.3,0.0,18.0,9,20.7,15.4,16.5,16.3,261,-1.0,-1.8369701987210297e-16,-0.9760105506323682,-0.21772323039653224
2015-09-19,20.7,10.5,15.3,0.0,18.03666666666667,9,25.3,17.2,15.4,16.5,262,-1.0,-1.8369701987210297e-16,-0.9796136916454901,-0.20089055513063528
2015-09-20,25.3,11.1,16.2,0.0,18.219999999999995,9,16.4,20.7,17.2,15.4,263,-1.0,-1.8369701987210297e-16,-0.9829265519799822,-0.18399835165767986
2015-09-21,16.4,13.1,14.5,1.9,18.07,9,17.4,25.3,20.7,17.2,264,-1.0,-1.8369701987210297e-16,-0.9859481499638303,-0.1670516255021195
2015-09-22,17.4,11.6,14.1,0.0,17.94,9,18.6,16.4,25.3,20.7,265,-1.0,-1.8369701987210297e-16,-0.9886775902323404,-0.15005539834465262
2015-09-23,18.6,9.9,14.6,0.0,18.006666666666668,9,19.1,17.4,16.4,25.3,266,-1.0,-1.8369701987210297e-16,-0.9911140639934546,-0.13301470653419636
2015-09-24,19.1,9.8,14.7,0.0,18.1,9,18.6,18.6,17.4,16.4,267,-1.0,-1.8369701987210297e-16,-0.9932568492674143,-0.11593459959550066
2015-09-25,18.6,12.0,15.0,0.0,18.126666666666665,9,15.9,19.1,18.6,17.4,268,-1.0,-1.8369701987210297e-16,-0.9951053111006974,-0.09882013873287211
2015-09-26,15.9,14.3,14.9,0.0,18.009999999999998,9,16.3,18.6,19.1,18.6,269,-1.0,-1.8369701987210297e-16,-0.99665890175417,-0.08167639533042288
2015-09-27,16.3,12.3,14.3,10.4,18.053333333333335,9,16.9,15.9,18.6,19.1,270,-1.0,-1.8369701987210297e-16,-0.9979171608653922,-0.06450844944931625
2015-09-28,16.9,10.5,13.7,0.0,18.103333333333335,9,16.8,16.3,15.9,18.6,271,-1.0,-1.8369701987210297e-16,-0.9988797155850335,-0.04732138832243232
2015-09-29,16.8,9.7,13.6,2.1,18.139999999999997,9,14.2,16.9,16.3,15.9,272,-1.0,-1.8369701987210297e-16,-0.9995462806873573,-0.03012030484690836
2015-09-30,14.2,11.6,12.6,10.7,18.14,9,18.2,16.8,16.9,16.3,273,-1.0,-1.8369701987210297e-16,-0.9999166586547379,-0.012910296075008843
2015-10-01,18.2,9.9,13.8,0.0,18.22666666666667,10,17.1,14.2,16.8,16.9,274,-0.8660254037844386,0.5000000000000001,-0.9999907397361901,0.004303538296243821
2015-10-02,17.1,11.8,14.1,0.0,18.263333333333332,10,17.7,18.2,14.2,16.8,275,-0.8660254037844386,0.5000000000000001,-0.9997685019798909,0.021516097436222233
2015-10-03,17.7,12.7,15.0,1.7,18.19333333333333,10,18.5,17.1,18.2,14.2,276,-0.8660254037844386,0.5000000000000001,-0.9992500112396835,0.03872228089217399
2015-10-04,18.5,11.2,14.6,0.0,18.133333333333333,10,17.9,17.7,17.1,18.2,277,-0.8660254037844386,0.5000000000000001,-0.9984354211555643,0.05591699010060302
2015-10-05,17.9,11.5,15.1,1.0,17.889999999999997,10,17.9,18.5,17.7,17.1,278,-0.8660254037844386,0.5000000000000001,-0.9973249731081555,0.07309512989807776
2015-10-06,17.9,11.1,14.3,0.0,17.73,10,19.1,17.9,18.5,17.7,279,-0.8660254037844386,0.5000000000000001,-0.9959189961471792,0.0902516100310407
2015-10-07,19.1,9.6,14.2,0.0,17.87,10,19.0,17.9,17.9,18.5,280,-0.8660254037844386,0.5000000000000001,-0.994217906893952,0.10738134666416306
2015-10-08,19.0,13.1,15.9,0.0,17.993333333333332,10,23.5,19.1,17.9,17.9,281,-0.8660254037844386,0.5000000000000001,-0.9922222094179324,0.12447926388678869
2015-10-09,23.5,14.2,17.7,0.0,18.266666666666666,10,16.1,19.0,19.1,17.9,282,-0.8660254037844386,0.5000000000000001,-0.989932495087353,0.141540295217043
2015-10-10,16.1,13.4,15.0,4.0,18.4,10,17.3,23.5,19.0,19.1,283,-0.8660254037844386,0.5000000000000001,-0.9873494423939864,0.15855938510313475
2015-10-11,17.3,11.3,14.2,0.0,18.39333333333333,10,17.1,16.1,23.5,19.0,284,-0.8660254037844386,0.5000000000000001,-0.9844738167520923,0.17553149042142777
2015-10-12,17.1,11.8,14.4,0.0,18.363333333333333,10,17.1,17.3,16.1,23.5,285,-0.8660254037844386,0.5000000000000001,-0.9813064702716093,0.19245158197082995
2015-10-13,17.1,12.9,14.9,2.4,18.123333333333335,10,16.7,17.1,17.3,16.1,286,-0.8660254037844386,0.5000000000000001,-0.9778483415056567,0.20931464596304888
2015-10-14,16.7,13.5,14.9,1.8,17.826666666666668,10,16.1,17.1,17.1,17.3,287,-0.8660254037844386,0.5000000000000001,-0.9741004551724206,0.22611568550828803
2015-10-15,16.1,11.9,14.4,0.4,17.819999999999997,10,19.2,16.7,17.1,17.1,288,-0.8660254037844386,0.5000000000000001,-0.970063921851507,0.2428497220959358
2015-10-16,19.2,9.3,14.7,0.0,17.91,10,20.6,16.1,16.7,17.1,289,-0.8660254037844386,0.5000000000000001,-0.965739937654855,0.25951179706979943
2015-10-17,20.6,11.8,16.4,0.0,18.083333333333332,10,23.1,19.2,16.1,16.7,290,-0.8660254037844386,0.5000000000000001,-0.9611297838723007,0.27609697309746883
2015-10-18,23.1,14.0,18.2,0.0,18.280000000000005,10,24.6,20.6,19.2,16.1,291,-0.8660254037844386,0.5000000000000001,-0.9562348265919058,0.2926003356333479
2015-10-19,24.6,16.6,20.2,0.0,18.41,10,24.5,23.1,20.6,19.2,292,-0.8660254037844386,0.5000000000000001,-0.9510565162951536,0.30901699437494723
2015-10-20,24.5,16.9,19.8,0.0,18.383333333333333,10,20.1,24.6,23.1,20.6,293,-0.8660254037844386,0.5000000000000001,-0.9455963874271428,0.3253420847119795
2015-10-21,20.1,16.0,17.8,0.4,18.506666666666664,10,23.8,24.5,24.6,23.1,294,-0.8660254037844386,0.5000000000000001,-0.9398560579418953,0.341570769167856
2015-10-22,23.8,15.1,18.7,0.0,18.720000000000002,10,26.2,20.1,24.5,24.6,295,-0.8660254037844386,0.5000000000000001,-0.9338372288229252,0.35769823883312546
2015-10-23,26.2,15.0,20.0,0.0,18.973333333333333,10,26.2,23.8,20.1,24.5,296,-0.8660254037844386,0.5000000000000001,-0.9275416835791965,0.3737197147904692
2015-10-24,26.2,15.1,20.2,0.0,19.21,10,18.5,26.2,23.8,20.1,297,-0.8660254037844386,0.5000000000000001,-0.9209712877166347,0.38963044953078774
2015-10-25,18.5,15.6,16.7,1.4,19.206666666666667,10,26.2,26.2,26.2,23.8,298,-0.8660254037844386,0.5000000000000001,-0.9141279881853337,0.4054257283599973
2015-10-26,26.2,15.5,20.4,0.0,19.55,10,30.9,18.5,26.2,26.2,299,-0.8660254037844386,0.5000000000000001,-0.9070138128026362,0.42110087079608916
2015-10-27,30.9,15.3,23.2,0.0,20.03666666666667,10,23.1,26.2,18.5,26.2,300,-0.8660254037844386,0.5000000000000001,-0.8996308696522434,0.4366512319560638
2015-10-28,23.1,16.3,19.5,0.0,20.243333333333332,10,21.8,30.9,26.2,18.5,301,-0.8660254037844386,0.5000000000000001,-0.8919813464595487,0.45207220393230374
2015-10-29,21.8,16.4,18.6,0.0,20.410000000000004,10,21.3,23.1,30.9,26.2,302,-0.8660254037844386,0.5000000000000001,-0.8840675099433637,0.46735921715800205
2015-10-30,21.3,16.3,18.5,0.0,20.646666666666665,10,18.0,21.8,23.1,30.9,303,-0.8660254037844386,0.5000000000000001,-0.8758917051442433,0.48250774176121763
2015-10-31,18.0,14.0,16.1,0.0,20.639999999999997,10,16.1,21.3,21.8,23.1,304,-0.8660254037844386,0.5000000000000001,-0.8674563547295971,0.4975132889071803
2015-11-01,16.1,13.1,14.1,6.8,20.60666666666667,11,17.9,18.0,21.3,21.8,305,-0.5000000000000004,0.8660254037844384,-0.858763958275803,0.5123714121284235
2015-11-02,17.9,12.4,15.1,0.0,20.613333333333333,11,23.3,16.1,18.0,21.3,306,-0.5000000000000004,0.8660254037844384,-0.8498170915275277,0.5270777086423724
2015-11-03,23.3,13.1,17.9,0.0,20.773333333333333,11,28.9,17.9,16.1,18.0,307,-0.5000000000000004,0.8660254037844384,-0.8406184056344783,0.5416278206559811
2015-11-04,28.9,13.7,21.5,0.0,21.14,11,27.7,23.3,17.9,16.1,308,-0.5000000000000004,0.8660254037844384,-0.8311706263658079,0.5560174366570446
2015-11-05,27.7,15.9,21.0,0.0,21.466666666666665,11,20.7,28.9,23.3,17.9,309,-0.5000000000000004,0.8660254037844384,-0.8214765533024145,0.5702422926917867
2015-11-06,20.7,14.7,17.1,0.0,21.52,11,20.5,27.7,28.9,23.3,310,-0.5000000000000004,0.8660254037844384,-0.8115390590073611,0.5842981736283683
2015-11-07,20.5,14.9,17.4,0.0,21.57,11,21.1,20.7,27.7,28.9,311,-0.5000000000000004,0.8660254037844384,-0.801361088174677,0.5981809144059158
2015-11-08,21.1,14.1,17.3,0.0,21.490000000000002,11,20.6,20.5,20.7,27.7,312,-0.5000000000000004,0.8660254037844384,-0.7909456567567774,0.6118864012687242
2015-11-09,20.6,15.6,18.0,0.1,21.64,11,20.9,21.1,20.5,20.7,313,-0.5000000000000004,0.8660254037844384,-0.780295851070776,0.6254105729852457
2015-11-10,20.9,14.4,17.3,0.0,21.76,11,19.6,20.6,21.1,20.5,314,-0.5000000000000004,0.8660254037844384,-0.7694148268839381,0.6387494220515268
2015-11-11,19.6,15.4,17.1,0.0,21.843333333333337,11,19.9,20.9,20.6,21.1,315,-0.5000000000000004,0.8660254037844384,-0.7583058084785625,0.6518989958787125
2015-11-12,19.9,13.8,16.6,0.0,21.936666666666667,11,19.0,19.6,20.9,20.6,316,-0.5000000000000004,0.8660254037844384,-0.7469720876965551,0.6648553979642866
2015-11-13,19.0,12.5,16.1,0.9,22.013333333333332,11,17.6,19.9,19.6,20.9,317,-0.5000000000000004,0.8660254037844384,-0.7354170229639858,0.6776147890466887
2015-11-14,17.6,13.7,15.8,0.0,22.063333333333336,11,19.6,19.0,19.9,19.6,318,-0.5000000000000004,0.8660254037844384,-0.7236440382959124,0.690173388242972
2015-11-15,19.6,15.2,16.9,0.0,22.076666666666664,11,23.3,17.6,19.0,19.9,319,-0.5000000000000004,0.8660254037844384,-0.711656622281775,0.7025274741691566
2015-11-16,23.3,13.1,17.7,0.0,22.166666666666668,11,19.9,19.6,17.6,19.0,320,-0.5000000000000004,0.8660254037844384,-0.6994583270516471,0.7146733860429608
2015-11-17,19.9,13.7,16.8,0.4,22.06,11,24.7,23.3,19.6,17.6,321,-0.5000000000000004,0.8660254037844384,-0.6870527672236675,0.7266075247685652
2015-11-18,24.7,13.8,18.7,0.0,22.063333333333336,11,24.5,19.9,23.3,19.6,322,-0.5000000000000004,0.8660254037844384,-0.6744436188329457,0.7383263540031063
2015-11-19,24.5,13.0,18.3,0.4,22.063333333333336,11,16.6,24.7,19.9,23.3,323,-0.5000000000000004,0.8660254037844384,-0.661634618242279,0.749826401204568
2015-11-20,16.6,11.8,14.7,10.5,21.94666666666667,11,16.5,24.5,24.7,19.9,324,-0.5000000000000004,0.8660254037844384,-0.6486295610349818,0.7611042586607742
2015-11-21,16.5,11.9,14.3,9.6,21.70333333333333,11,18.6,16.6,24.5,24.7,325,-0.5000000000000004,0.8660254037844384,-0.6354323008901775,0.7721565844991641
2015-11-22,18.6,12.2,16.0,0.0,21.45,11,23.0,16.5,16.6,24.5,326,-0.5000000000000004,0.8660254037844384,-0.622046748440868,0.7829801036770624
2015-11-23,23.0,15.6,19.0,0.0,21.34333333333333,11,27.1,18.6,16.5,16.6,327,-0.5000000000000004,0.8660254037844384,-0.6084768701151264,0.7935716089521472
2015-11-24,27.1,15.7,20.5,0.0,21.63,11,20.9,23.0,18.6,16.5,328,-0.5000000000000004,0.8660254037844384,-0.594726686960764,0.8039279618328208
2015-11-25,20.9,16.2,18.4,0.0,21.453333333333333,11,19.3,27.1,23.0,18.6,329,-0.5000000000000004,0.8660254037844384,-0.5808002734538013,0.8140460935082175
2015-11-26,19.3,15.5,17.1,1.0,21.066666666666666,11,25.7,20.9,27.1,23.0,330,-0.5000000000000004,0.8660254037844384,-0.5667017562911184,0.8239230057575536
2015-11-27,25.7,14.0,19.2,0.0,21.153333333333332,11,27.0,19.3,20.9,27.1,331,-0.5000000000000004,0.8660254037844384,-0.5524353131676203,0.8335557718385695
2015-11-28,27.0,13.8,20.4,0.0,21.326666666666664,11,27.9,25.7,19.3,20.9,332,-0.5000000000000004,0.8660254037844384,-0.5380051715382992,0.8429415373547832
2015-11-29,27.9,15.8,21.8,0.0,21.54666666666667,11,30.0,27.0,25.7,19.3,333,-0.5000000000000004,0.8660254037844384,-0.5234156073655503,0.8520775211013093
2015-11-30,30.0,16.8,23.3,0.0,21.94666666666667,11,22.4,27.9,27.0,25.7,334,-0.5000000000000004,0.8660254037844384,-0.5086709438521042,0.8609610158889945
2015-12-01,22.4,17.4,19.8,0.2,22.15666666666667,12,23.9,30.0,27.9,27.0,335,-2.4492935982947064e-16,1.0,-0.49377555015997737,0.8695893893466109
2015-12-02,23.9,18.0,21.1,0.0,22.35666666666667,12,25.3,22.4,30.0,27.9,336,-2.4492935982947064e-16,1.0,-0.4787338401157883,0.8779600847008883
2015-12-03,25.3,16.6,21.7,0.0,22.423333333333332,12,26.4,23.9,22.4,30.0,337,-2.4492935982947064e-16,1.0,-0.4635502709028512,0.8860706215341378
2015-12-04,26.4,17.1,21.8,0.0,22.339999999999996,12,28.6,25.3,23.9,22.4,338,-2.4492935982947064e-16,1.0,-0.4482293417404106,0.893918596519257
2015-12-05,28.6,19.0,23.7,0.0,22.37,12,23.7,26.4,25.3,23.9,339,-2.4492935982947064e-16,1.0,-0.4327755925504317,0.9015016841318838
2015-12-06,23.7,17.2,20.4,0.0,22.470000000000002,12,25.4,28.6,26.4,25.3,340,-2.4492935982947064e-16,1.0,-0.41719360261231697,0.9088176373395028
2015-12-07,25.4,18.4,21.5,0.0,22.633333333333333,12,23.9,23.7,28.6,26.4,341,-2.4492935982947064e-16,1.0,-0.4014879892059737,0.9158642882672868
2015-12-08,23.9,18.3,20.8,0.0,22.726666666666667,12,23.2,25.4,23.7,28.6,342,-2.4492935982947064e-16,1.0,-0.38566340624360745,0.9226395488404875
2015-12-09,23.2,17.0,20.1,0.0,22.813333333333333,12,23.7,23.9,25.4,23.7,343,-2.4492935982947064e-16,1.0,-0.3697245428906732,0.9291414114031743
2015-12-10,23.7,16.2,20.2,0.0,22.906666666666663,12,23.1,23.2,23.9,25.4,344,-2.4492935982947064e-16,1.0,-0.3536761221763721,0.935367949313148
2015-12-11,23.1,17.2,20.3,0.0,23.02333333333333,12,20.8,23.7,23.2,23.9,345,-2.4492935982947064e-16,1.0,-0.33752289959411347,0.941317317512847
2015-12-12,20.8,17.0,18.5,13.6,23.053333333333335,12,22.9,23.1,23.7,23.2,346,-2.4492935982947064e-16,1.0,-0.32126966169236515,0.9469877530760751
2015-12-13,22.9,15.5,18.5,0.0,23.183333333333334,12,23.6,20.8,23.1,23.7,347,-2.4492935982947064e-16,1.0,-0.3049212246562894,0.9523775757303973
2015-12-14,23.6,16.0,19.4,0.0,23.383333333333333,12,21.5,22.9,20.8,23.1,348,-2.4492935982947064e-16,1.0,-0.2884824328806098,0.9574851883550389
2015-12-15,21.5,15.2,18.9,0.0,23.44666666666667,12,21.6,23.6,22.9,20.8,349,-2.4492935982947064e-16,1.0,-0.27195815753410524,0.9623090774541487
2015-12-16,21.6,16.7,18.9,2.1,23.389999999999997,12,24.5,21.5,23.6,22.9,350,-2.4492935982947064e-16,1.0,-0.2553532951161881,0.9668478136052773
2015-12-17,24.5,15.0,20.0,0.0,23.543333333333333,12,24.4,21.6,21.5,23.6,351,-2.4492935982947064e-16,1.0,-0.23867276600594997,0.9711000518829505
2015-12-18,24.4,15.8,20.3,0.0,23.533333333333335,12,24.1,24.5,21.6,21.5,352,-2.4492935982947064e-16,1.0,-0.22192151300416674,0.9750645322571945
2015-12-19,24.1,17.4,20.4,0.0,23.519999999999996,12,24.1,24.4,24.5,21.6,353,-2.4492935982947064e-16,1.0,-0.20510449986861926,0.9787400799669153
2015-12-20,24.1,17.6,20.4,0.0,23.77,12,20.7,24.1,24.4,24.5,354,-2.4492935982947064e-16,1.0,-0.1882267098432439,0.9821256058680006
2015-12-21,20.7,17.2,18.7,1.2,23.91,12,23.3,24.1,24.1,24.4,355,-2.4492935982947064e-16,1.0,-0.1712931441814778,0.9852201067560606
2015-12-22,23.3,15.7,19.3,0.0,24.066666666666666,12,23.5,20.7,24.1,24.1,356,-2.4492935982947064e-16,1.0,-0.154308820664281,0.9880226656636976
2015-12-23,23.5,15.7,20.1,0.0,24.083333333333332,12,21.0,23.3,20.7,24.1,357,-2.4492935982947064e-16,1.0,-0.13727877211326517,0.9905324521322227
2015-12-24,21.0,17.6,19.2,3.6,23.88,12,21.6,23.5,23.3,20.7,358,-2.4492935982947064e-16,1.0,-0.12020804489935275,0.9927487224577402
2015-12-25,21.6,16.6,18.8,0.0,23.903333333333332,12,25.0,21.0,23.5,23.3,359,-2.4492935982947064e-16,1.0,-0.10310169744743544,0.9946708199115211
2015-12-26,25.0,16.2,20.1,0.0,24.09333333333333,12,25.2,21.6,21.0,23.5,360,-2.4492935982947064e-16,1.0,-0.0859647987374467,0.9962981749346077
2015-12-27,25.2,16.9,20.9,0.0,24.076666666666668,12,25.0,25.0,21.6,21.0,361,-2.4492935982947064e-16,1.0,-0.06880242680232064,0.9976303053065857
2015-12-28,25.0,18.2,21.6,0.0,24.01,12,30.3,25.2,25.0,21.6,362,-2.4492935982947064e-16,1.0,-0.05161966722325418,0.9986668162884759
2015-12-29,30.3,19.1,24.6,0.0,24.09,12,32.0,25.0,25.2,25.0,363,-2.4492935982947064e-16,1.0,-0.034421611622745804,0.9994074007397048
2015-12-30,32.0,19.3,25.4,0.0,24.15666666666667,12,28.2,30.3,25.0,25.2,364,-2.4492935982947064e-16,1.0,-0.01721335615583528,0.9998518392091162
2015-12-31,28.2,21.4,24.1,0.0,24.35,12,26.8,32.0,30.3,25.0,365,-2.4492935982947064e-16,1.0,6.432490598706546e-16,1.0
2016-01-01,26.8,20.0,23.1,0.0,24.446666666666665,1,28.1,28.2,32.0,30.3,1,0.49999999999999994,0.8660254037844387,0.017213356155834685,0.9998518392091162
2016-01-02,28.1,20.1,23.7,0.0,24.540000000000003,1,28.7,26.8,28.2,32.0,2,0.49999999999999994,0.8660254037844387,0.03442161162274574,0.9994074007397048
2016-01-03,28.7,19.8,24.1,0.0,24.61666666666667,1,31.1,28.1,26.8,28.2,3,0.49999999999999994,0.8660254037844387,0.051619667223253764,0.998666816288476
2016-01-04,31.1,20.1,25.3,0.0,24.7,1,29.5,28.7,28.1,26.8,4,0.49999999999999994,0.8660254037844387,0.06880242680231986,0.9976303053065857
2016-01-05,29.5,21.1,24.4,0.0,24.89333333333333,1,26.2,31.1,28.7,28.1,5,0.49999999999999994,0.8660254037844387,0.08596479873744647,0.9962981749346078
2016-01-06,26.2,18.9,21.9,0.1,24.92,1,21.3,29.5,31.1,28.7,6,0.49999999999999994,0.8660254037844387,0.10310169744743485,0.9946708199115211
2016-01-07,21.3,17.7,19.2,0.1,24.833333333333332,1,25.8,26.2,29.5,31.1,7,0.49999999999999994,0.8660254037844387,0.1202080448993527,0.9927487224577402
2016-01-08,25.8,17.6,21.1,0.0,24.92,1,27.7,21.3,26.2,29.5,8,0.49999999999999994,0.8660254037844387,0.13727877211326478,0.9905324521322229
2016-01-09,27.7,18.0,22.0,0.0,25.053333333333335,1,29.1,25.8,21.3,26.2,9,0.49999999999999994,0.8660254037844387,0.15430882066428117,0.9880226656636976
2016-01-10,29.1,18.5,23.3,0.0,25.253333333333334,1,30.6,27.7,25.8,21.3,10,0.49999999999999994,0.8660254037844387,0.1712931441814776,0.9852201067560606
2016-01-11,30.6,20.1,24.7,0.0,25.58,1,30.3,29.1,27.7,25.8,11,0.49999999999999994,0.8660254037844387,0.1882267098432442,0.9821256058680006
2016-01-12,30.3,20.9,25.1,0.0,25.826666666666664,1,26.8,30.6,29.1,27.7,12,0.49999999999999994,0.8660254037844387,0.2051044998686192,0.9787400799669153
2016-01-13,26.8,20.8,23.2,0.0,25.933333333333334,1,24.1,30.3,30.6,29.1,13,0.49999999999999994,0.8660254037844387,0.2219215130041655,0.9750645322571948
2016-01-14,24.1,19.5,21.7,0.0,26.02,1,29.9,26.8,30.3,30.6,14,0.49999999999999994,0.8660254037844387,0.2386727660059501,0.9711000518829505
2016-01-15,29.9,19.7,23.7,0.0,26.29666666666667,1,31.9,24.1,26.8,30.3,15,0.49999999999999994,0.8660254037844387,0.255353295116187,0.9668478136052775
2016-01-16,31.9,19.0,24.8,0.0,26.543333333333337,1,32.9,29.9,24.1,26.8,16,0.49999999999999994,0.8660254037844387,0.2719581575341055,0.9623090774541486
2016-01-17,32.9,20.9,26.8,0.0,26.826666666666664,1,29.9,31.9,29.9,24.1,17,0.49999999999999994,0.8660254037844387,0.288482432880609,0.9574851883550393
2016-01-18,29.9,22.4,26.4,0.2,27.02,1,32.6,32.9,31.9,29.9,18,0.49999999999999994,0.8660254037844387,0.30492122465628907,0.9523775757303974
2016-01-19,32.6,20.9,26.3,0.0,27.303333333333335,1,31.2,29.9,32.9,31.9,19,0.49999999999999994,0.8660254037844387,0.3212696616923644,0.9469877530760753
2016-01-20,31.2,20.6,25.6,0.1,27.653333333333332,1,31.0,32.6,29.9,32.9,20,0.49999999999999994,0.8660254037844387,0.3375228995941133,0.9413173175128471
2016-01-21,31.0,21.8,25.6,0.0,27.910000000000004,1,27.6,31.2,32.6,29.9,21,0.49999999999999994,0.8660254037844387,0.3536761221763716,0.9353679493131483
2016-01-22,27.6,21.7,24.3,0.0,28.04666666666667,1,28.4,31.0,31.2,32.6,22,0.49999999999999994,0.8660254037844387,0.3697245428906731,0.9291414114031743
2016-01-23,28.4,21.0,24.0,0.0,28.293333333333337,1,24.3,27.6,31.0,31.2,23,0.49999999999999994,0.8660254037844387,0.38566340624360707,0.9226395488404876
2016-01-24,24.3,20.2,22.0,0.8,28.383333333333333,1,22.3,28.4,27.6,31.0,24,0.49999999999999994,0.8660254037844387,0.401487989205973,0.9158642882672872
2016-01-25,22.3,19.0,20.4,13.4,28.293333333333337,1,23.2,24.3,28.4,27.6,25,0.49999999999999994,0.8660254037844387,0.4171936026123168,0.9088176373395029
2016-01-26,23.2,17.9,20.7,0.2,28.226666666666667,1,23.1,22.3,24.3,28.4,26,0.49999999999999994,0.8660254037844387,0.4327755925504312,0.901501684131884
2016-01-27,23.1,17.2,20.0,0.5,28.163333333333334,1,24.5,23.2,22.3,24.3,27,0.49999999999999994,0.8660254037844387,0.4482293417404106,0.893918596519257
2016-01-28,24.5,17.4,21.0,0.0,27.970000000000002,1,28.1,23.1,23.2,22.3,28,0.49999999999999994,0.8660254037844387,0.4635502709028509,0.886070621534138
2016-01-29,28.1,19.1,23.0,0.0,27.84,1,27.9,24.5,23.1,23.2,29,0.49999999999999994,0.8660254037844387,0.47873384011578846,0.8779600847008882
2016-01-30,27.9,19.5,23.4,0.0,27.83,1,32.3,28.1,24.5,23.1,30,0.49999999999999994,0.8660254037844387,0.49377555015997715,0.869589389346611
2016-01-31,32.3,20.9,26.4,0.0,28.013333333333332,1,25.8,27.9,28.1,24.5,31,0.49999999999999994,0.8660254037844387,0.5086709438521044,0.8609610158889943
2016-02-01,25.8,20.1,23.2,0.0,27.936666666666667,2,24.9,32.3,27.9,28.1,32,0.8660254037844386,0.5000000000000001,0.5234156073655503,0.8520775211013093
2016-02-02,24.9,20.2,22.1,0.0,27.81,2,22.9,25.8,32.3,27.9,33,0.8660254037844386,0.5000000000000001,0.5380051715382996,0.8429415373547828
2016-02-03,22.9,19.7,20.5,0.7,27.53666666666667,2,29.0,24.9,25.8,32.3,34,0.8660254037844386,0.5000000000000001,0.5524353131676196,0.8335557718385699
2016-02-04,29.0,18.3,23.2,0.0,27.52,2,31.0,22.9,24.9,25.8,35,0.8660254037844386,0.5000000000000001,0.5667017562911176,0.8239230057575542
2016-02-05,31.0,18.3,25.1,0.0,27.68,2,25.4,29.0,22.9,24.9,36,0.8660254037844386,0.5000000000000001,0.5808002734538009,0.8140460935082178
2016-02-06,25.4,18.9,22.6,0.0,27.816666666666666,2,24.7,31.0,29.0,22.9,37,0.8660254037844386,0.5000000000000001,0.5947266869607634,0.8039279618328213
2016-02-07,24.7,19.8,21.7,0.0,27.779999999999998,2,29.9,25.4,31.0,29.0,38,0.8660254037844386,0.5000000000000001,0.6084768701151261,0.7935716089521474
2016-02-08,29.9,19.4,23.8,0.0,27.853333333333335,2,31.8,24.7,25.4,31.0,39,0.8660254037844386,0.5000000000000001,0.6220467484408675,0.7829801036770629
2016-02-09,31.8,18.6,25.5,0.0,27.94333333333333,2,29.3,29.9,24.7,25.4,40,0.8660254037844386,0.5000000000000001,0.6354323008901774,0.7721565844991642
2016-02-10,29.3,19.1,23.7,0.0,27.9,2,24.4,31.8,29.9,24.7,41,0.8660254037844386,0.5000000000000001,0.6486295610349814,0.7611042586607747
2016-02-11,24.4,18.6,21.1,0.0,27.703333333333333,2,25.5,29.3,31.8,29.9,42,0.8660254037844386,0.5000000000000001,0.6616346182422783,0.7498264012045686
2016-02-12,25.5,18.8,21.7,0.0,27.66,2,24.0,24.4,29.3,31.8,43,0.8660254037844386,0.5000000000000001,0.6744436188329455,0.7383263540031065
2016-02-13,24.0,18.6,21.0,1.3,27.656666666666663,2,21.8,25.5,24.4,29.3,44,0.8660254037844386,0.5000000000000001,0.6870527672236669,0.7266075247685656
2016-02-14,21.8,16.8,19.3,2.3,27.386666666666663,2,22.1,24.0,25.5,24.4,45,0.8660254037844386,0.5000000000000001,0.699458327051647,0.7146733860429609
2016-02-15,22.1,17.2,19.5,0.0,27.06,2,25.6,21.8,24.0,25.5,46,0.8660254037844386,0.5000000000000001,0.7116566222817746,0.7025274741691571
2016-02-16,25.6,18.1,21.5,0.0,26.816666666666666,2,31.6,22.1,21.8,24.0,47,0.8660254037844386,0.5000000000000001,0.7236440382959124,0.6901733882429719
2016-02-17,31.6,19.1,24.5,0.0,26.873333333333335,2,23.4,25.6,22.1,21.8,48,0.8660254037844386,0.5000000000000001,0.7354170229639855,0.6776147890466889
2016-02-18,23.4,17.7,20.7,0.0,26.566666666666666,2,22.0,31.6,25.6,22.1,49,0.8660254037844386,0.5000000000000001,0.7469720876965552,0.6648553979642865
2016-02-19,22.0,16.2,19.0,9.7,26.259999999999998,2,22.7,23.4,31.6,25.6,50,0.8660254037844386,0.5000000000000001,0.7583058084785624,0.6518989958787126
2016-02-20,22.7,15.0,18.8,0.0,25.983333333333334,2,22.1,22.0,23.4,31.6,51,0.8660254037844386,0.5000000000000001,0.7694148268839378,0.6387494220515272
2016-02-21,22.1,17.7,19.7,0.0,25.8,2,23.3,22.7,22.0,23.4,52,0.8660254037844386,0.5000000000000001,0.7802958510707755,0.6254105729852463
2016-02-22,23.3,17.0,19.6,0.0,25.63,2,23.6,22.1,22.7,22.0,53,0.8660254037844386,0.5000000000000001,0.7909456567567772,0.6118864012687243
2016-02-23,23.6,16.9,19.6,0.0,25.60666666666667,2,23.0,23.3,22.1,22.7,54,0.8660254037844386,0.5000000000000001,0.8013610881746766,0.5981809144059165
2016-02-24,23.0,15.7,19.5,0.0,25.63,2,23.5,23.6,23.3,22.1,55,0.8660254037844386,0.5000000000000001,0.8115390590073611,0.5842981736283684
2016-02-25,23.5,16.9,20.0,0.0,25.64,2,21.5,23.0,23.6,23.3,56,0.8660254037844386,0.5000000000000001,0.8214765533024142,0.5702422926917871
2016-02-26,21.5,17.2,19.1,3.9,25.586666666666666,2,23.2,23.5,23.0,23.6,57,0.8660254037844386,0.5000000000000001,0.8311706263658079,0.5560174366570446
2016-02-27,23.2,16.0,19.1,0.0,25.543333333333333,2,27.4,21.5,23.5,23.0,58,0.8660254037844386,0.5000000000000001,0.8406184056344782,0.5416278206559814
2016-02-28,27.4,16.8,21.6,0.0,25.519999999999996,2,27.6,23.2,21.5,23.5,59,0.8660254037844386,0.5000000000000001,0.8498170915275278,0.5270777086423722
2016-02-29,27.6,17.3,21.5,0.0,25.509999999999998,2,22.9,27.4,23.2,21.5,60,0.8660254037844386,0.5000000000000001,0.8587639582758029,0.5123714121284237
2016-03-01,22.9,17.1,19.6,0.0,25.19666666666667,3,24.4,27.6,27.4,23.2,61,1.0,6.123233995736766e-17,0.8674563547295969,0.49751328890718066
2016-03-02,24.4,18.2,21.0,0.0,25.15,3,26.6,22.9,27.6,27.4,62,1.0,6.123233995736766e-17,0.8758917051442429,0.48250774176121847
2016-03-03,26.6,18.8,22.4,0.0,25.206666666666667,3,28.7,24.4,22.9,27.6,63,1.0,6.123233995736766e-17,0.8840675099433636,0.4673592171580022
2016-03-04,28.7,19.0,23.7,0.0,25.4,3,28.9,26.6,24.4,22.9,64,1.0,6.123233995736766e-17,0.8919813464595485,0.45207220393230435
2016-03-05,28.9,19.5,22.1,0.1,25.396666666666665,3,25.1,28.7,26.6,24.4,65,1.0,6.123233995736766e-17,0.8996308696522433,0.43665123195606403
2016-03-06,25.1,19.1,21.4,0.9,25.2,3,20.8,28.9,28.7,26.6,66,1.0,6.123233995736766e-17,0.9070138128026359,0.4211008707960896
2016-03-07,20.8,18.1,19.2,0.2,25.04666666666667,3,22.7,25.1,28.9,28.7,67,1.0,6.123233995736766e-17,0.9141279881853337,0.40542572835999735
2016-03-08,22.7,16.8,19.4,0.0,24.98,3,24.2,20.8,25.1,28.9,68,1.0,6.123233995736766e-17,0.9209712877166346,0.38963044953078796
2016-03-09,24.2,14.4,19.5,0.0,24.790000000000003,3,23.6,22.7,20.8,25.1,69,1.0,6.123233995736766e-17,0.9275416835791966,0.37371971479046906
2016-03-10,23.6,17.6,19.9,0.0,24.516666666666666,3,27.9,24.2,22.7,20.8,70,1.0,6.123233995736766e-17,0.9338372288229252,0.35769823883312546
2016-03-11,27.9,18.3,22.1,0.0,24.470000000000002,3,25.8,23.6,24.2,22.7,71,1.0,6.123233995736766e-17,0.9398560579418954,0.3415707691678556
2016-03-12,25.8,16.7,21.0,0.3,24.516666666666666,3,20.2,27.9,23.6,24.2,72,1.0,6.123233995736766e-17,0.9455963874271426,0.3253420847119801
2016-03-13,20.2,17.6,18.9,0.4,24.34,3,27.4,25.8,27.9,23.6,73,1.0,6.123233995736766e-17,0.9510565162951535,0.30901699437494745
2016-03-14,27.4,15.7,20.9,0.0,24.453333333333333,3,23.8,20.2,25.8,27.9,74,1.0,6.123233995736766e-17,0.9562348265919056,0.29260033563334836
2016-03-15,23.8,16.8,20.0,0.0,24.52,3,28.5,27.4,20.2,25.8,75,1.0,6.123233995736766e-17,0.9611297838723007,0.27609697309746883
2016-03-16,28.5,18.5,22.5,0.0,24.733333333333334,3,23.2,23.8,27.4,20.2,76,1.0,6.123233995736766e-17,0.9657399376548549,0.2595117970697999
2016-03-17,23.2,17.7,20.2,0.0,24.653333333333332,3,22.1,28.5,23.8,27.4,77,1.0,6.123233995736766e-17,0.9700639218515071,0.2428497220959356
2016-03-18,22.1,15.8,18.9,2.1,24.336666666666666,3,20.6,23.2,28.5,23.8,78,1.0,6.123233995736766e-17,0.9741004551724205,0.22611568550828828
2016-03-19,20.6,16.5,18.3,2.0,24.243333333333332,3,20.0,22.1,23.2,28.5,79,1.0,6.123233995736766e-17,0.9778483415056568,0.20931464596304847
2016-03-20,20.0,14.5,17.2,0.0,24.176666666666666,3,20.6,20.6,22.1,23.2,80,1.0,6.123233995736766e-17,0.9813064702716093,0.19245158197082998
2016-03-21,20.6,15.1,17.6,0.0,24.106666666666666,3,24.1,20.0,20.6,22.1,81,1.0,6.123233995736766e-17,0.9844738167520922,0.1755314904214282
2016-03-22,24.1,14.3,18.7,0.0,24.173333333333332,3,21.4,20.6,20.0,20.6,82,1.0,6.123233995736766e-17,0.9873494423939864,0.15855938510313475
2016-03-23,21.4,15.9,18.2,0.0,24.11,3,23.7,24.1,20.6,20.0,83,1.0,6.123233995736766e-17,0.989932495087353,0.141540295217043
2016-03-24,23.7,16.7,19.7,0.0,24.113333333333333,3,24.9,21.4,24.1,20.6,84,1.0,6.123233995736766e-17,0.9922222094179323,0.12447926388678915
2016-03-25,24.9,17.0,20.3,0.6,24.176666666666666,3,19.6,23.7,21.4,24.1,85,1.0,6.123233995736766e-17,0.994217906893952,0.10738134666416309
2016-03-26,19.6,15.0,17.4,20.2,24.046666666666667,3,18.2,24.9,23.7,21.4,86,1.0,6.123233995736766e-17,0.995918996147179,0.09025161003104117
2016-03-27,18.2,13.5,15.9,7.0,23.936666666666664,3,19.3,19.6,24.9,23.7,87,1.0,6.123233995736766e-17,0.9973249731081555,0.07309512989807777
2016-03-28,19.3,13.2,16.1,0.0,23.80666666666667,3,20.5,18.2,19.6,24.9,88,1.0,6.123233995736766e-17,0.9984354211555643,0.055916990100603484
2016-03-29,20.5,11.1,16.2,1.5,23.576666666666664,3,19.6,19.3,18.2,19.6,89,1.0,6.123233995736766e-17,0.9992500112396835,0.03872228089217446
2016-03-30,19.6,15.3,17.1,8.5,23.310000000000002,3,18.8,20.5,19.3,18.2,90,1.0,6.123233995736766e-17,0.9997685019798909,0.021516097436222254
2016-03-31,18.8,14.0,16.1,0.8,23.173333333333336,3,18.7,19.6,20.5,19.3,91,1.0,6.123233995736766e-17,0.9999907397361901,0.004303538296244289
2016-04-01,18.7,12.1,15.5,2.8,22.983333333333334,4,18.7,18.8,19.6,20.5,92,0.8660254037844387,-0.4999999999999998,0.9999166586547379,-0.01291029607500882
2016-04-02,18.7,13.5,16.3,1.2,22.720000000000002,4,21.8,18.7,18.8,19.6,93,0.8660254037844387,-0.4999999999999998,0.9995462806873573,-0.030120304846908114
2016-04-03,21.8,11.8,17.0,0.0,22.490000000000002,4,20.0,18.7,18.7,18.8,94,0.8660254037844387,-0.4999999999999998,0.9988797155850336,-0.04732138832243185
2016-04-04,20.0,14.9,17.1,0.0,22.193333333333335,4,20.3,21.8,18.7,18.7,95,0.8660254037844387,-0.4999999999999998,0.9979171608653922,-0.06450844944931623
2016-04-05,20.3,14.7,17.3,0.0,22.033333333333335,4,23.9,20.0,21.8,18.7,96,0.8660254037844387,-0.4999999999999998,0.9966589017541702,-0.08167639533042241
2016-04-06,23.9,15.3,18.7,0.0,22.136666666666667,4,26.4,20.3,20.0,21.8,97,0.8660254037844387,-0.4999999999999998,0.9951053111006976,-0.09882013873287143
2016-04-07,26.4,13.6,19.5,0.0,22.259999999999998,4,26.5,23.9,20.3,20.0,98,0.8660254037844387,-0.4999999999999998,0.9932568492674143,-0.11593459959550041
2016-04-08,26.5,14.5,20.6,0.0,22.336666666666662,4,27.1,26.4,23.9,20.3,99,0.8660254037844387,-0.4999999999999998,0.9911140639934547,-0.1330147065341959
2016-04-09,27.1,15.7,21.2,0.0,22.453333333333333,4,27.0,26.5,26.4,23.9,100,0.8660254037844387,-0.4999999999999998,0.9886775902323405,-0.1500553983446526
2016-04-10,27.0,16.3,21.6,0.0,22.423333333333332,4,21.5,27.1,26.5,26.4,101,0.8660254037844387,-0.4999999999999998,0.9859481499638304,-0.16705162550211924
2016-04-11,21.5,15.7,18.4,0.0,22.279999999999998,4,20.9,27.0,27.1,26.5,102,0.8660254037844387,-0.4999999999999998,0.9829265519799822,-0.18399835165768005
2016-04-12,20.9,15.4,17.8,0.0,22.30333333333333,4,20.5,21.5,27.0,27.1,103,0.8660254037844387,-0.4999999999999998,0.9796136916454901,-0.20089055513063506
2016-04-13,20.5,14.4,17.0,0.0,22.073333333333334,4,20.5,20.9,21.5,27.0,104,0.8660254037844387,-0.4999999999999998,0.9760105506323683,-0.21772323039653177
2016-04-14,20.5,13.9,16.7,0.0,21.963333333333335,4,22.1,20.5,20.9,21.5,105,0.8660254037844387,-0.4999999999999998,0.9721181966290613,-0.23449138957040985
2016-04-15,22.1,13.9,17.3,0.0,21.75,4,21.5,20.5,20.5,20.9,106,0.8660254037844387,-0.4999999999999998,0.9679377830240642,-0.25119006388481935
2016-04-16,21.5,12.5,17.3,0.0,21.69333333333333,4,25.9,22.1,20.5,20.5,107,0.8660254037844387,-0.4999999999999998,0.9634705485641488,-0.2678143051621742
2016-04-17,25.9,16.6,20.1,0.0,21.819999999999997,4,26.5,21.5,22.1,20.5,108,0.8660254037844387,-0.4999999999999998,0.9587178169872964,-0.2843591872810034
2016-04-18,26.5,16.4,20.5,0.0,22.016666666666666,4,25.4,25.9,21.5,22.1,109,0.8660254037844387,-0.4999999999999998,0.9536809966304457,-0.30081980763566735
2016-04-19,25.4,17.6,19.8,0.3,22.19666666666667,4,20.6,26.5,25.9,21.5,110,0.8660254037844387,-0.4999999999999998,0.9483615800121715,-0.3171912885891061
2016-04-20,20.6,15.5,17.9,1.9,22.19666666666667,4,17.8,25.4,26.5,25.9,111,0.8660254037844387,-0.4999999999999998,0.9427611433904207,-0.3334687789181868
2016-04-21,17.8,16.0,16.5,30.5,21.986666666666668,4,19.4,20.6,25.4,26.5,112,0.8660254037844387,-0.4999999999999998,0.9368813462954315,-0.3496474552512284
2016-04-22,19.4,14.7,16.8,32.6,21.92,4,17.6,17.8,20.6,25.4,113,0.8660254037844387,-0.4999999999999998,0.9307239310379795,-0.36572252349726897
2016-04-23,17.6,12.2,14.9,0.4,21.716666666666665,4,18.1,19.4,17.8,20.6,114,0.8660254037844387,-0.4999999999999998,0.9242907221930933,-0.3816892202666588
2016-04-24,18.1,12.1,14.8,0.0,21.490000000000002,4,18.1,17.6,19.4,17.8,115,0.8660254037844387,-0.4999999999999998,0.9175836260593937,-0.39754281428255595
2016-04-25,18.1,14.0,15.8,1.9,21.44,4,17.2,18.1,17.6,19.4,116,0.8660254037844387,-0.4999999999999998,0.9106046300942162,-0.4132786077829042
2016-04-26,17.2,11.6,14.2,0.0,21.406666666666663,4,18.5,18.1,18.1,17.6,117,0.8660254037844387,-0.4999999999999998,0.9033558023246845,-0.4288919379124835
2016-04-27,18.5,10.8,15.4,0.0,21.38,4,18.8,17.2,18.1,18.1,118,0.8660254037844387,-0.4999999999999998,0.895839290734909,-0.4443781781046132
2016-04-28,18.8,14.4,16.4,4.7,21.323333333333334,4,16.9,18.5,17.2,18.1,119,0.8660254037844387,-0.4999999999999998,0.8880573226294932,-0.45973273945210397
2016-04-29,16.9,13.0,15.3,17.2,21.233333333333334,4,16.6,18.8,18.5,17.2,120,0.8660254037844387,-0.4999999999999998,0.8800122039735357,-0.47495107206704995
2016-04-30,16.6,12.1,13.9,0.0,21.160000000000004,4,16.6,16.9,18.8,18.5,121,0.8660254037844387,-0.4999999999999998,0.8717063187093218,-0.4900286664290592
2016-05-01,16.6,10.0,13.8,0.0,21.089999999999996,5,17.5,16.6,16.9,18.8,122,0.49999999999999994,-0.8660254037844387,0.8631421280499114,-0.5049610547215204
2016-05-02,17.5,13.9,15.5,0.0,21.05,5,19.3,16.6,16.6,16.9,123,0.49999999999999994,-0.8660254037844387,0.854322169749827,-0.5197438121555155
2016-05-03,19.3,13.7,16.0,0.0,20.966666666666665,5,22.5,17.5,16.6,16.6,124,0.49999999999999994,-0.8660254037844387,0.8452490573530633,-0.5343725582809786
2016-05-04,22.5,12.2,17.1,0.0,21.05,5,23.2,19.3,17.5,16.6,125,0.49999999999999994,-0.8660254037844387,0.8359254794186372,-0.548842958284719
2016-05-05,23.2,12.5,17.1,0.0,21.146666666666665,5,20.3,22.5,19.3,17.5,126,0.49999999999999994,-0.8660254037844387,0.8263541987239096,-0.5631507242749186
2016-05-06,20.3,16.0,17.6,0.0,21.026666666666667,5,21.2,23.2,22.5,19.3,127,0.49999999999999994,-0.8660254037844387,0.8165380514459161,-0.5772916165517272
2016-05-07,21.2,16.3,17.9,0.0,20.853333333333335,5,23.4,20.3,23.2,22.5,128,0.49999999999999994,-0.8660254037844387,0.8064799463209448,-0.5912614448635781
2016-05-08,23.4,15.3,18.6,2.8,20.75,5,18.0,21.2,20.3,23.2,129,0.49999999999999994,-0.8660254037844387,0.7961828637826158,-0.6050560696488488
2016-05-09,18.0,14.5,15.8,1.0,20.44666666666667,5,18.8,23.4,21.2,20.3,130,0.49999999999999994,-0.8660254037844387,0.7856498550787147,-0.6186714032625031
2016-05-10,18.8,13.1,15.2,0.0,20.173333333333336,5,18.4,18.0,23.4,21.2,131,0.49999999999999994,-0.8660254037844387,0.7748840413670407,-0.6321034111873487
2016-05-11,18.4,11.9,14.8,0.0,20.07,5,18.4,18.8,18.0,23.4,132,0.49999999999999994,-0.8660254037844387,0.7638886127905428,-0.6453481132295501
2016-05-12,18.4,12.5,15.4,0.2,19.986666666666668,5,18.3,18.4,18.8,18.0,133,0.49999999999999994,-0.8660254037844387,0.7526668275320085,-0.6584015846980488
2016-05-13,18.3,12.5,15.2,0.6,19.913333333333334,5,17.9,18.4,18.4,18.8,134,0.49999999999999994,-0.8660254037844387,0.7412220108485958,-0.6712599575675313
2016-05-14,17.9,11.8,14.3,0.0,19.826666666666668,5,18.6,18.3,18.4,18.4,135,0.49999999999999994,-0.8660254037844387,0.7295575540864875,-0.6839194216246106
2016-05-15,18.6,11.2,14.2,0.0,19.71,5,21.8,17.9,18.3,18.4,136,0.49999999999999994,-0.8660254037844387,0.717676913675962,-0.6963762255968722
2016-05-16,21.8,13.2,16.6,0.0,19.720000000000002,5,25.5,18.6,17.9,18.3,137,0.49999999999999994,-0.8660254037844387,0.705583610107178,-0.7086266782644596
2016-05-17,25.5,12.7,18.2,0.0,19.706666666666667,5,17.8,21.8,18.6,17.9,138,0.49999999999999994,-0.8660254037844387,0.6932812268869777,-0.7206671495538609
2016-05-18,17.8,14.5,15.9,7.4,19.41666666666667,5,16.1,25.5,21.8,18.6,139,0.49999999999999994,-0.8660254037844387,0.6807734094770161,-0.7324940716135789
2016-05-19,16.1,12.9,14.6,1.1,19.106666666666666,5,19.8,17.8,25.5,21.8,140,0.49999999999999994,-0.8660254037844387,0.6680638642135335,-0.7441039398713607
2016-05-20,19.8,11.2,14.6,0.0,19.08,5,17.8,16.1,17.8,25.5,141,0.49999999999999994,-0.8660254037844387,0.6551563572090853,-0.7554933140726803
2016-05-21,17.8,12.1,14.7,0.0,19.08,5,19.9,19.8,16.1,17.8,142,0.49999999999999994,-0.8660254037844387,0.6420547132365637,-0.766658819300159
2016-05-22,19.9,10.6,14.7,0.0,19.096666666666668,5,17.6,17.8,19.8,16.1,143,0.49999999999999994,-0.8660254037844387,0.6287628145958344,-0.7775971469736269
2016-05-23,17.6,12.5,14.4,10.2,19.096666666666668,5,17.0,19.9,17.8,19.8,144,0.49999999999999994,-0.8660254037844387,0.6152845999633276,-0.7883050558305255
2016-05-24,17.0,12.2,14.5,2.0,19.06,5,17.2,17.6,19.9,17.8,145,0.49999999999999994,-0.8660254037844387,0.6016240632249226,-0.7987793728863649
2016-05-25,17.2,9.6,13.2,0.0,19.029999999999998,5,19.1,17.0,17.6,19.9,146,0.49999999999999994,-0.8660254037844387,0.5877852522924732,-0.8090169943749473
2016-05-26,19.1,9.9,14.0,0.0,19.093333333333337,5,18.8,17.2,17.0,17.6,147,0.49999999999999994,-0.8660254037844387,0.5737722679043246,-0.8190148866680801
2016-05-27,18.8,11.1,14.5,0.0,19.103333333333335,5,19.5,19.1,17.2,17.0,148,0.49999999999999994,-0.8660254037844387,0.5595892624101765,-0.8287700871745038
2016-05-28,19.5,11.0,14.9,0.0,19.126666666666665,5,17.5,18.8,19.1,17.2,149,0.49999999999999994,-0.8660254037844387,0.545240438540651,-0.8382797052177744
2016-05-29,17.5,10.5,14.2,0.0,19.146666666666665,5,18.4,19.5,18.8,19.1,150,0.49999999999999994,-0.8660254037844387,0.5307300481619334,-0.8475409228928311
2016-05-30,18.4,10.6,14.0,0.0,19.206666666666663,5,22.3,17.5,19.5,18.8,151,0.49999999999999994,-0.8660254037844387,0.5160623910158528,-0.8565509959010036
2016-05-31,22.3,11.6,15.4,0.0,19.39666666666667,5,18.0,18.4,17.5,19.5,152,0.49999999999999994,-0.8660254037844387,0.5012418134457758,-0.865307254363206
2016-06-01,18.0,13.6,15.1,4.9,19.413333333333338,6,16.8,22.3,18.4,17.5,153,1.2246467991473532e-16,-1.0,0.48627270710868997,-0.8738071036110808
2016-06-02,16.8,13.6,14.9,0.0,19.33,6,16.1,18.0,22.3,18.4,154,1.2246467991473532e-16,-1.0,0.4711595076738638,-0.8820480249558537
2016-06-03,16.1,13.5,14.4,0.0,19.116666666666667,6,16.8,16.8,18.0,22.3,155,1.2246467991473532e-16,-1.0,0.4559066935084588,-0.8900275764346767
2016-06-04,16.8,12.6,14.1,0.0,18.903333333333332,6,18.4,16.1,16.8,18.0,156,1.2246467991473532e-16,-1.0,0.440518784350495,-0.8977433935342337
2016-06-05,18.4,10.3,13.8,0.0,18.839999999999996,6,19.4,16.8,16.1,16.8,157,1.2246467991473532e-16,-1.0,0.42500033996955416,-0.9051931898913974
2016-06-06,19.4,7.5,13.5,0.0,18.780000000000005,6,22.9,18.4,16.8,16.1,158,1.2246467991473532e-16,-1.0,0.4093559588156213,-0.9123747579707273
2016-06-07,22.9,10.9,16.0,0.0,18.763333333333332,6,24.1,19.4,18.4,16.8,159,1.2246467991473532e-16,-1.0,0.39359027665646673,-0.9192859697186104
2016-06-08,24.1,12.6,17.9,0.0,18.966666666666665,6,18.5,22.9,19.4,18.4,160,1.2246467991473532e-16,-1.0,0.3777079652039649,-0.9259247771938498
2016-06-09,18.5,12.8,15.3,4.0,18.956666666666667,6,14.7,24.1,22.9,19.4,161,1.2246467991473532e-16,-1.0,0.36171373072976765,-0.9322892131745133
2016-06-10,14.7,11.7,13.4,27.0,18.833333333333332,6,16.2,18.5,24.1,22.9,162,1.2246467991473532e-16,-1.0,0.3456123126707335,-0.9383773917408641
2016-06-11,16.2,10.7,13.0,0.0,18.76,6,17.1,14.7,18.5,24.1,163,1.2246467991473532e-16,-1.0,0.3294084822245304,-0.9441875088341993
2016-06-12,17.1,9.3,12.5,0.0,18.720000000000002,6,16.9,16.2,14.7,18.5,164,1.2246467991473532e-16,-1.0,0.3131070409358269,-0.9497178427914316
2016-06-13,16.9,8.8,13.0,6.9,18.686666666666667,6,14.4,17.1,16.2,14.7,165,1.2246467991473532e-16,-1.0,0.29671281927349075,-0.9549667548552551
2016-06-14,14.4,12.6,13.5,30.8,18.546666666666667,6,15.8,16.9,17.1,16.2,166,1.2246467991473532e-16,-1.0,0.28023067519921585,-0.9599326896597447
2016-06-15,15.8,12.8,14.6,27.3,18.346666666666668,6,14.7,14.4,16.9,17.1,167,1.2246467991473532e-16,-1.0,0.26366549272800704,-0.9646141756912435
2016-06-16,14.7,10.5,12.7,0.9,17.986666666666668,6,15.5,15.8,14.4,16.9,168,1.2246467991473532e-16,-1.0,0.24702218048093552,-0.9690098257244062
2016-06-17,15.5,9.3,12.1,0.0,17.91,6,15.8,14.7,15.8,14.4,169,1.2246467991473532e-16,-1.0,0.23030567023061221,-0.9731183372332619
2016-06-18,15.8,8.6,12.1,0.4,17.9,6,12.9,15.5,14.7,15.8,170,1.2246467991473532e-16,-1.0,0.21352091543979612,-0.9769384927771817
2016-06-19,12.9,11.7,12.3,28.7,17.67,6,13.5,15.8,15.5,14.7,171,1.2246467991473532e-16,-1.0,0.19667288979357647,-0.980469160361632
2016-06-20,13.5,9.4,11.7,4.9,17.526666666666667,6,14.3,12.9,15.8,15.5,172,1.2246467991473532e-16,-1.0,0.1797665857255624,-0.9837092937736097
2016-06-21,14.3,6.4,10.8,0.0,17.339999999999996,6,17.1,13.5,12.9,15.8,173,1.2246467991473532e-16,-1.0,0.16280701293851715,-0.986657932891657
2016-06-22,17.1,6.4,10.8,0.0,17.323333333333334,6,20.8,14.3,13.5,12.9,174,1.2246467991473532e-16,-1.0,0.1457991969198751,-0.9893142039703663
2016-06-23,20.8,6.5,12.9,0.0,17.45,6,16.0,17.1,14.3,13.5,175,1.2246467991473532e-16,-1.0,0.12874817745258132,-0.99167731989929
2016-06-24,16.0,9.5,12.8,0.0,17.41,6,15.4,20.8,17.1,14.3,176,1.2246467991473532e-16,-1.0,0.11165900712169512,-0.993746580436178
2016-06-25,15.4,10.0,12.4,0.0,17.28666666666667,6,16.2,16.0,20.8,17.1,177,1.2246467991473532e-16,-1.0,0.09453674981719912,-0.9955213724144752
2016-06-26,16.2,9.3,12.6,0.8,17.2,6,13.8,15.4,16.0,20.8,178,1.2246467991473532e-16,-1.0,0.07738647923346301,-0.9970011699250151
2016-06-27,13.8,10.1,12.5,14.7,17.01,6,13.2,16.2,15.4,16.0,179,1.2246467991473532e-16,-1.0,0.06021327736579302,-0.9981855344718586
2016-06-28,13.2,7.1,10.7,0.0,16.866666666666667,6,14.7,13.8,16.2,15.4,180,1.2246467991473532e-16,-1.0,0.04302223300453059,-0.99907411510223
2016-06-29,14.7,6.9,10.9,0.0,16.743333333333332,6,15.2,13.2,13.8,16.2,181,1.2246467991473532e-16,-1.0,0.02581844022713308,-0.9996666485105112
2016-06-30,15.2,7.7,11.4,3.6,16.506666666666668,6,13.3,14.7,13.2,13.8,182,1.2246467991473532e-16,-1.0,0.008606996888688698,-0.9999629591162655
2016-07-01,13.3,9.2,11.2,15.5,16.35,7,13.6,15.2,14.7,13.2,183,-0.4999999999999997,-0.8660254037844388,-0.008606996888688009,-0.9999629591162655
2016-07-02,13.6,5.6,10.0,0.0,16.243333333333332,7,15.9,13.3,15.2,14.7,184,-0.4999999999999997,-0.8660254037844388,-0.02581844022713239,-0.9996666485105112
2016-07-03,15.9,4.9,10.0,0.0,16.236666666666665,7,19.2,13.6,13.3,15.2,185,-0.4999999999999997,-0.8660254037844388,-0.04302223300453034,-0.99907411510223
2016-07-04,19.2,5.4,11.5,0.0,16.316666666666666,7,14.7,15.9,13.6,13.3,186,-0.4999999999999997,-0.8660254037844388,-0.060213277365792774,-0.9981855344718586
2016-07-05,14.7,10.6,12.5,15.5,16.193333333333335,7,12.6,19.2,15.9,13.6,187,-0.4999999999999997,-0.8660254037844388,-0.07738647923346322,-0.9970011699250151
2016-07-06,12.6,9.6,11.3,1.1,15.966666666666667,7,13.6,14.7,19.2,15.9,188,-0.4999999999999997,-0.8660254037844388,-0.09453674981719933,-0.9955213724144752
2016-07-07,13.6,6.0,10.2,0.0,15.656666666666668,7,13.8,12.6,14.7,19.2,189,-0.4999999999999997,-0.8660254037844388,-0.11165900712169444,-0.9937465804361781
2016-07-08,13.8,8.2,11.8,0.5,15.313333333333334,7,18.5,13.6,12.6,14.7,190,-0.4999999999999997,-0.8660254037844388,-0.12874817745258066,-0.99167731989929
2016-07-09,18.5,11.2,13.8,0.0,15.313333333333334,7,22.8,13.8,13.6,12.6,191,-0.4999999999999997,-0.8660254037844388,-0.14579919691987442,-0.9893142039703664
2016-07-10,22.8,8.0,14.8,0.0,15.583333333333334,7,19.3,18.5,13.8,13.6,192,-0.4999999999999997,-0.8660254037844388,-0.16280701293851646,-0.9866579328916572
2016-07-11,19.3,12.9,15.6,0.0,15.686666666666666,7,17.9,22.8,18.5,13.8,193,-0.4999999999999997,-0.8660254037844388,-0.17976658572556214,-0.9837092937736098
2016-07-12,17.9,13.5,15.2,0.0,15.713333333333335,7,22.1,19.3,22.8,18.5,194,-0.4999999999999997,-0.8660254037844388,-0.19667288979357622,-0.9804691603616321
2016-07-13,22.1,11.3,15.3,0.0,15.886666666666665,7,17.5,17.9,19.3,22.8,195,-0.4999999999999997,-0.8660254037844388,-0.2135209154397959,-0.9769384927771817
2016-07-14,17.5,9.7,13.0,0.0,15.99,7,13.7,22.1,17.9,19.3,196,-0.4999999999999997,-0.8660254037844388,-0.23030567023061196,-0.973118337233262
2016-07-15,13.7,10.8,12.0,6.1,15.919999999999998,7,13.6,17.5,22.1,17.9,197,-0.4999999999999997,-0.8660254037844388,-0.24702218048093527,-0.9690098257244063
2016-07-16,13.6,9.7,11.2,0.0,15.883333333333333,7,16.7,13.7,17.5,22.1,198,-0.4999999999999997,-0.8660254037844388,-0.2636654927280072,-0.9646141756912435
2016-07-17,16.7,6.5,11.3,0.0,15.923333333333334,7,16.9,13.6,13.7,17.5,199,-0.4999999999999997,-0.8660254037844388,-0.2802306751992161,-0.9599326896597445
2016-07-18,16.9,8.7,12.8,0.0,15.959999999999999,7,16.1,16.7,13.6,13.7,200,-0.4999999999999997,-0.8660254037844388,-0.2967128192734901,-0.9549667548552553
2016-07-19,16.1,12.6,14.2,6.3,16.066666666666666,7,16.2,16.9,16.7,13.6,201,-0.4999999999999997,-0.8660254037844388,-0.3131070409358267,-0.9497178427914317
2016-07-20,16.2,13.8,14.5,32.2,16.156666666666666,7,14.6,16.1,16.9,16.7,202,-0.4999999999999997,-0.8660254037844388,-0.3294084822245302,-0.9441875088341994
2016-07-21,14.6,12.2,13.3,6.9,16.166666666666668,7,14.1,16.2,16.1,16.9,203,-0.4999999999999997,-0.8660254037844388,-0.3456123126707333,-0.9383773917408642
2016-07-22,14.1,10.0,12.1,2.7,16.066666666666666,7,12.5,14.6,16.2,16.1,204,-0.4999999999999997,-0.8660254037844388,-0.3617137307297674,-0.9322892131745134
2016-07-23,12.5,8.5,10.8,0.7,15.790000000000001,7,13.1,14.1,14.6,16.2,205,-0.4999999999999997,-0.8660254037844388,-0.37770796520396466,-0.9259247771938499
2016-07-24,13.1,7.3,10.0,1.0,15.693333333333333,7,14.6,12.5,14.1,14.6,206,-0.4999999999999997,-0.8660254037844388,-0.39359027665646645,-0.9192859697186105
2016-07-25,14.6,7.7,11.2,0.6,15.666666666666666,7,13.7,13.1,12.5,14.1,207,-0.4999999999999997,-0.8660254037844388,-0.4093559588156211,-0.9123747579707274
2016-07-26,13.7,10.2,12.1,20.2,15.583333333333334,7,14.5,14.6,13.1,12.5,208,-0.4999999999999997,-0.8660254037844388,-0.42500033996955394,-0.9051931898913975
2016-07-27,14.5,7.1,10.6,0.0,15.606666666666666,7,16.1,13.7,14.6,13.1,209,-0.4999999999999997,-0.8660254037844388,-0.4405187843504952,-0.8977433935342336
2016-07-28,16.1,10.7,13.7,11.2,15.703333333333335,7,16.5,14.5,13.7,14.6,210,-0.4999999999999997,-0.8660254037844388,-0.455906693508459,-0.8900275764346766
2016-07-29,16.5,12.5,14.2,0.1,15.763333333333332,7,19.5,16.1,14.5,13.7,211,-0.4999999999999997,-0.8660254037844388,-0.47115950767386394,-0.8820480249558535
2016-07-30,19.5,12.8,15.2,0.0,15.906666666666668,7,16.3,16.5,16.1,14.5,212,-0.4999999999999997,-0.8660254037844388,-0.4862727071086902,-0.8738071036110807
2016-07-31,16.3,9.4,12.8,0.0,16.006666666666668,7,16.8,19.5,16.5,16.1,213,-0.4999999999999997,-0.8660254037844388,-0.5012418134457756,-0.8653072543632061
2016-08-01,16.8,9.8,13.1,0.0,16.113333333333333,8,18.8,16.3,19.5,16.5,214,-0.8660254037844385,-0.5000000000000004,-0.5160623910158526,-0.8565509959010037
2016-08-02,18.8,7.6,12.7,2.8,16.21,8,14.6,16.8,16.3,19.5,215,-0.8660254037844385,-0.5000000000000004,-0.5307300481619331,-0.8475409228928312
2016-08-03,14.6,11.4,12.8,11.8,16.05666666666667,8,15.8,18.8,16.8,16.3,216,-0.8660254037844385,-0.5000000000000004,-0.5452404385406507,-0.8382797052177745
2016-08-04,15.8,9.7,12.1,0.0,16.09333333333333,8,16.1,14.6,18.8,16.8,217,-0.8660254037844385,-0.5000000000000004,-0.5595892624101763,-0.828770087174504
2016-08-05,16.1,7.2,11.9,0.0,16.21,8,16.3,15.8,14.6,18.8,218,-0.8660254037844385,-0.5000000000000004,-0.5737722679043243,-0.8190148866680802
2016-08-06,16.3,11.4,13.8,0.0,16.3,8,15.5,16.1,15.8,14.6,219,-0.8660254037844385,-0.5000000000000004,-0.5877852522924734,-0.8090169943749472
2016-08-07,15.5,9.9,12.4,0.1,16.356666666666666,8,17.3,16.3,16.1,15.8,220,-0.8660254037844385,-0.5000000000000004,-0.6016240632249227,-0.7987793728863648
2016-08-08,17.3,7.5,12.3,0.0,16.316666666666666,8,19.4,15.5,16.3,16.1,221,-0.8660254037844385,-0.5000000000000004,-0.6152845999633277,-0.7883050558305253
2016-08-09,19.4,6.5,12.7,0.0,16.203333333333333,8,23.1,17.3,15.5,16.3,222,-0.8660254037844385,-0.5000000000000004,-0.6287628145958345,-0.7775971469736268
2016-08-10,23.1,9.4,15.9,0.0,16.330000000000002,8,19.1,19.4,17.3,15.5,223,-0.8660254037844385,-0.5000000000000004,-0.6420547132365636,-0.7666588193001592
2016-08-11,19.1,11.8,14.7,0.0,16.369999999999997,8,15.7,23.1,19.4,17.3,224,-0.8660254037844385,-0.5000000000000004,-0.655156357209085,-0.7554933140726804
2016-08-12,15.7,11.2,13.2,2.5,16.156666666666666,8,15.5,19.1,23.1,19.4,225,-0.8660254037844385,-0.5000000000000004,-0.6680638642135333,-0.7441039398713608
2016-08-13,15.5,10.5,12.5,4.7,16.09,8,14.3,15.7,19.1,23.1,226,-0.8660254037844385,-0.5000000000000004,-0.6807734094770159,-0.7324940716135792
2016-08-14,14.3,11.4,12.9,10.4,16.11,8,15.7,15.5,15.7,19.1,227,-0.8660254037844385,-0.5000000000000004,-0.6932812268869771,-0.7206671495538615
2016-08-15,15.7,9.3,12.4,0.0,16.18,8,19.3,14.3,15.5,15.7,228,-0.8660254037844385,-0.5000000000000004,-0.7055836101071774,-0.70862667826446
2016-08-16,19.3,9.9,14.0,0.0,16.266666666666666,8,20.7,15.7,14.3,15.5,229,-0.8660254037844385,-0.5000000000000004,-0.7176769136759615,-0.6963762255968726
2016-08-17,20.7,11.9,15.6,0.0,16.393333333333334,8,19.8,19.3,15.7,14.3,230,-0.8660254037844385,-0.5000000000000004,-0.7295575540864876,-0.6839194216246105
2016-08-18,19.8,14.6,16.6,0.0,16.516666666666666,8,16.8,20.7,19.3,15.7,231,-0.8660254037844385,-0.5000000000000004,-0.7412220108485957,-0.6712599575675315
2016-08-19,16.8,13.4,15.3,0.2,16.53666666666667,8,18.7,19.8,20.7,19.3,232,-0.8660254037844385,-0.5000000000000004,-0.7526668275320083,-0.6584015846980489
2016-08-20,18.7,10.7,14.8,0.0,16.673333333333332,8,14.3,16.8,19.8,20.7,233,-0.8660254037844385,-0.5000000000000004,-0.7638886127905429,-0.64534811322955
2016-08-21,14.3,9.9,11.7,12.8,16.68,8,14.1,18.7,16.8,19.8,234,-0.8660254037844385,-0.5000000000000004,-0.7748840413670406,-0.6321034111873488
2016-08-22,14.1,9.9,11.9,7.9,16.733333333333334,8,17.0,14.3,18.7,16.8,235,-0.8660254037844385,-0.5000000000000004,-0.7856498550787144,-0.6186714032625032
2016-08-23,17.0,10.2,12.9,0.0,16.863333333333333,8,17.8,14.1,14.3,18.7,236,-0.8660254037844385,-0.5000000000000004,-0.7961828637826154,-0.6050560696488494
2016-08-24,17.8,8.7,13.3,0.0,16.97,8,17.5,17.0,14.1,14.3,237,-0.8660254037844385,-0.5000000000000004,-0.8064799463209447,-0.5912614448635782
2016-08-25,17.5,9.6,13.9,0.0,17.096666666666668,8,23.2,17.8,17.0,14.1,238,-0.8660254037844385,-0.5000000000000004,-0.8165380514459157,-0.5772916165517278
2016-08-26,23.2,11.8,16.3,0.0,17.386666666666667,8,23.3,17.5,17.8,17.0,239,-0.8660254037844385,-0.5000000000000004,-0.8263541987239094,-0.5631507242749187
2016-08-27,23.3,9.9,16.4,0.0,17.626666666666665,8,18.3,23.2,17.5,17.8,240,-0.8660254037844385,-0.5000000000000004,-0.8359254794186365,-0.5488429582847199
2016-08-28,18.3,12.5,14.9,0.0,17.686666666666667,8,17.8,23.3,23.2,17.5,241,-0.8660254037844385,-0.5000000000000004,-0.8452490573530634,-0.5343725582809785
2016-08-29,17.8,11.1,14.1,0.0,17.63,8,18.9,18.3,23.3,23.2,242,-0.8660254037844385,-0.5000000000000004,-0.8543221697498269,-0.5197438121555157
2016-08-30,18.9,10.4,14.5,0.0,17.716666666666665,8,17.0,17.8,18.3,23.3,243,-0.8660254037844385,-0.5000000000000004,-0.8631421280499115,-0.5049610547215202
2016-08-31,17.0,11.6,14.4,3.0,17.723333333333333,8,14.7,18.9,17.8,18.3,244,-0.8660254037844385,-0.5000000000000004,-0.8717063187093217,-0.4900286664290594
2016-09-01,14.7,12.1,13.7,3.3,17.586666666666666,9,15.0,17.0,18.9,17.8,245,-1.0,-1.8369701987210297e-16,-0.8800122039735356,-0.4749510720670502
2016-09-02,15.0,11.8,13.2,1.1,17.6,9,18.0,14.7,17.0,18.9,246,-1.0,-1.8369701987210297e-16,-0.888057322629493,-0.4597327394521046
2016-09-03,18.0,12.8,14.8,0.1,17.673333333333336,9,23.5,15.0,14.7,17.0,247,-1.0,-1.8369701987210297e-16,-0.8958392907349089,-0.4443781781046134
2016-09-04,23.5,10.5,16.1,0.0,17.92,9,16.3,18.0,15.0,14.7,248,-1.0,-1.8369701987210297e-16,-0.9033558023246842,-0.4288919379124841
2016-09-05,16.3,12.0,14.6,9.4,17.92,9,16.1,23.5,18.0,15.0,249,-1.0,-1.8369701987210297e-16,-0.9106046300942162,-0.41327860778290443
2016-09-06,16.1,10.5,13.4,0.0,17.94,9,15.9,16.3,23.5,18.0,250,-1.0,-1.8369701987210297e-16,-0.9175836260593934,-0.3975428142825566
2016-09-07,15.9,9.9,13.3,0.8,17.89333333333333,9,16.2,16.1,16.3,23.5,251,-1.0,-1.8369701987210297e-16,-0.9242907221930934,-0.3816892202666586
2016-09-08,16.2,9.7,13.2,4.4,17.78666666666667,9,15.2,15.9,16.1,16.3,252,-1.0,-1.8369701987210297e-16,-0.9307239310379793,-0.3657225234972692
2016-09-09,15.2,10.5,13.0,0.5,17.52333333333333,9,18.2,16.2,15.9,16.1,253,-1.0,-1.8369701987210297e-16,-0.9368813462954315,-0.34964745525122826
2016-09-10,18.2,11.8,14.4,0.0,17.493333333333332,9,20.6,15.2,16.2,15.9,254,-1.0,-1.8369701987210297e-16,-0.9427611433904206,-0.33346877891818705
2016-09-11,20.6,11.0,15.1,0.0,17.65666666666667,9,17.7,18.2,15.2,16.2,255,-1.0,-1.8369701987210297e-16,-0.9483615800121716,-0.31719128858910595
2016-09-12,17.7,12.2,14.6,0.0,17.73,9,19.7,20.6,18.2,15.2,256,-1.0,-1.8369701987210297e-16,-0.9536809966304455,-0.300819807635668
2016-09-13,19.7,12.7,15.6,0.0,17.91,9,20.7,17.7,20.6,18.2,257,-1.0,-1.8369701987210297e-16,-0.9587178169872964,-0.2843591872810036
2016-09-14,20.7,11.1,15.8,0.0,18.076666666666668,9,17.6,19.7,17.7,20.6,258,-1.0,-1.8369701987210297e-16,-0.9634705485641486,-0.26781430516217486
2016-09-15,17.6,10.6,14.2,0.8,18.019999999999996,9,13.8,20.7,19.7,17.7,259,-1.0,-1.8369701987210297e-16,-0.9679377830240642,-0.25119006388481957
2016-09-16,13.8,11.4,12.3,14.8,17.790000000000003,9,14.8,17.6,20.7,19.7,260,-1.0,-1.8369701987210297e-16,-0.9721181966290612,-0.23449138957041052
2016-09-17,14.8,10.6,12.5,0.0,17.62333333333333,9,18.7,13.8,17.6,20.7,261,-1.0,-1.8369701987210297e-16,-0.9760105506323682,-0.21772323039653224
2016-09-18,18.7,7.8,13.5,0.0,17.686666666666667,9,19.6,14.8,13.8,17.6,262,-1.0,-1.8369701987210297e-16,-0.9796136916454901,-0.20089055513063528
2016-09-19,19.6,9.5,14.6,0.0,17.716666666666665,9,17.4,18.7,14.8,13.8,263,-1.0,-1.8369701987210297e-16,-0.9829265519799822,-0.18399835165767986
2016-09-20,17.4,12.3,14.5,0.0,17.819999999999997,9,17.0,19.6,18.7,14.8,264,-1.0,-1.8369701987210297e-16,-0.9859481499638303,-0.1670516255021195
2016-09-21,17.0,11.3,14.2,0.8,17.916666666666668,9,15.2,17.4,19.6,18.7,265,-1.0,-1.8369701987210297e-16,-0.9886775902323404,-0.15005539834465262
2016-09-22,15.2,12.2,13.6,1.7,17.85666666666667,9,16.2,17.0,17.4,19.6,266,-1.0,-1.8369701987210297e-16,-0.9911140639934546,-0.13301470653419636
2016-09-23,16.2,11.1,13.4,0.0,17.80333333333333,9,16.9,15.2,17.0,17.4,267,-1.0,-1.8369701987210297e-16,-0.9932568492674143,-0.11593459959550066
2016-09-24,16.9,10.2,13.9,0.0,17.783333333333335,9,23.1,16.2,15.2,17.0,268,-1.0,-1.8369701987210297e-16,-0.9951053111006974,-0.09882013873287211
2016-09-25,23.1,12.5,16.9,0.0,17.779999999999998,9,17.3,16.9,16.2,15.2,269,-1.0,-1.8369701987210297e-16,-0.99665890175417,-0.08167639533042288
2016-09-26,17.3,11.5,14.6,2.4,17.58,9,14.3,23.1,16.9,16.2,270,-1.0,-1.8369701987210297e-16,-0.9979171608653922,-0.06450844944931625
2016-09-27,14.3,11.4,13.3,10.6,17.446666666666665,9,15.6,17.3,23.1,16.9,271,-1.0,-1.8369701987210297e-16,-0.9988797155850335,-0.04732138832243232
2016-09-28,15.6,10.5,13.1,0.0,17.373333333333335,9,16.2,14.3,17.3,23.1,272,-1.0,-1.8369701987210297e-16,-0.9995462806873573,-0.03012030484690836
2016-09-29,16.2,10.6,13.6,0.0,17.283333333333335,9,16.8,15.6,14.3,17.3,273,-1.0,-1.8369701987210297e-16,-0.9999166586547379,-0.012910296075008843
2016-09-30,16.8,11.2,14.0,0.0,17.276666666666667,9,17.2,16.2,15.6,14.3,274,-1.0,-1.8369701987210297e-16,-0.9999907397361901,0.004303538296243821
2016-10-01,17.2,12.3,14.9,0.4,17.36,10,22.2,16.8,16.2,15.6,275,-0.8660254037844386,0.5000000000000001,-0.9997685019798909,0.021516097436222233
2016-10-02,22.2,12.2,16.6,0.0,17.6,10,24.5,17.2,16.8,16.2,276,-0.8660254037844386,0.5000000000000001,-0.9992500112396835,0.03872228089217399
2016-10-03,24.5,10.7,17.7,0.0,17.816666666666666,10,25.6,22.2,17.2,16.8,277,-0.8660254037844386,0.5000000000000001,-0.9984354211555643,0.05591699010060302
2016-10-04,25.6,10.6,18.3,0.0,17.886666666666667,10,19.6,24.5,22.2,17.2,278,-0.8660254037844386,0.5000000000000001,-0.9973249731081555,0.07309512989807776
2016-10-05,19.6,14.2,16.3,0.0,17.996666666666666,10,15.5,25.6,24.5,22.2,279,-0.8660254037844386,0.5000000000000001,-0.9959189961471792,0.0902516100310407
2016-10-06,15.5,12.4,14.0,3.1,17.976666666666667,10,16.0,19.6,25.6,24.5,280,-0.8660254037844386,0.5000000000000001,-0.994217906893952,0.10738134666416306
2016-10-07,16.0,12.0,13.9,0.0,17.98,10,14.5,15.5,19.6,25.6,281,-0.8660254037844386,0.5000000000000001,-0.9922222094179324,0.12447926388678869
2016-10-08,14.5,11.4,13.1,4.2,17.923333333333332,10,16.8,16.0,15.5,19.6,282,-0.8660254037844386,0.5000000000000001,-0.989932495087353,0.141540295217043
2016-10-09,16.8,10.5,13.4,0.0,17.97666666666667,10,19.4,14.5,16.0,15.5,283,-0.8660254037844386,0.5000000000000001,-0.9873494423939864,0.15855938510313475
2016-10-10,19.4,10.4,15.0,0.2,18.016666666666666,10,15.2,16.8,14.5,16.0,284,-0.8660254037844386,0.5000000000000001,-0.9844738167520923,0.17553149042142777
2016-10-11,15.2,12.3,14.2,5.9,17.836666666666666,10,16.5,19.4,16.8,14.5,285,-0.8660254037844386,0.5000000000000001,-0.9813064702716093,0.19245158197082995
2016-10-12,16.5,11.7,13.8,0.0,17.79666666666667,10,20.8,15.2,19.4,16.8,286,-0.8660254037844386,0.5000000000000001,-0.9778483415056567,0.20931464596304888
2016-10-13,20.8,11.6,15.8,0.0,17.833333333333332,10,23.0,16.5,15.2,19.4,287,-0.8660254037844386,0.5000000000000001,-0.9741004551724206,0.22611568550828803
2016-10-14,23.0,10.6,16.6,0.0,17.91,10,18.5,20.8,16.5,15.2,288,-0.8660254037844386,0.5000000000000001,-0.970063921851507,0.2428497220959358
2016-10-15,18.5,13.6,15.7,0.0,17.94,10,18.0,23.0,20.8,16.5,289,-0.8660254037844386,0.5000000000000001,-0.965739937654855,0.25951179706979943
2016-10-16,18.0,12.0,15.2,2.3,18.08,10,19.6,18.5,23.0,20.8,290,-0.8660254037844386,0.5000000000000001,-0.9611297838723007,0.27609697309746883
2016-10-17,19.6,13.3,16.2,0.0,18.240000000000002,10,21.8,18.0,18.5,23.0,291,-0.8660254037844386,0.5000000000000001,-0.9562348265919058,0.2926003356333479
2016-10-18,21.8,13.0,17.1,0.0,18.34333333333333,10,24.6,19.6,18.0,18.5,292,-0.8660254037844386,0.5000000000000001,-0.9510565162951536,0.30901699437494723
2016-10-19,24.6,14.6,19.3,0.0,18.509999999999998,10,24.8,21.8,19.6,18.0,293,-0.8660254037844386,0.5000000000000001,-0.9455963874271428,0.3253420847119795
2016-10-20,24.8,14.8,18.9,0.0,18.756666666666664,10,18.4,24.6,21.8,19.6,294,-0.8660254037844386,0.5000000000000001,-0.9398560579418953,0.341570769167856
2016-10-21,18.4,14.5,16.5,4.2,18.803333333333335,10,16.9,24.8,24.6,21.8,295,-0.8660254037844386,0.5000000000000001,-0.9338372288229252,0.35769823883312546
2016-10-22,16.9,13.5,14.9,2.9,18.860000000000003,10,21.1,18.4,24.8,24.6,296,-0.8660254037844386,0.5000000000000001,-0.9275416835791965,0.3737197147904692
2016-10-23,21.1,13.3,16.4,0.0,19.023333333333333,10,19.7,16.9,18.4,24.8,297,-0.8660254037844386,0.5000000000000001,-0.9209712877166347,0.38963044953078774
2016-10-24,19.7,12.6,15.9,0.0,19.116666666666667,10,21.3,21.1,16.9,18.4,298,-0.8660254037844386,0.5000000000000001,-0.9141279881853337,0.4054257283599973
2016-10-25,21.3,11.6,16.9,0.0,19.05666666666667,10,27.5,19.7,21.1,16.9,299,-0.8660254037844386,0.5000000000000001,-0.9070138128026362,0.42110087079608916
2016-10-26,27.5,14.3,19.8,0.0,19.39666666666667,10,20.7,21.3,19.7,21.1,300,-0.8660254037844386,0.5000000000000001,-0.8996308696522434,0.4366512319560638
2016-10-27,20.7,15.9,17.9,0.0,19.61,10,24.4,27.5,21.3,19.7,301,-0.8660254037844386,0.5000000000000001,-0.8919813464595487,0.45207220393230374
2016-10-28,24.4,16.1,19.2,0.0,19.90333333333333,10,18.7,20.7,27.5,21.3,302,-0.8660254037844386,0.5000000000000001,-0.8840675099433637,0.46735921715800205
2016-10-29,18.7,14.5,16.6,0.0,19.986666666666668,10,18.9,24.4,20.7,27.5,303,-0.8660254037844386,0.5000000000000001,-0.8758917051442433,0.48250774176121763
2016-10-30,18.9,12.6,15.9,0.0,20.056666666666665,10,19.4,18.7,24.4,20.7,304,-0.8660254037844386,0.5000000000000001,-0.8674563547295971,0.4975132889071803
2016-10-31,19.4,13.6,16.5,0.0,20.13,10,24.2,18.9,18.7,24.4,305,-0.8660254037844386,0.5000000000000001,-0.858763958275803,0.5123714121284235
2016-11-01,24.2,15.7,19.3,0.0,20.196666666666665,11,26.7,19.4,18.9,18.7,306,-0.5000000000000004,0.8660254037844384,-0.8498170915275277,0.5270777086423724
2016-11-02,26.7,15.4,19.6,0.0,20.27,11,20.6,24.2,19.4,18.9,307,-0.5000000000000004,0.8660254037844384,-0.8406184056344783,0.5416278206559811
2016-11-03,20.6,15.6,17.5,1.1,20.10333333333333,11,18.6,26.7,24.2,19.4,308,-0.5000000000000004,0.8660254037844384,-0.8311706263658079,0.5560174366570446
2016-11-04,18.6,14.4,16.2,2.2,20.07,11,18.0,20.6,26.7,24.2,309,-0.5000000000000004,0.8660254037844384,-0.8214765533024145,0.5702422926917867
2016-11-05,18.0,12.8,15.4,0.0,20.153333333333332,11,18.0,18.6,20.6,26.7,310,-0.5000000000000004,0.8660254037844384,-0.8115390590073611,0.5842981736283683
2016-11-06,18.0,13.2,15.5,0.0,20.220000000000002,11,19.3,18.0,18.6,20.6,311,-0.5000000000000004,0.8660254037844384,-0.801361088174677,0.5981809144059158
2016-11-07,19.3,13.1,16.1,0.0,20.380000000000003,11,19.8,18.0,18.0,18.6,312,-0.5000000000000004,0.8660254037844384,-0.7909456567567774,0.6118864012687242
2016-11-08,19.8,14.5,16.8,0.0,20.48,11,20.3,19.3,18.0,18.0,313,-0.5000000000000004,0.8660254037844384,-0.780295851070776,0.6254105729852457
2016-11-09,20.3,14.4,17.1,0.0,20.509999999999998,11,22.3,19.8,19.3,18.0,314,-0.5000000000000004,0.8660254037844384,-0.7694148268839381,0.6387494220515268
2016-11-10,22.3,15.3,18.1,0.0,20.746666666666666,11,24.7,20.3,19.8,19.3,315,-0.5000000000000004,0.8660254037844384,-0.7583058084785625,0.6518989958787125
2016-11-11,24.7,15.4,19.1,0.0,21.019999999999996,11,18.6,22.3,20.3,19.8,316,-0.5000000000000004,0.8660254037844384,-0.7469720876965551,0.6648553979642866
2016-11-12,18.6,14.2,16.4,0.0,20.946666666666665,11,16.9,24.7,22.3,20.3,317,-0.5000000000000004,0.8660254037844384,-0.7354170229639858,0.6776147890466887
2016-11-13,16.9,13.0,14.8,0.0,20.743333333333332,11,23.4,18.6,24.7,22.3,318,-0.5000000000000004,0.8660254037844384,-0.7236440382959124,0.690173388242972
2016-11-14,23.4,13.8,18.1,0.0,20.90666666666667,11,27.3,16.9,18.6,24.7,319,-0.5000000000000004,0.8660254037844384,-0.711656622281775,0.7025274741691566
2016-11-15,27.3,13.9,20.4,0.0,21.216666666666665,11,22.1,23.4,16.9,18.6,320,-0.5000000000000004,0.8660254037844384,-0.6994583270516471,0.7146733860429608
2016-11-16,22.1,15.7,18.5,0.0,21.3,11,20.3,27.3,23.4,16.9,321,-0.5000000000000004,0.8660254037844384,-0.6870527672236675,0.7266075247685652
2016-11-17,20.3,15.5,17.6,0.0,21.25,11,22.6,22.1,27.3,23.4,322,-0.5000000000000004,0.8660254037844384,-0.6744436188329457,0.7383263540031063
2016-11-18,22.6,14.4,18.0,0.0,21.183333333333334,11,24.0,20.3,22.1,27.3,323,-0.5000000000000004,0.8660254037844384,-0.661634618242279,0.749826401204568
2016-11-19,24.0,14.7,18.8,0.0,21.15666666666667,11,27.9,22.6,20.3,22.1,324,-0.5000000000000004,0.8660254037844384,-0.6486295610349818,0.7611042586607742
2016-11-20,27.9,14.9,20.5,0.0,21.473333333333333,11,23.4,24.0,22.6,20.3,325,-0.5000000000000004,0.8660254037844384,-0.6354323008901775,0.7721565844991641
2016-11-21,23.4,16.5,19.8,0.0,21.689999999999998,11,25.0,27.9,24.0,22.6,326,-0.5000000000000004,0.8660254037844384,-0.622046748440868,0.7829801036770624
2016-11-22,25.0,15.8,20.5,0.0,21.819999999999997,11,21.4,23.4,27.9,24.0,327,-0.5000000000000004,0.8660254037844384,-0.6084768701151264,0.7935716089521472
2016-11-23,21.4,16.6,19.0,5.2,21.87666666666667,11,21.2,25.0,23.4,27.9,328,-0.5000000000000004,0.8660254037844384,-0.594726686960764,0.8039279618328208
2016-11-24,21.2,15.0,18.0,0.1,21.87333333333333,11,22.7,21.4,25.0,23.4,329,-0.5000000000000004,0.8660254037844384,-0.5808002734538013,0.8140460935082175
2016-11-25,22.7,15.5,18.6,0.0,21.71333333333333,11,26.5,21.2,21.4,25.0,330,-0.5000000000000004,0.8660254037844384,-0.5667017562911184,0.8239230057575536
2016-11-26,26.5,15.8,21.0,0.0,21.90666666666667,11,26.8,22.7,21.2,21.4,331,-0.5000000000000004,0.8660254037844384,-0.5524353131676203,0.8335557718385695
2016-11-27,26.8,15.6,20.7,0.0,21.986666666666668,11,21.5,26.5,22.7,21.2,332,-0.5000000000000004,0.8660254037844384,-0.5380051715382992,0.8429415373547832
2016-11-28,21.5,16.9,18.9,0.0,22.08,11,22.4,26.8,26.5,22.7,333,-0.5000000000000004,0.8660254037844384,-0.5234156073655503,0.8520775211013093
2016-11-29,22.4,15.6,18.7,0.0,22.196666666666665,11,22.9,21.5,26.8,26.5,334,-0.5000000000000004,0.8660254037844384,-0.5086709438521042,0.8609610158889945
2016-11-30,22.9,15.9,19.1,0.0,22.313333333333336,11,22.3,22.4,21.5,26.8,335,-0.5000000000000004,0.8660254037844384,-0.49377555015997737,0.8695893893466109
2016-12-01,22.3,15.9,19.0,0.0,22.25,12,24.7,22.9,22.4,21.5,336,-2.4492935982947064e-16,1.0,-0.4787338401157883,0.8779600847008883
2016-12-02,24.7,15.7,20.1,0.0,22.183333333333334,12,23.3,22.3,22.9,22.4,337,-2.4492935982947064e-16,1.0,-0.4635502709028512,0.8860706215341378
2016-12-03,23.3,16.5,19.4,0.0,22.273333333333333,12,21.5,24.7,22.3,22.9,338,-2.4492935982947064e-16,1.0,-0.4482293417404106,0.893918596519257
2016-12-04,21.5,15.8,18.7,0.0,22.37,12,28.3,23.3,24.7,22.3,339,-2.4492935982947064e-16,1.0,-0.4327755925504317,0.9015016841318838
2016-12-05,28.3,16.1,22.0,0.0,22.71333333333333,12,23.1,21.5,23.3,24.7,340,-2.4492935982947064e-16,1.0,-0.41719360261231697,0.9088176373395028
2016-12-06,23.1,14.3,19.5,0.0,22.883333333333333,12,23.0,28.3,21.5,23.3,341,-2.4492935982947064e-16,1.0,-0.4014879892059737,0.9158642882672868
2016-12-07,23.0,15.1,19.3,0.0,23.006666666666664,12,22.4,23.1,28.3,21.5,342,-2.4492935982947064e-16,1.0,-0.38566340624360745,0.9226395488404875
2016-12-08,22.4,12.9,18.3,0.0,23.09333333333333,12,18.0,23.0,23.1,28.3,343,-2.4492935982947064e-16,1.0,-0.3697245428906732,0.9291414114031743
2016-12-09,18.0,16.5,17.2,10.7,23.016666666666666,12,23.6,22.4,23.0,23.1,344,-2.4492935982947064e-16,1.0,-0.3536761221763721,0.935367949313148
2016-12-10,23.6,15.9,19.3,0.0,23.06,12,27.8,18.0,22.4,23.0,345,-2.4492935982947064e-16,1.0,-0.33752289959411347,0.941317317512847
2016-12-11,27.8,16.1,21.6,0.0,23.163333333333338,12,22.7,23.6,18.0,22.4,346,-2.4492935982947064e-16,1.0,-0.32126966169236515,0.9469877530760751
2016-12-12,22.7,16.8,20.0,0.0,23.3,12,26.6,27.8,23.6,18.0,347,-2.4492935982947064e-16,1.0,-0.3049212246562894,0.9523775757303973
2016-12-13,26.6,18.2,21.9,0.0,23.623333333333335,12,26.1,22.7,27.8,23.6,348,-2.4492935982947064e-16,1.0,-0.2884824328806098,0.9574851883550389
2016-12-14,26.1,17.1,20.9,0.0,23.71333333333333,12,23.7,26.6,22.7,27.8,349,-2.4492935982947064e-16,1.0,-0.27195815753410524,0.9623090774541487
2016-12-15,23.7,16.8,20.0,0.0,23.59333333333333,12,25.5,26.1,26.6,22.7,350,-2.4492935982947064e-16,1.0,-0.2553532951161881,0.9668478136052773
2016-12-16,25.5,16.5,20.4,0.0,23.706666666666663,12,25.0,23.7,26.1,26.6,351,-2.4492935982947064e-16,1.0,-0.23867276600594997,0.9711000518829505
2016-12-17,25.0,16.7,20.7,0.0,23.863333333333333,12,25.4,25.5,23.7,26.1,352,-2.4492935982947064e-16,1.0,-0.22192151300416674,0.9750645322571945
2016-12-18,25.4,17.4,21.1,0.0,23.956666666666667,12,23.7,25.0,25.5,23.7,353,-2.4492935982947064e-16,1.0,-0.20510449986861926,0.9787400799669153
2016-12-19,23.7,16.9,20.2,0.0,23.946666666666665,12,22.1,25.4,25.0,25.5,354,-2.4492935982947064e-16,1.0,-0.1882267098432439,0.9821256058680006
2016-12-20,22.1,16.0,19.2,0.0,23.753333333333334,12,22.7,23.7,25.4,25.0,355,-2.4492935982947064e-16,1.0,-0.1712931441814778,0.9852201067560606
2016-12-21,22.7,16.1,19.6,0.0,23.730000000000004,12,22.4,22.1,23.7,25.4,356,-2.4492935982947064e-16,1.0,-0.154308820664281,0.9880226656636976
2016-12-22,22.4,17.3,19.6,4.0,23.643333333333334,12,22.2,22.7,22.1,23.7,357,-2.4492935982947064e-16,1.0,-0.13727877211326517,0.9905324521322227
2016-12-23,22.2,16.4,18.5,10.7,23.669999999999998,12,19.8,22.4,22.7,22.1,358,-2.4492935982947064e-16,1.0,-0.12020804489935275,0.9927487224577402
2016-12-24,19.8,14.8,17.2,0.5,23.623333333333335,12,27.0,22.2,22.4,22.7,359,-2.4492935982947064e-16,1.0,-0.10310169744743544,0.9946708199115211
2016-12-25,27.0,15.1,20.8,0.0,23.766666666666666,12,26.1,19.8,22.2,22.4,360,-2.4492935982947064e-16,1.0,-0.0859647987374467,0.9962981749346077
2016-12-26,26.1,17.4,21.4,0.0,23.753333333333334,12,24.5,27.0,19.8,22.2,361,-2.4492935982947064e-16,1.0,-0.06880242680232064,0.9976303053065857
2016-12-27,24.5,18.3,21.0,0.0,23.67666666666667,12,24.5,26.1,27.0,19.8,362,-2.4492935982947064e-16,1.0,-0.05161966722325418,0.9986668162884759
2016-12-28,24.5,18.4,21.4,0.0,23.776666666666667,12,29.3,24.5,26.1,27.0,363,-2.4492935982947064e-16,1.0,-0.034421611622745804,0.9994074007397048
2016-12-29,29.3,17.4,23.3,0.0,24.006666666666668,12,27.1,24.5,24.5,26.1,364,-2.4492935982947064e-16,1.0,-0.01721335615583528,0.9998518392091162
2016-12-30,27.1,17.7,22.2,0.0,24.146666666666665,12,24.5,29.3,24.5,24.5,365,-2.4492935982947064e-16,1.0,6.432490598706546e-16,1.0
2016-12-31,24.5,18.4,21.5,0.0,24.220000000000002,12,28.2,27.1,29.3,24.5,366,-2.4492935982947064e-16,1.0,0.017213356155833904,0.9998518392091162
2017-01-01,28.2,19.0,23.3,0.0,24.336666666666662,1,24.1,24.5,27.1,29.3,1,0.49999999999999994,0.8660254037844387,0.017213356155834685,0.9998518392091162
2017-01-02,24.1,19.3,21.7,0.1,24.363333333333333,1,22.5,28.2,24.5,27.1,2,0.49999999999999994,0.8660254037844387,0.03442161162274574,0.9994074007397048
2017-01-03,22.5,17.2,19.7,0.0,24.396666666666665,1,31.0,24.1,28.2,24.5,3,0.49999999999999994,0.8660254037844387,0.051619667223253764,0.998666816288476
2017-01-04,31.0,15.0,23.0,0.0,24.486666666666668,1,26.3,22.5,24.1,28.2,4,0.49999999999999994,0.8660254037844387,0.06880242680231986,0.9976303053065857
2017-01-05,26.3,18.3,21.6,0.0,24.593333333333337,1,24.9,31.0,22.5,24.1,5,0.49999999999999994,0.8660254037844387,0.08596479873744647,0.9962981749346078
2017-01-06,24.9,18.5,21.4,0.0,24.65666666666667,1,29.2,26.3,31.0,22.5,6,0.49999999999999994,0.8660254037844387,0.10310169744743485,0.9946708199115211
2017-01-07,29.2,18.9,22.5,0.1,24.883333333333333,1,29.1,24.9,26.3,31.0,7,0.49999999999999994,0.8660254037844387,0.1202080448993527,0.9927487224577402
2017-01-08,29.1,15.4,21.8,0.0,25.253333333333334,1,25.1,29.2,24.9,26.3,8,0.49999999999999994,0.8660254037844387,0.13727877211326478,0.9905324521322229
2017-01-09,25.1,19.0,21.2,0.0,25.303333333333335,1,34.8,29.1,29.2,24.9,9,0.49999999999999994,0.8660254037844387,0.15430882066428117,0.9880226656636976
2017-01-10,34.8,16.8,25.5,0.0,25.536666666666665,1,31.5,25.1,29.1,29.2,10,0.49999999999999994,0.8660254037844387,0.1712931441814776,0.9852201067560606
2017-01-11,31.5,20.6,24.8,0.3,25.83,1,25.0,34.8,25.1,29.1,11,0.49999999999999994,0.8660254037844387,0.1882267098432442,0.9821256058680006
2017-01-12,25.0,17.2,20.3,0.5,25.776666666666664,1,23.8,31.5,34.8,25.1,12,0.49999999999999994,0.8660254037844387,0.2051044998686192,0.9787400799669153
2017-01-13,23.8,16.6,19.3,0.0,25.7,1,22.8,25.0,31.5,34.8,13,0.49999999999999994,0.8660254037844387,0.2219215130041655,0.9750645322571948
2017-01-14,22.8,15.3,19.0,0.0,25.67,1,22.4,23.8,25.0,31.5,14,0.49999999999999994,0.8660254037844387,0.2386727660059501,0.9711000518829505
2017-01-15,22.4,15.3,19.5,0.1,25.566666666666666,1,26.4,22.8,23.8,25.0,15,0.49999999999999994,0.8660254037844387,0.255353295116187,0.9668478136052775
2017-01-16,26.4,17.3,21.1,0.0,25.613333333333337,1,32.7,22.4,22.8,23.8,16,0.49999999999999994,0.8660254037844387,0.2719581575341055,0.9623090774541486
2017-01-17,32.7,15.6,23.9,0.0,25.856666666666666,1,32.8,26.4,22.4,22.8,17,0.49999999999999994,0.8660254037844387,0.288482432880609,0.9574851883550393
2017-01-18,32.8,15.4,23.2,0.0,26.160000000000004,1,21.7,32.7,26.4,22.4,18,0.49999999999999994,0.8660254037844387,0.30492122465628907,0.9523775757303974
2017-01-19,21.7,16.8,19.1,0.0,26.146666666666665,1,22.1,32.8,32.7,26.4,19,0.49999999999999994,0.8660254037844387,0.3212696616923644,0.9469877530760753
2017-01-20,22.1,15.7,19.2,0.0,26.126666666666665,1,26.5,21.7,32.8,32.7,20,0.49999999999999994,0.8660254037844387,0.3375228995941133,0.9413173175128471
2017-01-21,26.5,16.0,20.8,0.0,26.263333333333332,1,26.9,22.1,21.7,32.8,21,0.49999999999999994,0.8660254037844387,0.3536761221763716,0.9353679493131483
2017-01-22,26.9,14.7,21.0,0.0,26.42,1,28.6,26.5,22.1,21.7,22,0.49999999999999994,0.8660254037844387,0.3697245428906731,0.9291414114031743
2017-01-23,28.6,17.4,22.5,0.0,26.71333333333333,1,23.4,26.9,26.5,22.1,23,0.49999999999999994,0.8660254037844387,0.38566340624360707,0.9226395488404876
2017-01-24,23.4,17.1,20.4,6.5,26.59333333333333,1,23.9,28.6,26.9,26.5,24,0.49999999999999994,0.8660254037844387,0.401487989205973,0.9158642882672872
2017-01-25,23.9,17.6,20.5,2.9,26.519999999999996,1,27.9,23.4,28.6,26.9,25,0.49999999999999994,0.8660254037844387,0.4171936026123168,0.9088176373395029
2017-01-26,27.9,15.0,20.9,0.0,26.633333333333333,1,21.3,23.9,23.4,28.6,26,0.49999999999999994,0.8660254037844387,0.4327755925504312,0.901501684131884
2017-01-27,21.3,17.0,18.9,6.8,26.526666666666664,1,23.4,27.9,23.9,23.4,27,0.49999999999999994,0.8660254037844387,0.4482293417404106,0.893918596519257
2017-01-28,23.4,15.3,19.6,0.3,26.33,1,26.6,21.3,27.9,23.9,28,0.49999999999999994,0.8660254037844387,0.4635502709028509,0.886070621534138
2017-01-29,26.6,14.7,20.0,0.0,26.313333333333333,1,23.1,23.4,21.3,27.9,29,0.49999999999999994,0.8660254037844387,0.47873384011578846,0.8779600847008882
2017-01-30,23.1,17.4,19.7,0.2,26.266666666666666,1,25.2,26.6,23.4,21.3,30,0.49999999999999994,0.8660254037844387,0.49377555015997715,0.869589389346611
2017-01-31,25.2,14.4,20.2,0.0,26.166666666666668,1,28.5,23.1,26.6,23.4,31,0.49999999999999994,0.8660254037844387,0.5086709438521044,0.8609610158889943
2017-02-01,28.5,15.5,21.1,0.0,26.313333333333333,2,24.2,25.2,23.1,26.6,32,0.8660254037844386,0.5000000000000001,0.5234156073655503,0.8520775211013093
2017-02-02,24.2,18.1,20.9,0.2,26.37,2,28.1,28.5,25.2,23.1,33,0.8660254037844386,0.5000000000000001,0.5380051715382996,0.8429415373547828
2017-02-03,28.1,14.0,21.1,0.0,26.273333333333333,2,23.6,24.2,28.5,25.2,34,0.8660254037844386,0.5000000000000001,0.5524353131676196,0.8335557718385699
2017-02-04,23.6,18.0,20.3,0.7,26.183333333333334,2,23.4,28.1,24.2,28.5,35,0.8660254037844386,0.5000000000000001,0.5667017562911176,0.8239230057575542
2017-02-05,23.4,17.6,19.9,0.0,26.133333333333333,2,28.2,23.6,28.1,24.2,36,0.8660254037844386,0.5000000000000001,0.5808002734538009,0.8140460935082178
2017-02-06,28.2,13.4,20.6,0.0,26.1,2,24.4,23.4,23.6,28.1,37,0.8660254037844386,0.5000000000000001,0.5947266869607634,0.8039279618328213
2017-02-07,24.4,19.1,20.9,0.1,25.943333333333335,2,24.4,28.2,23.4,23.6,38,0.8660254037844386,0.5000000000000001,0.6084768701151261,0.7935716089521474
2017-02-08,24.4,16.9,20.6,0.0,25.92,2,28.4,24.4,28.2,23.4,39,0.8660254037844386,0.5000000000000001,0.6220467484408675,0.7829801036770629
2017-02-09,28.4,18.7,22.9,0.0,25.706666666666667,2,31.3,24.4,24.4,28.2,40,0.8660254037844386,0.5000000000000001,0.6354323008901774,0.7721565844991642
2017-02-10,31.3,18.0,24.9,0.0,25.7,2,29.9,28.4,24.4,24.4,41,0.8660254037844386,0.5000000000000001,0.6486295610349814,0.7611042586607747
2017-02-11,29.9,17.9,23.4,0.1,25.863333333333337,2,24.7,31.3,28.4,24.4,42,0.8660254037844386,0.5000000000000001,0.6616346182422783,0.7498264012045686
2017-02-12,24.7,19.7,21.6,0.1,25.89333333333333,2,22.4,29.9,31.3,28.4,43,0.8660254037844386,0.5000000000000001,0.6744436188329455,0.7383263540031065
2017-02-13,22.4,15.8,19.8,0.0,25.88,2,25.6,24.7,29.9,31.3,44,0.8660254037844386,0.5000000000000001,0.6870527672236669,0.7266075247685656
2017-02-14,25.6,16.7,21.6,0.0,25.986666666666668,2,32.2,22.4,24.7,29.9,45,0.8660254037844386,0.5000000000000001,0.699458327051647,0.7146733860429609
2017-02-15,32.2,17.6,24.3,0.0,26.18,2,26.6,25.6,22.4,24.7,46,0.8660254037844386,0.5000000000000001,0.7116566222817746,0.7025274741691571
2017-02-16,26.6,17.7,21.3,0.0,25.97666666666667,2,27.7,32.2,25.6,22.4,47,0.8660254037844386,0.5000000000000001,0.7236440382959124,0.6901733882429719
2017-02-17,27.7,15.5,21.1,0.0,25.806666666666665,2,25.2,26.6,32.2,25.6,48,0.8660254037844386,0.5000000000000001,0.7354170229639855,0.6776147890466889
2017-02-18,25.2,17.5,20.5,0.1,25.923333333333336,2,25.5,27.7,26.6,32.2,49,0.8660254037844386,0.5000000000000001,0.7469720876965552,0.6648553979642865
2017-02-19,25.5,17.1,20.5,0.0,26.03666666666667,2,31.1,25.2,27.7,26.6,50,0.8660254037844386,0.5000000000000001,0.7583058084785624,0.6518989958787126
2017-02-20,31.1,16.3,22.9,0.0,26.19,2,31.3,25.5,25.2,27.7,51,0.8660254037844386,0.5000000000000001,0.7694148268839378,0.6387494220515272
2017-02-21,31.3,17.0,23.6,0.0,26.336666666666666,2,33.4,31.1,25.5,25.2,52,0.8660254037844386,0.5000000000000001,0.7802958510707755,0.6254105729852463
2017-02-22,33.4,16.8,24.6,0.0,26.496666666666666,2,34.7,31.3,31.1,25.5,53,0.8660254037844386,0.5000000000000001,0.7909456567567772,0.6118864012687243
2017-02-23,34.7,17.0,25.6,0.0,26.873333333333335,2,28.0,33.4,31.3,31.1,54,0.8660254037844386,0.5000000000000001,0.8013610881746766,0.5981809144059165
2017-02-24,28.0,17.3,22.5,0.6,27.01,2,21.6,34.7,33.4,31.3,55,0.8660254037844386,0.5000000000000001,0.8115390590073611,0.5842981736283684
2017-02-25,21.6,17.7,19.6,0.4,26.8,2,26.7,28.0,34.7,33.4,56,0.8660254037844386,0.5000000000000001,0.8214765533024142,0.5702422926917871
2017-02-26,26.7,16.5,20.3,0.0,26.98,2,31.2,21.6,28.0,34.7,57,0.8660254037844386,0.5000000000000001,0.8311706263658079,0.5560174366570446
2017-02-27,31.2,15.8,22.7,0.0,27.240000000000002,2,28.7,26.7,21.6,28.0,58,0.8660254037844386,0.5000000000000001,0.8406184056344782,0.5416278206559814
2017-02-28,28.7,15.5,21.3,0.0,27.31,2,25.3,31.2,26.7,21.6,59,0.8660254037844386,0.5000000000000001,0.8498170915275278,0.5270777086423722
2017-03-01,25.3,17.4,20.4,0.0,27.383333333333333,3,31.2,28.7,31.2,26.7,60,1.0,6.123233995736766e-17,0.8587639582758029,0.5123714121284237
2017-03-02,31.2,14.7,22.0,0.0,27.583333333333332,3,25.6,25.3,28.7,31.2,61,1.0,6.123233995736766e-17,0.8674563547295969,0.49751328890718066
2017-03-03,25.6,17.4,20.3,2.3,27.486666666666668,3,23.8,31.2,25.3,28.7,62,1.0,6.123233995736766e-17,0.8758917051442429,0.48250774176121847
2017-03-04,23.8,13.1,18.5,0.0,27.473333333333336,3,26.6,25.6,31.2,25.3,63,1.0,6.123233995736766e-17,0.8840675099433636,0.4673592171580022
2017-03-05,26.6,15.7,20.9,0.0,27.423333333333332,3,23.6,23.8,25.6,31.2,64,1.0,6.123233995736766e-17,0.8919813464595485,0.45207220393230435
2017-03-06,23.6,15.2,19.5,0.0,27.423333333333332,3,26.6,26.6,23.8,25.6,65,1.0,6.123233995736766e-17,0.8996308696522433,0.43665123195606403
2017-03-07,26.6,15.4,20.4,0.0,27.529999999999998,3,24.1,23.6,26.6,23.8,66,1.0,6.123233995736766e-17,0.9070138128026359,0.4211008707960896
2017-03-08,24.1,18.6,21.2,0.0,27.393333333333334,3,33.0,26.6,23.6,26.6,67,1.0,6.123233995736766e-17,0.9141279881853337,0.40542572835999735
2017-03-09,33.0,19.0,24.2,0.2,27.68,3,33.1,24.1,26.6,23.6,68,1.0,6.123233995736766e-17,0.9209712877166346,0.38963044953078796
2017-03-10,33.1,14.9,23.3,0.0,27.970000000000002,3,26.4,33.0,24.1,26.6,69,1.0,6.123233995736766e-17,0.9275416835791966,0.37371971479046906
2017-03-11,26.4,15.3,21.2,0.0,27.903333333333332,3,26.2,33.1,33.0,24.1,70,1.0,6.123233995736766e-17,0.9338372288229252,0.35769823883312546
2017-03-12,26.2,18.3,20.8,0.0,27.733333333333334,3,29.3,26.4,33.1,33.0,71,1.0,6.123233995736766e-17,0.9398560579418954,0.3415707691678556
2017-03-13,29.3,14.3,21.6,0.0,27.71333333333333,3,27.0,26.2,26.4,33.1,72,1.0,6.123233995736766e-17,0.9455963874271426,0.3253420847119801
2017-03-14,27.0,15.0,20.9,0.0,27.790000000000003,3,22.4,29.3,26.2,26.4,73,1.0,6.123233995736766e-17,0.9510565162951535,0.30901699437494745
2017-03-15,22.4,15.5,18.6,0.5,27.790000000000003,3,24.9,27.0,29.3,26.2,74,1.0,6.123233995736766e-17,0.9562348265919056,0.29260033563334836
2017-03-16,24.9,14.2,19.2,0.0,27.766666666666666,3,26.1,22.4,27.0,29.3,75,1.0,6.123233995736766e-17,0.9611297838723007,0.27609697309746883
2017-03-17,26.1,11.7,19.8,0.0,27.563333333333333,3,22.5,24.9,22.4,27.0,76,1.0,6.123233995736766e-17,0.9657399376548549,0.2595117970697999
2017-03-18,22.5,16.6,19.7,0.0,27.426666666666666,3,33.3,26.1,24.9,22.4,77,1.0,6.123233995736766e-17,0.9700639218515071,0.2428497220959356
2017-03-19,33.3,14.2,22.7,0.0,27.613333333333333,3,32.7,22.5,26.1,24.9,78,1.0,6.123233995736766e-17,0.9741004551724205,0.22611568550828828
2017-03-20,32.7,16.0,22.9,0.0,27.863333333333333,3,36.5,33.3,22.5,26.1,79,1.0,6.123233995736766e-17,0.9778483415056568,0.20931464596304847
2017-03-21,36.5,19.9,25.9,0.0,28.23,3,25.9,32.7,33.3,22.5,80,1.0,6.123233995736766e-17,0.9813064702716093,0.19245158197082998
2017-03-22,25.9,18.2,20.8,0.2,28.056666666666665,3,25.7,36.5,32.7,33.3,81,1.0,6.123233995736766e-17,0.9844738167520922,0.1755314904214282
2017-03-23,25.7,17.8,20.2,1.9,27.87,3,21.0,25.9,36.5,32.7,82,1.0,6.123233995736766e-17,0.9873494423939864,0.15855938510313475
2017-03-24,21.0,16.1,18.0,0.0,27.456666666666667,3,25.2,25.7,25.9,36.5,83,1.0,6.123233995736766e-17,0.989932495087353,0.141540295217043
2017-03-25,25.2,14.1,18.6,0.0,27.139999999999997,3,23.1,21.0,25.7,25.9,84,1.0,6.123233995736766e-17,0.9922222094179323,0.12447926388678915
2017-03-26,23.1,10.1,17.0,0.0,26.976666666666667,3,25.4,25.2,21.0,25.7,85,1.0,6.123233995736766e-17,0.994217906893952,0.10738134666416309
2017-03-27,25.4,14.1,19.3,0.0,27.10333333333333,3,22.1,23.1,25.2,21.0,86,1.0,6.123233995736766e-17,0.995918996147179,0.09025161003104117
2017-03-28,22.1,16.4,18.9,0.0,26.95,3,26.3,25.4,23.1,25.2,87,1.0,6.123233995736766e-17,0.9973249731081555,0.07309512989807777
2017-03-29,26.3,13.4,19.0,0.0,26.78666666666667,3,30.2,22.1,25.4,23.1,88,1.0,6.123233995736766e-17,0.9984354211555643,0.055916990100603484
2017-03-30,30.2,12.1,19.9,0.0,26.836666666666666,3,21.8,26.3,22.1,25.4,89,1.0,6.123233995736766e-17,0.9992500112396835,0.03872228089217446
2017-03-31,21.8,15.7,17.9,0.2,26.720000000000002,3,22.7,30.2,26.3,22.1,90,1.0,6.123233995736766e-17,0.9997685019798909,0.021516097436222254
2017-04-01,22.7,12.2,17.8,0.0,26.436666666666667,4,23.6,21.8,30.2,26.3,91,0.8660254037844387,-0.4999999999999998,0.9999907397361901,0.004303538296244289
2017-04-02,23.6,11.8,18.0,0.0,26.37,4,26.6,22.7,21.8,30.2,92,0.8660254037844387,-0.4999999999999998,0.9999166586547379,-0.01291029607500882
2017-04-03,26.6,17.0,20.5,0.0,26.46333333333333,4,23.9,23.6,22.7,21.8,93,0.8660254037844387,-0.4999999999999998,0.9995462806873573,-0.030120304846908114
2017-04-04,23.9,15.2,19.9,0.5,26.373333333333335,4,23.7,26.6,23.6,22.7,94,0.8660254037844387,-0.4999999999999998,0.9988797155850336,-0.04732138832243185
2017-04-05,23.7,14.8,17.8,0.5,26.37666666666667,4,25.1,23.9,26.6,23.6,95,0.8660254037844387,-0.4999999999999998,0.9979171608653922,-0.06450844944931623
2017-04-06,25.1,14.5,18.5,0.0,26.326666666666664,4,27.2,23.7,23.9,26.6,96,0.8660254037844387,-0.4999999999999998,0.9966589017541702,-0.08167639533042241
2017-04-07,27.2,13.5,20.3,0.0,26.43,4,29.7,25.1,23.7,23.9,97,0.8660254037844387,-0.4999999999999998,0.9951053111006976,-0.09882013873287143
2017-04-08,29.7,18.8,23.9,0.3,26.32,4,24.8,27.2,25.1,23.7,98,0.8660254037844387,-0.4999999999999998,0.9932568492674143,-0.11593459959550041
2017-04-09,24.8,14.3,18.8,0.0,26.043333333333333,4,23.1,29.7,27.2,25.1,99,0.8660254037844387,-0.4999999999999998,0.9911140639934547,-0.1330147065341959
2017-04-10,23.1,17.1,19.5,0.0,25.933333333333334,4,25.1,24.8,29.7,27.2,100,0.8660254037844387,-0.4999999999999998,0.9886775902323405,-0.1500553983446526
2017-04-11,25.1,13.8,18.9,0.0,25.89666666666667,4,22.4,23.1,24.8,29.7,101,0.8660254037844387,-0.4999999999999998,0.9859481499638304,-0.16705162550211924
2017-04-12,22.4,13.3,17.3,0.9,25.666666666666668,4,17.7,25.1,23.1,24.8,102,0.8660254037844387,-0.4999999999999998,0.9829265519799822,-0.18399835165768005
2017-04-13,17.7,13.8,15.6,0.5,25.356666666666666,4,18.6,22.4,25.1,23.1,103,0.8660254037844387,-0.4999999999999998,0.9796136916454901,-0.20089055513063506
2017-04-14,18.6,13.5,15.5,0.0,25.23,4,24.3,17.7,22.4,25.1,104,0.8660254037844387,-0.4999999999999998,0.9760105506323683,-0.21772323039653177
2017-04-15,24.3,12.7,17.2,0.0,25.21,4,29.8,18.6,17.7,22.4,105,0.8660254037844387,-0.4999999999999998,0.9721181966290613,-0.23449138957040985
2017-04-16,29.8,12.6,19.7,0.0,25.333333333333332,4,30.9,24.3,18.6,17.7,106,0.8660254037844387,-0.4999999999999998,0.9679377830240642,-0.25119006388481935
2017-04-17,30.9,14.7,21.5,0.0,25.613333333333333,4,29.1,29.8,24.3,18.6,107,0.8660254037844387,-0.4999999999999998,0.9634705485641488,-0.2678143051621742
2017-04-18,29.1,15.4,21.6,0.0,25.473333333333336,4,29.7,30.9,29.8,24.3,108,0.8660254037844387,-0.4999999999999998,0.9587178169872964,-0.2843591872810034
2017-04-19,29.7,15.9,21.6,0.0,25.373333333333335,4,29.3,29.1,30.9,29.8,109,0.8660254037844387,-0.4999999999999998,0.9536809966304457,-0.30081980763566735
2017-04-20,29.3,12.6,21.0,0.0,25.133333333333333,4,26.0,29.7,29.1,30.9,110,0.8660254037844387,-0.4999999999999998,0.9483615800121715,-0.3171912885891061
2017-04-21,26.0,12.1,18.7,0.0,25.136666666666667,4,27.7,29.3,29.7,29.1,111,0.8660254037844387,-0.4999999999999998,0.9427611433904207,-0.3334687789181868
2017-04-22,27.7,12.6,18.8,0.0,25.203333333333333,4,30.5,26.0,29.3,29.7,112,0.8660254037844387,-0.4999999999999998,0.9368813462954315,-0.3496474552512284
2017-04-23,30.5,13.2,20.9,0.0,25.52,4,28.4,27.7,26.0,29.3,113,0.8660254037844387,-0.4999999999999998,0.9307239310379795,-0.36572252349726897
2017-04-24,28.4,12.3,20.1,0.0,25.62666666666667,4,30.3,30.5,27.7,26.0,114,0.8660254037844387,-0.4999999999999998,0.9242907221930933,-0.3816892202666588
2017-04-25,30.3,14.4,21.2,0.0,25.866666666666667,4,26.8,28.4,30.5,27.7,115,0.8660254037844387,-0.4999999999999998,0.9175836260593937,-0.39754281428255595
2017-04-26,26.8,15.6,20.9,2.2,25.913333333333338,4,25.1,30.3,28.4,30.5,116,0.8660254037844387,-0.4999999999999998,0.9106046300942162,-0.4132786077829042
2017-04-27,25.1,14.2,18.3,0.0,26.013333333333332,4,26.8,26.8,30.3,28.4,117,0.8660254037844387,-0.4999999999999998,0.9033558023246845,-0.4288919379124835
2017-04-28,26.8,13.7,19.1,0.0,26.029999999999998,4,36.1,25.1,26.8,30.3,118,0.8660254037844387,-0.4999999999999998,0.895839290734909,-0.4443781781046132
2017-04-29,36.1,16.8,27.4,0.0,26.22666666666667,4,30.9,26.8,25.1,26.8,119,0.8660254037844387,-0.4999999999999998,0.8880573226294932,-0.45973273945210397
2017-04-30,30.9,15.3,20.2,5.8,26.529999999999998,4,21.9,36.1,26.8,25.1,120,0.8660254037844387,-0.4999999999999998,0.8800122039735357,-0.47495107206704995
2017-05-01,21.9,14.4,17.5,0.0,26.503333333333334,5,22.5,30.9,36.1,26.8,121,0.49999999999999994,-0.8660254037844387,0.8717063187093218,-0.4900286664290592
2017-05-02,22.5,12.9,17.4,0.0,26.466666666666665,5,28.9,21.9,30.9,36.1,122,0.49999999999999994,-0.8660254037844387,0.8631421280499114,-0.5049610547215204
2017-05-03,28.9,13.3,20.0,0.0,26.543333333333333,5,29.0,22.5,21.9,30.9,123,0.49999999999999994,-0.8660254037844387,0.854322169749827,-0.5197438121555155
2017-05-04,29.0,15.1,20.8,0.0,26.71333333333333,5,20.9,28.9,22.5,21.9,124,0.49999999999999994,-0.8660254037844387,0.8452490573530633,-0.5343725582809786
2017-05-05,20.9,12.0,16.3,1.1,26.619999999999997,5,19.2,29.0,28.9,22.5,125,0.49999999999999994,-0.8660254037844387,0.8359254794186372,-0.548842958284719
2017-05-06,19.2,12.7,16.0,0.0,26.423333333333336,5,19.2,20.9,29.0,28.9,126,0.49999999999999994,-0.8660254037844387,0.8263541987239096,-0.5631507242749186
2017-05-07,19.2,12.1,15.8,0.4,26.15666666666667,5,21.3,19.2,20.9,29.0,127,0.49999999999999994,-0.8660254037844387,0.8165380514459161,-0.5772916165517272
2017-05-08,21.3,7.7,14.3,0.0,25.876666666666665,5,20.5,19.2,19.2,20.9,128,0.49999999999999994,-0.8660254037844387,0.8064799463209448,-0.5912614448635781
2017-05-09,20.5,10.5,14.4,0.0,25.733333333333334,5,22.3,21.3,19.2,19.2,129,0.49999999999999994,-0.8660254037844387,0.7961828637826158,-0.6050560696488488
2017-05-10,22.3,7.6,14.9,0.0,25.706666666666663,5,16.8,20.5,21.3,19.2,130,0.49999999999999994,-0.8660254037844387,0.7856498550787147,-0.6186714032625031
2017-05-11,16.8,12.7,15.3,3.1,25.43,5,21.9,22.3,20.5,21.3,131,0.49999999999999994,-0.8660254037844387,0.7748840413670407,-0.6321034111873487
2017-05-12,21.9,11.6,15.5,0.0,25.413333333333334,5,20.5,16.8,22.3,20.5,132,0.49999999999999994,-0.8660254037844387,0.7638886127905428,-0.6453481132295501
2017-05-13,20.5,6.9,14.3,0.0,25.506666666666668,5,25.1,21.9,16.8,22.3,133,0.49999999999999994,-0.8660254037844387,0.7526668275320085,-0.6584015846980488
2017-05-14,25.1,6.3,14.7,0.0,25.723333333333336,5,29.7,20.5,21.9,16.8,134,0.49999999999999994,-0.8660254037844387,0.7412220108485958,-0.6712599575675313
2017-05-15,29.7,8.6,18.4,0.0,25.90333333333333,5,26.9,25.1,20.5,21.9,135,0.49999999999999994,-0.8660254037844387,0.7295575540864875,-0.6839194216246106
2017-05-16,26.9,13.5,17.6,0.0,25.80666666666667,5,20.0,29.7,25.1,20.5,136,0.49999999999999994,-0.8660254037844387,0.717676913675962,-0.6963762255968722
2017-05-17,20.0,13.9,16.2,0.0,25.443333333333335,5,21.9,26.9,29.7,25.1,137,0.49999999999999994,-0.8660254037844387,0.705583610107178,-0.7086266782644596
2017-05-18,21.9,11.3,14.9,0.0,25.203333333333333,5,19.7,20.0,26.9,29.7,138,0.49999999999999994,-0.8660254037844387,0.6932812268869777,-0.7206671495538609
2017-05-19,19.7,10.8,14.7,0.0,24.869999999999997,5,19.1,21.9,20.0,26.9,139,0.49999999999999994,-0.8660254037844387,0.6807734094770161,-0.7324940716135789
2017-05-20,19.1,9.9,14.2,0.0,24.529999999999998,5,21.8,19.7,21.9,20.0,140,0.49999999999999994,-0.8660254037844387,0.6680638642135335,-0.7441039398713607
2017-05-21,21.8,9.6,14.5,0.0,24.39,5,19.4,19.1,19.7,21.9,141,0.49999999999999994,-0.8660254037844387,0.6551563572090853,-0.7554933140726803
2017-05-22,19.4,11.0,14.2,0.0,24.113333333333333,5,25.1,21.8,19.1,19.7,142,0.49999999999999994,-0.8660254037844387,0.6420547132365637,-0.766658819300159
2017-05-23,25.1,9.8,16.6,0.0,23.933333333333334,5,19.9,19.4,21.8,19.1,143,0.49999999999999994,-0.8660254037844387,0.6287628145958344,-0.7775971469736269
2017-05-24,19.9,15.1,16.9,0.1,23.65,5,20.3,25.1,19.4,21.8,144,0.49999999999999994,-0.8660254037844387,0.6152845999633276,-0.7883050558305255
2017-05-25,20.3,12.3,15.8,0.0,23.316666666666666,5,18.5,19.9,25.1,19.4,145,0.49999999999999994,-0.8660254037844387,0.6016240632249226,-0.7987793728863649
2017-05-26,18.5,12.8,15.0,4.0,23.04,5,18.5,20.3,19.9,25.1,146,0.49999999999999994,-0.8660254037844387,0.5877852522924732,-0.8090169943749473
2017-05-27,18.5,10.2,14.1,0.5,22.82,5,19.3,18.5,20.3,19.9,147,0.49999999999999994,-0.8660254037844387,0.5737722679043246,-0.8190148866680801
2017-05-28,19.3,11.0,14.9,0.1,22.57,5,20.1,18.5,18.5,20.3,148,0.49999999999999994,-0.8660254037844387,0.5595892624101765,-0.8287700871745038
2017-05-29,20.1,6.7,14.0,0.0,22.036666666666665,5,26.6,19.3,18.5,18.5,149,0.49999999999999994,-0.8660254037844387,0.545240438540651,-0.8382797052177744
2017-05-30,26.6,9.4,16.7,0.0,21.89333333333333,5,19.9,20.1,19.3,18.5,150,0.49999999999999994,-0.8660254037844387,0.5307300481619334,-0.8475409228928311
2017-05-31,19.9,10.4,14.6,0.0,21.826666666666664,5,19.7,26.6,20.1,19.3,151,0.49999999999999994,-0.8660254037844387,0.5160623910158528,-0.8565509959010036
2017-06-01,19.7,11.0,14.9,0.0,21.733333333333334,6,26.4,19.9,26.6,20.1,152,1.2246467991473532e-16,-1.0,0.5012418134457758,-0.865307254363206
2017-06-02,26.4,7.4,16.2,0.0,21.65,6,23.6,19.7,19.9,26.6,153,1.2246467991473532e-16,-1.0,0.48627270710868997,-0.8738071036110808
2017-06-03,23.6,15.1,17.8,3.2,21.470000000000002,6,18.4,26.4,19.7,19.9,154,1.2246467991473532e-16,-1.0,0.4711595076738638,-0.8820480249558537
2017-06-04,18.4,12.4,15.1,0.1,21.386666666666667,6,20.4,23.6,26.4,19.7,155,1.2246467991473532e-16,-1.0,0.4559066935084588,-0.8900275764346767
2017-06-05,20.4,5.1,13.1,0.0,21.426666666666666,6,23.4,18.4,23.6,26.4,156,1.2246467991473532e-16,-1.0,0.440518784350495,-0.8977433935342337
2017-06-06,23.4,10.1,15.4,2.5,21.566666666666666,6,15.7,20.4,18.4,23.6,157,1.2246467991473532e-16,-1.0,0.42500033996955416,-0.9051931898913974
2017-06-07,15.7,9.9,12.6,22.8,21.38,6,14.3,23.4,20.4,18.4,158,1.2246467991473532e-16,-1.0,0.4093559588156213,-0.9123747579707273
2017-06-08,14.3,5.2,10.3,1.1,21.173333333333336,6,16.6,15.7,23.4,20.4,159,1.2246467991473532e-16,-1.0,0.39359027665646673,-0.9192859697186104
2017-06-09,16.6,2.7,10.0,0.0,20.983333333333334,6,16.9,14.3,15.7,23.4,160,1.2246467991473532e-16,-1.0,0.3777079652039649,-0.9259247771938498
2017-06-10,16.9,10.1,14.9,2.6,20.986666666666668,6,17.6,16.6,14.3,15.7,161,1.2246467991473532e-16,-1.0,0.36171373072976765,-0.9322892131745133
2017-06-11,17.6,10.5,14.1,0.5,20.84333333333333,6,17.1,16.9,16.6,14.3,162,1.2246467991473532e-16,-1.0,0.3456123126707335,-0.9383773917408641
2017-06-12,17.1,13.8,15.4,0.0,20.73,6,17.8,17.6,16.9,16.6,163,1.2246467991473532e-16,-1.0,0.3294084822245304,-0.9441875088341993
2017-06-13,17.8,13.4,15.4,5.1,20.486666666666668,6,18.4,17.1,17.6,16.9,164,1.2246467991473532e-16,-1.0,0.3131070409358269,-0.9497178427914316
2017-06-14,18.4,10.8,13.6,0.0,20.110000000000003,6,16.9,17.8,17.1,17.6,165,1.2246467991473532e-16,-1.0,0.29671281927349075,-0.9549667548552551
2017-06-15,16.9,9.2,14.0,1.1,19.776666666666664,6,22.7,18.4,17.8,17.1,166,1.2246467991473532e-16,-1.0,0.28023067519921585,-0.9599326896597447
2017-06-16,22.7,4.8,12.7,0.0,19.866666666666667,6,17.2,16.9,18.4,17.8,167,1.2246467991473532e-16,-1.0,0.26366549272800704,-0.9646141756912435
2017-06-17,17.2,8.7,13.8,1.5,19.709999999999997,6,15.9,22.7,16.9,18.4,168,1.2246467991473532e-16,-1.0,0.24702218048093552,-0.9690098257244062
2017-06-18,15.9,5.0,10.9,0.0,19.583333333333332,6,15.6,17.2,22.7,16.9,169,1.2246467991473532e-16,-1.0,0.23030567023061221,-0.9731183372332619
2017-06-19,15.6,6.2,11.3,4.7,19.466666666666665,6,14.5,15.9,17.2,22.7,170,1.2246467991473532e-16,-1.0,0.21352091543979612,-0.9769384927771817
2017-06-20,14.5,9.4,12.0,0.1,19.223333333333333,6,15.3,15.6,15.9,17.2,171,1.2246467991473532e-16,-1.0,0.19667288979357647,-0.980469160361632
2017-06-21,15.3,4.2,10.6,0.0,19.086666666666666,6,16.1,14.5,15.6,15.9,172,1.2246467991473532e-16,-1.0,0.1797665857255624,-0.9837092937736097
2017-06-22,16.1,8.9,13.3,5.2,18.786666666666665,6,15.2,15.3,14.5,15.6,173,1.2246467991473532e-16,-1.0,0.16280701293851715,-0.986657932891657
2017-06-23,15.2,7.2,10.5,0.0,18.63,6,15.7,16.1,15.3,14.5,174,1.2246467991473532e-16,-1.0,0.1457991969198751,-0.9893142039703663
2017-06-24,15.7,6.6,11.5,0.0,18.47666666666667,6,15.7,15.2,16.1,15.3,175,1.2246467991473532e-16,-1.0,0.12874817745258132,-0.99167731989929
2017-06-25,15.7,7.1,11.3,0.0,18.383333333333333,6,17.3,15.7,15.2,16.1,176,1.2246467991473532e-16,-1.0,0.11165900712169512,-0.993746580436178
2017-06-26,17.3,6.6,11.7,0.0,18.343333333333337,6,16.8,15.7,15.7,15.2,177,1.2246467991473532e-16,-1.0,0.09453674981719912,-0.9955213724144752
2017-06-27,16.8,8.5,12.3,0.1,18.259999999999998,6,15.4,17.3,15.7,15.7,178,1.2246467991473532e-16,-1.0,0.07738647923346301,-0.9970011699250151
2017-06-28,15.4,6.9,12.8,4.8,18.103333333333335,6,18.1,16.8,17.3,15.7,179,1.2246467991473532e-16,-1.0,0.06021327736579302,-0.9981855344718586
2017-06-29,18.1,6.3,11.2,0.0,17.82,6,15.6,15.4,16.8,17.3,180,1.2246467991473532e-16,-1.0,0.04302223300453059,-0.99907411510223
2017-06-30,15.6,8.4,11.6,0.7,17.67666666666667,6,15.6,18.1,15.4,16.8,181,1.2246467991473532e-16,-1.0,0.02581844022713308,-0.9996666485105112
2017-07-01,15.6,6.1,11.1,0.0,17.540000000000003,7,16.6,15.6,18.1,15.4,182,-0.4999999999999997,-0.8660254037844388,0.008606996888688698,-0.9999629591162655
2017-07-02,16.6,5.9,11.2,1.1,17.21333333333333,7,17.2,15.6,15.6,18.1,183,-0.4999999999999997,-0.8660254037844388,-0.008606996888688009,-0.9999629591162655
2017-07-03,17.2,8.2,12.3,0.0,17.0,7,17.9,16.6,15.6,15.6,184,-0.4999999999999997,-0.8660254037844388,-0.02581844022713239,-0.9996666485105112
2017-07-04,17.9,7.1,12.0,0.0,16.983333333333334,7,22.3,17.2,16.6,15.6,185,-0.4999999999999997,-0.8660254037844388,-0.04302223300453034,-0.99907411510223
2017-07-05,22.3,6.2,14.3,0.0,17.046666666666667,7,23.9,17.9,17.2,16.6,186,-0.4999999999999997,-0.8660254037844388,-0.060213277365792774,-0.9981855344718586
2017-07-06,23.9,13.0,16.1,0.0,17.063333333333333,7,20.0,22.3,17.9,17.2,187,-0.4999999999999997,-0.8660254037844388,-0.07738647923346322,-0.9970011699250151
2017-07-07,20.0,11.6,14.3,0.0,17.206666666666667,7,17.7,23.9,22.3,17.9,188,-0.4999999999999997,-0.8660254037844388,-0.09453674981719933,-0.9955213724144752
2017-07-08,17.7,10.4,13.5,0.0,17.32,7,14.5,20.0,23.9,22.3,189,-0.4999999999999997,-0.8660254037844388,-0.11165900712169444,-0.9937465804361781
2017-07-09,14.5,7.0,11.5,12.4,17.25,7,14.0,17.7,20.0,23.9,190,-0.4999999999999997,-0.8660254037844388,-0.12874817745258066,-0.99167731989929
2017-07-10,14.0,3.5,8.9,0.0,17.153333333333332,7,15.8,14.5,17.7,20.0,191,-0.4999999999999997,-0.8660254037844388,-0.14579919691987442,-0.9893142039703664
2017-07-11,15.8,5.0,10.4,0.0,17.09333333333333,7,17.2,14.0,14.5,17.7,192,-0.4999999999999997,-0.8660254037844388,-0.16280701293851646,-0.9866579328916572
2017-07-12,17.2,6.6,11.4,0.0,17.096666666666668,7,15.4,15.8,14.0,14.5,193,-0.4999999999999997,-0.8660254037844388,-0.17976658572556214,-0.9837092937736098
2017-07-13,15.4,8.6,11.7,0.0,17.016666666666666,7,16.8,17.2,15.8,14.0,194,-0.4999999999999997,-0.8660254037844388,-0.19667288979357622,-0.9804691603616321
2017-07-14,16.8,6.7,11.2,0.0,16.963333333333335,7,15.6,15.4,17.2,15.8,195,-0.4999999999999997,-0.8660254037844388,-0.2135209154397959,-0.9769384927771817
2017-07-15,15.6,6.6,11.2,13.0,16.919999999999998,7,13.2,16.8,15.4,17.2,196,-0.4999999999999997,-0.8660254037844388,-0.23030567023061196,-0.973118337233262
2017-07-16,13.2,6.9,10.2,1.8,16.603333333333335,7,14.7,15.6,16.8,15.4,197,-0.4999999999999997,-0.8660254037844388,-0.24702218048093527,-0.9690098257244063
2017-07-17,14.7,5.6,9.4,0.0,16.52,7,16.8,13.2,15.6,16.8,198,-0.4999999999999997,-0.8660254037844388,-0.2636654927280072,-0.9646141756912435
2017-07-18,16.8,6.0,10.7,0.3,16.55,7,16.6,14.7,13.2,15.6,199,-0.4999999999999997,-0.8660254037844388,-0.2802306751992161,-0.9599326896597445
2017-07-19,16.6,7.5,11.9,0.2,16.583333333333332,7,17.1,16.8,14.7,13.2,200,-0.4999999999999997,-0.8660254037844388,-0.2967128192734901,-0.9549667548552553
2017-07-20,17.1,7.8,13.1,1.6,16.67,7,16.2,16.6,16.8,14.7,201,-0.4999999999999997,-0.8660254037844388,-0.3131070409358267,-0.9497178427914317
2017-07-21,16.2,7.9,11.2,0.0,16.7,7,17.0,17.1,16.6,16.8,202,-0.4999999999999997,-0.8660254037844388,-0.3294084822245302,-0.9441875088341994
2017-07-22,17.0,8.8,12.6,0.0,16.73,7,16.7,16.2,17.1,16.6,203,-0.4999999999999997,-0.8660254037844388,-0.3456123126707333,-0.9383773917408642
2017-07-23,16.7,9.8,12.7,0.0,16.779999999999998,7,20.0,17.0,16.2,17.1,204,-0.4999999999999997,-0.8660254037844388,-0.3617137307297674,-0.9322892131745134
2017-07-24,20.0,5.7,11.8,0.0,16.923333333333332,7,16.6,16.7,17.0,16.2,205,-0.4999999999999997,-0.8660254037844388,-0.37770796520396466,-0.9259247771938499
2017-07-25,16.6,9.1,12.5,5.7,16.953333333333333,7,15.5,20.0,16.7,17.0,206,-0.4999999999999997,-0.8660254037844388,-0.39359027665646645,-0.9192859697186105
2017-07-26,15.5,7.0,10.2,0.0,16.893333333333334,7,17.0,16.6,20.0,16.7,207,-0.4999999999999997,-0.8660254037844388,-0.4093559588156211,-0.9123747579707274
2017-07-27,17.0,3.9,9.5,0.0,16.9,7,24.8,15.5,16.6,20.0,208,-0.4999999999999997,-0.8660254037844388,-0.42500033996955394,-0.9051931898913975
2017-07-28,24.8,5.3,13.8,0.0,17.21333333333333,7,18.1,17.0,15.5,16.6,209,-0.4999999999999997,-0.8660254037844388,-0.4405187843504952,-0.8977433935342336
2017-07-29,18.1,7.6,12.8,0.0,17.21333333333333,7,23.3,24.8,17.0,15.5,210,-0.4999999999999997,-0.8660254037844388,-0.455906693508459,-0.8900275764346766
2017-07-30,23.3,12.7,16.7,0.0,17.470000000000002,7,29.6,18.1,24.8,17.0,211,-0.4999999999999997,-0.8660254037844388,-0.47115950767386394,-0.8820480249558535
2017-07-31,29.6,11.6,19.8,0.0,17.936666666666667,7,16.4,23.3,18.1,24.8,212,-0.4999999999999997,-0.8660254037844388,-0.4862727071086902,-0.8738071036110807
2017-08-01,16.4,14.6,15.4,5.7,17.93,8,18.5,29.6,23.3,18.1,213,-0.8660254037844385,-0.5000000000000004,-0.5012418134457756,-0.8653072543632061
2017-08-02,18.5,12.1,14.8,1.5,17.973333333333336,8,17.1,16.4,29.6,23.3,214,-0.8660254037844385,-0.5000000000000004,-0.5160623910158526,-0.8565509959010037
2017-08-03,17.1,8.9,12.7,0.0,17.946666666666665,8,17.8,18.5,16.4,29.6,215,-0.8660254037844385,-0.5000000000000004,-0.5307300481619331,-0.8475409228928312
2017-08-04,17.8,10.5,13.6,0.0,17.796666666666667,8,17.4,17.1,18.5,16.4,216,-0.8660254037844385,-0.5000000000000004,-0.5452404385406507,-0.8382797052177745
2017-08-05,17.4,9.8,13.0,0.0,17.58,8,17.4,17.8,17.1,18.5,217,-0.8660254037844385,-0.5000000000000004,-0.5595892624101763,-0.828770087174504
2017-08-06,17.4,9.1,13.4,0.0,17.493333333333336,8,18.9,17.4,17.8,17.1,218,-0.8660254037844385,-0.5000000000000004,-0.5737722679043243,-0.8190148866680802
2017-08-07,18.9,8.2,12.9,0.0,17.533333333333335,8,19.2,17.4,17.4,17.8,219,-0.8660254037844385,-0.5000000000000004,-0.5877852522924734,-0.8090169943749472
2017-08-08,19.2,9.7,13.4,0.0,17.689999999999998,8,20.4,18.9,17.4,17.4,220,-0.8660254037844385,-0.5000000000000004,-0.6016240632249227,-0.7987793728863648
2017-08-09,20.4,7.1,12.5,0.0,17.903333333333332,8,17.8,19.2,18.9,17.4,221,-0.8660254037844385,-0.5000000000000004,-0.6152845999633277,-0.7883050558305253
2017-08-10,17.8,12.2,14.4,0.0,17.970000000000002,8,15.8,20.4,19.2,18.9,222,-0.8660254037844385,-0.5000000000000004,-0.6287628145958345,-0.7775971469736268
2017-08-11,15.8,9.2,13.2,13.9,17.923333333333332,8,14.0,17.8,20.4,19.2,223,-0.8660254037844385,-0.5000000000000004,-0.6420547132365636,-0.7666588193001592
2017-08-12,14.0,8.4,11.3,1.5,17.876666666666665,8,15.9,15.8,17.8,20.4,224,-0.8660254037844385,-0.5000000000000004,-0.655156357209085,-0.7554933140726804
2017-08-13,15.9,7.4,11.6,0.0,17.84666666666667,8,18.4,14.0,15.8,17.8,225,-0.8660254037844385,-0.5000000000000004,-0.6680638642135333,-0.7441039398713608
2017-08-14,18.4,7.3,11.8,0.0,17.94,8,15.9,15.9,14.0,15.8,226,-0.8660254037844385,-0.5000000000000004,-0.6807734094770159,-0.7324940716135792
2017-08-15,15.9,8.4,11.7,2.3,18.029999999999998,8,13.4,18.4,15.9,14.0,227,-0.8660254037844385,-0.5000000000000004,-0.6932812268869771,-0.7206671495538615
2017-08-16,13.4,9.5,11.1,7.2,17.986666666666668,8,17.6,15.9,18.4,15.9,228,-0.8660254037844385,-0.5000000000000004,-0.7055836101071774,-0.70862667826446
2017-08-17,17.6,7.6,11.8,0.0,18.013333333333332,8,17.5,13.4,15.9,18.4,229,-0.8660254037844385,-0.5000000000000004,-0.7176769136759615,-0.6963762255968726
2017-08-18,17.5,6.7,11.6,0.0,18.043333333333333,8,21.2,17.6,13.4,15.9,230,-0.8660254037844385,-0.5000000000000004,-0.7295575540864876,-0.6839194216246105
2017-08-19,21.2,6.4,13.7,0.0,18.180000000000003,8,22.9,17.5,17.6,13.4,231,-0.8660254037844385,-0.5000000000000004,-0.7412220108485957,-0.6712599575675315
2017-08-20,22.9,9.7,14.8,0.0,18.403333333333332,8,16.9,21.2,17.5,17.6,232,-0.8660254037844385,-0.5000000000000004,-0.7526668275320083,-0.6584015846980489
2017-08-21,16.9,10.3,13.3,6.5,18.4,8,15.3,22.9,21.2,17.5,233,-0.8660254037844385,-0.5000000000000004,-0.7638886127905429,-0.64534811322955
2017-08-22,15.3,10.7,12.9,0.9,18.35333333333333,8,15.4,16.9,22.9,21.2,234,-0.8660254037844385,-0.5000000000000004,-0.7748840413670406,-0.6321034111873488
2017-08-23,15.4,9.9,12.5,1.0,18.2,8,14.0,15.3,16.9,22.9,235,-0.8660254037844385,-0.5000000000000004,-0.7856498550787144,-0.6186714032625032
2017-08-24,14.0,10.8,12.7,1.1,18.113333333333337,8,15.4,15.4,15.3,16.9,236,-0.8660254037844385,-0.5000000000000004,-0.7961828637826154,-0.6050560696488494
2017-08-25,15.4,10.6,12.8,0.0,18.110000000000003,8,17.4,14.0,15.4,15.3,237,-0.8660254037844385,-0.5000000000000004,-0.8064799463209447,-0.5912614448635782
2017-08-26,17.4,8.7,12.7,0.0,18.123333333333335,8,23.8,15.4,14.0,15.4,238,-0.8660254037844385,-0.5000000000000004,-0.8165380514459157,-0.5772916165517278
2017-08-27,23.8,11.3,16.2,0.0,18.089999999999996,8,25.6,17.4,15.4,14.0,239,-0.8660254037844385,-0.5000000000000004,-0.8263541987239094,-0.5631507242749187
2017-08-28,25.6,7.2,15.5,0.0,18.339999999999996,8,16.7,23.8,17.4,15.4,240,-0.8660254037844385,-0.5000000000000004,-0.8359254794186365,-0.5488429582847199
2017-08-29,16.7,11.9,14.4,1.8,18.12,8,16.0,25.6,23.8,17.4,241,-0.8660254037844385,-0.5000000000000004,-0.8452490573530634,-0.5343725582809785
2017-08-30,16.0,10.9,12.9,1.7,17.666666666666668,8,17.5,16.7,25.6,23.8,242,-0.8660254037844385,-0.5000000000000004,-0.8543221697498269,-0.5197438121555157
2017-08-31,17.5,8.2,12.5,0.0,17.703333333333333,8,18.9,16.0,16.7,25.6,243,-0.8660254037844385,-0.5000000000000004,-0.8631421280499115,-0.5049610547215202
2017-09-01,18.9,5.6,12.5,0.0,17.716666666666665,9,19.1,17.5,16.0,16.7,244,-1.0,-1.8369701987210297e-16,-0.8717063187093217,-0.4900286664290594
2017-09-02,19.1,10.0,14.3,0.0,17.783333333333335,9,23.2,18.9,17.5,16.0,245,-1.0,-1.8369701987210297e-16,-0.8800122039735356,-0.4749510720670502
2017-09-03,23.2,8.4,15.6,0.0,17.96333333333333,9,33.3,19.1,18.9,17.5,246,-1.0,-1.8369701987210297e-16,-0.888057322629493,-0.4597327394521046
2017-09-04,33.3,9.1,19.5,0.0,18.493333333333336,9,16.8,23.2,19.1,18.9,247,-1.0,-1.8369701987210297e-16,-0.8958392907349089,-0.4443781781046134
2017-09-05,16.8,11.1,14.6,0.9,18.473333333333333,9,18.0,33.3,23.2,19.1,248,-1.0,-1.8369701987210297e-16,-0.9033558023246842,-0.4288919379124841
2017-09-06,18.0,9.6,13.4,0.0,18.44333333333333,9,16.1,16.8,33.3,23.2,249,-1.0,-1.8369701987210297e-16,-0.9106046300942162,-0.41327860778290443
2017-09-07,16.1,12.7,14.5,1.7,18.34,9,19.1,18.0,16.8,33.3,250,-1.0,-1.8369701987210297e-16,-0.9175836260593934,-0.3975428142825566
2017-09-08,19.1,13.5,15.8,0.1,18.296666666666667,9,18.6,16.1,18.0,16.8,251,-1.0,-1.8369701987210297e-16,-0.9242907221930934,-0.3816892202666586
2017-09-09,18.6,10.8,14.7,0.0,18.323333333333334,9,24.8,19.1,16.1,18.0,252,-1.0,-1.8369701987210297e-16,-0.9307239310379793,-0.3657225234972692
2017-09-10,24.8,8.7,15.9,0.0,18.623333333333335,9,19.7,18.6,19.1,16.1,253,-1.0,-1.8369701987210297e-16,-0.9368813462954315,-0.34964745525122826
2017-09-11,19.7,12.4,15.6,0.0,18.813333333333336,9,18.5,24.8,18.6,19.1,254,-1.0,-1.8369701987210297e-16,-0.9427611433904206,-0.33346877891818705
2017-09-12,18.5,11.5,14.7,1.1,18.9,9,18.4,19.7,24.8,18.6,255,-1.0,-1.8369701987210297e-16,-0.9483615800121716,-0.31719128858910595
2017-09-13,18.4,10.2,13.8,0.0,18.9,9,18.1,18.5,19.7,24.8,256,-1.0,-1.8369701987210297e-16,-0.9536809966304455,-0.300819807635668
2017-09-14,18.1,10.8,14.0,0.0,18.973333333333336,9,18.6,18.4,18.5,19.7,257,-1.0,-1.8369701987210297e-16,-0.9587178169872964,-0.2843591872810036
2017-09-15,18.6,10.7,14.9,2.3,19.146666666666665,9,19.3,18.1,18.4,18.5,258,-1.0,-1.8369701987210297e-16,-0.9634705485641486,-0.26781430516217486
2017-09-16,19.3,11.7,15.6,0.1,19.203333333333333,9,23.0,18.6,18.1,18.4,259,-1.0,-1.8369701987210297e-16,-0.9679377830240642,-0.25119006388481957
2017-09-17,23.0,9.5,16.1,0.0,19.386666666666667,9,25.5,19.3,18.6,18.1,260,-1.0,-1.8369701987210297e-16,-0.9721181966290612,-0.23449138957041052
2017-09-18,25.5,9.8,16.3,0.1,19.529999999999998,9,19.6,23.0,19.3,18.6,261,-1.0,-1.8369701987210297e-16,-0.9760105506323682,-0.21772323039653224
2017-09-19,19.6,13.6,16.5,0.1,19.42,9,27.2,25.5,23.0,19.3,262,-1.0,-1.8369701987210297e-16,-0.9796136916454901,-0.20089055513063528
2017-09-20,27.2,10.7,18.3,0.0,19.763333333333332,9,23.2,19.6,25.5,23.0,263,-1.0,-1.8369701987210297e-16,-0.9829265519799822,-0.18399835165767986
2017-09-21,23.2,11.6,17.4,0.4,20.026666666666667,9,18.3,27.2,19.6,25.5,264,-1.0,-1.8369701987210297e-16,-0.9859481499638303,-0.1670516255021195
2017-09-22,18.3,11.8,14.7,3.0,20.12333333333333,9,22.0,23.2,27.2,19.6,265,-1.0,-1.8369701987210297e-16,-0.9886775902323404,-0.15005539834465262
2017-09-23,22.0,10.6,15.2,0.0,20.389999999999997,9,19.8,18.3,23.2,27.2,266,-1.0,-1.8369701987210297e-16,-0.9911140639934546,-0.13301470653419636
2017-09-24,19.8,6.8,14.0,0.8,20.53666666666667,9,17.0,22.0,18.3,23.2,267,-1.0,-1.8369701987210297e-16,-0.9932568492674143,-0.11593459959550066
2017-09-25,17.0,10.8,13.0,10.3,20.523333333333333,9,16.2,19.8,22.0,18.3,268,-1.0,-1.8369701987210297e-16,-0.9951053111006974,-0.09882013873287211
2017-09-26,16.2,8.5,12.3,0.3,20.27,9,19.1,17.0,19.8,22.0,269,-1.0,-1.8369701987210297e-16,-0.99665890175417,-0.08167639533042288
2017-09-27,19.1,8.4,14.4,0.0,20.053333333333335,9,23.1,16.2,17.0,19.8,270,-1.0,-1.8369701987210297e-16,-0.9979171608653922,-0.06450844944931625
2017-09-28,23.1,8.0,15.1,0.0,20.266666666666666,9,20.1,19.1,16.2,17.0,271,-1.0,-1.8369701987210297e-16,-0.9988797155850335,-0.04732138832243232
2017-09-29,20.1,10.9,15.5,0.2,20.403333333333332,9,20.9,23.1,19.1,16.2,272,-1.0,-1.8369701987210297e-16,-0.9995462806873573,-0.03012030484690836
2017-09-30,20.9,12.0,15.7,0.0,20.516666666666666,9,27.1,20.1,23.1,19.1,273,-1.0,-1.8369701987210297e-16,-0.9999166586547379,-0.012910296075008843
2017-10-01,27.1,12.1,18.1,0.0,20.790000000000003,10,31.9,20.9,20.1,23.1,274,-0.8660254037844386,0.5000000000000001,-0.9999907397361901,0.004303538296243821
2017-10-02,31.9,9.7,19.4,0.1,21.216666666666665,10,20.1,27.1,20.9,20.1,275,-0.8660254037844386,0.5000000000000001,-0.9997685019798909,0.021516097436222233
2017-10-03,20.1,14.3,16.7,1.9,21.113333333333337,10,17.0,31.9,27.1,20.9,276,-0.8660254037844386,0.5000000000000001,-0.9992500112396835,0.03872228089217399
2017-10-04,17.0,9.4,13.8,4.6,20.57,10,18.4,20.1,31.9,27.1,277,-0.8660254037844386,0.5000000000000001,-0.9984354211555643,0.05591699010060302
2017-10-05,18.4,5.1,12.3,0.0,20.623333333333335,10,21.3,17.0,20.1,31.9,278,-0.8660254037844386,0.5000000000000001,-0.9973249731081555,0.07309512989807776
2017-10-06,21.3,8.6,14.5,0.0,20.733333333333334,10,18.4,18.4,17.0,20.1,279,-0.8660254037844386,0.5000000000000001,-0.9959189961471792,0.0902516100310407
2017-10-07,18.4,11.8,14.8,0.2,20.81,10,16.7,21.3,18.4,17.0,280,-0.8660254037844386,0.5000000000000001,-0.994217906893952,0.10738134666416306
2017-10-08,16.7,12.2,14.3,0.8,20.73,10,18.3,18.4,21.3,18.4,281,-0.8660254037844386,0.5000000000000001,-0.9922222094179324,0.12447926388678869
2017-10-09,18.3,11.7,14.9,0.0,20.719999999999995,10,22.3,16.7,18.4,21.3,282,-0.8660254037844386,0.5000000000000001,-0.989932495087353,0.141540295217043
2017-10-10,22.3,9.9,15.4,0.0,20.636666666666667,10,20.2,18.3,16.7,18.4,283,-0.8660254037844386,0.5000000000000001,-0.9873494423939864,0.15855938510313475
2017-10-11,20.2,8.5,15.1,0.1,20.65333333333333,10,19.7,22.3,18.3,16.7,284,-0.8660254037844386,0.5000000000000001,-0.9844738167520923,0.17553149042142777
2017-10-12,19.7,11.7,16.1,0.2,20.69333333333333,10,28.6,20.2,22.3,18.3,285,-0.8660254037844386,0.5000000000000001,-0.9813064702716093,0.19245158197082995
2017-10-13,28.6,11.9,19.8,0.0,21.033333333333335,10,20.6,19.7,20.2,22.3,286,-0.8660254037844386,0.5000000000000001,-0.9778483415056567,0.20931464596304888
2017-10-14,20.6,14.2,17.0,0.4,21.116666666666667,10,18.0,28.6,19.7,20.2,287,-0.8660254037844386,0.5000000000000001,-0.9741004551724206,0.22611568550828803
2017-10-15,18.0,12.4,14.9,3.2,21.09666666666667,10,16.6,20.6,28.6,19.7,288,-0.8660254037844386,0.5000000000000001,-0.970063921851507,0.2428497220959358
2017-10-16,16.6,11.0,13.2,3.0,21.006666666666664,10,16.5,18.0,20.6,28.6,289,-0.8660254037844386,0.5000000000000001,-0.965739937654855,0.25951179706979943
2017-10-17,16.5,10.7,13.9,1.5,20.79,10,20.9,16.6,18.0,20.6,290,-0.8660254037844386,0.5000000000000001,-0.9611297838723007,0.27609697309746883
2017-10-18,20.9,11.6,15.3,1.0,20.636666666666667,10,19.5,16.5,16.6,18.0,291,-0.8660254037844386,0.5000000000000001,-0.9562348265919058,0.2926003356333479
2017-10-19,19.5,10.5,15.1,3.7,20.633333333333333,10,19.2,20.9,16.5,16.6,292,-0.8660254037844386,0.5000000000000001,-0.9510565162951536,0.30901699437494723
2017-10-20,19.2,9.0,14.0,0.2,20.366666666666667,10,22.4,19.5,20.9,16.5,293,-0.8660254037844386,0.5000000000000001,-0.9455963874271428,0.3253420847119795
2017-10-21,22.4,8.9,15.7,0.0,20.339999999999996,10,19.5,19.2,19.5,20.9,294,-0.8660254037844386,0.5000000000000001,-0.9398560579418953,0.341570769167856
2017-10-22,19.5,13.0,16.1,0.0,20.38,10,24.0,22.4,19.2,19.5,295,-0.8660254037844386,0.5000000000000001,-0.9338372288229252,0.35769823883312546
2017-10-23,24.0,9.6,17.0,0.0,20.446666666666665,10,21.6,19.5,22.4,19.2,296,-0.8660254037844386,0.5000000000000001,-0.9275416835791965,0.3737197147904692
2017-10-24,21.6,13.8,17.3,0.2,20.506666666666664,10,17.2,24.0,19.5,22.4,297,-0.8660254037844386,0.5000000000000001,-0.9209712877166347,0.38963044953078774
2017-10-25,17.2,13.4,15.1,4.5,20.513333333333332,10,16.2,21.6,24.0,19.5,298,-0.8660254037844386,0.5000000000000001,-0.9141279881853337,0.4054257283599973
2017-10-26,16.2,12.0,13.7,0.5,20.513333333333332,10,23.2,17.2,21.6,24.0,299,-0.8660254037844386,0.5000000000000001,-0.9070138128026362,0.42110087079608916
2017-10-27,23.2,10.8,16.0,0.0,20.65,10,25.2,16.2,17.2,21.6,300,-0.8660254037844386,0.5000000000000001,-0.8996308696522434,0.4366512319560638
2017-10-28,25.2,8.8,17.5,0.0,20.720000000000002,10,26.7,23.2,16.2,17.2,301,-0.8660254037844386,0.5000000000000001,-0.8919813464595487,0.45207220393230374
2017-10-29,26.7,10.0,18.6,0.0,20.939999999999998,10,31.7,25.2,23.2,16.2,302,-0.8660254037844386,0.5000000000000001,-0.8840675099433637,0.46735921715800205
2017-10-30,31.7,13.5,22.4,0.0,21.3,10,33.3,26.7,25.2,23.2,303,-0.8660254037844386,0.5000000000000001,-0.8758917051442433,0.48250774176121763
2017-10-31,33.3,17.9,24.2,3.2,21.506666666666664,10,27.1,31.7,26.7,25.2,304,-0.8660254037844386,0.5000000000000001,-0.8674563547295971,0.4975132889071803
2017-11-01,27.1,14.4,19.1,0.0,21.346666666666668,11,29.3,33.3,31.7,26.7,305,-0.5000000000000004,0.8660254037844384,-0.858763958275803,0.5123714121284235
2017-11-02,29.3,16.1,21.8,1.0,21.65333333333333,11,21.3,27.1,33.3,31.7,306,-0.5000000000000004,0.8660254037844384,-0.8498170915275277,0.5270777086423724
2017-11-03,21.3,15.0,18.6,3.7,21.796666666666667,11,22.3,29.3,27.1,33.3,307,-0.5000000000000004,0.8660254037844384,-0.8406184056344783,0.5416278206559811
2017-11-04,22.3,13.2,17.5,0.0,21.926666666666666,11,20.5,21.3,29.3,27.1,308,-0.5000000000000004,0.8660254037844384,-0.8311706263658079,0.5560174366570446
2017-11-05,20.5,15.1,17.8,0.0,21.9,11,21.1,22.3,21.3,29.3,309,-0.5000000000000004,0.8660254037844384,-0.8214765533024145,0.5702422926917867
2017-11-06,21.1,14.5,17.2,0.0,21.990000000000002,11,22.9,20.5,22.3,21.3,310,-0.5000000000000004,0.8660254037844384,-0.8115390590073611,0.5842981736283683
2017-11-07,22.9,13.7,17.9,0.0,22.196666666666665,11,29.7,21.1,20.5,22.3,311,-0.5000000000000004,0.8660254037844384,-0.801361088174677,0.5981809144059158
2017-11-08,29.7,12.9,21.0,0.0,22.576666666666668,11,26.5,22.9,21.1,20.5,312,-0.5000000000000004,0.8660254037844384,-0.7909456567567774,0.6118864012687242
2017-11-09,26.5,14.8,20.7,0.0,22.716666666666665,11,26.1,29.7,22.9,21.1,313,-0.5000000000000004,0.8660254037844384,-0.780295851070776,0.6254105729852457
2017-11-10,26.1,13.2,19.8,0.0,22.913333333333338,11,28.1,26.5,29.7,22.9,314,-0.5000000000000004,0.8660254037844384,-0.7694148268839381,0.6387494220515268
2017-11-11,28.1,14.6,20.7,0.0,23.19333333333333,11,23.7,26.1,26.5,29.7,315,-0.5000000000000004,0.8660254037844384,-0.7583058084785625,0.6518989958787125
2017-11-12,23.7,15.4,18.5,0.2,23.029999999999998,11,20.5,28.1,26.1,26.5,316,-0.5000000000000004,0.8660254037844384,-0.7469720876965551,0.6648553979642866
2017-11-13,20.5,16.1,17.8,0.0,23.026666666666664,11,17.6,23.7,28.1,26.1,317,-0.5000000000000004,0.8660254037844384,-0.7354170229639858,0.6776147890466887
2017-11-14,17.6,13.1,15.5,4.2,23.013333333333332,11,19.1,20.5,23.7,28.1,318,-0.5000000000000004,0.8660254037844384,-0.7236440382959124,0.690173388242972
2017-11-15,19.1,13.0,15.6,5.1,23.09666666666667,11,21.5,17.6,20.5,23.7,319,-0.5000000000000004,0.8660254037844384,-0.711656622281775,0.7025274741691566
2017-11-16,21.5,12.7,17.1,0.0,23.263333333333335,11,25.5,19.1,17.6,20.5,320,-0.5000000000000004,0.8660254037844384,-0.6994583270516471,0.7146733860429608
2017-11-17,25.5,10.4,17.9,0.0,23.416666666666668,11,23.6,21.5,19.1,17.6,321,-0.5000000000000004,0.8660254037844384,-0.6870527672236675,0.7266075247685652
2017-11-18,23.6,12.6,18.1,0.0,23.55333333333333,11,26.2,25.5,21.5,19.1,322,-0.5000000000000004,0.8660254037844384,-0.6744436188329457,0.7383263540031063
2017-11-19,26.2,12.1,18.5,0.0,23.78666666666667,11,21.4,23.6,25.5,21.5,323,-0.5000000000000004,0.8660254037844384,-0.661634618242279,0.749826401204568
2017-11-20,21.4,14.1,17.6,6.4,23.753333333333334,11,17.4,26.2,23.6,25.5,324,-0.5000000000000004,0.8660254037844384,-0.6486295610349818,0.7611042586607742
2017-11-21,17.4,10.7,14.3,11.0,23.683333333333334,11,18.4,21.4,26.2,23.6,325,-0.5000000000000004,0.8660254037844384,-0.6354323008901775,0.7721565844991641
2017-11-22,18.4,9.9,14.5,0.6,23.49666666666667,11,21.3,17.4,21.4,26.2,326,-0.5000000000000004,0.8660254037844384,-0.622046748440868,0.7829801036770624
2017-11-23,21.3,9.3,16.1,0.0,23.486666666666668,11,21.1,18.4,17.4,21.4,327,-0.5000000000000004,0.8660254037844384,-0.6084768701151264,0.7935716089521472
2017-11-24,21.1,12.6,17.5,0.0,23.616666666666667,11,25.0,21.3,18.4,17.4,328,-0.5000000000000004,0.8660254037844384,-0.594726686960764,0.8039279618328208
2017-11-25,25.0,13.9,18.7,0.0,23.910000000000004,11,22.3,21.1,21.3,18.4,329,-0.5000000000000004,0.8660254037844384,-0.5808002734538013,0.8140460935082175
2017-11-26,22.3,15.8,18.3,0.0,23.88,11,29.6,25.0,21.1,21.3,330,-0.5000000000000004,0.8660254037844384,-0.5667017562911184,0.8239230057575536
2017-11-27,29.6,13.0,21.2,0.0,24.026666666666664,11,23.5,22.3,25.0,21.1,331,-0.5000000000000004,0.8660254037844384,-0.5524353131676203,0.8335557718385695
2017-11-28,23.5,14.6,18.5,0.0,23.92,11,27.9,29.6,22.3,25.0,332,-0.5000000000000004,0.8660254037844384,-0.5380051715382992,0.8429415373547832
2017-11-29,27.9,16.1,21.3,0.0,23.793333333333333,11,28.9,23.5,29.6,22.3,333,-0.5000000000000004,0.8660254037844384,-0.5234156073655503,0.8520775211013093
2017-11-30,28.9,15.1,21.4,0.0,23.646666666666665,11,23.6,27.9,23.5,29.6,334,-0.5000000000000004,0.8660254037844384,-0.5086709438521042,0.8609610158889945
2017-12-01,23.6,17.2,20.0,0.0,23.529999999999998,12,23.8,28.9,27.9,23.5,335,-2.4492935982947064e-16,1.0,-0.49377555015997737,0.8695893893466109
2017-12-02,23.8,14.2,18.8,0.0,23.34666666666667,12,23.2,23.6,28.9,27.9,336,-2.4492935982947064e-16,1.0,-0.4787338401157883,0.8779600847008883
2017-12-03,23.2,16.1,18.4,3.9,23.41,12,22.9,23.8,23.6,28.9,337,-2.4492935982947064e-16,1.0,-0.4635502709028512,0.8860706215341378
2017-12-04,22.9,15.5,19.2,0.0,23.43,12,31.1,23.2,23.8,23.6,338,-2.4492935982947064e-16,1.0,-0.4482293417404106,0.893918596519257
2017-12-05,31.1,16.3,23.0,0.0,23.783333333333335,12,35.0,22.9,23.2,23.8,339,-2.4492935982947064e-16,1.0,-0.4327755925504317,0.9015016841318838
2017-12-06,35.0,17.8,26.1,0.0,24.246666666666666,12,35.2,31.1,22.9,23.2,340,-2.4492935982947064e-16,1.0,-0.41719360261231697,0.9088176373395028
2017-12-07,35.2,17.2,26.7,0.0,24.65666666666667,12,35.3,35.0,31.1,22.9,341,-2.4492935982947064e-16,1.0,-0.4014879892059737,0.9158642882672868
2017-12-08,35.3,19.7,25.8,0.4,24.84333333333333,12,23.1,35.2,35.0,31.1,342,-2.4492935982947064e-16,1.0,-0.38566340624360745,0.9226395488404875
2017-12-09,23.1,16.9,20.1,0.2,24.73,12,29.4,35.3,35.2,35.0,343,-2.4492935982947064e-16,1.0,-0.3697245428906732,0.9291414114031743
2017-12-10,29.4,15.1,21.2,0.0,24.839999999999996,12,27.8,23.1,35.3,35.2,344,-2.4492935982947064e-16,1.0,-0.3536761221763721,0.935367949313148
2017-12-11,27.8,14.1,19.9,0.0,24.830000000000002,12,21.3,29.4,23.1,35.3,345,-2.4492935982947064e-16,1.0,-0.33752289959411347,0.941317317512847
2017-12-12,21.3,16.7,18.4,0.0,24.75,12,21.4,27.8,29.4,23.1,346,-2.4492935982947064e-16,1.0,-0.32126966169236515,0.9469877530760751
2017-12-13,21.4,13.4,17.9,1.6,24.779999999999998,12,21.1,21.3,27.8,29.4,347,-2.4492935982947064e-16,1.0,-0.3049212246562894,0.9523775757303973
2017-12-14,21.1,15.6,18.1,0.2,24.896666666666665,12,28.4,21.4,21.3,27.8,348,-2.4492935982947064e-16,1.0,-0.2884824328806098,0.9574851883550389
2017-12-15,28.4,13.2,19.8,0.0,25.206666666666663,12,24.2,21.1,21.4,21.3,349,-2.4492935982947064e-16,1.0,-0.27195815753410524,0.9623090774541487
2017-12-16,24.2,17.0,20.1,0.0,25.296666666666667,12,26.6,28.4,21.1,21.4,350,-2.4492935982947064e-16,1.0,-0.2553532951161881,0.9668478136052773
2017-12-17,26.6,17.8,21.1,0.2,25.333333333333332,12,24.0,24.2,28.4,21.1,351,-2.4492935982947064e-16,1.0,-0.23867276600594997,0.9711000518829505
2017-12-18,24.0,17.0,19.7,0.2,25.34666666666667,12,22.7,26.6,24.2,28.4,352,-2.4492935982947064e-16,1.0,-0.22192151300416674,0.9750645322571945
2017-12-19,22.7,15.7,19.2,0.0,25.23,12,28.6,24.0,26.6,24.2,353,-2.4492935982947064e-16,1.0,-0.20510449986861926,0.9787400799669153
2017-12-20,28.6,18.0,22.0,0.0,25.470000000000002,12,28.0,22.7,24.0,26.6,354,-2.4492935982947064e-16,1.0,-0.1882267098432439,0.9821256058680006
2017-12-21,28.0,16.0,21.2,0.3,25.823333333333334,12,26.2,28.6,22.7,24.0,355,-2.4492935982947064e-16,1.0,-0.1712931441814778,0.9852201067560606
2017-12-22,26.2,15.0,20.1,0.0,26.083333333333332,12,25.4,28.0,28.6,22.7,356,-2.4492935982947064e-16,1.0,-0.154308820664281,0.9880226656636976
2017-12-23,25.4,16.9,20.3,0.0,26.220000000000002,12,23.8,26.2,28.0,28.6,357,-2.4492935982947064e-16,1.0,-0.13727877211326517,0.9905324521322227
2017-12-24,23.8,16.0,19.5,0.1,26.31,12,20.9,25.4,26.2,28.0,358,-2.4492935982947064e-16,1.0,-0.12020804489935275,0.9927487224577402
2017-12-25,20.9,16.0,18.2,0.2,26.173333333333332,12,26.6,23.8,25.4,26.2,359,-2.4492935982947064e-16,1.0,-0.10310169744743544,0.9946708199115211
2017-12-26,26.6,15.5,20.0,0.0,26.316666666666666,12,23.6,20.9,23.8,25.4,360,-2.4492935982947064e-16,1.0,-0.0859647987374467,0.9962981749346077
2017-12-27,23.6,15.4,19.4,0.0,26.116666666666667,12,26.9,26.6,20.9,23.8,361,-2.4492935982947064e-16,1.0,-0.06880242680232064,0.9976303053065857
2017-12-28,26.9,16.8,21.6,0.0,26.23,12,31.2,23.6,26.6,20.9,362,-2.4492935982947064e-16,1.0,-0.05161966722325418,0.9986668162884759
2017-12-29,31.2,15.4,23.5,0.0,26.34,12,29.7,26.9,23.6,26.6,363,-2.4492935982947064e-16,1.0,-0.034421611622745804,0.9994074007397048
2017-12-30,29.7,17.1,23.8,0.0,26.366666666666667,12,25.0,31.2,26.9,23.6,364,-2.4492935982947064e-16,1.0,-0.01721335615583528,0.9998518392091162
2017-12-31,25.0,16.7,20.9,0.7,26.413333333333334,12,22.5,29.7,31.2,26.9,365,-2.4492935982947064e-16,1.0,6.432490598706546e-16,1.0
2018-01-01,22.5,16.2,18.7,0.4,26.369999999999997,1,23.6,25.0,29.7,31.2,1,0.49999999999999994,0.8660254037844387,0.017213356155834685,0.9998518392091162
2018-01-02,23.6,13.7,19.1,0.0,26.383333333333333,1,34.7,22.5,25.0,29.7,2,0.49999999999999994,0.8660254037844387,0.03442161162274574,0.9994074007397048
2018-01-03,34.7,16.5,24.5,0.0,26.776666666666667,1,27.0,23.6,22.5,25.0,3,0.49999999999999994,0.8660254037844387,0.051619667223253764,0.998666816288476
2018-01-04,27.0,17.3,22.2,0.0,26.64,1,23.7,34.7,23.6,22.5,4,0.49999999999999994,0.8660254037844387,0.06880242680231986,0.9976303053065857
2018-01-05,23.7,18.9,20.9,0.0,26.263333333333332,1,28.0,27.0,34.7,23.6,5,0.49999999999999994,0.8660254037844387,0.08596479873744647,0.9962981749346078
2018-01-06,28.0,17.6,22.4,0.0,26.02333333333333,1,22.8,23.7,27.0,34.7,6,0.49999999999999994,0.8660254037844387,0.10310169744743485,0.9946708199115211
2018-01-07,22.8,18.3,20.5,2.0,25.60666666666667,1,21.4,28.0,23.7,27.0,7,0.49999999999999994,0.8660254037844387,0.1202080448993527,0.9927487224577402
2018-01-08,21.4,16.1,18.5,0.3,25.55,1,23.1,22.8,28.0,23.7,8,0.49999999999999994,0.8660254037844387,0.13727877211326478,0.9905324521322229
2018-01-09,23.1,15.3,18.9,0.0,25.34,1,31.1,21.4,22.8,28.0,9,0.49999999999999994,0.8660254037844387,0.15430882066428117,0.9880226656636976
2018-01-10,31.1,16.0,23.7,0.0,25.45,1,37.4,23.1,21.4,22.8,10,0.49999999999999994,0.8660254037844387,0.1712931441814776,0.9852201067560606
2018-01-11,37.4,18.4,26.8,0.0,25.986666666666668,1,24.9,31.1,23.1,21.4,11,0.49999999999999994,0.8660254037844387,0.1882267098432442,0.9821256058680006
2018-01-12,24.9,19.2,21.6,0.0,26.103333333333335,1,25.6,37.4,31.1,23.1,12,0.49999999999999994,0.8660254037844387,0.2051044998686192,0.9787400799669153
2018-01-13,25.6,18.6,21.6,0.0,26.253333333333334,1,27.7,24.9,37.4,31.1,13,0.49999999999999994,0.8660254037844387,0.2219215130041655,0.9750645322571948
2018-01-14,27.7,18.4,22.2,0.0,26.23,1,22.0,25.6,24.9,37.4,14,0.49999999999999994,0.8660254037844387,0.2386727660059501,0.9711000518829505
2018-01-15,22.0,18.2,19.8,1.4,26.156666666666663,1,29.5,27.7,25.6,24.9,15,0.49999999999999994,0.8660254037844387,0.255353295116187,0.9668478136052775
2018-01-16,29.5,15.1,22.4,0.0,26.25333333333333,1,32.2,22.0,27.7,25.6,16,0.49999999999999994,0.8660254037844387,0.2719581575341055,0.9623090774541486
2018-01-17,32.2,17.6,24.4,0.0,26.526666666666664,1,31.1,29.5,22.0,27.7,17,0.49999999999999994,0.8660254037844387,0.288482432880609,0.9574851883550393
2018-01-18,31.1,18.1,24.1,0.0,26.80666666666667,1,28.3,32.2,29.5,22.0,18,0.49999999999999994,0.8660254037844387,0.30492122465628907,0.9523775757303974
2018-01-19,28.3,20.6,24.0,0.1,26.796666666666667,1,31.8,31.1,32.2,29.5,19,0.49999999999999994,0.8660254037844387,0.3212696616923644,0.9469877530760753
2018-01-20,31.8,22.1,26.1,0.0,26.923333333333336,1,30.9,28.3,31.1,32.2,20,0.49999999999999994,0.8660254037844387,0.3375228995941133,0.9413173175128471
2018-01-21,30.9,18.6,24.3,0.0,27.08,1,28.6,31.8,28.3,31.1,21,0.49999999999999994,0.8660254037844387,0.3536761221763716,0.9353679493131483
2018-01-22,28.6,19.0,22.8,0.2,27.186666666666667,1,27.5,30.9,31.8,28.3,22,0.49999999999999994,0.8660254037844387,0.3697245428906731,0.9291414114031743
2018-01-23,27.5,19.5,22.9,1.7,27.310000000000002,1,24.0,28.6,30.9,31.8,23,0.49999999999999994,0.8660254037844387,0.38566340624360707,0.9226395488404876
2018-01-24,24.0,18.2,21.0,0.3,27.413333333333338,1,25.5,27.5,28.6,30.9,24,0.49999999999999994,0.8660254037844387,0.401487989205973,0.9158642882672872
2018-01-25,25.5,17.7,21.4,0.0,27.37666666666667,1,27.9,24.0,27.5,28.6,25,0.49999999999999994,0.8660254037844387,0.4171936026123168,0.9088176373395029
2018-01-26,27.9,16.9,21.9,0.0,27.52,1,24.1,25.5,24.0,27.5,26,0.49999999999999994,0.8660254037844387,0.4327755925504312,0.901501684131884
2018-01-27,24.1,18.9,21.3,0.0,27.42666666666667,1,30.8,27.9,25.5,24.0,27,0.49999999999999994,0.8660254037844387,0.4482293417404106,0.893918596519257
2018-01-28,30.8,18.3,24.7,0.0,27.413333333333334,1,36.6,24.1,27.9,25.5,28,0.49999999999999994,0.8660254037844387,0.4635502709028509,0.886070621534138
2018-01-29,36.6,18.6,26.6,0.0,27.643333333333334,1,24.8,30.8,24.1,27.9,29,0.49999999999999994,0.8660254037844387,0.47873384011578846,0.8779600847008882
2018-01-30,24.8,19.7,21.8,0.7,27.636666666666667,1,26.1,36.6,30.8,24.1,30,0.49999999999999994,0.8660254037844387,0.49377555015997715,0.869589389346611
2018-01-31,26.1,18.2,22.0,0.0,27.756666666666668,1,31.5,24.8,36.6,30.8,31,0.49999999999999994,0.8660254037844387,0.5086709438521044,0.8609610158889943
2018-02-01,31.5,14.9,22.1,0.0,28.02,2,23.0,26.1,24.8,36.6,32,0.8660254037844386,0.5000000000000001,0.5234156073655503,0.8520775211013093
2018-02-02,23.0,18.3,20.4,0.3,27.63,2,27.1,31.5,26.1,24.8,33,0.8660254037844386,0.5000000000000001,0.5380051715382996,0.8429415373547828
2018-02-03,27.1,15.0,20.8,0.0,27.633333333333333,2,24.0,23.0,31.5,26.1,34,0.8660254037844386,0.5000000000000001,0.5524353131676196,0.8335557718385699
2018-02-04,24.0,17.1,20.4,0.0,27.643333333333334,2,35.8,27.1,23.0,31.5,35,0.8660254037844386,0.5000000000000001,0.5667017562911176,0.8239230057575542
2018-02-05,35.8,16.1,24.7,0.0,27.903333333333332,2,27.7,24.0,27.1,23.0,36,0.8660254037844386,0.5000000000000001,0.5808002734538009,0.8140460935082178
2018-02-06,27.7,18.5,22.4,0.2,28.066666666666666,2,31.5,35.8,24.0,27.1,37,0.8660254037844386,0.5000000000000001,0.5947266869607634,0.8039279618328213
2018-02-07,31.5,19.3,24.6,0.0,28.403333333333332,2,33.4,27.7,35.8,24.0,38,0.8660254037844386,0.5000000000000001,0.6084768701151261,0.7935716089521474
2018-02-08,33.4,18.8,25.0,0.0,28.746666666666666,2,26.3,31.5,27.7,35.8,39,0.8660254037844386,0.5000000000000001,0.6220467484408675,0.7829801036770629
2018-02-09,26.3,19.0,21.9,4.3,28.586666666666666,2,23.0,33.4,31.5,27.7,40,0.8660254037844386,0.5000000000000001,0.6354323008901774,0.7721565844991642
2018-02-10,23.0,15.8,19.2,3.2,28.10666666666667,2,31.0,26.3,33.4,31.5,41,0.8660254037844386,0.5000000000000001,0.6486295610349814,0.7611042586607747
2018-02-11,31.0,16.4,22.9,0.0,28.310000000000002,2,31.7,23.0,26.3,33.4,42,0.8660254037844386,0.5000000000000001,0.6616346182422783,0.7498264012045686
2018-02-12,31.7,18.0,24.9,0.0,28.513333333333332,2,34.8,31.0,23.0,26.3,43,0.8660254037844386,0.5000000000000001,0.6744436188329455,0.7383263540031065
2018-02-13,34.8,21.0,26.8,1.6,28.75,2,32.7,31.7,31.0,23.0,44,0.8660254037844386,0.5000000000000001,0.6870527672236669,0.7266075247685656
2018-02-14,32.7,21.0,24.8,0.0,29.10666666666667,2,26.6,34.8,31.7,31.0,45,0.8660254037844386,0.5000000000000001,0.699458327051647,0.7146733860429609
2018-02-15,26.6,19.6,22.2,0.0,29.01,2,23.5,32.7,34.8,31.7,46,0.8660254037844386,0.5000000000000001,0.7116566222817746,0.7025274741691571
2018-02-16,23.5,18.3,20.6,0.0,28.720000000000002,2,30.2,26.6,32.7,34.8,47,0.8660254037844386,0.5000000000000001,0.7236440382959124,0.6901733882429719
2018-02-17,30.2,15.4,22.1,0.0,28.69,2,26.3,23.5,26.6,32.7,48,0.8660254037844386,0.5000000000000001,0.7354170229639855,0.6776147890466889
2018-02-18,26.3,16.2,21.1,0.1,28.623333333333335,2,26.2,30.2,23.5,26.6,49,0.8660254037844386,0.5000000000000001,0.7469720876965552,0.6648553979642865
2018-02-19,26.2,17.1,21.2,0.0,28.436666666666667,2,25.0,26.3,30.2,23.5,50,0.8660254037844386,0.5000000000000001,0.7583058084785624,0.6518989958787126
2018-02-20,25.0,16.3,20.8,0.0,28.240000000000002,2,30.7,26.2,26.3,30.2,51,0.8660254037844386,0.5000000000000001,0.7694148268839378,0.6387494220515272
2018-02-21,30.7,17.3,23.4,0.0,28.31,2,32.0,25.0,26.2,26.3,52,0.8660254037844386,0.5000000000000001,0.7802958510707755,0.6254105729852463
2018-02-22,32.0,18.3,23.6,0.0,28.459999999999997,2,26.1,30.7,25.0,26.2,53,0.8660254037844386,0.5000000000000001,0.7909456567567772,0.6118864012687243
2018-02-23,26.1,18.1,21.3,1.9,28.529999999999998,2,19.8,32.0,30.7,25.0,54,0.8660254037844386,0.5000000000000001,0.8013610881746766,0.5981809144059165
2018-02-24,19.8,14.6,17.2,1.5,28.339999999999996,2,24.4,26.1,32.0,30.7,55,0.8660254037844386,0.5000000000000001,0.8115390590073611,0.5842981736283684
2018-02-25,24.4,13.5,18.8,0.0,28.223333333333336,2,29.3,19.8,26.1,32.0,56,0.8660254037844386,0.5000000000000001,0.8214765533024142,0.5702422926917871
2018-02-26,29.3,12.4,20.4,0.0,28.396666666666665,2,23.4,24.4,19.8,26.1,57,0.8660254037844386,0.5000000000000001,0.8311706263658079,0.5560174366570446
2018-02-27,23.4,16.9,19.4,0.0,28.15,2,24.2,29.3,24.4,19.8,58,0.8660254037844386,0.5000000000000001,0.8406184056344782,0.5416278206559814
2018-02-28,24.2,15.5,19.5,0.0,27.736666666666668,2,26.3,23.4,29.3,24.4,59,0.8660254037844386,0.5000000000000001,0.8498170915275278,0.5270777086423722
2018-03-01,26.3,16.9,21.0,0.0,27.78666666666667,3,30.2,24.2,23.4,29.3,60,1.0,6.123233995736766e-17,0.8587639582758029,0.5123714121284237
2018-03-02,30.2,17.0,23.1,0.0,27.923333333333336,3,31.2,26.3,24.2,23.4,61,1.0,6.123233995736766e-17,0.8674563547295969,0.49751328890718066
2018-03-03,31.2,14.9,22.3,0.0,27.913333333333334,3,26.5,30.2,26.3,24.2,62,1.0,6.123233995736766e-17,0.8758917051442429,0.48250774176121847
2018-03-04,26.5,16.0,21.0,0.0,28.029999999999998,3,28.0,31.2,30.2,26.3,63,1.0,6.123233995736766e-17,0.8840675099433636,0.4673592171580022
2018-03-05,28.0,19.2,22.3,0.0,28.06,3,27.4,26.5,31.2,30.2,64,1.0,6.123233995736766e-17,0.8919813464595485,0.45207220393230435
2018-03-06,27.4,18.9,22.1,0.0,28.173333333333336,3,22.9,28.0,26.5,31.2,65,1.0,6.123233995736766e-17,0.8996308696522433,0.43665123195606403
2018-03-07,22.9,17.7,20.0,0.0,27.743333333333336,3,23.6,27.4,28.0,26.5,66,1.0,6.123233995736766e-17,0.9070138128026359,0.4211008707960896
2018-03-08,23.6,15.5,19.4,0.0,27.60666666666667,3,24.6,22.9,27.4,28.0,67,1.0,6.123233995736766e-17,0.9141279881853337,0.40542572835999735
2018-03-09,24.6,13.7,18.1,0.0,27.376666666666665,3,25.5,23.6,22.9,27.4,68,1.0,6.123233995736766e-17,0.9209712877166346,0.38963044953078796
2018-03-10,25.5,15.7,19.3,0.0,27.113333333333333,3,27.2,24.6,23.6,22.9,69,1.0,6.123233995736766e-17,0.9275416835791966,0.37371971479046906
2018-03-11,27.2,14.4,20.1,0.0,27.14333333333333,3,29.2,25.5,24.6,23.6,70,1.0,6.123233995736766e-17,0.9338372288229252,0.35769823883312546
2018-03-12,29.2,15.9,21.6,0.0,27.35,3,25.7,27.2,25.5,24.6,71,1.0,6.123233995736766e-17,0.9398560579418954,0.3415707691678556
2018-03-13,25.7,16.3,20.6,0.0,27.173333333333332,3,24.6,29.2,27.2,25.5,72,1.0,6.123233995736766e-17,0.9455963874271426,0.3253420847119801
2018-03-14,24.6,17.3,20.5,0.9,26.936666666666667,3,19.9,25.7,29.2,27.2,73,1.0,6.123233995736766e-17,0.9510565162951535,0.30901699437494745
2018-03-15,19.9,15.6,17.8,0.2,26.439999999999998,3,22.8,24.6,25.7,29.2,74,1.0,6.123233995736766e-17,0.9562348265919056,0.29260033563334836
2018-03-16,22.8,14.6,18.4,0.0,26.11,3,28.4,19.9,24.6,25.7,75,1.0,6.123233995736766e-17,0.9611297838723007,0.27609697309746883
2018-03-17,28.4,13.6,20.6,0.0,26.17,3,25.3,22.8,19.9,24.6,76,1.0,6.123233995736766e-17,0.9657399376548549,0.2595117970697999
2018-03-18,25.3,12.7,19.1,0.1,26.23,3,22.1,28.4,22.8,19.9,77,1.0,6.123233995736766e-17,0.9700639218515071,0.2428497220959356
2018-03-19,22.1,16.6,18.9,0.0,25.959999999999997,3,22.4,25.3,28.4,22.8,78,1.0,6.123233995736766e-17,0.9741004551724205,0.22611568550828828
2018-03-20,22.4,14.8,18.4,0.0,25.83,3,23.1,22.1,25.3,28.4,79,1.0,6.123233995736766e-17,0.9778483415056568,0.20931464596304847
2018-03-21,23.1,17.2,19.5,0.0,25.726666666666667,3,30.3,22.4,22.1,25.3,80,1.0,6.123233995736766e-17,0.9813064702716093,0.19245158197082998
2018-03-22,30.3,13.8,21.6,0.0,25.90333333333333,3,28.1,23.1,22.4,22.1,81,1.0,6.123233995736766e-17,0.9844738167520922,0.1755314904214282
2018-03-23,28.1,12.2,19.1,0.0,25.816666666666666,3,23.2,30.3,23.1,22.4,82,1.0,6.123233995736766e-17,0.9873494423939864,0.15855938510313475
2018-03-24,23.2,16.3,18.5,0.8,25.523333333333333,3,21.4,28.1,30.3,23.1,83,1.0,6.123233995736766e-17,0.989932495087353,0.141540295217043
2018-03-25,21.4,14.4,17.4,0.0,25.366666666666667,3,22.8,23.2,28.1,30.3,84,1.0,6.123233995736766e-17,0.9922222094179323,0.12447926388678915
2018-03-26,22.8,10.5,16.7,0.0,25.466666666666665,3,28.7,21.4,23.2,28.1,85,1.0,6.123233995736766e-17,0.994217906893952,0.10738134666416309
2018-03-27,28.7,10.1,18.9,0.0,25.61,3,24.6,22.8,21.4,23.2,86,1.0,6.123233995736766e-17,0.995918996147179,0.09025161003104117
2018-03-28,24.6,13.2,18.3,0.5,25.453333333333333,3,22.0,28.7,22.8,21.4,87,1.0,6.123233995736766e-17,0.9973249731081555,0.07309512989807777
2018-03-29,22.0,16.4,18.3,2.4,25.40666666666667,3,20.6,24.6,28.7,22.8,88,1.0,6.123233995736766e-17,0.9984354211555643,0.055916990100603484
2018-03-30,20.6,16.4,18.1,1.9,25.28666666666667,3,23.9,22.0,24.6,28.7,89,1.0,6.123233995736766e-17,0.9992500112396835,0.03872228089217446
2018-03-31,23.9,15.4,18.9,0.0,25.206666666666667,3,29.6,20.6,22.0,24.6,90,1.0,6.123233995736766e-17,0.9997685019798909,0.021516097436222254
2018-04-01,29.6,14.1,21.0,0.0,25.186666666666667,4,24.5,23.9,20.6,22.0,91,0.8660254037844387,-0.4999999999999998,0.9999907397361901,0.004303538296244289
2018-04-02,24.5,16.8,20.3,0.0,24.963333333333335,4,29.8,29.6,23.9,20.6,92,0.8660254037844387,-0.4999999999999998,0.9999166586547379,-0.01291029607500882
2018-04-03,29.8,17.1,21.9,0.0,25.073333333333334,4,25.8,24.5,29.6,23.9,93,0.8660254037844387,-0.4999999999999998,0.9995462806873573,-0.030120304846908114
2018-04-04,25.8,14.8,19.7,0.0,25.0,4,25.7,29.8,24.5,29.6,94,0.8660254037844387,-0.4999999999999998,0.9988797155850336,-0.04732138832243185
2018-04-05,25.7,15.4,19.2,0.0,24.94333333333333,4,21.3,25.8,29.8,24.5,95,0.8660254037844387,-0.4999999999999998,0.9979171608653922,-0.06450844944931623
2018-04-06,21.3,15.6,18.3,2.1,24.889999999999997,4,20.8,25.7,25.8,29.8,96,0.8660254037844387,-0.4999999999999998,0.9966589017541702,-0.08167639533042241
2018-04-07,20.8,13.0,16.8,0.5,24.796666666666667,4,27.5,21.3,25.7,25.8,97,0.8660254037844387,-0.4999999999999998,0.9951053111006976,-0.09882013873287143
2018-04-08,27.5,14.3,20.1,0.0,24.893333333333334,4,24.5,20.8,21.3,25.7,98,0.8660254037844387,-0.4999999999999998,0.9932568492674143,-0.11593459959550041
2018-04-09,24.5,15.8,19.0,0.0,24.860000000000003,4,23.5,27.5,20.8,21.3,99,0.8660254037844387,-0.4999999999999998,0.9911140639934547,-0.1330147065341959
2018-04-10,23.5,16.4,19.2,0.0,24.736666666666668,4,28.4,24.5,27.5,20.8,100,0.8660254037844387,-0.4999999999999998,0.9886775902323405,-0.1500553983446526
2018-04-11,28.4,13.0,20.4,0.0,24.71,4,32.3,23.5,24.5,27.5,101,0.8660254037844387,-0.4999999999999998,0.9859481499638304,-0.16705162550211924
2018-04-12,32.3,13.9,21.3,0.0,24.93,4,22.1,28.4,23.5,24.5,102,0.8660254037844387,-0.4999999999999998,0.9829265519799822,-0.18399835165768005
2018-04-13,22.1,16.0,18.2,0.6,24.846666666666668,4,23.0,32.3,28.4,23.5,103,0.8660254037844387,-0.4999999999999998,0.9796136916454901,-0.20089055513063506
2018-04-14,23.0,14.8,17.9,0.0,24.95,4,28.0,22.1,32.3,28.4,104,0.8660254037844387,-0.4999999999999998,0.9760105506323683,-0.21772323039653177
2018-04-15,28.0,11.6,19.5,0.0,25.123333333333335,4,32.8,23.0,22.1,32.3,105,0.8660254037844387,-0.4999999999999998,0.9721181966290613,-0.23449138957040985
2018-04-16,32.8,14.4,22.2,0.0,25.269999999999996,4,28.1,28.0,23.0,22.1,106,0.8660254037844387,-0.4999999999999998,0.9679377830240642,-0.25119006388481935
2018-04-17,28.1,13.4,18.8,0.0,25.363333333333333,4,21.5,32.8,28.0,23.0,107,0.8660254037844387,-0.4999999999999998,0.9634705485641488,-0.2678143051621742
2018-04-18,21.5,12.4,16.5,4.7,25.34333333333333,4,19.8,28.1,32.8,28.0,108,0.8660254037844387,-0.4999999999999998,0.9587178169872964,-0.2843591872810034
2018-04-19,19.8,11.4,15.2,0.0,25.256666666666668,4,20.6,21.5,28.1,32.8,109,0.8660254037844387,-0.4999999999999998,0.9536809966304457,-0.30081980763566735
2018-04-20,20.6,12.5,16.0,0.0,25.173333333333336,4,23.4,19.8,21.5,28.1,110,0.8660254037844387,-0.4999999999999998,0.9483615800121715,-0.3171912885891061
2018-04-21,23.4,9.9,15.5,0.0,24.943333333333335,4,24.6,20.6,19.8,21.5,111,0.8660254037844387,-0.4999999999999998,0.9427611433904207,-0.3334687789181868
2018-04-22,24.6,11.7,17.1,0.0,24.826666666666668,4,23.6,23.4,20.6,19.8,112,0.8660254037844387,-0.4999999999999998,0.9368813462954315,-0.3496474552512284
2018-04-23,23.6,15.1,18.0,3.7,24.839999999999996,4,21.1,24.6,23.4,20.6,113,0.8660254037844387,-0.4999999999999998,0.9307239310379795,-0.36572252349726897
2018-04-24,21.1,14.0,17.0,0.5,24.83,4,22.5,23.6,24.6,23.4,114,0.8660254037844387,-0.4999999999999998,0.9242907221930933,-0.3816892202666588
2018-04-25,22.5,10.0,16.2,2.3,24.82,4,19.4,21.1,23.6,24.6,115,0.8660254037844387,-0.4999999999999998,0.9175836260593937,-0.39754281428255595
2018-04-26,19.4,14.7,16.4,10.0,24.509999999999998,4,20.0,22.5,21.1,23.6,116,0.8660254037844387,-0.4999999999999998,0.9106046300942162,-0.4132786077829042
2018-04-27,20.0,13.0,16.1,0.0,24.356666666666666,4,18.3,19.4,22.5,21.1,117,0.8660254037844387,-0.4999999999999998,0.9033558023246845,-0.4288919379124835
2018-04-28,18.3,11.8,15.3,1.3,24.233333333333334,4,19.0,20.0,19.4,22.5,118,0.8660254037844387,-0.4999999999999998,0.895839290734909,-0.4443781781046132
2018-04-29,19.0,9.2,14.0,0.0,24.18,4,24.5,18.3,20.0,19.4,119,0.8660254037844387,-0.4999999999999998,0.8880573226294932,-0.45973273945210397
2018-04-30,24.5,7.8,15.6,0.0,24.2,4,24.5,19.0,18.3,20.0,120,0.8660254037844387,-0.4999999999999998,0.8800122039735357,-0.47495107206704995
2018-05-01,24.5,8.1,16.1,0.0,24.029999999999998,5,19.7,24.5,19.0,18.3,121,0.49999999999999994,-0.8660254037844387,0.8717063187093218,-0.4900286664290592
2018-05-02,19.7,12.4,16.4,2.5,23.869999999999997,5,23.1,24.5,24.5,19.0,122,0.49999999999999994,-0.8660254037844387,0.8631421280499114,-0.5049610547215204
2018-05-03,23.1,12.3,16.9,0.0,23.646666666666665,5,24.4,19.7,24.5,24.5,123,0.49999999999999994,-0.8660254037844387,0.854322169749827,-0.5197438121555155
2018-05-04,24.4,11.8,17.4,0.0,23.6,5,22.4,23.1,19.7,24.5,124,0.49999999999999994,-0.8660254037844387,0.8452490573530633,-0.5343725582809786
2018-05-05,22.4,13.3,16.5,0.0,23.490000000000002,5,21.6,24.4,23.1,19.7,125,0.49999999999999994,-0.8660254037844387,0.8359254794186372,-0.548842958284719
2018-05-06,21.6,10.6,15.6,0.0,23.5,5,27.2,22.4,24.4,23.1,126,0.49999999999999994,-0.8660254037844387,0.8263541987239096,-0.5631507242749186
2018-05-07,27.2,14.8,19.1,1.8,23.71333333333333,5,18.3,21.6,22.4,24.4,127,0.49999999999999994,-0.8660254037844387,0.8165380514459161,-0.5772916165517272
2018-05-08,18.3,13.9,15.9,2.8,23.406666666666663,5,18.8,27.2,21.6,22.4,128,0.49999999999999994,-0.8660254037844387,0.8064799463209448,-0.5912614448635781
2018-05-09,18.8,10.8,15.6,0.0,23.216666666666665,5,20.8,18.3,27.2,21.6,129,0.49999999999999994,-0.8660254037844387,0.7961828637826158,-0.6050560696488488
2018-05-10,20.8,8.7,14.4,0.0,23.126666666666665,5,19.0,18.8,18.3,27.2,130,0.49999999999999994,-0.8660254037844387,0.7856498550787147,-0.6186714032625031
2018-05-11,19.0,9.5,14.5,0.9,22.813333333333333,5,20.0,20.8,18.8,18.3,131,0.49999999999999994,-0.8660254037844387,0.7748840413670407,-0.6321034111873487
2018-05-12,20.0,12.6,15.6,0.6,22.403333333333332,5,19.0,19.0,20.8,18.8,132,0.49999999999999994,-0.8660254037844387,0.7638886127905428,-0.6453481132295501
2018-05-13,19.0,11.0,15.5,0.0,22.3,5,20.7,20.0,19.0,20.8,133,0.49999999999999994,-0.8660254037844387,0.7526668275320085,-0.6584015846980488
2018-05-14,20.7,11.1,15.6,0.0,22.223333333333336,5,23.0,19.0,20.0,19.0,134,0.49999999999999994,-0.8660254037844387,0.7412220108485958,-0.6712599575675313
2018-05-15,23.0,9.7,16.0,0.0,22.05666666666667,5,27.8,20.7,19.0,20.0,135,0.49999999999999994,-0.8660254037844387,0.7295575540864875,-0.6839194216246106
2018-05-16,27.8,9.1,17.3,0.0,21.89,5,26.7,23.0,20.7,19.0,136,0.49999999999999994,-0.8660254037844387,0.717676913675962,-0.6963762255968722
2018-05-17,26.7,11.8,18.3,0.0,21.843333333333337,5,25.7,27.8,23.0,20.7,137,0.49999999999999994,-0.8660254037844387,0.705583610107178,-0.7086266782644596
2018-05-18,25.7,12.7,18.8,0.0,21.983333333333334,5,28.1,26.7,27.8,23.0,138,0.49999999999999994,-0.8660254037844387,0.6932812268869777,-0.7206671495538609
2018-05-19,28.1,14.2,19.7,0.1,22.259999999999998,5,20.3,25.7,26.7,27.8,139,0.49999999999999994,-0.8660254037844387,0.6807734094770161,-0.7324940716135789
2018-05-20,20.3,15.0,17.4,0.8,22.25,5,19.2,28.1,25.7,26.7,140,0.49999999999999994,-0.8660254037844387,0.6680638642135335,-0.7441039398713607
2018-05-21,19.2,16.1,17.0,6.5,22.11,5,19.9,20.3,28.1,25.7,141,0.49999999999999994,-0.8660254037844387,0.6551563572090853,-0.7554933140726803
2018-05-22,19.9,14.7,16.8,0.3,21.95333333333333,5,20.4,19.2,20.3,28.1,142,0.49999999999999994,-0.8660254037844387,0.6420547132365637,-0.766658819300159
2018-05-23,20.4,14.0,17.0,0.1,21.84666666666667,5,17.0,19.9,19.2,20.3,143,0.49999999999999994,-0.8660254037844387,0.6287628145958344,-0.7775971469736269
2018-05-24,17.0,13.7,15.9,30.1,21.71,5,19.3,20.4,19.9,19.2,144,0.49999999999999994,-0.8660254037844387,0.6152845999633276,-0.7883050558305255
2018-05-25,19.3,11.0,14.5,0.0,21.603333333333335,5,20.2,17.0,20.4,19.9,145,0.49999999999999994,-0.8660254037844387,0.6016240632249226,-0.7987793728863649
2018-05-26,20.2,7.6,13.4,0.0,21.630000000000003,5,21.6,19.3,17.0,20.4,146,0.49999999999999994,-0.8660254037844387,0.5877852522924732,-0.8090169943749473
2018-05-27,21.6,9.0,15.1,0.0,21.683333333333334,5,17.2,20.2,19.3,17.0,147,0.49999999999999994,-0.8660254037844387,0.5737722679043246,-0.8190148866680801
2018-05-28,17.2,11.7,14.4,13.4,21.646666666666665,5,17.8,21.6,20.2,19.3,148,0.49999999999999994,-0.8660254037844387,0.5595892624101765,-0.8287700871745038
2018-05-29,17.8,10.7,13.2,1.1,21.606666666666666,5,16.7,17.2,21.6,20.2,149,0.49999999999999994,-0.8660254037844387,0.545240438540651,-0.8382797052177744
2018-05-30,16.7,10.5,13.1,0.0,21.346666666666668,5,17.0,17.8,17.2,21.6,150,0.49999999999999994,-0.8660254037844387,0.5307300481619334,-0.8475409228928311
2018-05-31,17.0,12.3,14.6,1.0,21.096666666666668,5,16.7,16.7,17.8,17.2,151,0.49999999999999994,-0.8660254037844387,0.5160623910158528,-0.8565509959010036
2018-06-01,16.7,12.2,14.7,12.4,20.99666666666667,6,18.0,17.0,16.7,17.8,152,1.2246467991473532e-16,-1.0,0.5012418134457758,-0.865307254363206
2018-06-02,18.0,12.9,15.1,9.8,20.826666666666668,6,15.7,16.7,17.0,16.7,153,1.2246467991473532e-16,-1.0,0.48627270710868997,-0.8738071036110808
2018-06-03,15.7,10.0,13.2,0.3,20.53666666666667,6,16.2,18.0,16.7,17.0,154,1.2246467991473532e-16,-1.0,0.4711595076738638,-0.8820480249558537
2018-06-04,16.2,3.7,10.8,0.0,20.33,6,18.7,15.7,18.0,16.7,155,1.2246467991473532e-16,-1.0,0.4559066935084588,-0.8900275764346767
2018-06-05,18.7,4.8,11.9,0.0,20.233333333333334,6,24.4,16.2,15.7,18.0,156,1.2246467991473532e-16,-1.0,0.440518784350495,-0.8977433935342337
2018-06-06,24.4,8.2,14.7,0.0,20.14,6,19.0,18.7,16.2,15.7,157,1.2246467991473532e-16,-1.0,0.42500033996955416,-0.9051931898913974
2018-06-07,19.0,11.0,14.9,1.9,20.163333333333338,6,19.9,24.4,18.7,16.2,158,1.2246467991473532e-16,-1.0,0.4093559588156213,-0.9123747579707273
2018-06-08,19.9,11.7,15.4,0.3,20.2,6,18.8,19.0,24.4,18.7,159,1.2246467991473532e-16,-1.0,0.39359027665646673,-0.9192859697186104
2018-06-09,18.8,13.3,15.5,13.0,20.133333333333333,6,16.1,19.9,19.0,24.4,160,1.2246467991473532e-16,-1.0,0.3777079652039649,-0.9259247771938498
2018-06-10,16.1,9.9,12.8,0.4,20.03666666666667,6,17.8,18.8,19.9,19.0,161,1.2246467991473532e-16,-1.0,0.36171373072976765,-0.9322892131745133
2018-06-11,17.8,3.9,12.1,0.0,19.96333333333333,6,25.7,16.1,18.8,19.9,162,1.2246467991473532e-16,-1.0,0.3456123126707335,-0.9383773917408641
2018-06-12,25.7,7.2,15.8,0.0,20.186666666666667,6,26.0,17.8,16.1,18.8,163,1.2246467991473532e-16,-1.0,0.3294084822245304,-0.9441875088341993
2018-06-13,26.0,12.9,18.4,0.0,20.363333333333333,6,16.8,25.7,17.8,16.1,164,1.2246467991473532e-16,-1.0,0.3131070409358269,-0.9497178427914316
2018-06-14,16.8,13.4,14.7,16.9,20.156666666666663,6,16.6,26.0,25.7,17.8,165,1.2246467991473532e-16,-1.0,0.29671281927349075,-0.9549667548552551
2018-06-15,16.6,12.4,14.2,3.2,19.783333333333335,6,17.4,16.8,26.0,25.7,166,1.2246467991473532e-16,-1.0,0.28023067519921585,-0.9599326896597447
2018-06-16,17.4,8.6,13.0,0.4,19.473333333333333,6,18.1,16.6,16.8,26.0,167,1.2246467991473532e-16,-1.0,0.26366549272800704,-0.9646141756912435
2018-06-17,18.1,7.9,14.2,13.2,19.220000000000002,6,16.6,17.4,16.6,16.8,168,1.2246467991473532e-16,-1.0,0.24702218048093552,-0.9690098257244062
2018-06-18,16.6,11.9,14.1,1.0,18.836666666666666,6,17.0,18.1,17.4,16.6,169,1.2246467991473532e-16,-1.0,0.23030567023061221,-0.9731183372332619
2018-06-19,17.0,10.8,13.2,1.4,18.726666666666667,6,18.0,16.6,18.1,17.4,170,1.2246467991473532e-16,-1.0,0.21352091543979612,-0.9769384927771817
2018-06-20,18.0,8.7,12.9,0.0,18.686666666666667,6,17.7,17.0,16.6,18.1,171,1.2246467991473532e-16,-1.0,0.19667288979357647,-0.980469160361632
2018-06-21,17.7,6.2,12.5,1.1,18.613333333333337,6,18.4,18.0,17.0,16.6,172,1.2246467991473532e-16,-1.0,0.1797665857255624,-0.9837092937736097
2018-06-22,18.4,11.6,14.3,0.1,18.546666666666667,6,17.3,17.7,18.0,17.0,173,1.2246467991473532e-16,-1.0,0.16280701293851715,-0.986657932891657
2018-06-23,17.3,11.7,14.1,3.8,18.556666666666665,6,16.7,18.4,17.7,18.0,174,1.2246467991473532e-16,-1.0,0.1457991969198751,-0.9893142039703663
2018-06-24,16.7,11.3,13.7,0.4,18.470000000000002,6,17.9,17.3,18.4,17.7,175,1.2246467991473532e-16,-1.0,0.12874817745258132,-0.99167731989929
2018-06-25,17.9,8.9,12.8,0.0,18.39333333333333,6,17.6,16.7,17.3,18.4,176,1.2246467991473532e-16,-1.0,0.11165900712169512,-0.993746580436178
2018-06-26,17.6,5.7,11.3,0.0,18.26,6,16.6,17.9,16.7,17.3,177,1.2246467991473532e-16,-1.0,0.09453674981719912,-0.9955213724144752
2018-06-27,16.6,10.9,12.8,21.8,18.240000000000002,6,17.5,17.6,17.9,16.7,178,1.2246467991473532e-16,-1.0,0.07738647923346301,-0.9970011699250151
2018-06-28,17.5,5.9,11.1,0.0,18.230000000000004,6,15.9,16.6,17.6,17.9,179,1.2246467991473532e-16,-1.0,0.06021327736579302,-0.9981855344718586
2018-06-29,15.9,8.1,11.9,4.1,18.203333333333333,6,17.5,17.5,16.6,17.6,180,1.2246467991473532e-16,-1.0,0.04302223300453059,-0.99907411510223
2018-06-30,17.5,11.3,14.3,2.6,18.220000000000002,6,15.2,15.9,17.5,16.6,181,1.2246467991473532e-16,-1.0,0.02581844022713308,-0.9996666485105112
2018-07-01,15.2,9.6,13.5,24.0,18.169999999999998,7,12.8,17.5,15.9,17.5,182,-0.4999999999999997,-0.8660254037844388,0.008606996888688698,-0.9999629591162655
2018-07-02,12.8,7.5,9.6,4.1,17.996666666666666,7,15.4,15.2,17.5,15.9,183,-0.4999999999999997,-0.8660254037844388,-0.008606996888688009,-0.9999629591162655
2018-07-03,15.4,7.5,10.3,0.0,17.986666666666668,7,17.6,12.8,15.2,17.5,184,-0.4999999999999997,-0.8660254037844388,-0.02581844022713239,-0.9996666485105112
2018-07-04,17.6,4.9,11.0,0.0,18.033333333333335,7,17.4,15.4,12.8,15.2,185,-0.4999999999999997,-0.8660254037844388,-0.04302223300453034,-0.99907411510223
2018-07-05,17.4,8.8,12.3,0.0,17.990000000000002,7,21.9,17.6,15.4,12.8,186,-0.4999999999999997,-0.8660254037844388,-0.060213277365792774,-0.9981855344718586
2018-07-06,21.9,5.4,13.0,0.0,17.906666666666663,7,23.3,17.4,17.6,15.4,187,-0.4999999999999997,-0.8660254037844388,-0.07738647923346322,-0.9970011699250151
2018-07-07,23.3,6.1,13.2,0.0,18.050000000000004,7,23.0,21.9,17.4,17.6,188,-0.4999999999999997,-0.8660254037844388,-0.09453674981719933,-0.9955213724144752
2018-07-08,23.0,5.6,13.3,0.0,18.153333333333332,7,23.4,23.3,21.9,17.4,189,-0.4999999999999997,-0.8660254037844388,-0.11165900712169444,-0.9937465804361781
2018-07-09,23.4,10.8,15.6,0.0,18.30666666666667,7,18.9,23.0,23.3,21.9,190,-0.4999999999999997,-0.8660254037844388,-0.12874817745258066,-0.99167731989929
2018-07-10,18.9,9.8,14.4,0.0,18.4,7,24.4,23.4,23.0,23.3,191,-0.4999999999999997,-0.8660254037844388,-0.14579919691987442,-0.9893142039703664
2018-07-11,24.4,9.1,16.5,0.0,18.62,7,16.3,18.9,23.4,23.0,192,-0.4999999999999997,-0.8660254037844388,-0.16280701293851646,-0.9866579328916572
2018-07-12,16.3,9.7,13.3,5.9,18.30666666666667,7,14.9,24.4,18.9,23.4,193,-0.4999999999999997,-0.8660254037844388,-0.17976658572556214,-0.9837092937736098
2018-07-13,14.9,8.7,10.7,3.3,17.936666666666667,7,15.3,16.3,24.4,18.9,194,-0.4999999999999997,-0.8660254037844388,-0.19667288979357622,-0.9804691603616321
2018-07-14,15.3,4.4,10.4,0.5,17.886666666666667,7,17.6,14.9,16.3,24.4,195,-0.4999999999999997,-0.8660254037844388,-0.2135209154397959,-0.9769384927771817
2018-07-15,17.6,4.9,10.4,0.0,17.92,7,17.3,15.3,14.9,16.3,196,-0.4999999999999997,-0.8660254037844388,-0.23030567023061196,-0.973118337233262
2018-07-16,17.3,5.1,10.8,0.0,17.916666666666668,7,22.0,17.6,15.3,14.9,197,-0.4999999999999997,-0.8660254037844388,-0.24702218048093527,-0.9690098257244063
2018-07-17,22.0,7.8,15.4,0.0,18.046666666666667,7,24.9,17.3,17.6,15.3,198,-0.4999999999999997,-0.8660254037844388,-0.2636654927280072,-0.9646141756912435
2018-07-18,24.9,10.4,16.6,0.0,18.323333333333334,7,25.5,22.0,17.3,17.6,199,-0.4999999999999997,-0.8660254037844388,-0.2802306751992161,-0.9599326896597445
2018-07-19,25.5,17.3,20.5,0.0,18.60666666666667,7,20.3,24.9,22.0,17.3,200,-0.4999999999999997,-0.8660254037844388,-0.2967128192734901,-0.9549667548552553
2018-07-20,20.3,13.1,16.8,0.0,18.683333333333334,7,19.3,25.5,24.9,22.0,201,-0.4999999999999997,-0.8660254037844388,-0.3131070409358267,-0.9497178427914317
2018-07-21,19.3,11.8,14.4,0.0,18.736666666666665,7,27.2,20.3,25.5,24.9,202,-0.4999999999999997,-0.8660254037844388,-0.3294084822245302,-0.9441875088341994
2018-07-22,27.2,12.8,20.0,0.0,19.029999999999998,7,25.2,19.3,20.3,25.5,203,-0.4999999999999997,-0.8660254037844388,-0.3456123126707333,-0.9383773917408642
2018-07-23,25.2,12.5,16.7,0.0,19.293333333333337,7,20.5,27.2,19.3,20.3,204,-0.4999999999999997,-0.8660254037844388,-0.3617137307297674,-0.9322892131745134
2018-07-24,20.5,11.3,14.9,0.0,19.42,7,17.1,25.2,27.2,19.3,205,-0.4999999999999997,-0.8660254037844388,-0.37770796520396466,-0.9259247771938499
2018-07-25,17.1,12.9,14.6,0.0,19.39333333333333,7,18.0,20.5,25.2,27.2,206,-0.4999999999999997,-0.8660254037844388,-0.39359027665646645,-0.9192859697186105
2018-07-26,18.0,7.7,13.0,1.0,19.406666666666663,7,16.9,17.1,20.5,25.2,207,-0.4999999999999997,-0.8660254037844388,-0.4093559588156211,-0.9123747579707274
2018-07-27,16.9,11.4,14.5,4.1,19.416666666666668,7,16.7,18.0,17.1,20.5,208,-0.4999999999999997,-0.8660254037844388,-0.42500033996955394,-0.9051931898913975
2018-07-28,16.7,9.4,12.7,0.0,19.389999999999997,7,16.2,16.9,18.0,17.1,209,-0.4999999999999997,-0.8660254037844388,-0.4405187843504952,-0.8977433935342336
2018-07-29,16.2,7.3,11.4,0.0,19.4,7,18.3,16.7,16.9,18.0,210,-0.4999999999999997,-0.8660254037844388,-0.455906693508459,-0.8900275764346766
2018-07-30,18.3,6.3,13.0,0.0,19.426666666666666,7,17.0,16.2,16.7,16.9,211,-0.4999999999999997,-0.8660254037844388,-0.47115950767386394,-0.8820480249558535
2018-07-31,17.0,5.2,11.4,0.2,19.486666666666668,7,17.1,18.3,16.2,16.7,212,-0.4999999999999997,-0.8660254037844388,-0.4862727071086902,-0.8738071036110807
2018-08-01,17.1,8.9,12.9,3.9,19.63,8,18.8,17.0,18.3,16.2,213,-0.8660254037844385,-0.5000000000000004,-0.5012418134457756,-0.8653072543632061
2018-08-02,18.8,9.8,13.1,0.0,19.743333333333332,8,21.4,17.1,17.0,18.3,214,-0.8660254037844385,-0.5000000000000004,-0.5160623910158526,-0.8565509959010037
2018-08-03,21.4,9.9,15.0,0.0,19.87,8,17.0,18.8,17.1,17.0,215,-0.8660254037844385,-0.5000000000000004,-0.5307300481619331,-0.8475409228928312
2018-08-04,17.0,9.5,12.5,2.4,19.85666666666667,8,16.6,21.4,18.8,17.1,216,-0.8660254037844385,-0.5000000000000004,-0.5452404385406507,-0.8382797052177745
2018-08-05,16.6,10.5,12.9,1.3,19.68,8,15.6,17.0,21.4,18.8,217,-0.8660254037844385,-0.5000000000000004,-0.5595892624101763,-0.828770087174504
2018-08-06,15.6,8.8,11.7,14.5,19.423333333333332,8,13.0,16.6,17.0,21.4,218,-0.8660254037844385,-0.5000000000000004,-0.5737722679043243,-0.8190148866680802
2018-08-07,13.0,6.6,9.8,1.5,19.089999999999996,8,14.2,15.6,16.6,17.0,219,-0.8660254037844385,-0.5000000000000004,-0.5877852522924734,-0.8090169943749472
2018-08-08,14.2,5.9,10.8,0.0,18.783333333333335,8,17.0,13.0,15.6,16.6,220,-0.8660254037844385,-0.5000000000000004,-0.6016240632249227,-0.7987793728863648
2018-08-09,17.0,6.4,11.4,0.0,18.720000000000002,8,15.2,14.2,13.0,15.6,221,-0.8660254037844385,-0.5000000000000004,-0.6152845999633277,-0.7883050558305253
2018-08-10,15.2,6.6,10.9,0.0,18.413333333333334,8,18.6,17.0,14.2,13.0,222,-0.8660254037844385,-0.5000000000000004,-0.6287628145958345,-0.7775971469736268
2018-08-11,18.6,5.9,11.3,0.0,18.49,8,17.4,15.2,17.0,14.2,223,-0.8660254037844385,-0.5000000000000004,-0.6420547132365636,-0.7666588193001592
2018-08-12,17.4,7.9,12.2,2.1,18.57333333333333,8,14.8,18.6,15.2,17.0,224,-0.8660254037844385,-0.5000000000000004,-0.655156357209085,-0.7554933140726804
2018-08-13,14.8,10.4,12.4,0.4,18.55666666666667,8,16.2,17.4,18.6,15.2,225,-0.8660254037844385,-0.5000000000000004,-0.6680638642135333,-0.7441039398713608
2018-08-14,16.2,8.9,11.8,0.1,18.509999999999998,8,16.7,14.8,17.4,18.6,226,-0.8660254037844385,-0.5000000000000004,-0.6807734094770159,-0.7324940716135792
2018-08-15,16.7,8.3,12.3,0.0,18.490000000000002,8,16.6,16.2,14.8,17.4,227,-0.8660254037844385,-0.5000000000000004,-0.6932812268869771,-0.7206671495538615
2018-08-16,16.6,6.5,11.0,7.8,18.310000000000002,8,14.2,16.7,16.2,14.8,228,-0.8660254037844385,-0.5000000000000004,-0.7055836101071774,-0.70862667826446
2018-08-17,14.2,5.8,11.0,1.5,17.95333333333333,8,20.0,16.6,16.7,16.2,229,-0.8660254037844385,-0.5000000000000004,-0.7176769136759615,-0.6963762255968726
2018-08-18,20.0,2.0,10.9,0.0,17.769999999999996,8,16.6,14.2,16.6,16.7,230,-0.8660254037844385,-0.5000000000000004,-0.7295575540864876,-0.6839194216246105
2018-08-19,16.6,5.7,11.3,2.3,17.646666666666665,8,14.8,20.0,14.2,16.6,231,-0.8660254037844385,-0.5000000000000004,-0.7412220108485957,-0.6712599575675315
2018-08-20,14.8,8.8,12.0,1.9,17.496666666666666,8,16.1,16.6,20.0,14.2,232,-0.8660254037844385,-0.5000000000000004,-0.7526668275320083,-0.6584015846980489
2018-08-21,16.1,4.9,10.8,0.0,17.126666666666665,8,16.5,14.8,16.6,20.0,233,-0.8660254037844385,-0.5000000000000004,-0.7638886127905429,-0.64534811322955
2018-08-22,16.5,6.4,11.5,0.0,16.836666666666666,8,17.2,16.1,14.8,16.6,234,-0.8660254037844385,-0.5000000000000004,-0.7748840413670406,-0.6321034111873488
2018-08-23,17.2,8.8,12.2,1.4,16.726666666666667,8,19.1,16.5,16.1,14.8,235,-0.8660254037844385,-0.5000000000000004,-0.7856498550787144,-0.6186714032625032
2018-08-24,19.1,7.9,12.8,0.0,16.793333333333333,8,15.8,17.2,16.5,16.1,236,-0.8660254037844385,-0.5000000000000004,-0.7961828637826154,-0.6050560696488494
2018-08-25,15.8,7.8,11.8,13.1,16.72,8,11.7,19.1,17.2,16.5,237,-0.8660254037844385,-0.5000000000000004,-0.8064799463209447,-0.5912614448635782
2018-08-26,11.7,7.4,9.4,1.5,16.546666666666667,8,14.4,15.8,19.1,17.2,238,-0.8660254037844385,-0.5000000000000004,-0.8165380514459157,-0.5772916165517278
2018-08-27,14.4,6.6,11.3,0.8,16.470000000000002,8,16.7,11.7,15.8,19.1,239,-0.8660254037844385,-0.5000000000000004,-0.8263541987239094,-0.5631507242749187
2018-08-28,16.7,10.1,12.7,1.8,16.486666666666668,8,17.0,14.4,11.7,15.8,240,-0.8660254037844385,-0.5000000000000004,-0.8359254794186365,-0.5488429582847199
2018-08-29,17.0,10.6,13.3,0.0,16.443333333333335,8,19.7,16.7,14.4,11.7,241,-0.8660254037844385,-0.5000000000000004,-0.8452490573530634,-0.5343725582809785
2018-08-30,19.7,8.7,13.1,0.0,16.533333333333335,8,18.0,17.0,16.7,14.4,242,-0.8660254037844385,-0.5000000000000004,-0.8543221697498269,-0.5197438121555157
2018-08-31,18.0,10.3,13.8,0.6,16.563333333333333,8,17.6,19.7,17.0,16.7,243,-0.8660254037844385,-0.5000000000000004,-0.8631421280499115,-0.5049610547215202
2018-09-01,17.6,10.2,13.2,0.0,16.523333333333333,9,17.7,18.0,19.7,17.0,244,-1.0,-1.8369701987210297e-16,-0.8717063187093217,-0.4900286664290594
2018-09-02,17.7,10.4,13.5,4.0,16.4,9,19.1,17.6,18.0,19.7,245,-1.0,-1.8369701987210297e-16,-0.8800122039735356,-0.4749510720670502
2018-09-03,19.1,9.3,13.0,0.0,16.470000000000002,9,18.2,17.7,17.6,18.0,246,-1.0,-1.8369701987210297e-16,-0.888057322629493,-0.4597327394521046
2018-09-04,18.2,9.4,12.9,5.9,16.523333333333333,9,13.6,19.1,17.7,17.6,247,-1.0,-1.8369701987210297e-16,-0.8958392907349089,-0.4443781781046134
2018-09-05,13.6,8.1,11.4,6.5,16.456666666666667,9,14.3,18.2,19.1,17.7,248,-1.0,-1.8369701987210297e-16,-0.9033558023246842,-0.4288919379124841
2018-09-06,14.3,6.4,9.7,0.2,16.5,9,14.1,13.6,18.2,19.1,249,-1.0,-1.8369701987210297e-16,-0.9106046300942162,-0.41327860778290443
2018-09-07,14.1,7.2,10.5,0.6,16.496666666666666,9,15.0,14.3,13.6,18.2,250,-1.0,-1.8369701987210297e-16,-0.9175836260593934,-0.3975428142825566
2018-09-08,15.0,7.6,11.4,1.1,16.43,9,16.6,14.1,14.3,13.6,251,-1.0,-1.8369701987210297e-16,-0.9242907221930934,-0.3816892202666586
2018-09-09,16.6,3.8,10.7,0.0,16.476666666666667,9,18.2,15.0,14.1,14.3,252,-1.0,-1.8369701987210297e-16,-0.9307239310379793,-0.3657225234972692
2018-09-10,18.2,5.4,12.6,0.0,16.463333333333335,9,21.9,16.6,15.0,14.1,253,-1.0,-1.8369701987210297e-16,-0.9368813462954315,-0.34964745525122826
2018-09-11,21.9,5.3,13.6,0.0,16.613333333333333,9,17.3,18.2,16.6,15.0,254,-1.0,-1.8369701987210297e-16,-0.9427611433904206,-0.33346877891818705
2018-09-12,17.3,12.1,14.1,1.8,16.69666666666667,9,17.8,21.9,18.2,16.6,255,-1.0,-1.8369701987210297e-16,-0.9483615800121716,-0.31719128858910595
2018-09-13,17.8,12.5,14.5,0.2,16.75,9,17.7,17.3,21.9,18.2,256,-1.0,-1.8369701987210297e-16,-0.9536809966304455,-0.300819807635668
2018-09-14,17.7,11.1,13.7,1.6,16.783333333333335,9,17.9,17.8,17.3,21.9,257,-1.0,-1.8369701987210297e-16,-0.9587178169872964,-0.2843591872810036
2018-09-15,17.9,11.0,13.8,0.0,16.826666666666664,9,19.5,17.7,17.8,17.3,258,-1.0,-1.8369701987210297e-16,-0.9634705485641486,-0.26781430516217486
2018-09-16,19.5,7.5,13.9,0.3,17.003333333333334,9,17.3,17.9,17.7,17.8,259,-1.0,-1.8369701987210297e-16,-0.9679377830240642,-0.25119006388481957
2018-09-17,17.3,13.0,14.6,4.9,16.913333333333334,9,16.2,19.5,17.9,17.7,260,-1.0,-1.8369701987210297e-16,-0.9721181966290612,-0.23449138957041052
2018-09-18,16.2,11.3,13.6,3.3,16.9,9,13.7,17.3,19.5,17.9,261,-1.0,-1.8369701987210297e-16,-0.9760105506323682,-0.21772323039653224
2018-09-19,13.7,7.5,10.5,5.5,16.863333333333333,9,15.8,16.2,17.3,19.5,262,-1.0,-1.8369701987210297e-16,-0.9796136916454901,-0.20089055513063528
2018-09-20,15.8,2.5,9.9,0.0,16.85333333333333,9,17.3,13.7,16.2,17.3,263,-1.0,-1.8369701987210297e-16,-0.9829265519799822,-0.18399835165767986
2018-09-21,17.3,6.6,11.6,0.1,16.88,9,18.4,15.8,13.7,16.2,264,-1.0,-1.8369701987210297e-16,-0.9859481499638303,-0.1670516255021195
2018-09-22,18.4,10.8,14.0,0.0,16.92,9,18.0,17.3,15.8,13.7,265,-1.0,-1.8369701987210297e-16,-0.9886775902323404,-0.15005539834465262
2018-09-23,18.0,11.2,14.5,0.0,16.883333333333333,9,21.2,18.4,17.3,15.8,266,-1.0,-1.8369701987210297e-16,-0.9911140639934546,-0.13301470653419636
2018-09-24,21.2,9.1,14.5,0.0,17.063333333333336,9,17.5,18.0,18.4,17.3,267,-1.0,-1.8369701987210297e-16,-0.9932568492674143,-0.11593459959550066
2018-09-25,17.5,12.0,14.7,4.5,17.256666666666664,9,19.3,21.2,18.0,18.4,268,-1.0,-1.8369701987210297e-16,-0.9951053111006974,-0.09882013873287211
2018-09-26,19.3,12.3,15.2,1.0,17.42,9,18.9,17.5,21.2,18.0,269,-1.0,-1.8369701987210297e-16,-0.99665890175417,-0.08167639533042288
2018-09-27,18.9,14.0,15.8,1.2,17.493333333333332,9,18.0,19.3,17.5,21.2,270,-1.0,-1.8369701987210297e-16,-0.9979171608653922,-0.06450844944931625
2018-09-28,18.0,9.7,15.1,6.3,17.526666666666664,9,20.5,18.9,19.3,17.5,271,-1.0,-1.8369701987210297e-16,-0.9988797155850335,-0.04732138832243232
2018-09-29,20.5,9.7,15.0,0.0,17.553333333333335,9,31.6,18.0,18.9,19.3,272,-1.0,-1.8369701987210297e-16,-0.9995462806873573,-0.03012030484690836
2018-09-30,31.6,8.3,17.7,0.0,18.006666666666668,9,19.9,20.5,18.0,18.9,273,-1.0,-1.8369701987210297e-16,-0.9999166586547379,-0.012910296075008843
2018-10-01,19.9,12.1,15.8,0.3,18.083333333333332,10,17.3,31.6,20.5,18.0,274,-0.8660254037844386,0.5000000000000001,-0.9999907397361901,0.004303538296243821
2018-10-02,17.3,12.1,14.4,0.9,18.069999999999997,10,21.3,19.9,31.6,20.5,275,-0.8660254037844386,0.5000000000000001,-0.9997685019798909,0.021516097436222233
2018-10-03,21.3,11.6,15.3,0.0,18.143333333333334,10,23.8,17.3,19.9,31.6,276,-0.8660254037844386,0.5000000000000001,-0.9992500112396835,0.03872228089217399
2018-10-04,23.8,8.3,16.1,0.0,18.33,10,26.6,21.3,17.3,19.9,277,-0.8660254037844386,0.5000000000000001,-0.9984354211555643,0.05591699010060302
2018-10-05,26.6,12.0,17.4,0.0,18.763333333333332,10,28.4,23.8,21.3,17.3,278,-0.8660254037844386,0.5000000000000001,-0.9973249731081555,0.07309512989807776
2018-10-06,28.4,12.4,19.4,0.0,19.233333333333334,10,31.3,26.6,23.8,21.3,279,-0.8660254037844386,0.5000000000000001,-0.9959189961471792,0.0902516100310407
2018-10-07,31.3,13.7,21.6,0.0,19.80666666666667,10,32.4,28.4,26.6,23.8,280,-0.8660254037844386,0.5000000000000001,-0.994217906893952,0.10738134666416306
2018-10-08,32.4,14.7,21.2,0.0,20.386666666666667,10,20.4,31.3,28.4,26.6,281,-0.8660254037844386,0.5000000000000001,-0.9922222094179324,0.12447926388678869
2018-10-09,20.4,13.6,16.4,0.0,20.513333333333332,10,20.8,32.4,31.3,28.4,282,-0.8660254037844386,0.5000000000000001,-0.989932495087353,0.141540295217043
2018-10-10,20.8,15.0,17.7,0.3,20.6,10,20.6,20.4,32.4,31.3,283,-0.8660254037844386,0.5000000000000001,-0.9873494423939864,0.15855938510313475
2018-10-11,20.6,15.0,17.0,0.1,20.556666666666665,10,21.7,20.8,20.4,32.4,284,-0.8660254037844386,0.5000000000000001,-0.9844738167520923,0.17553149042142777
2018-10-12,21.7,12.5,16.1,0.0,20.703333333333333,10,26.3,20.6,20.8,20.4,285,-0.8660254037844386,0.5000000000000001,-0.9813064702716093,0.19245158197082995
2018-10-13,26.3,10.7,18.7,0.0,20.986666666666668,10,23.6,21.7,20.6,20.8,286,-0.8660254037844386,0.5000000000000001,-0.9778483415056567,0.20931464596304888
2018-10-14,23.6,14.4,17.4,0.2,21.183333333333334,10,21.1,26.3,21.7,20.6,287,-0.8660254037844386,0.5000000000000001,-0.9741004551724206,0.22611568550828803
2018-10-15,21.1,13.9,16.9,1.4,21.290000000000003,10,18.9,23.6,26.3,21.7,288,-0.8660254037844386,0.5000000000000001,-0.970063921851507,0.2428497220959358
2018-10-16,18.9,12.0,15.8,0.0,21.27,10,21.8,21.1,23.6,26.3,289,-0.8660254037844386,0.5000000000000001,-0.965739937654855,0.25951179706979943
2018-10-17,21.8,12.0,16.8,0.0,21.419999999999998,10,24.7,18.9,21.1,23.6,290,-0.8660254037844386,0.5000000000000001,-0.9611297838723007,0.27609697309746883
2018-10-18,24.7,11.4,17.8,0.1,21.703333333333333,10,20.1,21.8,18.9,21.1,291,-0.8660254037844386,0.5000000000000001,-0.9562348265919058,0.2926003356333479
2018-10-19,20.1,14.9,17.2,0.9,21.916666666666668,10,27.6,24.7,21.8,18.9,292,-0.8660254037844386,0.5000000000000001,-0.9510565162951536,0.30901699437494723
2018-10-20,27.6,13.3,18.8,0.0,22.310000000000002,10,30.4,20.1,24.7,21.8,293,-0.8660254037844386,0.5000000000000001,-0.9455963874271428,0.3253420847119795
2018-10-21,30.4,13.0,21.3,0.0,22.746666666666666,10,36.0,27.6,20.1,24.7,294,-0.8660254037844386,0.5000000000000001,-0.9398560579418953,0.341570769167856
2018-10-22,36.0,12.8,23.3,0.0,23.333333333333332,10,36.7,30.4,27.6,20.1,295,-0.8660254037844386,0.5000000000000001,-0.9338372288229252,0.35769823883312546
2018-10-23,36.7,19.8,28.0,0.0,23.956666666666663,10,34.0,36.0,30.4,27.6,296,-0.8660254037844386,0.5000000000000001,-0.9275416835791965,0.3737197147904692
2018-10-24,34.0,17.8,25.3,0.0,24.383333333333333,10,28.0,36.7,36.0,30.4,297,-0.8660254037844386,0.5000000000000001,-0.9209712877166347,0.38963044953078774
2018-10-25,28.0,18.0,21.7,0.0,24.733333333333334,10,28.0,34.0,36.7,36.0,298,-0.8660254037844386,0.5000000000000001,-0.9141279881853337,0.4054257283599973
2018-10-26,28.0,16.9,22.1,0.0,25.02333333333333,10,31.5,28.0,34.0,36.7,299,-0.8660254037844386,0.5000000000000001,-0.9070138128026362,0.42110087079608916
2018-10-27,31.5,15.9,23.1,0.0,25.44333333333333,10,26.1,28.0,28.0,34.0,300,-0.8660254037844386,0.5000000000000001,-0.8996308696522434,0.4366512319560638
2018-10-28,26.1,14.3,19.9,0.0,25.71333333333333,10,26.9,31.5,28.0,28.0,301,-0.8660254037844386,0.5000000000000001,-0.8919813464595487,0.45207220393230374
2018-10-29,26.9,15.1,19.6,1.5,25.926666666666666,10,16.8,26.1,31.5,28.0,302,-0.8660254037844386,0.5000000000000001,-0.8840675099433637,0.46735921715800205
2018-10-30,16.8,12.8,14.7,4.0,25.433333333333334,10,17.3,26.9,26.1,31.5,303,-0.8660254037844386,0.5000000000000001,-0.8758917051442433,0.48250774176121763
2018-10-31,17.3,8.8,14.0,0.0,25.346666666666668,10,19.0,16.8,26.9,26.1,304,-0.8660254037844386,0.5000000000000001,-0.8674563547295971,0.4975132889071803
2018-11-01,19.0,11.2,15.1,0.0,25.403333333333332,11,27.4,17.3,16.8,26.9,305,-0.5000000000000004,0.8660254037844384,-0.858763958275803,0.5123714121284235
2018-11-02,27.4,11.0,19.3,0.0,25.606666666666666,11,33.0,19.0,17.3,16.8,306,-0.5000000000000004,0.8660254037844384,-0.8498170915275277,0.5270777086423724
2018-11-03,33.0,11.9,21.4,0.0,25.913333333333334,11,21.0,27.4,19.0,17.3,307,-0.5000000000000004,0.8660254037844384,-0.8406184056344783,0.5416278206559811
2018-11-04,21.0,14.1,17.5,3.1,25.726666666666667,11,15.5,33.0,27.4,19.0,308,-0.5000000000000004,0.8660254037844384,-0.8311706263658079,0.5560174366570446
2018-11-05,15.5,11.8,13.5,1.3,25.296666666666667,11,18.7,21.0,33.0,27.4,309,-0.5000000000000004,0.8660254037844384,-0.8214765533024145,0.5702422926917867
2018-11-06,18.7,11.4,15.2,0.8,24.876666666666665,11,24.2,15.5,21.0,33.0,310,-0.5000000000000004,0.8660254037844384,-0.8115390590073611,0.5842981736283683
2018-11-07,24.2,9.0,17.2,0.0,24.603333333333335,11,22.9,18.7,15.5,21.0,311,-0.5000000000000004,0.8660254037844384,-0.801361088174677,0.5981809144059158
2018-11-08,22.9,10.9,17.2,0.0,24.686666666666667,11,30.8,24.2,18.7,15.5,312,-0.5000000000000004,0.8660254037844384,-0.7909456567567774,0.6118864012687242
2018-11-09,30.8,11.8,20.7,0.0,25.02,11,27.5,22.9,24.2,18.7,313,-0.5000000000000004,0.8660254037844384,-0.780295851070776,0.6254105729852457
2018-11-10,27.5,12.9,20.4,0.0,25.25,11,32.3,30.8,22.9,24.2,314,-0.5000000000000004,0.8660254037844384,-0.7694148268839381,0.6387494220515268
2018-11-11,32.3,14.6,22.8,0.0,25.60333333333333,11,26.4,27.5,30.8,22.9,315,-0.5000000000000004,0.8660254037844384,-0.7583058084785625,0.6518989958787125
2018-11-12,26.4,12.7,18.9,0.0,25.60666666666667,11,25.2,32.3,27.5,30.8,316,-0.5000000000000004,0.8660254037844384,-0.7469720876965551,0.6648553979642866
2018-11-13,25.2,15.0,19.6,0.3,25.66,11,24.6,26.4,32.3,27.5,317,-0.5000000000000004,0.8660254037844384,-0.7354170229639858,0.6776147890466887
2018-11-14,24.6,15.3,19.4,0.0,25.776666666666664,11,24.3,25.2,26.4,32.3,318,-0.5000000000000004,0.8660254037844384,-0.7236440382959124,0.690173388242972
2018-11-15,24.3,12.8,18.9,0.0,25.956666666666667,11,24.7,24.6,25.2,26.4,319,-0.5000000000000004,0.8660254037844384,-0.711656622281775,0.7025274741691566
2018-11-16,24.7,15.4,19.4,0.3,26.053333333333335,11,21.4,24.3,24.6,25.2,320,-0.5000000000000004,0.8660254037844384,-0.6994583270516471,0.7146733860429608
2018-11-17,21.4,14.9,18.0,0.0,25.94333333333333,11,28.2,24.7,24.3,24.6,321,-0.5000000000000004,0.8660254037844384,-0.6870527672236675,0.7266075247685652
2018-11-18,28.2,15.3,20.9,0.0,26.21333333333333,11,29.8,21.4,24.7,24.3,322,-0.5000000000000004,0.8660254037844384,-0.6744436188329457,0.7383263540031063
2018-11-19,29.8,14.2,21.0,0.0,26.286666666666665,11,21.6,28.2,21.4,24.7,323,-0.5000000000000004,0.8660254037844384,-0.661634618242279,0.749826401204568
2018-11-20,21.6,15.7,18.0,4.1,25.993333333333332,11,20.3,29.8,28.2,21.4,324,-0.5000000000000004,0.8660254037844384,-0.6486295610349818,0.7611042586607742
2018-11-21,20.3,14.1,16.7,0.0,25.469999999999995,11,23.7,21.6,29.8,28.2,325,-0.5000000000000004,0.8660254037844384,-0.6354323008901775,0.7721565844991641
2018-11-22,23.7,13.6,18.2,0.0,25.03666666666667,11,25.0,20.3,21.6,29.8,326,-0.5000000000000004,0.8660254037844384,-0.622046748440868,0.7829801036770624
2018-11-23,25.0,13.6,18.6,0.0,24.736666666666668,11,23.0,23.7,20.3,21.6,327,-0.5000000000000004,0.8660254037844384,-0.6084768701151264,0.7935716089521472
2018-11-24,23.0,15.0,18.6,0.0,24.57,11,22.7,25.0,23.7,20.3,328,-0.5000000000000004,0.8660254037844384,-0.594726686960764,0.8039279618328208
2018-11-25,22.7,15.6,19.0,0.0,24.393333333333334,11,23.1,23.0,25.0,23.7,329,-0.5000000000000004,0.8660254037844384,-0.5808002734538013,0.8140460935082175
2018-11-26,23.1,16.4,19.3,0.0,24.113333333333337,11,20.7,22.7,23.0,25.0,330,-0.5000000000000004,0.8660254037844384,-0.5667017562911184,0.8239230057575536
2018-11-27,20.7,13.4,16.8,2.2,23.933333333333334,11,19.4,23.1,22.7,23.0,331,-0.5000000000000004,0.8660254037844384,-0.5524353131676203,0.8335557718385695
2018-11-28,19.4,13.1,15.9,0.2,23.683333333333334,11,28.4,20.7,23.1,22.7,332,-0.5000000000000004,0.8660254037844384,-0.5380051715382992,0.8429415373547832
2018-11-29,28.4,10.4,19.8,0.0,24.069999999999997,11,32.9,19.4,20.7,23.1,333,-0.5000000000000004,0.8660254037844384,-0.5234156073655503,0.8520775211013093
2018-11-30,32.9,14.5,21.8,0.0,24.59,11,25.7,28.4,19.4,20.7,334,-0.5000000000000004,0.8660254037844384,-0.5086709438521042,0.8609610158889945
2018-12-01,25.7,16.1,20.1,0.0,24.813333333333333,12,25.2,32.9,28.4,19.4,335,-2.4492935982947064e-16,1.0,-0.49377555015997737,0.8695893893466109
2018-12-02,25.2,16.0,19.7,0.5,24.740000000000002,12,21.3,25.7,32.9,28.4,336,-2.4492935982947064e-16,1.0,-0.4787338401157883,0.8779600847008883
2018-12-03,21.3,15.2,18.2,3.2,24.35,12,21.7,25.2,25.7,32.9,337,-2.4492935982947064e-16,1.0,-0.4635502709028512,0.8860706215341378
2018-12-04,21.7,11.1,17.4,0.3,24.373333333333335,12,24.3,21.3,25.2,25.7,338,-2.4492935982947064e-16,1.0,-0.4482293417404106,0.893918596519257
2018-12-05,24.3,15.8,19.5,0.0,24.666666666666668,12,23.0,21.7,21.3,25.2,339,-2.4492935982947064e-16,1.0,-0.4327755925504317,0.9015016841318838
2018-12-06,23.0,15.3,19.0,0.3,24.81,12,21.5,24.3,21.7,21.3,340,-2.4492935982947064e-16,1.0,-0.41719360261231697,0.9088176373395028
2018-12-07,21.5,14.4,18.2,10.4,24.719999999999995,12,20.3,23.0,24.3,21.7,341,-2.4492935982947064e-16,1.0,-0.4014879892059737,0.9158642882672868
2018-12-08,20.3,12.3,16.6,1.6,24.633333333333333,12,21.3,21.5,23.0,24.3,342,-2.4492935982947064e-16,1.0,-0.38566340624360745,0.9226395488404875
2018-12-09,21.3,15.8,18.4,0.0,24.316666666666666,12,26.4,20.3,21.5,23.0,343,-2.4492935982947064e-16,1.0,-0.3697245428906732,0.9291414114031743
2018-12-10,26.4,11.9,19.8,0.0,24.279999999999998,12,25.9,21.3,20.3,21.5,344,-2.4492935982947064e-16,1.0,-0.3536761221763721,0.935367949313148
2018-12-11,25.9,15.7,20.7,0.0,24.066666666666663,12,24.2,26.4,21.3,20.3,345,-2.4492935982947064e-16,1.0,-0.33752289959411347,0.941317317512847
2018-12-12,24.2,17.5,20.3,1.5,23.993333333333332,12,22.1,25.9,26.4,21.3,346,-2.4492935982947064e-16,1.0,-0.32126966169236515,0.9469877530760751
2018-12-13,22.1,13.1,18.3,0.2,23.89,12,23.2,24.2,25.9,26.4,347,-2.4492935982947064e-16,1.0,-0.3049212246562894,0.9523775757303973
2018-12-14,23.2,13.6,19.1,0.0,23.84333333333333,12,24.5,22.1,24.2,25.9,348,-2.4492935982947064e-16,1.0,-0.2884824328806098,0.9574851883550389
2018-12-15,24.5,16.7,20.3,0.0,23.85,12,29.3,23.2,22.1,24.2,349,-2.4492935982947064e-16,1.0,-0.27195815753410524,0.9623090774541487
2018-12-16,29.3,17.4,23.4,0.0,24.003333333333334,12,31.4,24.5,23.2,22.1,350,-2.4492935982947064e-16,1.0,-0.2553532951161881,0.9668478136052773
2018-12-17,31.4,18.7,24.4,0.0,24.336666666666666,12,25.1,29.3,24.5,23.2,351,-2.4492935982947064e-16,1.0,-0.23867276600594997,0.9711000518829505
2018-12-18,25.1,19.2,21.2,3.4,24.233333333333334,12,25.1,31.4,29.3,24.5,352,-2.4492935982947064e-16,1.0,-0.22192151300416674,0.9750645322571945
2018-12-19,25.1,16.4,20.8,1.9,24.076666666666668,12,25.2,25.1,31.4,29.3,353,-2.4492935982947064e-16,1.0,-0.20510449986861926,0.9787400799669153
2018-12-20,25.2,17.6,21.0,0.0,24.196666666666665,12,26.4,25.1,25.1,31.4,354,-2.4492935982947064e-16,1.0,-0.1882267098432439,0.9821256058680006
2018-12-21,26.4,17.3,21.7,0.0,24.399999999999995,12,26.3,25.2,25.1,25.1,355,-2.4492935982947064e-16,1.0,-0.1712931441814778,0.9852201067560606
2018-12-22,26.3,19.4,22.3,0.0,24.486666666666668,12,25.4,26.4,25.2,25.1,356,-2.4492935982947064e-16,1.0,-0.154308820664281,0.9880226656636976
2018-12-23,25.4,19.5,21.8,0.0,24.5,12,26.0,26.3,26.4,25.2,357,-2.4492935982947064e-16,1.0,-0.13727877211326517,0.9905324521322227
2018-12-24,26.0,19.3,22.0,0.0,24.6,12,27.7,25.4,26.3,26.4,358,-2.4492935982947064e-16,1.0,-0.12020804489935275,0.9927487224577402
2018-12-25,27.7,15.6,22.3,0.0,24.766666666666666,12,26.2,26.0,25.4,26.3,359,-2.4492935982947064e-16,1.0,-0.10310169744743544,0.9946708199115211
2018-12-26,26.2,18.8,22.5,3.3,24.87,12,23.3,27.7,26.0,25.4,360,-2.4492935982947064e-16,1.0,-0.0859647987374467,0.9962981749346077
2018-12-27,23.3,17.6,19.9,3.7,24.956666666666667,12,25.1,26.2,27.7,26.0,361,-2.4492935982947064e-16,1.0,-0.06880242680232064,0.9976303053065857
2018-12-28,25.1,15.4,20.1,0.0,25.146666666666665,12,24.8,23.3,26.2,27.7,362,-2.4492935982947064e-16,1.0,-0.05161966722325418,0.9986668162884759
2018-12-29,24.8,12.4,19.7,0.0,25.026666666666667,12,23.9,25.1,23.3,26.2,363,-2.4492935982947064e-16,1.0,-0.034421611622745804,0.9994074007397048
2018-12-30,23.9,17.8,20.8,0.0,24.726666666666667,12,29.8,24.8,25.1,23.3,364,-2.4492935982947064e-16,1.0,-0.01721335615583528,0.9998518392091162
2018-12-31,29.8,13.8,22.3,0.0,24.863333333333333,12,27.2,23.9,24.8,25.1,365,-2.4492935982947064e-16,1.0,6.432490598706546e-16,1.0
2019-01-01,27.2,18.6,21.3,1.8,24.93,1,26.9,29.8,23.9,24.8,1,0.49999999999999994,0.8660254037844387,0.017213356155834685,0.9998518392091162
2019-01-02,26.9,17.8,21.6,0.0,25.116666666666667,1,29.9,27.2,29.8,23.9,2,0.49999999999999994,0.8660254037844387,0.03442161162274574,0.9994074007397048
2019-01-03,29.9,14.8,22.8,0.0,25.389999999999997,1,26.0,26.9,27.2,29.8,3,0.49999999999999994,0.8660254037844387,0.051619667223253764,0.998666816288476
2019-01-04,26.0,15.4,21.0,0.1,25.446666666666665,1,24.1,29.9,26.9,27.2,4,0.49999999999999994,0.8660254037844387,0.06880242680231986,0.9976303053065857
2019-01-05,24.1,18.3,20.8,0.0,25.483333333333334,1,26.3,26.0,29.9,26.9,5,0.49999999999999994,0.8660254037844387,0.08596479873744647,0.9962981749346078
2019-01-06,26.3,17.3,21.1,0.0,25.643333333333334,1,24.2,24.1,26.0,29.9,6,0.49999999999999994,0.8660254037844387,0.10310169744743485,0.9946708199115211
2019-01-07,24.2,14.6,20.2,0.0,25.77333333333333,1,25.1,26.3,24.1,26.0,7,0.49999999999999994,0.8660254037844387,0.1202080448993527,0.9927487224577402
2019-01-08,25.1,18.3,21.2,0.0,25.9,1,25.7,24.2,26.3,24.1,8,0.49999999999999994,0.8660254037844387,0.13727877211326478,0.9905324521322229
2019-01-09,25.7,18.7,21.3,0.0,25.87666666666667,1,24.8,25.1,24.2,26.3,9,0.49999999999999994,0.8660254037844387,0.15430882066428117,0.9880226656636976
2019-01-10,24.8,15.5,20.1,0.0,25.84,1,24.7,25.7,25.1,24.2,10,0.49999999999999994,0.8660254037844387,0.1712931441814776,0.9852201067560606
2019-01-11,24.7,15.9,19.5,10.7,25.85666666666667,1,22.7,24.8,25.7,25.1,11,0.49999999999999994,0.8660254037844387,0.1882267098432442,0.9821256058680006
2019-01-12,22.7,11.8,18.3,0.0,25.876666666666665,1,24.9,24.7,24.8,25.7,12,0.49999999999999994,0.8660254037844387,0.2051044998686192,0.9787400799669153
2019-01-13,24.9,16.2,20.2,0.0,25.933333333333334,1,25.4,22.7,24.7,24.8,13,0.49999999999999994,0.8660254037844387,0.2219215130041655,0.9750645322571948
2019-01-14,25.4,13.9,19.8,0.0,25.963333333333335,1,23.9,24.9,22.7,24.7,14,0.49999999999999994,0.8660254037844387,0.2386727660059501,0.9711000518829505
2019-01-15,23.9,16.8,20.3,0.0,25.783333333333335,1,30.9,25.4,24.9,22.7,15,0.49999999999999994,0.8660254037844387,0.255353295116187,0.9668478136052775
2019-01-16,30.9,16.7,24.1,0.0,25.766666666666666,1,28.7,23.9,25.4,24.9,16,0.49999999999999994,0.8660254037844387,0.2719581575341055,0.9623090774541486
2019-01-17,28.7,17.0,22.8,0.7,25.886666666666667,1,22.6,30.9,23.9,25.4,17,0.49999999999999994,0.8660254037844387,0.288482432880609,0.9574851883550393
2019-01-18,22.6,16.3,19.0,4.5,25.80333333333333,1,21.0,28.7,30.9,23.9,18,0.49999999999999994,0.8660254037844387,0.30492122465628907,0.9523775757303974
2019-01-19,21.0,13.7,17.7,0.0,25.663333333333334,1,26.5,22.6,28.7,30.9,19,0.49999999999999994,0.8660254037844387,0.3212696616923644,0.9469877530760753
2019-01-20,26.5,12.2,19.9,0.0,25.666666666666668,1,27.7,21.0,22.6,28.7,20,0.49999999999999994,0.8660254037844387,0.3375228995941133,0.9413173175128471
2019-01-21,27.7,15.0,21.2,0.0,25.71333333333333,1,23.9,26.5,21.0,22.6,21,0.49999999999999994,0.8660254037844387,0.3536761221763716,0.9353679493131483
2019-01-22,23.9,17.6,20.1,0.5,25.663333333333334,1,22.6,27.7,26.5,21.0,22,0.49999999999999994,0.8660254037844387,0.3697245428906731,0.9291414114031743
2019-01-23,22.6,15.9,19.2,0.4,25.55,1,23.5,23.9,27.7,26.5,23,0.49999999999999994,0.8660254037844387,0.38566340624360707,0.9226395488404876
2019-01-24,23.5,16.7,19.6,0.0,25.41,1,24.6,22.6,23.9,27.7,24,0.49999999999999994,0.8660254037844387,0.401487989205973,0.9158642882672872
2019-01-25,24.6,16.8,20.3,0.0,25.35666666666667,1,32.8,23.5,22.6,23.9,25,0.49999999999999994,0.8660254037844387,0.4171936026123168,0.9088176373395029
2019-01-26,32.8,16.1,24.2,0.0,25.673333333333332,1,32.4,24.6,23.5,22.6,26,0.49999999999999994,0.8660254037844387,0.4327755925504312,0.901501684131884
2019-01-27,32.4,17.8,24.7,0.0,25.916666666666668,1,34.9,32.8,24.6,23.5,27,0.49999999999999994,0.8660254037844387,0.4482293417404106,0.893918596519257
2019-01-28,34.9,17.5,27.2,0.0,26.25333333333333,1,28.8,32.4,32.8,24.6,28,0.49999999999999994,0.8660254037844387,0.4635502709028509,0.886070621534138
2019-01-29,28.8,17.6,22.9,0.0,26.416666666666668,1,25.8,34.9,32.4,32.8,29,0.49999999999999994,0.8660254037844387,0.47873384011578846,0.8779600847008882
2019-01-30,25.8,17.9,21.5,0.0,26.283333333333335,1,27.6,28.8,34.9,32.4,30,0.49999999999999994,0.8660254037844387,0.49377555015997715,0.869589389346611
2019-01-31,27.6,18.9,23.4,0.0,26.296666666666667,1,34.0,25.8,28.8,34.9,31,0.49999999999999994,0.8660254037844387,0.5086709438521044,0.8609610158889943
2019-02-01,34.0,19.6,26.2,0.0,26.533333333333335,2,29.0,27.6,25.8,28.8,32,0.8660254037844386,0.5000000000000001,0.5234156073655503,0.8520775211013093
2019-02-02,29.0,20.5,23.4,3.5,26.503333333333334,2,23.1,34.0,27.6,25.8,33,0.8660254037844386,0.5000000000000001,0.5380051715382996,0.8429415373547828
2019-02-03,23.1,18.9,20.5,6.3,26.40666666666667,2,24.5,29.0,34.0,27.6,34,0.8660254037844386,0.5000000000000001,0.5524353131676196,0.8335557718385699
2019-02-04,24.5,17.6,20.5,0.0,26.42,2,25.8,23.1,29.0,34.0,35,0.8660254037844386,0.5000000000000001,0.5667017562911176,0.8239230057575542
2019-02-05,25.8,15.3,20.7,0.0,26.40333333333333,2,32.0,24.5,23.1,29.0,36,0.8660254037844386,0.5000000000000001,0.5808002734538009,0.8140460935082178
2019-02-06,32.0,17.0,24.2,0.0,26.663333333333334,2,37.0,25.8,24.5,23.1,37,0.8660254037844386,0.5000000000000001,0.5947266869607634,0.8039279618328213
2019-02-07,37.0,17.4,26.2,0.0,27.06,2,26.8,32.0,25.8,24.5,38,0.8660254037844386,0.5000000000000001,0.6084768701151261,0.7935716089521474
2019-02-08,26.8,17.2,20.9,0.0,27.096666666666668,2,26.3,37.0,32.0,25.8,39,0.8660254037844386,0.5000000000000001,0.6220467484408675,0.7829801036770629
2019-02-09,26.3,17.0,21.5,0.0,27.146666666666665,2,23.7,26.8,37.0,32.0,40,0.8660254037844386,0.5000000000000001,0.6354323008901774,0.7721565844991642
2019-02-10,23.7,18.4,20.5,0.1,27.113333333333333,2,26.8,26.3,26.8,37.0,41,0.8660254037844386,0.5000000000000001,0.6486295610349814,0.7611042586607747
2019-02-11,26.8,18.4,21.9,0.0,27.25,2,26.4,23.7,26.3,26.8,42,0.8660254037844386,0.5000000000000001,0.6616346182422783,0.7498264012045686
2019-02-12,26.4,18.3,21.5,0.0,27.3,2,27.6,26.8,23.7,26.3,43,0.8660254037844386,0.5000000000000001,0.6744436188329455,0.7383263540031065
2019-02-13,27.6,17.0,21.6,0.0,27.37333333333333,2,35.6,26.4,26.8,23.7,44,0.8660254037844386,0.5000000000000001,0.6870527672236669,0.7266075247685656
2019-02-14,35.6,17.6,26.0,0.0,27.763333333333332,2,30.9,27.6,26.4,26.8,45,0.8660254037844386,0.5000000000000001,0.699458327051647,0.7146733860429609
2019-02-15,30.9,17.7,23.0,0.0,27.763333333333332,2,27.5,35.6,27.6,26.4,46,0.8660254037844386,0.5000000000000001,0.7116566222817746,0.7025274741691571
2019-02-16,27.5,18.1,21.1,0.0,27.723333333333333,2,28.6,30.9,35.6,27.6,47,0.8660254037844386,0.5000000000000001,0.7236440382959124,0.6901733882429719
2019-02-17,28.6,18.2,22.9,0.0,27.923333333333336,2,29.9,27.5,30.9,35.6,48,0.8660254037844386,0.5000000000000001,0.7354170229639855,0.6776147890466889
2019-02-18,29.9,16.6,23.1,0.0,28.220000000000002,2,31.7,28.6,27.5,30.9,49,0.8660254037844386,0.5000000000000001,0.7469720876965552,0.6648553979642865
2019-02-19,31.7,18.2,23.1,0.0,28.393333333333334,2,26.4,29.9,28.6,27.5,50,0.8660254037844386,0.5000000000000001,0.7583058084785624,0.6518989958787126
2019-02-20,26.4,18.4,21.4,0.2,28.35,2,26.5,31.7,29.9,28.6,51,0.8660254037844386,0.5000000000000001,0.7694148268839378,0.6387494220515272
2019-02-21,26.5,18.7,22.6,0.0,28.436666666666667,2,31.5,26.4,31.7,29.9,52,0.8660254037844386,0.5000000000000001,0.7802958510707755,0.6254105729852463
2019-02-22,31.5,18.3,23.8,0.0,28.733333333333334,2,27.2,26.5,26.4,31.7,53,0.8660254037844386,0.5000000000000001,0.7909456567567772,0.6118864012687243
2019-02-23,27.2,16.5,21.0,0.0,28.85666666666667,2,25.4,31.5,26.5,26.4,54,0.8660254037844386,0.5000000000000001,0.8013610881746766,0.5981809144059165
2019-02-24,25.4,17.7,20.8,0.1,28.883333333333333,2,28.4,27.2,31.5,26.5,55,0.8660254037844386,0.5000000000000001,0.8115390590073611,0.5842981736283684
2019-02-25,28.4,17.0,21.9,0.0,28.736666666666668,2,21.9,25.4,27.2,31.5,56,0.8660254037844386,0.5000000000000001,0.8214765533024142,0.5702422926917871
2019-02-26,21.9,16.7,19.8,2.9,28.386666666666667,2,24.0,28.4,25.4,27.2,57,0.8660254037844386,0.5000000000000001,0.8311706263658079,0.5560174366570446
2019-02-27,24.0,13.5,18.5,0.1,28.023333333333333,2,25.8,21.9,28.4,25.4,58,0.8660254037844386,0.5000000000000001,0.8406184056344782,0.5416278206559814
2019-02-28,25.8,15.8,20.8,0.1,27.923333333333336,2,25.1,24.0,21.9,28.4,59,0.8660254037844386,0.5000000000000001,0.8498170915275278,0.5270777086423722
2019-03-01,25.1,17.5,20.9,0.3,27.9,3,26.7,25.8,24.0,21.9,60,1.0,6.123233995736766e-17,0.8587639582758029,0.5123714121284237
2019-03-02,26.7,17.1,21.0,0.7,27.87,3,26.5,25.1,25.8,24.0,61,1.0,6.123233995736766e-17,0.8674563547295969,0.49751328890718066
2019-03-03,26.5,17.2,21.1,0.0,27.62,3,23.2,26.7,25.1,25.8,62,1.0,6.123233995736766e-17,0.8758917051442429,0.48250774176121847
2019-03-04,23.2,17.1,19.6,2.6,27.42666666666667,3,24.8,26.5,26.7,25.1,63,1.0,6.123233995736766e-17,0.8840675099433636,0.4673592171580022
2019-03-05,24.8,14.4,19.8,0.0,27.483333333333334,3,28.0,23.2,26.5,26.7,64,1.0,6.123233995736766e-17,0.8919813464595485,0.45207220393230435
2019-03-06,28.0,15.6,21.5,0.0,27.6,3,20.6,24.8,23.2,26.5,65,1.0,6.123233995736766e-17,0.8996308696522433,0.43665123195606403
2019-03-07,20.6,15.9,17.6,4.7,27.42666666666667,3,24.4,28.0,24.8,23.2,66,1.0,6.123233995736766e-17,0.9070138128026359,0.4211008707960896
2019-03-08,24.4,15.4,19.2,0.0,27.173333333333336,3,22.1,20.6,28.0,24.8,67,1.0,6.123233995736766e-17,0.9141279881853337,0.40542572835999735
2019-03-09,22.1,16.5,18.8,0.1,26.67666666666667,3,26.0,24.4,20.6,28.0,68,1.0,6.123233995736766e-17,0.9209712877166346,0.38963044953078796
2019-03-10,26.0,17.0,20.3,6.4,26.65,3,21.0,22.1,24.4,20.6,69,1.0,6.123233995736766e-17,0.9275416835791966,0.37371971479046906
2019-03-11,21.0,16.2,17.9,17.3,26.473333333333336,3,22.5,26.0,22.1,24.4,70,1.0,6.123233995736766e-17,0.9338372288229252,0.35769823883312546
2019-03-12,22.5,14.8,17.8,0.3,26.433333333333334,3,24.2,21.0,26.0,22.1,71,1.0,6.123233995736766e-17,0.9398560579418954,0.3415707691678556
2019-03-13,24.2,14.3,18.7,0.0,26.346666666666668,3,27.0,22.5,21.0,26.0,72,1.0,6.123233995736766e-17,0.9455963874271426,0.3253420847119801
2019-03-14,27.0,17.4,21.4,0.0,26.366666666666667,3,32.3,24.2,22.5,21.0,73,1.0,6.123233995736766e-17,0.9510565162951535,0.30901699437494745
2019-03-15,32.3,16.9,24.2,0.0,26.523333333333333,3,27.8,27.0,24.2,22.5,74,1.0,6.123233995736766e-17,0.9562348265919056,0.29260033563334836
2019-03-16,27.8,16.5,21.2,0.0,26.263333333333332,3,25.1,32.3,27.0,24.2,75,1.0,6.123233995736766e-17,0.9611297838723007,0.27609697309746883
2019-03-17,25.1,15.8,18.9,0.0,26.07,3,25.2,27.8,32.3,27.0,76,1.0,6.123233995736766e-17,0.9657399376548549,0.2595117970697999
2019-03-18,25.2,17.9,20.8,0.0,25.993333333333336,3,27.3,25.1,27.8,32.3,77,1.0,6.123233995736766e-17,0.9700639218515071,0.2428497220959356
2019-03-19,27.3,16.7,21.1,0.1,25.95,3,20.9,25.2,25.1,27.8,78,1.0,6.123233995736766e-17,0.9741004551724205,0.22611568550828828
2019-03-20,20.9,15.4,18.3,0.3,25.65,3,23.0,27.3,25.2,25.1,79,1.0,6.123233995736766e-17,0.9778483415056568,0.20931464596304847
2019-03-21,23.0,13.6,18.4,0.0,25.36,3,26.0,20.9,27.3,25.2,80,1.0,6.123233995736766e-17,0.9813064702716093,0.19245158197082998
2019-03-22,26.0,15.9,20.2,0.0,25.346666666666668,3,29.6,23.0,20.9,27.3,81,1.0,6.123233995736766e-17,0.9844738167520922,0.1755314904214282
2019-03-23,29.6,14.6,22.0,0.0,25.45,3,24.5,26.0,23.0,20.9,82,1.0,6.123233995736766e-17,0.9873494423939864,0.15855938510313475
2019-03-24,24.5,17.6,20.3,0.0,25.216666666666665,3,23.1,29.6,26.0,23.0,83,1.0,6.123233995736766e-17,0.989932495087353,0.141540295217043
2019-03-25,23.1,17.2,19.2,0.6,25.08,3,27.2,24.5,29.6,26.0,84,1.0,6.123233995736766e-17,0.9922222094179323,0.12447926388678915
2019-03-26,27.2,16.2,21.0,0.0,25.139999999999997,3,29.0,23.1,24.5,29.6,85,1.0,6.123233995736766e-17,0.994217906893952,0.10738134666416309
2019-03-27,29.0,12.4,20.1,0.0,25.16,3,26.5,27.2,23.1,24.5,86,1.0,6.123233995736766e-17,0.995918996147179,0.09025161003104117
2019-03-28,26.5,15.6,20.3,0.0,25.313333333333333,3,25.8,29.0,27.2,23.1,87,1.0,6.123233995736766e-17,0.9973249731081555,0.07309512989807777
2019-03-29,25.8,16.8,20.6,0.0,25.373333333333335,3,26.3,26.5,29.0,27.2,88,1.0,6.123233995736766e-17,0.9984354211555643,0.055916990100603484
2019-03-30,26.3,14.7,19.6,0.0,25.389999999999997,3,22.6,25.8,26.5,29.0,89,1.0,6.123233995736766e-17,0.9992500112396835,0.03872228089217446
2019-03-31,22.6,15.4,18.1,0.3,25.30666666666667,3,18.8,26.3,25.8,26.5,90,1.0,6.123233995736766e-17,0.9997685019798909,0.021516097436222254
2019-04-01,18.8,14.8,16.5,0.2,25.043333333333333,4,25.8,22.6,26.3,25.8,91,0.8660254037844387,-0.4999999999999998,0.9999907397361901,0.004303538296244289
2019-04-02,25.8,12.4,18.9,0.0,25.02,4,27.9,18.8,22.6,26.3,92,0.8660254037844387,-0.4999999999999998,0.9999166586547379,-0.01291029607500882
2019-04-03,27.9,9.9,18.0,0.0,25.176666666666666,4,18.4,25.8,18.8,22.6,93,0.8660254037844387,-0.4999999999999998,0.9995462806873573,-0.030120304846908114
2019-04-04,18.4,13.9,16.4,10.5,24.96333333333333,4,20.6,27.9,25.8,18.8,94,0.8660254037844387,-0.4999999999999998,0.9988797155850336,-0.04732138832243185
2019-04-05,20.6,14.2,16.8,0.0,24.716666666666665,4,22.4,18.4,27.9,25.8,95,0.8660254037844387,-0.4999999999999998,0.9979171608653922,-0.06450844944931623
2019-04-06,22.4,9.5,16.7,0.0,24.776666666666664,4,25.7,20.6,18.4,27.9,96,0.8660254037844387,-0.4999999999999998,0.9966589017541702,-0.08167639533042241
2019-04-07,25.7,13.5,18.4,0.0,24.82,4,22.8,22.4,20.6,18.4,97,0.8660254037844387,-0.4999999999999998,0.9951053111006976,-0.09882013873287143
2019-04-08,22.8,14.1,18.3,0.2,24.84333333333333,4,28.5,25.7,22.4,20.6,98,0.8660254037844387,-0.4999999999999998,0.9932568492674143,-0.11593459959550041
2019-04-09,28.5,16.4,21.4,0.0,24.926666666666666,4,26.0,22.8,25.7,22.4,99,0.8660254037844387,-0.4999999999999998,0.9911140639934547,-0.1330147065341959
2019-04-10,26.0,16.1,19.5,0.0,25.09333333333333,4,21.9,28.5,22.8,25.7,100,0.8660254037844387,-0.4999999999999998,0.9886775902323405,-0.1500553983446526
2019-04-11,21.9,15.3,17.8,0.0,25.07333333333333,4,23.2,26.0,28.5,22.8,101,0.8660254037844387,-0.4999999999999998,0.9859481499638304,-0.16705162550211924
2019-04-12,23.2,15.9,18.7,0.1,25.040000000000003,4,19.5,21.9,26.0,28.5,102,0.8660254037844387,-0.4999999999999998,0.9829265519799822,-0.18399835165768005
2019-04-13,19.5,13.1,17.8,6.8,24.790000000000003,4,18.3,23.2,21.9,26.0,103,0.8660254037844387,-0.4999999999999998,0.9796136916454901,-0.20089055513063506
2019-04-14,18.3,12.0,14.6,2.7,24.32333333333333,4,18.3,19.5,23.2,21.9,104,0.8660254037844387,-0.4999999999999998,0.9760105506323683,-0.21772323039653177
2019-04-15,18.3,10.5,14.5,0.0,24.006666666666668,4,18.5,18.3,19.5,23.2,105,0.8660254037844387,-0.4999999999999998,0.9721181966290613,-0.23449138957040985
2019-04-16,18.5,10.2,14.7,0.0,23.78666666666667,4,22.1,18.3,18.3,19.5,106,0.8660254037844387,-0.4999999999999998,0.9679377830240642,-0.25119006388481935
2019-04-17,22.1,11.8,16.2,0.0,23.683333333333334,4,24.1,18.5,18.3,18.3,107,0.8660254037844387,-0.4999999999999998,0.9634705485641488,-0.2678143051621742
2019-04-18,24.1,9.0,16.1,0.0,23.576666666666664,4,23.4,22.1,18.5,18.3,108,0.8660254037844387,-0.4999999999999998,0.9587178169872964,-0.2843591872810034
2019-04-19,23.4,11.8,17.0,2.1,23.660000000000004,4,20.0,24.1,22.1,18.5,109,0.8660254037844387,-0.4999999999999998,0.9536809966304457,-0.30081980763566735
2019-04-20,20.0,13.6,16.2,1.3,23.560000000000002,4,22.7,23.4,24.1,22.1,110,0.8660254037844387,-0.4999999999999998,0.9483615800121715,-0.3171912885891061
2019-04-21,22.7,14.5,17.7,0.0,23.45,4,25.0,20.0,23.4,24.1,111,0.8660254037844387,-0.4999999999999998,0.9427611433904207,-0.3334687789181868
2019-04-22,25.0,14.9,18.8,0.0,23.296666666666667,4,24.2,22.7,20.0,23.4,112,0.8660254037844387,-0.4999999999999998,0.9368813462954315,-0.3496474552512284
2019-04-23,24.2,16.6,19.1,0.0,23.28666666666667,4,22.9,25.0,22.7,20.0,113,0.8660254037844387,-0.4999999999999998,0.9307239310379795,-0.36572252349726897
2019-04-24,22.9,15.4,18.7,0.0,23.279999999999998,4,26.7,24.2,25.0,22.7,114,0.8660254037844387,-0.4999999999999998,0.9242907221930933,-0.3816892202666588
2019-04-25,26.7,13.8,18.7,0.0,23.263333333333335,4,21.0,22.9,24.2,25.0,115,0.8660254037844387,-0.4999999999999998,0.9175836260593937,-0.39754281428255595
2019-04-26,21.0,15.0,17.3,0.0,22.99666666666667,4,22.8,26.7,22.9,24.2,116,0.8660254037844387,-0.4999999999999998,0.9106046300942162,-0.4132786077829042
2019-04-27,22.8,11.4,16.1,0.0,22.873333333333335,4,28.1,21.0,26.7,22.9,117,0.8660254037844387,-0.4999999999999998,0.9033558023246845,-0.4288919379124835
2019-04-28,28.1,10.2,17.3,0.0,22.95,4,24.0,22.8,21.0,26.7,118,0.8660254037844387,-0.4999999999999998,0.895839290734909,-0.4443781781046132
2019-04-29,24.0,10.7,16.7,0.2,22.873333333333335,4,20.9,28.1,22.8,21.0,119,0.8660254037844387,-0.4999999999999998,0.8880573226294932,-0.45973273945210397
2019-04-30,20.9,12.6,16.0,1.4,22.816666666666666,4,20.9,24.0,28.1,22.8,120,0.8660254037844387,-0.4999999999999998,0.8800122039735357,-0.47495107206704995
2019-05-01,20.9,13.3,16.2,0.0,22.886666666666667,5,21.0,20.9,24.0,28.1,121,0.49999999999999994,-0.8660254037844387,0.8717063187093218,-0.4900286664290592
2019-05-02,21.0,11.2,15.0,2.1,22.726666666666667,5,19.8,20.9,20.9,24.0,122,0.49999999999999994,-0.8660254037844387,0.8631421280499114,-0.5049610547215204
2019-05-03,19.8,13.8,16.7,1.0,22.456666666666667,5,18.2,21.0,20.9,20.9,123,0.49999999999999994,-0.8660254037844387,0.854322169749827,-0.5197438121555155
2019-05-04,18.2,11.3,15.1,0.0,22.45,5,23.6,19.8,21.0,20.9,124,0.49999999999999994,-0.8660254037844387,0.8452490573530633,-0.5343725582809786
2019-05-05,23.6,10.5,16.4,0.0,22.55,5,21.5,18.2,19.8,21.0,125,0.49999999999999994,-0.8660254037844387,0.8359254794186372,-0.548842958284719
2019-05-06,21.5,11.4,15.4,0.0,22.52,5,19.9,23.6,18.2,19.8,126,0.49999999999999994,-0.8660254037844387,0.8263541987239096,-0.5631507242749186
2019-05-07,19.9,10.2,14.3,0.9,22.326666666666664,5,16.9,21.5,23.6,18.2,127,0.49999999999999994,-0.8660254037844387,0.8165380514459161,-0.5772916165517272
2019-05-08,16.9,11.2,13.9,4.8,22.13,5,21.5,19.9,21.5,23.6,128,0.49999999999999994,-0.8660254037844387,0.8064799463209448,-0.5912614448635781
2019-05-09,21.5,12.5,15.9,0.0,21.896666666666665,5,21.2,16.9,19.9,21.5,129,0.49999999999999994,-0.8660254037844387,0.7961828637826158,-0.6050560696488488
2019-05-10,21.2,9.4,15.6,0.0,21.736666666666668,5,21.0,21.5,16.9,19.9,130,0.49999999999999994,-0.8660254037844387,0.7856498550787147,-0.6186714032625031
2019-05-11,21.0,10.0,15.0,0.0,21.706666666666667,5,20.0,21.2,21.5,16.9,131,0.49999999999999994,-0.8660254037844387,0.7748840413670407,-0.6321034111873487
2019-05-12,20.0,11.3,16.0,0.0,21.6,5,25.7,21.0,21.2,21.5,132,0.49999999999999994,-0.8660254037844387,0.7638886127905428,-0.6453481132295501
2019-05-13,25.7,12.1,17.7,0.0,21.80666666666667,5,28.9,20.0,21.0,21.2,133,0.49999999999999994,-0.8660254037844387,0.7526668275320085,-0.6584015846980488
2019-05-14,28.9,14.0,19.5,0.2,22.160000000000004,5,18.8,25.7,20.0,21.0,134,0.49999999999999994,-0.8660254037844387,0.7412220108485958,-0.6712599575675313
2019-05-15,18.8,14.7,16.6,0.5,22.176666666666666,5,22.6,28.9,25.7,20.0,135,0.49999999999999994,-0.8660254037844387,0.7295575540864875,-0.6839194216246106
2019-05-16,22.6,11.1,16.8,0.0,22.313333333333333,5,26.2,18.8,28.9,25.7,136,0.49999999999999994,-0.8660254037844387,0.717676913675962,-0.6963762255968722
2019-05-17,26.2,11.9,16.9,0.0,22.45,5,21.4,22.6,18.8,28.9,137,0.49999999999999994,-0.8660254037844387,0.705583610107178,-0.7086266782644596
2019-05-18,21.4,11.3,16.4,0.0,22.360000000000003,5,19.4,26.2,22.6,18.8,138,0.49999999999999994,-0.8660254037844387,0.6932812268869777,-0.7206671495538609
2019-05-19,19.4,9.7,14.3,1.7,22.226666666666667,5,17.3,21.4,26.2,22.6,139,0.49999999999999994,-0.8660254037844387,0.6807734094770161,-0.7324940716135789
2019-05-20,17.3,12.0,15.0,29.8,22.136666666666663,5,18.7,19.4,21.4,26.2,140,0.49999999999999994,-0.8660254037844387,0.6680638642135335,-0.7441039398713607
2019-05-21,18.7,10.4,13.6,0.0,22.003333333333334,5,19.6,17.3,19.4,21.4,141,0.49999999999999994,-0.8660254037844387,0.6551563572090853,-0.7554933140726803
2019-05-22,19.6,8.3,13.3,0.0,21.823333333333334,5,19.3,18.7,17.3,19.4,142,0.49999999999999994,-0.8660254037844387,0.6420547132365637,-0.766658819300159
2019-05-23,19.3,10.3,15.0,0.0,21.66,5,20.3,19.6,18.7,17.3,143,0.49999999999999994,-0.8660254037844387,0.6287628145958344,-0.7775971469736269
2019-05-24,20.3,9.7,14.3,0.0,21.573333333333334,5,24.2,19.3,19.6,18.7,144,0.49999999999999994,-0.8660254037844387,0.6152845999633276,-0.7883050558305255
2019-05-25,24.2,11.2,16.5,0.0,21.49,5,27.4,20.3,19.3,19.6,145,0.49999999999999994,-0.8660254037844387,0.6016240632249226,-0.7987793728863649
2019-05-26,27.4,15.8,20.8,0.6,21.70333333333333,5,18.1,24.2,20.3,19.3,146,0.49999999999999994,-0.8660254037844387,0.5877852522924732,-0.8090169943749473
2019-05-27,18.1,14.1,15.9,0.7,21.546666666666667,5,21.6,27.4,24.2,20.3,147,0.49999999999999994,-0.8660254037844387,0.5737722679043246,-0.8190148866680801
2019-05-28,21.6,11.9,16.1,0.0,21.33,5,22.9,18.1,27.4,24.2,148,0.49999999999999994,-0.8660254037844387,0.5595892624101765,-0.8287700871745038
2019-05-29,22.9,8.4,15.6,0.0,21.293333333333333,5,19.4,21.6,18.1,27.4,149,0.49999999999999994,-0.8660254037844387,0.545240438540651,-0.8382797052177744
2019-05-30,19.4,11.1,14.9,0.0,21.243333333333332,5,18.5,22.9,21.6,18.1,150,0.49999999999999994,-0.8660254037844387,0.5307300481619334,-0.8475409228928311
2019-05-31,18.5,10.9,14.1,0.0,21.163333333333334,5,19.1,19.4,22.9,21.6,151,0.49999999999999994,-0.8660254037844387,0.5160623910158528,-0.8565509959010036
2019-06-01,19.1,8.6,13.0,0.0,21.1,6,18.6,18.5,19.4,22.9,152,1.2246467991473532e-16,-1.0,0.5012418134457758,-0.865307254363206
2019-06-02,18.6,10.9,13.9,0.0,21.06,6,24.0,19.1,18.5,19.4,153,1.2246467991473532e-16,-1.0,0.48627270710868997,-0.8738071036110808
2019-06-03,24.0,9.2,14.9,0.0,21.253333333333334,6,18.0,18.6,19.1,18.5,154,1.2246467991473532e-16,-1.0,0.4711595076738638,-0.8820480249558537
2019-06-04,18.0,12.5,14.7,27.0,21.066666666666666,6,16.5,24.0,18.6,19.1,155,1.2246467991473532e-16,-1.0,0.4559066935084588,-0.8900275764346767
2019-06-05,16.5,11.6,14.2,2.5,20.9,6,15.1,18.0,24.0,18.6,156,1.2246467991473532e-16,-1.0,0.440518784350495,-0.8977433935342337
2019-06-06,15.1,7.0,11.2,0.5,20.740000000000002,6,16.7,16.5,18.0,24.0,157,1.2246467991473532e-16,-1.0,0.42500033996955416,-0.9051931898913974
2019-06-07,16.7,4.1,11.3,0.0,20.733333333333334,6,18.5,15.1,16.5,18.0,158,1.2246467991473532e-16,-1.0,0.4093559588156213,-0.9123747579707273
2019-06-08,18.5,10.3,14.8,0.4,20.633333333333333,6,23.7,16.7,15.1,16.5,159,1.2246467991473532e-16,-1.0,0.39359027665646673,-0.9192859697186104
2019-06-09,23.7,11.1,17.7,0.1,20.716666666666665,6,18.2,18.5,16.7,15.1,160,1.2246467991473532e-16,-1.0,0.3777079652039649,-0.9259247771938498
2019-06-10,18.2,12.2,15.7,3.2,20.623333333333335,6,17.1,23.7,18.5,16.7,161,1.2246467991473532e-16,-1.0,0.36171373072976765,-0.9322892131745133
2019-06-11,17.1,10.9,13.8,1.8,20.526666666666664,6,15.8,18.2,23.7,18.5,162,1.2246467991473532e-16,-1.0,0.3456123126707335,-0.9383773917408641
2019-06-12,15.8,8.2,13.7,1.7,20.196666666666665,6,14.7,17.1,18.2,23.7,163,1.2246467991473532e-16,-1.0,0.3294084822245304,-0.9441875088341993
2019-06-13,14.7,5.9,10.3,0.0,19.723333333333333,6,18.1,15.8,17.1,18.2,164,1.2246467991473532e-16,-1.0,0.3131070409358269,-0.9497178427914316
2019-06-14,18.1,3.9,11.4,0.0,19.7,6,18.8,14.7,15.8,17.1,165,1.2246467991473532e-16,-1.0,0.29671281927349075,-0.9549667548552551
2019-06-15,18.8,3.4,12.3,0.0,19.573333333333334,6,21.8,18.1,14.7,15.8,166,1.2246467991473532e-16,-1.0,0.28023067519921585,-0.9599326896597447
2019-06-16,21.8,3.8,11.7,0.0,19.426666666666666,6,17.6,18.8,18.1,14.7,167,1.2246467991473532e-16,-1.0,0.26366549272800704,-0.9646141756912435
2019-06-17,17.6,4.9,11.3,0.0,19.3,6,26.0,21.8,18.8,18.1,168,1.2246467991473532e-16,-1.0,0.24702218048093552,-0.9690098257244062
2019-06-18,26.0,5.3,15.6,0.0,19.52,6,22.9,17.6,21.8,18.8,169,1.2246467991473532e-16,-1.0,0.23030567023061221,-0.9731183372332619
2019-06-19,22.9,10.9,15.2,0.0,19.706666666666667,6,25.0,26.0,17.6,21.8,170,1.2246467991473532e-16,-1.0,0.21352091543979612,-0.9769384927771817
2019-06-20,25.0,10.2,15.3,0.0,19.916666666666668,6,21.3,22.9,26.0,17.6,171,1.2246467991473532e-16,-1.0,0.19667288979357647,-0.980469160361632
2019-06-21,21.3,11.0,14.4,6.5,19.973333333333333,6,16.0,25.0,22.9,26.0,172,1.2246467991473532e-16,-1.0,0.1797665857255624,-0.9837092937736097
2019-06-22,16.0,13.7,14.6,6.2,19.863333333333333,6,17.3,21.3,25.0,22.9,173,1.2246467991473532e-16,-1.0,0.16280701293851715,-0.986657932891657
2019-06-23,17.3,8.0,12.6,0.0,19.763333333333332,6,16.9,16.0,21.3,25.0,174,1.2246467991473532e-16,-1.0,0.1457991969198751,-0.9893142039703663
2019-06-24,16.9,9.5,13.2,0.0,19.52,6,19.6,17.3,16.0,21.3,175,1.2246467991473532e-16,-1.0,0.12874817745258132,-0.99167731989929
2019-06-25,19.6,11.5,15.0,0.0,19.26,6,18.8,16.9,17.3,16.0,176,1.2246467991473532e-16,-1.0,0.11165900712169512,-0.993746580436178
2019-06-26,18.8,9.0,13.6,0.0,19.283333333333335,6,18.5,19.6,16.9,17.3,177,1.2246467991473532e-16,-1.0,0.09453674981719912,-0.9955213724144752
2019-06-27,18.5,8.4,12.8,2.2,19.18,6,15.7,18.8,19.6,16.9,178,1.2246467991473532e-16,-1.0,0.07738647923346301,-0.9970011699250151
2019-06-28,15.7,12.1,13.5,11.3,18.94,6,17.4,18.5,18.8,19.6,179,1.2246467991473532e-16,-1.0,0.06021327736579302,-0.9981855344718586
2019-06-29,17.4,10.9,13.6,0.0,18.873333333333335,6,17.5,15.7,18.5,18.8,180,1.2246467991473532e-16,-1.0,0.04302223300453059,-0.99907411510223
2019-06-30,17.5,10.2,13.1,8.5,18.84,6,16.7,17.4,15.7,18.5,181,1.2246467991473532e-16,-1.0,0.02581844022713308,-0.9996666485105112
2019-07-01,16.7,11.8,13.7,9.9,18.76,7,14.7,17.5,17.4,15.7,182,-0.4999999999999997,-0.8660254037844388,0.008606996888688698,-0.9999629591162655
2019-07-02,14.7,12.0,13.4,11.5,18.63,7,17.8,16.7,17.5,17.4,183,-0.4999999999999997,-0.8660254037844388,-0.008606996888688009,-0.9999629591162655
2019-07-03,17.8,11.1,14.5,1.6,18.423333333333336,7,17.8,14.7,16.7,17.5,184,-0.4999999999999997,-0.8660254037844388,-0.02581844022713239,-0.9996666485105112
2019-07-04,17.8,10.8,13.7,5.7,18.416666666666668,7,17.8,17.8,14.7,16.7,185,-0.4999999999999997,-0.8660254037844388,-0.04302223300453034,-0.99907411510223
2019-07-05,17.8,8.4,12.8,0.1,18.459999999999997,7,15.9,17.8,17.8,14.7,186,-0.4999999999999997,-0.8660254037844388,-0.060213277365792774,-0.9981855344718586
2019-07-06,15.9,10.6,13.1,9.4,18.486666666666668,7,17.9,17.8,17.8,17.8,187,-0.4999999999999997,-0.8660254037844388,-0.07738647923346322,-0.9970011699250151
2019-07-07,17.9,11.9,14.4,0.7,18.526666666666667,7,17.7,15.9,17.8,17.8,188,-0.4999999999999997,-0.8660254037844388,-0.09453674981719933,-0.9955213724144752
2019-07-08,17.7,12.8,14.7,0.0,18.5,7,20.0,17.9,15.9,17.8,189,-0.4999999999999997,-0.8660254037844388,-0.11165900712169444,-0.9937465804361781
2019-07-09,20.0,10.5,13.9,0.0,18.376666666666665,7,17.0,17.7,17.9,15.9,190,-0.4999999999999997,-0.8660254037844388,-0.12874817745258066,-0.99167731989929
2019-07-10,17.0,9.5,12.5,0.0,18.336666666666662,7,17.8,20.0,17.7,17.9,191,-0.4999999999999997,-0.8660254037844388,-0.14579919691987442,-0.9893142039703664
2019-07-11,17.8,7.1,12.0,0.0,18.360000000000003,7,18.3,17.0,20.0,17.7,192,-0.4999999999999997,-0.8660254037844388,-0.16280701293851646,-0.9866579328916572
2019-07-12,18.3,8.8,13.9,0.1,18.44333333333333,7,17.4,17.8,17.0,20.0,193,-0.4999999999999997,-0.8660254037844388,-0.17976658572556214,-0.9837092937736098
2019-07-13,17.4,7.9,12.0,0.0,18.533333333333335,7,17.1,18.3,17.8,17.0,194,-0.4999999999999997,-0.8660254037844388,-0.19667288979357622,-0.9804691603616321
2019-07-14,17.1,8.1,11.4,0.0,18.5,7,17.9,17.4,18.3,17.8,195,-0.4999999999999997,-0.8660254037844388,-0.2135209154397959,-0.9769384927771817
2019-07-15,17.9,6.8,12.0,0.0,18.469999999999995,7,18.1,17.1,17.4,18.3,196,-0.4999999999999997,-0.8660254037844388,-0.23030567023061196,-0.973118337233262
2019-07-16,18.1,5.3,11.2,0.0,18.346666666666668,7,16.7,17.9,17.1,17.4,197,-0.4999999999999997,-0.8660254037844388,-0.24702218048093527,-0.9690098257244063
2019-07-17,16.7,10.0,13.8,0.0,18.316666666666666,7,16.6,18.1,17.9,17.1,198,-0.4999999999999997,-0.8660254037844388,-0.2636654927280072,-0.9646141756912435
2019-07-18,16.6,14.1,15.0,9.8,18.003333333333334,7,15.1,16.7,18.1,17.9,199,-0.4999999999999997,-0.8660254037844388,-0.2802306751992161,-0.9599326896597445
2019-07-19,15.1,10.2,12.7,1.8,17.743333333333332,7,14.2,16.6,16.7,18.1,200,-0.4999999999999997,-0.8660254037844388,-0.2967128192734901,-0.9549667548552553
2019-07-20,14.2,6.1,10.4,0.0,17.383333333333333,7,19.9,15.1,16.6,16.7,201,-0.4999999999999997,-0.8660254037844388,-0.3131070409358267,-0.9497178427914317
2019-07-21,19.9,1.8,10.2,0.0,17.336666666666666,7,17.4,14.2,15.1,16.6,202,-0.4999999999999997,-0.8660254037844388,-0.3294084822245302,-0.9441875088341994
2019-07-22,17.4,8.4,13.0,3.7,17.383333333333333,7,15.0,19.9,14.2,15.1,203,-0.4999999999999997,-0.8660254037844388,-0.3456123126707333,-0.9383773917408642
2019-07-23,15.0,11.0,12.8,22.3,17.30666666666667,7,16.6,17.4,19.9,14.2,204,-0.4999999999999997,-0.8660254037844388,-0.3617137307297674,-0.9322892131745134
2019-07-24,16.6,11.2,13.3,1.7,17.296666666666667,7,17.4,15.0,17.4,19.9,205,-0.4999999999999997,-0.8660254037844388,-0.37770796520396466,-0.9259247771938499
2019-07-25,17.4,10.6,13.4,0.2,17.223333333333333,7,18.3,16.6,15.0,17.4,206,-0.4999999999999997,-0.8660254037844388,-0.39359027665646645,-0.9192859697186105
2019-07-26,18.3,9.4,13.0,0.1,17.206666666666667,7,17.7,17.4,16.6,15.0,207,-0.4999999999999997,-0.8660254037844388,-0.4093559588156211,-0.9123747579707274
2019-07-27,17.7,8.8,12.5,0.0,17.18,7,17.1,18.3,17.4,16.6,208,-0.4999999999999997,-0.8660254037844388,-0.42500033996955394,-0.9051931898913975
2019-07-28,17.1,8.4,12.0,0.0,17.226666666666667,7,16.5,17.7,18.3,17.4,209,-0.4999999999999997,-0.8660254037844388,-0.4405187843504952,-0.8977433935342336
2019-07-29,16.5,10.2,13.4,1.7,17.196666666666665,7,16.3,17.1,17.7,18.3,210,-0.4999999999999997,-0.8660254037844388,-0.455906693508459,-0.8900275764346766
2019-07-30,16.3,12.9,14.3,5.9,17.15666666666667,7,16.9,16.5,17.1,17.7,211,-0.4999999999999997,-0.8660254037844388,-0.47115950767386394,-0.8820480249558535
2019-07-31,16.9,9.1,12.6,1.1,17.163333333333334,7,17.7,16.3,16.5,17.1,212,-0.4999999999999997,-0.8660254037844388,-0.4862727071086902,-0.8738071036110807
2019-08-01,17.7,5.9,11.9,0.0,17.263333333333332,8,16.7,16.9,16.3,16.5,213,-0.8660254037844385,-0.5000000000000004,-0.5012418134457756,-0.8653072543632061
2019-08-02,16.7,6.1,11.7,0.0,17.226666666666667,8,18.1,17.7,16.9,16.3,214,-0.8660254037844385,-0.5000000000000004,-0.5160623910158526,-0.8565509959010037
2019-08-03,18.1,6.6,11.4,0.0,17.236666666666668,8,17.0,16.7,17.7,16.9,215,-0.8660254037844385,-0.5000000000000004,-0.5307300481619331,-0.8475409228928312
2019-08-04,17.0,7.4,11.5,0.0,17.209999999999997,8,17.4,18.1,16.7,17.7,216,-0.8660254037844385,-0.5000000000000004,-0.5452404385406507,-0.8382797052177745
2019-08-05,17.4,11.8,14.1,4.8,17.259999999999998,8,18.4,17.0,18.1,16.7,217,-0.8660254037844385,-0.5000000000000004,-0.5595892624101763,-0.828770087174504
2019-08-06,18.4,10.5,14.4,0.8,17.276666666666667,8,15.4,17.4,17.0,18.1,218,-0.8660254037844385,-0.5000000000000004,-0.5737722679043243,-0.8190148866680802
2019-08-07,15.4,9.8,12.1,6.4,17.2,8,15.4,18.4,17.4,17.0,219,-0.8660254037844385,-0.5000000000000004,-0.5877852522924734,-0.8090169943749472
2019-08-08,15.4,8.3,11.4,0.7,17.046666666666667,8,17.0,15.4,18.4,17.4,220,-0.8660254037844385,-0.5000000000000004,-0.6016240632249227,-0.7987793728863648
2019-08-09,17.0,7.7,11.6,0.0,17.046666666666667,8,18.1,15.4,15.4,18.4,221,-0.8660254037844385,-0.5000000000000004,-0.6152845999633277,-0.7883050558305253
2019-08-10,18.1,5.1,11.2,0.0,17.05666666666667,8,16.8,17.0,15.4,15.4,222,-0.8660254037844385,-0.5000000000000004,-0.6287628145958345,-0.7775971469736268
2019-08-11,16.8,11.5,13.6,10.8,17.006666666666668,8,16.3,18.1,17.0,15.4,223,-0.8660254037844385,-0.5000000000000004,-0.6420547132365636,-0.7666588193001592
2019-08-12,16.3,9.2,12.1,0.5,16.97,8,17.5,16.8,18.1,17.0,224,-0.8660254037844385,-0.5000000000000004,-0.655156357209085,-0.7554933140726804
2019-08-13,17.5,8.1,12.8,0.0,16.983333333333334,8,18.6,16.3,16.8,18.1,225,-0.8660254037844385,-0.5000000000000004,-0.6680638642135333,-0.7441039398713608
2019-08-14,18.6,12.0,15.0,2.0,17.006666666666668,8,17.2,17.5,16.3,16.8,226,-0.8660254037844385,-0.5000000000000004,-0.6807734094770159,-0.7324940716135792
2019-08-15,17.2,8.3,13.2,0.0,16.976666666666667,8,18.4,18.6,17.5,16.3,227,-0.8660254037844385,-0.5000000000000004,-0.6932812268869771,-0.7206671495538615
2019-08-16,18.4,11.6,14.9,0.0,17.033333333333335,8,23.9,17.2,18.6,17.5,228,-0.8660254037844385,-0.5000000000000004,-0.7055836101071774,-0.70862667826446
2019-08-17,23.9,12.9,17.3,0.0,17.276666666666664,8,20.5,18.4,17.2,18.6,229,-0.8660254037844385,-0.5000000000000004,-0.7176769136759615,-0.6963762255968726
2019-08-18,20.5,10.5,15.0,0.0,17.456666666666663,8,16.4,23.9,18.4,17.2,230,-0.8660254037844385,-0.5000000000000004,-0.7295575540864876,-0.6839194216246105
2019-08-19,16.4,11.7,14.0,0.5,17.529999999999998,8,18.2,20.5,23.9,18.4,231,-0.8660254037844385,-0.5000000000000004,-0.7412220108485957,-0.6712599575675315
2019-08-20,18.2,8.5,13.3,0.0,17.473333333333336,8,25.9,16.4,20.5,23.9,232,-0.8660254037844385,-0.5000000000000004,-0.7526668275320083,-0.6584015846980489
2019-08-21,25.9,6.9,14.9,0.0,17.756666666666664,8,19.0,18.2,16.4,20.5,233,-0.8660254037844385,-0.5000000000000004,-0.7638886127905429,-0.64534811322955
2019-08-22,19.0,11.6,15.4,0.0,17.889999999999997,8,20.8,25.9,18.2,16.4,234,-0.8660254037844385,-0.5000000000000004,-0.7748840413670406,-0.6321034111873488
2019-08-23,20.8,8.6,14.6,0.0,18.029999999999998,8,24.2,19.0,25.9,18.2,235,-0.8660254037844385,-0.5000000000000004,-0.7856498550787144,-0.6186714032625032
2019-08-24,24.2,8.0,15.4,0.0,18.256666666666664,8,18.9,20.8,19.0,25.9,236,-0.8660254037844385,-0.5000000000000004,-0.7961828637826154,-0.6050560696488494
2019-08-25,18.9,11.7,14.5,1.2,18.276666666666667,8,16.3,24.2,20.8,19.0,237,-0.8660254037844385,-0.5000000000000004,-0.8064799463209447,-0.5912614448635782
2019-08-26,16.3,11.2,13.5,0.1,18.23,8,15.8,18.9,24.2,20.8,238,-0.8660254037844385,-0.5000000000000004,-0.8165380514459157,-0.5772916165517278
2019-08-27,15.8,8.9,12.2,1.7,18.186666666666664,8,15.3,16.3,18.9,24.2,239,-0.8660254037844385,-0.5000000000000004,-0.8263541987239094,-0.5631507242749187
2019-08-28,15.3,6.7,10.6,0.8,18.146666666666665,8,16.5,15.8,16.3,18.9,240,-0.8660254037844385,-0.5000000000000004,-0.8359254794186365,-0.5488429582847199
2019-08-29,16.5,5.3,10.9,0.0,18.153333333333332,8,15.2,15.3,15.8,16.3,241,-0.8660254037844385,-0.5000000000000004,-0.8452490573530634,-0.5343725582809785
2019-08-30,15.2,6.6,11.2,1.9,18.096666666666668,8,16.5,16.5,15.3,15.8,242,-0.8660254037844385,-0.5000000000000004,-0.8543221697498269,-0.5197438121555157
2019-08-31,16.5,9.2,13.2,0.1,18.056666666666665,8,18.5,15.2,16.5,15.3,243,-0.8660254037844385,-0.5000000000000004,-0.8631421280499115,-0.5049610547215202
2019-09-01,18.5,12.0,14.5,0.4,18.116666666666667,9,17.5,16.5,15.2,16.5,244,-1.0,-1.8369701987210297e-16,-0.8717063187093217,-0.4900286664290594
2019-09-02,17.5,9.0,13.7,0.0,18.096666666666668,9,17.3,18.5,16.5,15.2,245,-1.0,-1.8369701987210297e-16,-0.8800122039735356,-0.4749510720670502
2019-09-03,17.3,10.9,14.1,0.0,18.10666666666667,9,18.3,17.5,18.5,16.5,246,-1.0,-1.8369701987210297e-16,-0.888057322629493,-0.4597327394521046
2019-09-04,18.3,13.3,15.3,0.4,18.136666666666667,9,22.7,17.3,17.5,18.5,247,-1.0,-1.8369701987210297e-16,-0.8958392907349089,-0.4443781781046134
2019-09-05,22.7,12.2,16.1,0.0,18.279999999999998,9,21.9,18.3,17.3,17.5,248,-1.0,-1.8369701987210297e-16,-0.9033558023246842,-0.4288919379124841
2019-09-06,21.9,7.9,15.3,0.0,18.496666666666666,9,31.8,22.7,18.3,17.3,249,-1.0,-1.8369701987210297e-16,-0.9106046300942162,-0.41327860778290443
2019-09-07,31.8,9.9,21.2,0.0,19.043333333333333,9,28.3,21.9,22.7,18.3,250,-1.0,-1.8369701987210297e-16,-0.9175836260593934,-0.3975428142825566
2019-09-08,28.3,15.9,22.1,0.0,19.42,9,23.0,31.8,21.9,22.7,251,-1.0,-1.8369701987210297e-16,-0.9242907221930934,-0.3816892202666586
2019-09-09,23.0,14.1,16.9,0.0,19.583333333333332,9,21.1,28.3,31.8,21.9,252,-1.0,-1.8369701987210297e-16,-0.9307239310379793,-0.3657225234972692
2019-09-10,21.1,13.6,16.3,0.0,19.72666666666667,9,19.8,23.0,28.3,31.8,253,-1.0,-1.8369701987210297e-16,-0.9368813462954315,-0.34964745525122826
2019-09-11,19.8,12.6,15.5,1.1,19.84333333333333,9,16.5,21.1,23.0,28.3,254,-1.0,-1.8369701987210297e-16,-0.9427611433904206,-0.33346877891818705
2019-09-12,16.5,11.5,13.8,6.9,19.81,9,17.4,19.8,21.1,23.0,255,-1.0,-1.8369701987210297e-16,-0.9483615800121716,-0.31719128858910595
2019-09-13,17.4,9.1,13.0,0.7,19.77,9,20.6,16.5,19.8,21.1,256,-1.0,-1.8369701987210297e-16,-0.9536809966304455,-0.300819807635668
2019-09-14,20.6,8.9,14.0,0.0,19.883333333333333,9,21.0,17.4,16.5,19.8,257,-1.0,-1.8369701987210297e-16,-0.9587178169872964,-0.2843591872810036
2019-09-15,21.0,10.7,15.4,0.0,19.970000000000002,9,23.4,20.6,17.4,16.5,258,-1.0,-1.8369701987210297e-16,-0.9634705485641486,-0.26781430516217486
2019-09-16,23.4,13.4,17.1,0.0,19.953333333333333,9,20.6,21.0,20.6,17.4,259,-1.0,-1.8369701987210297e-16,-0.9679377830240642,-0.25119006388481957
2019-09-17,20.6,13.3,16.5,0.0,19.956666666666667,9,20.8,23.4,21.0,20.6,260,-1.0,-1.8369701987210297e-16,-0.9721181966290612,-0.23449138957041052
2019-09-18,20.8,12.3,16.8,0.0,20.10333333333333,9,32.3,20.6,23.4,21.0,261,-1.0,-1.8369701987210297e-16,-0.9760105506323682,-0.21772323039653224
2019-09-19,32.3,15.0,20.6,0.0,20.573333333333334,9,21.6,20.8,20.6,23.4,262,-1.0,-1.8369701987210297e-16,-0.9796136916454901,-0.20089055513063528
2019-09-20,21.6,15.7,17.9,0.4,20.430000000000003,9,17.2,32.3,20.8,20.6,263,-1.0,-1.8369701987210297e-16,-0.9829265519799822,-0.18399835165767986
2019-09-21,17.2,13.1,15.1,6.3,20.37,9,17.1,21.6,32.3,20.8,264,-1.0,-1.8369701987210297e-16,-0.9859481499638303,-0.1670516255021195
2019-09-22,17.1,11.6,14.6,0.6,20.246666666666666,9,18.2,17.2,21.6,32.3,265,-1.0,-1.8369701987210297e-16,-0.9886775902323404,-0.15005539834465262
2019-09-23,18.2,9.8,14.6,0.0,20.04666666666667,9,23.5,17.1,17.2,21.6,266,-1.0,-1.8369701987210297e-16,-0.9911140639934546,-0.13301470653419636
2019-09-24,23.5,13.4,17.5,0.0,20.2,9,24.8,18.2,17.1,17.2,267,-1.0,-1.8369701987210297e-16,-0.9932568492674143,-0.11593459959550066
2019-09-25,24.8,10.7,17.7,0.0,20.483333333333334,9,31.6,23.5,18.2,17.1,268,-1.0,-1.8369701987210297e-16,-0.9951053111006974,-0.09882013873287211
2019-09-26,31.6,11.7,20.1,0.0,21.01,9,26.7,24.8,23.5,18.2,269,-1.0,-1.8369701987210297e-16,-0.99665890175417,-0.08167639533042288
2019-09-27,26.7,12.6,19.6,0.0,21.389999999999997,9,28.2,31.6,24.8,23.5,270,-1.0,-1.8369701987210297e-16,-0.9979171608653922,-0.06450844944931625
2019-09-28,28.2,14.3,20.2,0.0,21.779999999999998,9,18.5,26.7,31.6,24.8,271,-1.0,-1.8369701987210297e-16,-0.9988797155850335,-0.04732138832243232
2019-09-29,18.5,13.6,16.1,7.1,21.89,9,18.2,28.2,26.7,31.6,272,-1.0,-1.8369701987210297e-16,-0.9995462806873573,-0.03012030484690836
2019-09-30,18.2,13.1,15.7,0.6,21.94666666666667,9,21.4,18.5,28.2,26.7,273,-1.0,-1.8369701987210297e-16,-0.9999166586547379,-0.012910296075008843
2019-10-01,21.4,11.7,16.6,0.0,22.043333333333337,10,22.8,18.2,18.5,28.2,274,-0.8660254037844386,0.5000000000000001,-0.9999907397361901,0.004303538296243821
2019-10-02,22.8,9.6,16.0,0.0,22.220000000000002,10,21.1,21.4,18.2,18.5,275,-0.8660254037844386,0.5000000000000001,-0.9997685019798909,0.021516097436222233
2019-10-03,21.1,11.3,16.4,0.0,22.346666666666668,10,20.0,22.8,21.4,18.2,276,-0.8660254037844386,0.5000000000000001,-0.9992500112396835,0.03872228089217399
2019-10-04,20.0,11.3,16.0,0.0,22.403333333333332,10,22.9,21.1,22.8,21.4,277,-0.8660254037844386,0.5000000000000001,-0.9984354211555643,0.05591699010060302
2019-10-05,22.9,9.4,16.5,0.0,22.41,10,21.6,20.0,21.1,22.8,278,-0.8660254037844386,0.5000000000000001,-0.9973249731081555,0.07309512989807776
2019-10-06,21.6,10.9,16.0,0.3,22.4,10,22.2,22.9,20.0,21.1,279,-0.8660254037844386,0.5000000000000001,-0.9959189961471792,0.0902516100310407
2019-10-07,22.2,12.0,16.8,0.1,22.080000000000002,10,21.1,21.6,22.9,20.0,280,-0.8660254037844386,0.5000000000000001,-0.994217906893952,0.10738134666416306
2019-10-08,21.1,12.2,16.7,0.9,21.839999999999996,10,16.3,22.2,21.6,22.9,281,-0.8660254037844386,0.5000000000000001,-0.9922222094179324,0.12447926388678869
2019-10-09,16.3,12.4,14.6,0.5,21.616666666666667,10,21.0,21.1,22.2,21.6,282,-0.8660254037844386,0.5000000000000001,-0.989932495087353,0.141540295217043
2019-10-10,21.0,10.9,15.3,0.0,21.613333333333333,10,21.4,16.3,21.1,22.2,283,-0.8660254037844386,0.5000000000000001,-0.9873494423939864,0.15855938510313475
2019-10-11,21.4,11.3,16.1,0.0,21.666666666666668,10,21.2,21.0,16.3,21.1,284,-0.8660254037844386,0.5000000000000001,-0.9844738167520923,0.17553149042142777
2019-10-12,21.2,13.9,17.0,0.0,21.823333333333334,10,28.5,21.4,21.0,16.3,285,-0.8660254037844386,0.5000000000000001,-0.9813064702716093,0.19245158197082995
2019-10-13,28.5,15.0,20.5,0.0,22.193333333333335,10,23.2,21.2,21.4,21.0,286,-0.8660254037844386,0.5000000000000001,-0.9778483415056567,0.20931464596304888
2019-10-14,23.2,13.0,17.8,0.0,22.279999999999998,10,24.3,28.5,21.2,21.4,287,-0.8660254037844386,0.5000000000000001,-0.9741004551724206,0.22611568550828803
2019-10-15,24.3,10.5,17.9,0.1,22.39,10,22.8,23.2,28.5,21.2,288,-0.8660254037844386,0.5000000000000001,-0.970063921851507,0.2428497220959358
2019-10-16,22.8,14.3,17.9,0.0,22.37,10,22.6,24.3,23.2,28.5,289,-0.8660254037844386,0.5000000000000001,-0.965739937654855,0.25951179706979943
2019-10-17,22.6,15.0,18.0,0.0,22.436666666666667,10,23.2,22.8,24.3,23.2,290,-0.8660254037844386,0.5000000000000001,-0.9611297838723007,0.27609697309746883
2019-10-18,23.2,15.2,18.6,0.0,22.516666666666666,10,22.4,22.6,22.8,24.3,291,-0.8660254037844386,0.5000000000000001,-0.9562348265919058,0.2926003356333479
2019-10-19,22.4,15.0,18.0,0.0,22.186666666666667,10,21.2,23.2,22.6,22.8,292,-0.8660254037844386,0.5000000000000001,-0.9510565162951536,0.30901699437494723
2019-10-20,21.2,13.4,17.2,1.5,22.173333333333332,10,18.4,22.4,23.2,22.6,293,-0.8660254037844386,0.5000000000000001,-0.9455963874271428,0.3253420847119795
2019-10-21,18.4,12.8,15.7,0.6,22.21333333333333,10,22.4,21.2,22.4,23.2,294,-0.8660254037844386,0.5000000000000001,-0.9398560579418953,0.341570769167856
2019-10-22,22.4,10.5,16.5,0.0,22.39,10,19.5,18.4,21.2,22.4,295,-0.8660254037844386,0.5000000000000001,-0.9338372288229252,0.35769823883312546
2019-10-23,19.5,11.4,15.6,0.9,22.433333333333334,10,22.2,22.4,18.4,21.2,296,-0.8660254037844386,0.5000000000000001,-0.9275416835791965,0.3737197147904692
2019-10-24,22.2,12.3,17.2,0.0,22.389999999999997,10,18.0,19.5,22.4,18.4,297,-0.8660254037844386,0.5000000000000001,-0.9209712877166347,0.38963044953078774
2019-10-25,18.0,12.9,15.5,67.5,22.163333333333334,10,21.4,22.2,19.5,22.4,298,-0.8660254037844386,0.5000000000000001,-0.9141279881853337,0.4054257283599973
2019-10-26,21.4,11.7,16.3,0.0,21.82333333333333,10,18.3,18.0,22.2,19.5,299,-0.8660254037844386,0.5000000000000001,-0.9070138128026362,0.42110087079608916
2019-10-27,18.3,12.6,14.8,6.7,21.543333333333337,10,16.1,21.4,18.0,22.2,300,-0.8660254037844386,0.5000000000000001,-0.8996308696522434,0.4366512319560638
2019-10-28,16.1,10.0,13.1,5.0,21.14,10,17.8,18.3,21.4,18.0,301,-0.8660254037844386,0.5000000000000001,-0.8919813464595487,0.45207220393230374
2019-10-29,17.8,10.0,13.6,0.1,21.116666666666667,10,18.1,16.1,18.3,21.4,302,-0.8660254037844386,0.5000000000000001,-0.8840675099433637,0.46735921715800205
2019-10-30,18.1,10.0,14.2,0.0,21.113333333333333,10,23.2,17.8,16.1,18.3,303,-0.8660254037844386,0.5000000000000001,-0.8758917051442433,0.48250774176121763
2019-10-31,23.2,11.0,16.8,0.0,21.173333333333332,10,25.4,18.1,17.8,16.1,304,-0.8660254037844386,0.5000000000000001,-0.8674563547295971,0.4975132889071803
2019-11-01,25.4,9.9,17.1,0.0,21.26,11,21.7,23.2,18.1,17.8,305,-0.5000000000000004,0.8660254037844384,-0.858763958275803,0.5123714121284235
2019-11-02,21.7,12.8,17.2,0.0,21.279999999999998,11,19.4,25.4,23.2,18.1,306,-0.5000000000000004,0.8660254037844384,-0.8498170915275277,0.5270777086423724
2019-11-03,19.4,14.3,16.4,0.5,21.259999999999998,11,27.5,21.7,25.4,23.2,307,-0.5000000000000004,0.8660254037844384,-0.8406184056344783,0.5416278206559811
2019-11-04,27.5,11.9,19.3,0.0,21.413333333333334,11,26.3,19.4,21.7,25.4,308,-0.5000000000000004,0.8660254037844384,-0.8311706263658079,0.5560174366570446
2019-11-05,26.3,15.9,20.2,0.0,21.57,11,19.4,27.5,19.4,21.7,309,-0.5000000000000004,0.8660254037844384,-0.8214765533024145,0.5702422926917867
2019-11-06,19.4,14.5,17.3,2.6,21.476666666666667,11,18.7,26.3,27.5,19.4,310,-0.5000000000000004,0.8660254037844384,-0.8115390590073611,0.5842981736283683
2019-11-07,18.7,13.2,15.8,0.5,21.39666666666667,11,22.9,19.4,26.3,27.5,311,-0.5000000000000004,0.8660254037844384,-0.801361088174677,0.5981809144059158
2019-11-08,22.9,13.7,18.2,0.0,21.616666666666667,11,28.3,18.7,19.4,26.3,312,-0.5000000000000004,0.8660254037844384,-0.7909456567567774,0.6118864012687242
2019-11-09,28.3,16.0,21.8,0.0,21.86,11,25.6,22.9,18.7,19.4,313,-0.5000000000000004,0.8660254037844384,-0.780295851070776,0.6254105729852457
2019-11-10,25.6,14.6,20.4,0.0,22.0,11,22.3,28.3,22.9,18.7,314,-0.5000000000000004,0.8660254037844384,-0.7694148268839381,0.6387494220515268
2019-11-11,22.3,15.8,18.4,3.0,22.036666666666665,11,24.1,25.6,28.3,22.9,315,-0.5000000000000004,0.8660254037844384,-0.7583058084785625,0.6518989958787125
2019-11-12,24.1,15.6,19.4,0.4,21.889999999999997,11,26.5,22.3,25.6,28.3,316,-0.5000000000000004,0.8660254037844384,-0.7469720876965551,0.6648553979642866
2019-11-13,26.5,16.3,20.3,0.0,22.0,11,22.4,24.1,22.3,25.6,317,-0.5000000000000004,0.8660254037844384,-0.7354170229639858,0.6776147890466887
2019-11-14,22.4,15.7,18.9,0.0,21.936666666666664,11,23.3,26.5,24.1,22.3,318,-0.5000000000000004,0.8660254037844384,-0.7236440382959124,0.690173388242972
2019-11-15,23.3,17.5,20.1,0.0,21.953333333333333,11,21.2,22.4,26.5,24.1,319,-0.5000000000000004,0.8660254037844384,-0.711656622281775,0.7025274741691566
2019-11-16,21.2,16.6,18.5,0.2,21.906666666666663,11,18.7,23.3,22.4,26.5,320,-0.5000000000000004,0.8660254037844384,-0.6994583270516471,0.7146733860429608
2019-11-17,18.7,14.8,16.7,0.4,21.756666666666668,11,19.0,21.2,23.3,22.4,321,-0.5000000000000004,0.8660254037844384,-0.6870527672236675,0.7266075247685652
2019-11-18,19.0,13.8,16.2,0.0,21.64333333333333,11,20.1,18.7,21.2,23.3,322,-0.5000000000000004,0.8660254037844384,-0.6744436188329457,0.7383263540031063
2019-11-19,20.1,14.6,17.1,0.0,21.60666666666667,11,21.7,19.0,18.7,21.2,323,-0.5000000000000004,0.8660254037844384,-0.661634618242279,0.749826401204568
2019-11-20,21.7,13.9,17.5,0.0,21.716666666666665,11,20.6,20.1,19.0,18.7,324,-0.5000000000000004,0.8660254037844384,-0.6486295610349818,0.7611042586607742
2019-11-21,20.6,15.0,17.5,0.0,21.656666666666663,11,23.6,21.7,20.1,19.0,325,-0.5000000000000004,0.8660254037844384,-0.6354323008901775,0.7721565844991641
2019-11-22,23.6,12.8,18.5,0.0,21.793333333333333,11,23.2,20.6,21.7,20.1,326,-0.5000000000000004,0.8660254037844384,-0.622046748440868,0.7829801036770624
2019-11-23,23.2,15.3,18.9,0.0,21.826666666666668,11,24.1,23.6,20.6,21.7,327,-0.5000000000000004,0.8660254037844384,-0.6084768701151264,0.7935716089521472
2019-11-24,24.1,13.4,18.8,0.0,22.029999999999998,11,25.6,23.2,23.6,20.6,328,-0.5000000000000004,0.8660254037844384,-0.594726686960764,0.8039279618328208
2019-11-25,25.6,12.1,19.1,0.0,22.17,11,24.4,24.1,23.2,23.6,329,-0.5000000000000004,0.8660254037844384,-0.5808002734538013,0.8140460935082175
2019-11-26,24.4,13.7,18.7,0.0,22.37333333333333,11,22.9,25.6,24.1,23.2,330,-0.5000000000000004,0.8660254037844384,-0.5667017562911184,0.8239230057575536
2019-11-27,22.9,15.7,19.2,0.0,22.6,11,32.0,24.4,25.6,24.1,331,-0.5000000000000004,0.8660254037844384,-0.5524353131676203,0.8335557718385695
2019-11-28,32.0,13.5,21.4,0.0,23.073333333333334,11,25.1,22.9,24.4,25.6,332,-0.5000000000000004,0.8660254037844384,-0.5380051715382992,0.8429415373547832
2019-11-29,25.1,17.0,20.4,0.0,23.306666666666665,11,23.6,32.0,22.9,24.4,333,-0.5000000000000004,0.8660254037844384,-0.5234156073655503,0.8520775211013093
2019-11-30,23.6,15.5,19.4,0.1,23.32,11,23.1,25.1,32.0,22.9,334,-0.5000000000000004,0.8660254037844384,-0.5086709438521042,0.8609610158889945
2019-12-01,23.1,16.2,19.4,0.0,23.243333333333332,12,24.6,23.6,25.1,32.0,335,-2.4492935982947064e-16,1.0,-0.49377555015997737,0.8695893893466109
2019-12-02,24.6,14.0,19.5,2.5,23.34,12,19.8,23.1,23.6,25.1,336,-2.4492935982947064e-16,1.0,-0.4787338401157883,0.8779600847008883
2019-12-03,19.8,14.2,16.6,0.0,23.353333333333335,12,26.7,24.6,23.1,23.6,337,-2.4492935982947064e-16,1.0,-0.4635502709028512,0.8860706215341378
2019-12-04,26.7,13.3,19.6,0.0,23.326666666666668,12,33.3,19.8,24.6,23.1,338,-2.4492935982947064e-16,1.0,-0.4482293417404106,0.893918596519257
2019-12-05,33.3,13.0,23.5,0.0,23.56,12,25.7,26.7,19.8,24.6,339,-2.4492935982947064e-16,1.0,-0.4327755925504317,0.9015016841318838
2019-12-06,25.7,17.1,21.0,0.0,23.77,12,26.2,33.3,26.7,19.8,340,-2.4492935982947064e-16,1.0,-0.41719360261231697,0.9088176373395028
2019-12-07,26.2,17.3,21.3,0.0,24.02,12,28.9,25.7,33.3,26.7,341,-2.4492935982947064e-16,1.0,-0.4014879892059737,0.9158642882672868
2019-12-08,28.9,17.3,22.6,0.0,24.219999999999995,12,30.6,26.2,25.7,33.3,342,-2.4492935982947064e-16,1.0,-0.38566340624360745,0.9226395488404875
2019-12-09,30.6,15.8,23.4,0.0,24.296666666666667,12,28.0,28.9,26.2,25.7,343,-2.4492935982947064e-16,1.0,-0.3697245428906732,0.9291414114031743
2019-12-10,28.0,16.5,22.6,0.0,24.376666666666665,12,26.1,30.6,28.9,26.2,344,-2.4492935982947064e-16,1.0,-0.3536761221763721,0.935367949313148
2019-12-11,26.1,16.1,21.1,0.0,24.503333333333334,12,28.6,28.0,30.6,28.9,345,-2.4492935982947064e-16,1.0,-0.33752289959411347,0.941317317512847
2019-12-12,28.6,16.4,23.3,0.0,24.653333333333332,12,28.8,26.1,28.0,30.6,346,-2.4492935982947064e-16,1.0,-0.32126966169236515,0.9469877530760751
2019-12-13,28.8,17.9,22.6,0.0,24.73,12,24.6,28.6,26.1,28.0,347,-2.4492935982947064e-16,1.0,-0.3049212246562894,0.9523775757303973
2019-12-14,24.6,14.1,19.6,5.6,24.803333333333335,12,20.2,28.8,28.6,26.1,348,-2.4492935982947064e-16,1.0,-0.2884824328806098,0.9574851883550389
2019-12-15,20.2,12.5,16.7,0.5,24.7,12,24.8,24.6,28.8,28.6,349,-2.4492935982947064e-16,1.0,-0.27195815753410524,0.9623090774541487
2019-12-16,24.8,11.3,18.6,0.0,24.82,12,25.0,20.2,24.6,28.8,350,-2.4492935982947064e-16,1.0,-0.2553532951161881,0.9668478136052773
2019-12-17,25.0,13.3,19.1,0.2,25.029999999999998,12,21.9,24.8,20.2,24.6,351,-2.4492935982947064e-16,1.0,-0.23867276600594997,0.9711000518829505
2019-12-18,21.9,15.8,18.4,4.5,25.126666666666665,12,21.8,25.0,24.8,20.2,352,-2.4492935982947064e-16,1.0,-0.22192151300416674,0.9750645322571945
2019-12-19,21.8,15.3,18.7,0.5,25.183333333333334,12,24.5,21.9,25.0,24.8,353,-2.4492935982947064e-16,1.0,-0.20510449986861926,0.9787400799669153
2019-12-20,24.5,17.6,20.3,0.4,25.276666666666667,12,22.2,21.8,21.9,25.0,354,-2.4492935982947064e-16,1.0,-0.1882267098432439,0.9821256058680006
2019-12-21,22.2,16.2,19.1,1.2,25.33,12,24.2,24.5,21.8,21.9,355,-2.4492935982947064e-16,1.0,-0.1712931441814778,0.9852201067560606
2019-12-22,24.2,14.0,19.2,0.0,25.35,12,23.0,22.2,24.5,21.8,356,-2.4492935982947064e-16,1.0,-0.154308820664281,0.9880226656636976
2019-12-23,23.0,15.0,19.4,0.0,25.34333333333333,12,24.3,24.2,22.2,24.5,357,-2.4492935982947064e-16,1.0,-0.13727877211326517,0.9905324521322227
2019-12-24,24.3,12.9,18.4,0.1,25.35,12,22.4,23.0,24.2,22.2,358,-2.4492935982947064e-16,1.0,-0.12020804489935275,0.9927487224577402
2019-12-25,22.4,13.1,17.8,0.2,25.243333333333336,12,20.1,24.3,23.0,24.2,359,-2.4492935982947064e-16,1.0,-0.10310169744743544,0.9946708199115211
2019-12-26,20.1,14.0,16.9,2.5,25.1,12,21.5,22.4,24.3,23.0,360,-2.4492935982947064e-16,1.0,-0.0859647987374467,0.9962981749346077
2019-12-27,21.5,12.1,17.5,0.1,25.05333333333333,12,30.5,20.1,22.4,24.3,361,-2.4492935982947064e-16,1.0,-0.06880242680232064,0.9976303053065857
2019-12-28,30.5,12.3,21.4,0.0,25.00333333333333,12,28.8,21.5,20.1,22.4,362,-2.4492935982947064e-16,1.0,-0.05161966722325418,0.9986668162884759
2019-12-29,28.8,15.2,21.9,0.0,25.12666666666667,12,22.9,30.5,21.5,20.1,363,-2.4492935982947064e-16,1.0,-0.034421611622745804,0.9994074007397048
2019-12-30,22.9,17.5,20.0,0.0,25.103333333333335,12,25.2,28.8,30.5,21.5,364,-2.4492935982947064e-16,1.0,-0.01721335615583528,0.9998518392091162
2019-12-31,25.2,16.9,20.6,0.0,25.173333333333336,12,26.6,22.9,28.8,30.5,365,-2.4492935982947064e-16,1.0,6.432490598706546e-16,1.0
2020-01-01,26.6,16.6,21.1,0.0,25.24,1,23.4,25.2,22.9,28.8,1,0.49999999999999994,0.8660254037844387,0.017213356155834685,0.9998518392091162
2020-01-02,23.4,17.9,20.5,0.0,25.360000000000003,1,23.7,26.6,25.2,22.9,2,0.49999999999999994,0.8660254037844387,0.03442161162274574,0.9994074007397048
2020-01-03,23.7,17.3,20.3,0.0,25.259999999999998,1,25.6,23.4,26.6,25.2,3,0.49999999999999994,0.8660254037844387,0.051619667223253764,0.998666816288476
2020-01-04,25.6,15.3,20.9,0.0,25.003333333333334,1,25.2,23.7,23.4,26.6,4,0.49999999999999994,0.8660254037844387,0.06880242680231986,0.9976303053065857
2020-01-05,25.2,18.1,21.1,1.0,24.986666666666668,1,22.2,25.6,23.7,23.4,5,0.49999999999999994,0.8660254037844387,0.08596479873744647,0.9962981749346078
2020-01-06,22.2,17.3,19.5,0.0,24.853333333333335,1,31.5,25.2,25.6,23.7,6,0.49999999999999994,0.8660254037844387,0.10310169744743485,0.9946708199115211
2020-01-07,31.5,17.6,23.3,0.0,24.94,1,28.1,22.2,25.2,25.6,7,0.49999999999999994,0.8660254037844387,0.1202080448993527,0.9927487224577402
2020-01-08,28.1,17.0,22.0,1.1,24.85666666666667,1,26.2,31.5,22.2,25.2,8,0.49999999999999994,0.8660254037844387,0.13727877211326478,0.9905324521322229
2020-01-09,26.2,15.8,20.8,0.4,24.79666666666667,1,28.5,28.1,31.5,22.2,9,0.49999999999999994,0.8660254037844387,0.15430882066428117,0.9880226656636976
2020-01-10,28.5,15.1,22.0,0.0,24.87666666666667,1,27.3,26.2,28.1,31.5,10,0.49999999999999994,0.8660254037844387,0.1712931441814776,0.9852201067560606
2020-01-11,27.3,15.8,21.5,0.0,24.833333333333332,1,26.0,28.5,26.2,28.1,11,0.49999999999999994,0.8660254037844387,0.1882267098432442,0.9821256058680006
2020-01-12,26.0,18.5,22.2,0.0,24.740000000000002,1,28.8,27.3,28.5,26.2,12,0.49999999999999994,0.8660254037844387,0.2051044998686192,0.9787400799669153
2020-01-13,28.8,16.5,22.7,0.0,24.88,1,30.5,26.0,27.3,28.5,13,0.49999999999999994,0.8660254037844387,0.2219215130041655,0.9750645322571948
2020-01-14,30.5,17.3,23.8,0.0,25.223333333333333,1,30.3,28.8,26.0,27.3,14,0.49999999999999994,0.8660254037844387,0.2386727660059501,0.9711000518829505
2020-01-15,30.3,20.4,24.9,0.0,25.40666666666667,1,29.4,30.5,28.8,26.0,15,0.49999999999999994,0.8660254037844387,0.255353295116187,0.9668478136052775
2020-01-16,29.4,21.5,24.8,0.0,25.553333333333335,1,26.6,30.3,30.5,28.8,16,0.49999999999999994,0.8660254037844387,0.2719581575341055,0.9623090774541486
2020-01-17,26.6,20.2,22.9,0.0,25.71,1,26.3,29.4,30.3,30.5,17,0.49999999999999994,0.8660254037844387,0.288482432880609,0.9574851883550393
2020-01-18,26.3,17.0,20.7,17.1,25.86,1,22.6,26.6,29.4,30.3,18,0.49999999999999994,0.8660254037844387,0.30492122465628907,0.9523775757303974
2020-01-19,22.6,16.9,19.5,10.3,25.796666666666667,1,28.1,26.3,26.6,29.4,19,0.49999999999999994,0.8660254037844387,0.3212696616923644,0.9469877530760753
2020-01-20,28.1,18.3,22.7,0.0,25.993333333333336,1,29.6,22.6,26.3,26.6,20,0.49999999999999994,0.8660254037844387,0.3375228995941133,0.9413173175128471
2020-01-21,29.6,16.6,23.5,0.1,26.173333333333336,1,26.4,28.1,22.6,26.3,21,0.49999999999999994,0.8660254037844387,0.3536761221763716,0.9353679493131483
2020-01-22,26.4,18.0,21.8,1.9,26.28666666666667,1,29.6,29.6,28.1,22.6,22,0.49999999999999994,0.8660254037844387,0.3697245428906731,0.9291414114031743
2020-01-23,29.6,17.5,23.0,0.0,26.463333333333335,1,27.5,26.4,29.6,28.1,23,0.49999999999999994,0.8660254037844387,0.38566340624360707,0.9226395488404876
2020-01-24,27.5,17.9,22.5,0.0,26.633333333333333,1,26.6,29.6,26.4,29.6,24,0.49999999999999994,0.8660254037844387,0.401487989205973,0.9158642882672872
2020-01-25,26.6,16.6,21.1,0.2,26.85,1,21.7,27.5,29.6,26.4,25,0.49999999999999994,0.8660254037844387,0.4171936026123168,0.9088176373395029
2020-01-26,21.7,14.8,18.5,3.2,26.85666666666667,1,21.8,26.6,27.5,29.6,26,0.49999999999999994,0.8660254037844387,0.4327755925504312,0.901501684131884
2020-01-27,21.8,15.8,18.6,0.0,26.566666666666666,1,24.9,21.7,26.6,27.5,27,0.49999999999999994,0.8660254037844387,0.4482293417404106,0.893918596519257
2020-01-28,24.9,16.1,20.1,0.0,26.436666666666667,1,23.5,21.8,21.7,26.6,28,0.49999999999999994,0.8660254037844387,0.4635502709028509,0.886070621534138
2020-01-29,23.5,18.4,20.4,0.1,26.456666666666667,1,31.5,24.9,21.8,21.7,29,0.49999999999999994,0.8660254037844387,0.47873384011578846,0.8779600847008882
2020-01-30,31.5,15.8,23.6,0.0,26.666666666666668,1,24.7,23.5,24.9,21.8,30,0.49999999999999994,0.8660254037844387,0.49377555015997715,0.869589389346611
2020-01-31,24.7,15.8,20.5,0.0,26.603333333333335,1,27.1,31.5,23.5,24.9,31,0.49999999999999994,0.8660254037844387,0.5086709438521044,0.8609610158889943
2020-02-01,27.1,17.4,22.4,0.0,26.726666666666667,2,30.3,24.7,31.5,23.5,32,0.8660254037844386,0.5000000000000001,0.5234156073655503,0.8520775211013093
2020-02-02,30.3,16.8,23.6,0.0,26.946666666666665,2,29.4,27.1,24.7,31.5,33,0.8660254037844386,0.5000000000000001,0.5380051715382996,0.8429415373547828
2020-02-03,29.4,18.8,23.0,0.0,27.073333333333334,2,32.4,30.3,27.1,24.7,34,0.8660254037844386,0.5000000000000001,0.5524353131676196,0.8335557718385699
2020-02-04,32.4,18.0,24.1,0.5,27.313333333333333,2,26.6,29.4,30.3,27.1,35,0.8660254037844386,0.5000000000000001,0.5667017562911176,0.8239230057575542
2020-02-05,26.6,18.7,21.6,0.7,27.46,2,24.2,32.4,29.4,30.3,36,0.8660254037844386,0.5000000000000001,0.5808002734538009,0.8140460935082178
2020-02-06,24.2,18.7,20.9,0.0,27.216666666666665,2,29.7,26.6,32.4,29.4,37,0.8660254037844386,0.5000000000000001,0.5947266869607634,0.8039279618328213
2020-02-07,29.7,15.4,22.6,0.0,27.27,2,30.9,24.2,26.6,32.4,38,0.8660254037844386,0.5000000000000001,0.6084768701151261,0.7935716089521474
2020-02-08,30.9,15.6,22.5,0.0,27.426666666666666,2,25.5,29.7,24.2,26.6,39,0.8660254037844386,0.5000000000000001,0.6220467484408675,0.7829801036770629
2020-02-09,25.5,18.5,21.5,0.0,27.326666666666664,2,25.9,30.9,29.7,24.2,40,0.8660254037844386,0.5000000000000001,0.6354323008901774,0.7721565844991642
2020-02-10,25.9,18.5,22.2,0.0,27.279999999999998,2,31.9,25.5,30.9,29.7,41,0.8660254037844386,0.5000000000000001,0.6486295610349814,0.7611042586607747
2020-02-11,31.9,17.1,24.4,0.0,27.476666666666667,2,30.7,25.9,25.5,30.9,42,0.8660254037844386,0.5000000000000001,0.6616346182422783,0.7498264012045686
2020-02-12,30.7,16.7,22.9,0.0,27.540000000000003,2,30.2,31.9,25.9,25.5,43,0.8660254037844386,0.5000000000000001,0.6744436188329455,0.7383263540031065
2020-02-13,30.2,16.3,21.8,0.0,27.530000000000005,2,24.2,30.7,31.9,25.9,44,0.8660254037844386,0.5000000000000001,0.6870527672236669,0.7266075247685656
2020-02-14,24.2,18.1,20.8,0.0,27.326666666666664,2,28.6,30.2,30.7,31.9,45,0.8660254037844386,0.5000000000000001,0.699458327051647,0.7146733860429609
2020-02-15,28.6,16.7,22.9,0.0,27.3,2,27.1,24.2,30.2,30.7,46,0.8660254037844386,0.5000000000000001,0.7116566222817746,0.7025274741691571
2020-02-16,27.1,19.4,22.9,0.0,27.316666666666666,2,24.3,28.6,24.2,30.2,47,0.8660254037844386,0.5000000000000001,0.7236440382959124,0.6901733882429719
2020-02-17,24.3,17.9,20.4,2.0,27.25,2,30.3,27.1,28.6,24.2,48,0.8660254037844386,0.5000000000000001,0.7354170229639855,0.6776147890466889
2020-02-18,30.3,17.5,23.7,0.0,27.506666666666668,2,29.7,24.3,27.1,28.6,49,0.8660254037844386,0.5000000000000001,0.7469720876965552,0.6648553979642865
2020-02-19,29.7,17.4,22.7,0.0,27.56,2,24.0,30.3,24.3,27.1,50,0.8660254037844386,0.5000000000000001,0.7583058084785624,0.6518989958787126
2020-02-20,24.0,19.0,20.6,1.7,27.37333333333333,2,24.8,29.7,30.3,24.3,51,0.8660254037844386,0.5000000000000001,0.7694148268839378,0.6387494220515272
2020-02-21,24.8,16.4,20.2,0.0,27.32,2,24.4,24.0,29.7,30.3,52,0.8660254037844386,0.5000000000000001,0.7802958510707755,0.6254105729852463
2020-02-22,24.4,17.3,20.0,3.2,27.146666666666665,2,29.1,24.8,24.0,29.7,53,0.8660254037844386,0.5000000000000001,0.7909456567567772,0.6118864012687243
2020-02-23,29.1,16.9,21.9,0.0,27.2,2,31.8,24.4,24.8,24.0,54,0.8660254037844386,0.5000000000000001,0.8013610881746766,0.5981809144059165
2020-02-24,31.8,14.4,22.3,0.0,27.373333333333335,2,36.9,29.1,24.4,24.8,55,0.8660254037844386,0.5000000000000001,0.8115390590073611,0.5842981736283684
2020-02-25,36.9,15.3,24.3,0.0,27.88,2,24.2,31.8,29.1,24.4,56,0.8660254037844386,0.5000000000000001,0.8214765533024142,0.5702422926917871
2020-02-26,24.2,15.7,20.2,0.2,27.96,2,22.7,36.9,31.8,29.1,57,0.8660254037844386,0.5000000000000001,0.8311706263658079,0.5560174366570446
2020-02-27,22.7,17.6,19.7,0.0,27.886666666666663,2,29.6,24.2,36.9,31.8,58,0.8660254037844386,0.5000000000000001,0.8406184056344782,0.5416278206559814
2020-02-28,29.6,17.6,22.1,0.0,28.089999999999996,2,32.8,22.7,24.2,36.9,59,0.8660254037844386,0.5000000000000001,0.8498170915275278,0.5270777086423722
2020-02-29,32.8,15.9,23.9,0.0,28.133333333333333,2,30.0,29.6,22.7,24.2,60,0.8660254037844386,0.5000000000000001,0.8587639582758029,0.5123714121284237
2020-03-01,30.0,16.1,22.3,0.0,28.31,3,28.3,32.8,29.6,22.7,61,1.0,6.123233995736766e-17,0.8674563547295969,0.49751328890718066
2020-03-02,28.3,15.6,22.2,0.0,28.35,3,31.2,30.0,32.8,29.6,62,1.0,6.123233995736766e-17,0.8758917051442429,0.48250774176121847
2020-03-03,31.2,15.2,23.1,0.0,28.380000000000003,3,28.0,28.3,30.0,32.8,63,1.0,6.123233995736766e-17,0.8840675099433636,0.4673592171580022
2020-03-04,28.0,17.3,22.2,0.0,28.333333333333332,3,26.3,31.2,28.3,30.0,64,1.0,6.123233995736766e-17,0.8919813464595485,0.45207220393230435
2020-03-05,26.3,17.7,22.5,0.0,28.13,3,34.3,28.0,31.2,28.3,65,1.0,6.123233995736766e-17,0.8996308696522433,0.43665123195606403
2020-03-06,34.3,19.5,25.5,0.0,28.386666666666663,3,28.2,26.3,28.0,31.2,66,1.0,6.123233995736766e-17,0.9070138128026359,0.4211008707960896
2020-03-07,28.2,18.0,21.6,0.0,28.52,3,23.2,34.3,26.3,28.0,67,1.0,6.123233995736766e-17,0.9141279881853337,0.40542572835999735
2020-03-08,23.2,17.9,19.6,2.2,28.30333333333333,3,26.8,28.2,34.3,26.3,68,1.0,6.123233995736766e-17,0.9209712877166346,0.38963044953078796
2020-03-09,26.8,18.1,21.4,0.0,28.166666666666668,3,29.0,23.2,28.2,34.3,69,1.0,6.123233995736766e-17,0.9275416835791966,0.37371971479046906
2020-03-10,29.0,16.1,22.2,0.0,28.283333333333335,3,30.5,26.8,23.2,28.2,70,1.0,6.123233995736766e-17,0.9338372288229252,0.35769823883312546
2020-03-11,30.5,18.6,23.7,0.0,28.436666666666667,3,26.3,29.0,26.8,23.2,71,1.0,6.123233995736766e-17,0.9398560579418954,0.3415707691678556
2020-03-12,26.3,15.8,20.1,0.0,28.25,3,27.7,30.5,29.0,26.8,72,1.0,6.123233995736766e-17,0.9455963874271426,0.3253420847119801
2020-03-13,27.7,15.8,20.5,0.0,28.15,3,27.3,26.3,30.5,29.0,73,1.0,6.123233995736766e-17,0.9510565162951535,0.30901699437494745
2020-03-14,27.3,15.5,20.0,0.0,28.05333333333333,3,23.0,27.7,26.3,30.5,74,1.0,6.123233995736766e-17,0.9562348265919056,0.29260033563334836
2020-03-15,23.0,17.7,19.8,0.0,28.013333333333332,3,30.9,27.3,27.7,26.3,75,1.0,6.123233995736766e-17,0.9611297838723007,0.27609697309746883
2020-03-16,30.9,17.0,23.3,0.0,28.089999999999996,3,28.6,23.0,27.3,27.7,76,1.0,6.123233995736766e-17,0.9657399376548549,0.2595117970697999
2020-03-17,28.6,14.8,20.2,0.0,28.139999999999997,3,23.7,30.9,23.0,27.3,77,1.0,6.123233995736766e-17,0.9700639218515071,0.2428497220959356
2020-03-18,23.7,17.1,19.4,0.0,28.12,3,22.3,28.6,30.9,23.0,78,1.0,6.123233995736766e-17,0.9741004551724205,0.22611568550828828
2020-03-19,22.3,15.2,18.4,0.0,27.85333333333333,3,26.2,23.7,28.6,30.9,79,1.0,6.123233995736766e-17,0.9778483415056568,0.20931464596304847
2020-03-20,26.2,14.7,19.7,0.2,27.736666666666668,3,24.0,22.3,23.7,28.6,80,1.0,6.123233995736766e-17,0.9813064702716093,0.19245158197082998
2020-03-21,24.0,14.5,18.7,0.0,27.736666666666668,3,24.2,26.2,22.3,23.7,81,1.0,6.123233995736766e-17,0.9844738167520922,0.1755314904214282
2020-03-22,24.2,14.8,19.1,0.0,27.71666666666666,3,24.2,24.0,26.2,22.3,82,1.0,6.123233995736766e-17,0.9873494423939864,0.15855938510313475
2020-03-23,24.2,14.9,19.2,0.0,27.709999999999997,3,24.8,24.2,24.0,26.2,83,1.0,6.123233995736766e-17,0.989932495087353,0.141540295217043
2020-03-24,24.8,15.9,19.3,0.0,27.566666666666663,3,25.7,24.2,24.2,24.0,84,1.0,6.123233995736766e-17,0.9922222094179323,0.12447926388678915
2020-03-25,25.7,15.5,19.2,2.2,27.363333333333333,3,19.7,24.8,24.2,24.2,85,1.0,6.123233995736766e-17,0.994217906893952,0.10738134666416309
2020-03-26,19.7,14.8,16.8,0.0,26.790000000000003,3,24.3,25.7,24.8,24.2,86,1.0,6.123233995736766e-17,0.995918996147179,0.09025161003104117
2020-03-27,24.3,11.8,17.6,0.0,26.793333333333333,3,22.4,19.7,25.7,24.8,87,1.0,6.123233995736766e-17,0.9973249731081555,0.07309512989807777
2020-03-28,22.4,12.2,17.6,0.0,26.783333333333335,3,21.8,24.3,19.7,25.7,88,1.0,6.123233995736766e-17,0.9984354211555643,0.055916990100603484
2020-03-29,21.8,14.8,18.0,0.1,26.523333333333333,3,22.1,22.4,24.3,19.7,89,1.0,6.123233995736766e-17,0.9992500112396835,0.03872228089217446
2020-03-30,22.1,12.5,17.1,0.0,26.166666666666668,3,21.8,21.8,22.4,24.3,90,1.0,6.123233995736766e-17,0.9997685019798909,0.021516097436222254
2020-03-31,21.8,15.0,17.8,0.0,25.893333333333334,3,28.8,22.1,21.8,22.4,91,1.0,6.123233995736766e-17,0.9999907397361901,0.004303538296244289
2020-04-01,28.8,15.7,20.9,0.0,25.91,4,29.3,21.8,22.1,21.8,92,0.8660254037844387,-0.4999999999999998,0.9999166586547379,-0.01291029607500882
2020-04-02,29.3,13.4,20.8,0.0,25.846666666666668,4,28.4,28.8,21.8,22.1,93,0.8660254037844387,-0.4999999999999998,0.9995462806873573,-0.030120304846908114
2020-04-03,28.4,15.8,20.7,0.0,25.860000000000003,4,26.6,29.3,28.8,21.8,94,0.8660254037844387,-0.4999999999999998,0.9988797155850336,-0.04732138832243185
2020-04-04,26.6,13.9,19.1,0.0,25.87,4,21.9,28.4,29.3,28.8,95,0.8660254037844387,-0.4999999999999998,0.9979171608653922,-0.06450844944931623
2020-04-05,21.9,14.8,18.1,0.8,25.456666666666667,4,18.0,26.6,28.4,29.3,96,0.8660254037844387,-0.4999999999999998,0.9966589017541702,-0.08167639533042241
2020-04-06,18.0,11.1,15.0,1.0,25.116666666666667,4,18.8,21.9,26.6,28.4,97,0.8660254037844387,-0.4999999999999998,0.9951053111006976,-0.09882013873287143
2020-04-07,18.8,11.4,14.9,0.0,24.970000000000002,4,24.7,18.0,21.9,26.6,98,0.8660254037844387,-0.4999999999999998,0.9932568492674143,-0.11593459959550041
2020-04-08,24.7,9.6,16.8,0.0,24.9,4,28.7,18.8,18.0,21.9,99,0.8660254037844387,-0.4999999999999998,0.9911140639934547,-0.1330147065341959
2020-04-09,28.7,10.7,18.3,0.0,24.889999999999997,4,25.7,24.7,18.8,18.0,100,0.8660254037844387,-0.4999999999999998,0.9886775902323405,-0.1500553983446526
2020-04-10,25.7,12.8,18.6,0.0,24.73,4,22.8,28.7,24.7,18.8,101,0.8660254037844387,-0.4999999999999998,0.9859481499638304,-0.16705162550211924
2020-04-11,22.8,15.2,18.7,1.4,24.613333333333333,4,21.3,25.7,28.7,24.7,102,0.8660254037844387,-0.4999999999999998,0.9829265519799822,-0.18399835165768005
2020-04-12,21.3,12.0,17.9,14.7,24.4,4,20.3,22.8,25.7,28.7,103,0.8660254037844387,-0.4999999999999998,0.9796136916454901,-0.20089055513063506
2020-04-13,20.3,9.9,14.5,0.0,24.166666666666668,4,21.4,21.3,22.8,25.7,104,0.8660254037844387,-0.4999999999999998,0.9760105506323683,-0.21772323039653177
2020-04-14,21.4,13.6,17.0,0.0,24.113333333333333,4,21.8,20.3,21.3,22.8,105,0.8660254037844387,-0.4999999999999998,0.9721181966290613,-0.23449138957040985
2020-04-15,21.8,11.4,15.9,0.3,23.810000000000002,4,22.0,21.4,20.3,21.3,106,0.8660254037844387,-0.4999999999999998,0.9679377830240642,-0.25119006388481935
2020-04-16,22.0,10.7,16.4,0.5,23.59,4,20.6,21.8,21.4,20.3,107,0.8660254037844387,-0.4999999999999998,0.9634705485641488,-0.2678143051621742
2020-04-17,20.6,13.4,16.9,0.0,23.486666666666668,4,29.1,22.0,21.8,21.4,108,0.8660254037844387,-0.4999999999999998,0.9587178169872964,-0.2843591872810034
2020-04-18,29.1,10.4,18.2,0.0,23.71333333333333,4,24.0,20.6,22.0,21.8,109,0.8660254037844387,-0.4999999999999998,0.9536809966304457,-0.30081980763566735
2020-04-19,24.0,14.0,18.0,0.0,23.639999999999997,4,19.9,29.1,20.6,22.0,110,0.8660254037844387,-0.4999999999999998,0.9483615800121715,-0.3171912885891061
2020-04-20,19.9,14.7,16.9,2.1,23.503333333333334,4,19.6,24.0,29.1,20.6,111,0.8660254037844387,-0.4999999999999998,0.9427611433904207,-0.3334687789181868
2020-04-21,19.6,13.1,16.3,0.0,23.35,4,22.0,19.9,24.0,29.1,112,0.8660254037844387,-0.4999999999999998,0.9368813462954315,-0.3496474552512284
2020-04-22,22.0,11.8,16.9,0.0,23.276666666666664,4,24.4,19.6,19.9,24.0,113,0.8660254037844387,-0.4999999999999998,0.9307239310379795,-0.36572252349726897
2020-04-23,24.4,13.6,18.5,0.0,23.263333333333335,4,23.9,22.0,19.6,19.9,114,0.8660254037844387,-0.4999999999999998,0.9242907221930933,-0.3816892202666588
2020-04-24,23.9,13.2,17.8,0.0,23.203333333333333,4,26.9,24.4,22.0,19.6,115,0.8660254037844387,-0.4999999999999998,0.9175836260593937,-0.39754281428255595
2020-04-25,26.9,14.0,20.0,0.0,23.44333333333333,4,23.6,23.9,24.4,22.0,116,0.8660254037844387,-0.4999999999999998,0.9106046300942162,-0.4132786077829042
2020-04-26,23.6,11.8,18.1,0.1,23.42,4,23.9,26.9,23.9,24.4,117,0.8660254037844387,-0.4999999999999998,0.9033558023246845,-0.4288919379124835
2020-04-27,23.9,16.1,18.8,0.0,23.470000000000002,4,25.3,23.6,26.9,23.9,118,0.8660254037844387,-0.4999999999999998,0.895839290734909,-0.4443781781046132
2020-04-28,25.3,10.3,17.5,0.0,23.586666666666662,4,27.2,23.9,23.6,26.9,119,0.8660254037844387,-0.4999999999999998,0.8880573226294932,-0.45973273945210397
2020-04-29,27.2,10.0,18.3,0.0,23.756666666666668,4,27.0,25.3,23.9,23.6,120,0.8660254037844387,-0.4999999999999998,0.8800122039735357,-0.47495107206704995
2020-04-30,27.0,10.1,17.8,0.0,23.93,4,24.3,27.2,25.3,23.9,121,0.8660254037844387,-0.4999999999999998,0.8717063187093218,-0.4900286664290592
2020-05-01,24.3,10.6,15.8,0.0,23.779999999999998,5,22.9,27.0,27.2,25.3,122,0.49999999999999994,-0.8660254037844387,0.8631421280499114,-0.5049610547215204
2020-05-02,22.9,10.2,16.7,2.0,23.566666666666666,5,18.8,24.3,27.0,27.2,123,0.49999999999999994,-0.8660254037844387,0.854322169749827,-0.5197438121555155
2020-05-03,18.8,12.3,16.7,6.5,23.246666666666666,5,21.5,22.9,24.3,27.0,124,0.49999999999999994,-0.8660254037844387,0.8452490573530633,-0.5343725582809786
2020-05-04,21.5,9.5,15.8,0.0,23.076666666666664,5,22.2,18.8,22.9,24.3,125,0.49999999999999994,-0.8660254037844387,0.8359254794186372,-0.548842958284719
2020-05-05,22.2,13.4,17.7,0.0,23.086666666666666,5,24.2,21.5,18.8,22.9,126,0.49999999999999994,-0.8660254037844387,0.8263541987239096,-0.5631507242749186
2020-05-06,24.2,12.6,17.6,0.0,23.293333333333333,5,23.3,22.2,21.5,18.8,127,0.49999999999999994,-0.8660254037844387,0.8165380514459161,-0.5772916165517272
2020-05-07,23.3,13.3,17.9,0.0,23.443333333333335,5,25.6,24.2,22.2,21.5,128,0.49999999999999994,-0.8660254037844387,0.8064799463209448,-0.5912614448635781
2020-05-08,25.6,12.2,17.6,0.0,23.473333333333333,5,24.8,23.3,24.2,22.2,129,0.49999999999999994,-0.8660254037844387,0.7961828637826158,-0.6050560696488488
2020-05-09,24.8,11.4,16.6,0.0,23.343333333333337,5,26.2,25.6,23.3,24.2,130,0.49999999999999994,-0.8660254037844387,0.7856498550787147,-0.6186714032625031
2020-05-10,26.2,13.0,17.5,0.0,23.36,5,21.7,24.8,25.6,23.3,131,0.49999999999999994,-0.8660254037844387,0.7748840413670407,-0.6321034111873487
2020-05-11,21.7,13.2,18.0,0.0,23.323333333333334,5,19.2,26.2,24.8,25.6,132,0.49999999999999994,-0.8660254037844387,0.7638886127905428,-0.6453481132295501
2020-05-12,19.2,14.8,16.7,0.0,23.253333333333334,5,21.2,21.7,26.2,24.8,133,0.49999999999999994,-0.8660254037844387,0.7526668275320085,-0.6584015846980488
2020-05-13,21.2,11.3,15.9,0.0,23.283333333333335,5,21.2,19.2,21.7,26.2,134,0.49999999999999994,-0.8660254037844387,0.7412220108485958,-0.6712599575675313
2020-05-14,21.2,11.5,16.5,0.0,23.276666666666667,5,20.8,21.2,19.2,21.7,135,0.49999999999999994,-0.8660254037844387,0.7295575540864875,-0.6839194216246106
2020-05-15,20.8,10.3,16.1,1.5,23.243333333333332,5,20.1,21.2,21.2,19.2,136,0.49999999999999994,-0.8660254037844387,0.717676913675962,-0.6963762255968722
2020-05-16,20.1,12.9,15.9,0.0,23.18,5,22.3,20.8,21.2,21.2,137,0.49999999999999994,-0.8660254037844387,0.705583610107178,-0.7086266782644596
2020-05-17,22.3,12.2,16.0,0.0,23.236666666666665,5,21.4,20.1,20.8,21.2,138,0.49999999999999994,-0.8660254037844387,0.6932812268869777,-0.7206671495538609
2020-05-18,21.4,12.8,16.7,0.0,22.980000000000004,5,21.7,22.3,20.1,20.8,139,0.49999999999999994,-0.8660254037844387,0.6807734094770161,-0.7324940716135789
2020-05-19,21.7,12.7,16.0,0.0,22.903333333333332,5,30.5,21.4,22.3,20.1,140,0.49999999999999994,-0.8660254037844387,0.6680638642135335,-0.7441039398713607
2020-05-20,30.5,8.1,19.0,0.0,23.256666666666664,5,22.5,21.7,21.4,22.3,141,0.49999999999999994,-0.8660254037844387,0.6551563572090853,-0.7554933140726803
2020-05-21,22.5,15.1,18.7,0.5,23.353333333333335,5,20.4,30.5,21.7,21.4,142,0.49999999999999994,-0.8660254037844387,0.6420547132365637,-0.766658819300159
2020-05-22,20.4,9.9,15.7,0.0,23.3,5,21.8,22.5,30.5,21.7,143,0.49999999999999994,-0.8660254037844387,0.6287628145958344,-0.7775971469736269
2020-05-23,21.8,11.6,15.6,0.0,23.21333333333333,5,21.3,20.4,22.5,30.5,144,0.49999999999999994,-0.8660254037844387,0.6152845999633276,-0.7883050558305255
2020-05-24,21.3,10.9,15.6,0.0,23.126666666666665,5,16.1,21.8,20.4,22.5,145,0.49999999999999994,-0.8660254037844387,0.6016240632249226,-0.7987793728863649
2020-05-25,16.1,11.5,14.2,12.5,22.766666666666666,5,14.5,21.3,21.8,20.4,146,0.49999999999999994,-0.8660254037844387,0.5877852522924732,-0.8090169943749473
2020-05-26,14.5,9.3,11.9,8.9,22.46333333333333,5,16.2,16.1,21.3,21.8,147,0.49999999999999994,-0.8660254037844387,0.5737722679043246,-0.8190148866680801
2020-05-27,16.2,8.4,11.8,0.0,22.206666666666667,5,16.5,14.5,16.1,21.3,148,0.49999999999999994,-0.8660254037844387,0.5595892624101765,-0.8287700871745038
2020-05-28,16.5,11.6,13.9,15.6,21.913333333333338,5,18.5,16.2,14.5,16.1,149,0.49999999999999994,-0.8660254037844387,0.545240438540651,-0.8382797052177744
2020-05-29,18.5,14.5,16.6,6.7,21.623333333333335,5,18.5,16.5,16.2,14.5,150,0.49999999999999994,-0.8660254037844387,0.5307300481619334,-0.8475409228928311
2020-05-30,18.5,10.6,15.0,0.0,21.34,5,22.2,18.5,16.5,16.2,151,0.49999999999999994,-0.8660254037844387,0.5160623910158528,-0.8565509959010036
2020-05-31,22.2,8.9,14.6,0.0,21.27,5,20.7,18.5,18.5,16.5,152,0.49999999999999994,-0.8660254037844387,0.5012418134457758,-0.865307254363206
2020-06-01,20.7,9.5,13.8,0.0,21.196666666666665,6,19.4,22.2,18.5,18.5,153,1.2246467991473532e-16,-1.0,0.48627270710868997,-0.8738071036110808
2020-06-02,19.4,9.8,14.1,0.0,21.216666666666665,6,19.4,20.7,22.2,18.5,154,1.2246467991473532e-16,-1.0,0.4711595076738638,-0.8820480249558537
2020-06-03,19.4,12.7,16.0,0.0,21.146666666666665,6,22.2,19.4,20.7,22.2,155,1.2246467991473532e-16,-1.0,0.4559066935084588,-0.8900275764346767
2020-06-04,22.2,9.5,15.7,0.0,21.146666666666665,6,21.9,19.4,19.4,20.7,156,1.2246467991473532e-16,-1.0,0.440518784350495,-0.8977433935342337
2020-06-05,21.9,11.0,15.2,0.0,21.07,6,19.1,22.2,19.4,19.4,157,1.2246467991473532e-16,-1.0,0.42500033996955416,-0.9051931898913974
2020-06-06,19.1,12.5,15.0,0.0,20.93,6,20.0,21.9,22.2,19.4,158,1.2246467991473532e-16,-1.0,0.4093559588156213,-0.9123747579707273
2020-06-07,20.0,7.9,13.4,0.0,20.743333333333336,6,19.2,19.1,21.9,22.2,159,1.2246467991473532e-16,-1.0,0.39359027665646673,-0.9192859697186104
2020-06-08,19.2,9.9,13.1,0.0,20.556666666666665,6,20.8,20.0,19.1,21.9,160,1.2246467991473532e-16,-1.0,0.3777079652039649,-0.9259247771938498
2020-06-09,20.8,9.0,15.0,0.1,20.37666666666667,6,15.7,19.2,20.0,19.1,161,1.2246467991473532e-16,-1.0,0.36171373072976765,-0.9322892131745133
2020-06-10,15.7,10.9,13.5,19.5,20.176666666666666,6,13.8,20.8,19.2,20.0,162,1.2246467991473532e-16,-1.0,0.3456123126707335,-0.9383773917408641
2020-06-11,13.8,8.4,10.6,11.6,19.996666666666666,6,14.9,15.7,20.8,19.2,163,1.2246467991473532e-16,-1.0,0.3294084822245304,-0.9441875088341993
2020-06-12,14.9,6.9,10.5,0.3,19.78666666666667,6,16.7,13.8,15.7,20.8,164,1.2246467991473532e-16,-1.0,0.3131070409358269,-0.9497178427914316
2020-06-13,16.7,8.3,11.8,0.2,19.636666666666667,6,18.0,14.9,13.8,15.7,165,1.2246467991473532e-16,-1.0,0.29671281927349075,-0.9549667548552551
2020-06-14,18.0,7.7,12.6,4.7,19.543333333333337,6,18.5,16.7,14.9,13.8,166,1.2246467991473532e-16,-1.0,0.28023067519921585,-0.9599326896597447
2020-06-15,18.5,11.5,14.2,2.9,19.490000000000002,6,18.3,18.0,16.7,14.9,167,1.2246467991473532e-16,-1.0,0.26366549272800704,-0.9646141756912435
2020-06-16,18.3,7.0,13.3,0.0,19.35666666666667,6,21.3,18.5,18.0,16.7,168,1.2246467991473532e-16,-1.0,0.24702218048093552,-0.9690098257244062
2020-06-17,21.3,6.0,12.9,0.0,19.35333333333333,6,23.9,18.3,18.5,18.0,169,1.2246467991473532e-16,-1.0,0.23030567023061221,-0.9731183372332619
2020-06-18,23.9,6.6,14.8,0.0,19.42666666666667,6,26.4,21.3,18.3,18.5,170,1.2246467991473532e-16,-1.0,0.21352091543979612,-0.9769384927771817
2020-06-19,26.4,14.3,18.6,0.0,19.290000000000003,6,19.8,23.9,21.3,18.3,171,1.2246467991473532e-16,-1.0,0.19667288979357647,-0.980469160361632
2020-06-20,19.8,13.9,15.9,1.3,19.2,6,18.0,26.4,23.9,21.3,172,1.2246467991473532e-16,-1.0,0.1797665857255624,-0.9837092937736097
2020-06-21,18.0,12.6,14.9,3.7,19.12,6,19.5,19.8,26.4,23.9,173,1.2246467991473532e-16,-1.0,0.16280701293851715,-0.986657932891657
2020-06-22,19.5,10.7,13.6,0.0,19.043333333333333,6,19.5,18.0,19.8,26.4,174,1.2246467991473532e-16,-1.0,0.1457991969198751,-0.9893142039703663
2020-06-23,19.5,9.7,12.9,0.0,18.983333333333334,6,22.3,19.5,18.0,19.8,175,1.2246467991473532e-16,-1.0,0.12874817745258132,-0.99167731989929
2020-06-24,22.3,9.3,13.9,0.0,19.19,6,19.6,19.5,19.5,18.0,176,1.2246467991473532e-16,-1.0,0.11165900712169512,-0.993746580436178
2020-06-25,19.6,12.2,15.1,6.4,19.36,6,17.0,22.3,19.5,19.5,177,1.2246467991473532e-16,-1.0,0.09453674981719912,-0.9955213724144752
2020-06-26,17.0,11.7,14.2,9.1,19.386666666666663,6,16.1,19.6,22.3,19.5,178,1.2246467991473532e-16,-1.0,0.07738647923346301,-0.9970011699250151
2020-06-27,16.1,13.9,14.7,10.8,19.37333333333333,6,17.3,17.0,19.6,22.3,179,1.2246467991473532e-16,-1.0,0.06021327736579302,-0.9981855344718586
2020-06-28,17.3,11.6,14.0,0.2,19.333333333333332,6,16.5,16.1,17.0,19.6,180,1.2246467991473532e-16,-1.0,0.04302223300453059,-0.99907411510223
2020-06-29,16.5,10.3,13.4,0.4,19.266666666666666,6,18.6,17.3,16.1,17.0,181,1.2246467991473532e-16,-1.0,0.02581844022713308,-0.9996666485105112
2020-06-30,18.6,7.3,13.7,0.0,19.146666666666665,6,20.5,16.5,17.3,16.1,182,1.2246467991473532e-16,-1.0,0.008606996888688698,-0.9999629591162655
2020-07-01,20.5,7.0,13.0,0.0,19.139999999999997,7,18.1,18.6,16.5,17.3,183,-0.4999999999999997,-0.8660254037844388,-0.008606996888688009,-0.9999629591162655
2020-07-02,18.1,7.5,12.8,0.8,19.096666666666668,7,17.8,20.5,18.6,16.5,184,-0.4999999999999997,-0.8660254037844388,-0.02581844022713239,-0.9996666485105112
2020-07-03,17.8,6.8,12.2,0.1,19.043333333333337,7,18.5,18.1,20.5,18.6,185,-0.4999999999999997,-0.8660254037844388,-0.04302223300453034,-0.99907411510223
2020-07-04,18.5,6.5,11.9,0.0,18.92,7,18.8,17.8,18.1,20.5,186,-0.4999999999999997,-0.8660254037844388,-0.060213277365792774,-0.9981855344718586
2020-07-05,18.8,9.1,14.0,0.5,18.816666666666666,7,19.5,18.5,17.8,18.1,187,-0.4999999999999997,-0.8660254037844388,-0.07738647923346322,-0.9970011699250151
2020-07-06,19.5,6.7,13.2,0.9,18.83,7,15.7,18.8,18.5,17.8,188,-0.4999999999999997,-0.8660254037844388,-0.09453674981719933,-0.9955213724144752
2020-07-07,15.7,8.1,13.6,1.1,18.686666666666667,7,21.8,19.5,18.8,18.5,189,-0.4999999999999997,-0.8660254037844388,-0.11165900712169444,-0.9937465804361781
2020-07-08,21.8,3.0,11.5,0.0,18.773333333333333,7,18.5,15.7,19.5,18.8,190,-0.4999999999999997,-0.8660254037844388,-0.12874817745258066,-0.99167731989929
2020-07-09,18.5,12.9,14.9,26.8,18.696666666666665,7,14.5,21.8,15.7,19.5,191,-0.4999999999999997,-0.8660254037844388,-0.14579919691987442,-0.9893142039703664
2020-07-10,14.5,9.9,11.5,21.6,18.65666666666667,7,15.5,18.5,21.8,15.7,192,-0.4999999999999997,-0.8660254037844388,-0.16280701293851646,-0.9866579328916572
2020-07-11,15.5,10.2,12.1,5.9,18.71333333333333,7,18.1,14.5,18.5,21.8,193,-0.4999999999999997,-0.8660254037844388,-0.17976658572556214,-0.9837092937736098
2020-07-12,18.1,7.3,12.4,0.0,18.82,7,14.9,15.5,14.5,18.5,194,-0.4999999999999997,-0.8660254037844388,-0.19667288979357622,-0.9804691603616321
2020-07-13,14.9,9.9,12.4,12.1,18.759999999999998,7,13.6,18.1,15.5,14.5,195,-0.4999999999999997,-0.8660254037844388,-0.2135209154397959,-0.9769384927771817
2020-07-14,13.6,6.8,9.8,4.3,18.613333333333333,7,16.8,14.9,18.1,15.5,196,-0.4999999999999997,-0.8660254037844388,-0.23030567023061196,-0.973118337233262
2020-07-15,16.8,6.0,11.0,0.0,18.556666666666665,7,18.9,13.6,14.9,18.1,197,-0.4999999999999997,-0.8660254037844388,-0.24702218048093527,-0.9690098257244063
2020-07-16,18.9,4.0,12.9,0.0,18.576666666666664,7,24.3,16.8,13.6,14.9,198,-0.4999999999999997,-0.8660254037844388,-0.2636654927280072,-0.9646141756912435
2020-07-17,24.3,5.3,13.4,0.0,18.67666666666667,7,19.1,18.9,16.8,13.6,199,-0.4999999999999997,-0.8660254037844388,-0.2802306751992161,-0.9599326896597445
2020-07-18,19.1,11.2,14.9,0.0,18.516666666666666,7,18.2,24.3,18.9,16.8,200,-0.4999999999999997,-0.8660254037844388,-0.2967128192734901,-0.9549667548552553
2020-07-19,18.2,9.9,13.1,0.0,18.243333333333332,7,17.4,19.1,24.3,18.9,201,-0.4999999999999997,-0.8660254037844388,-0.3131070409358267,-0.9497178427914317
2020-07-20,17.4,7.8,12.5,0.0,18.163333333333334,7,21.6,18.2,19.1,24.3,202,-0.4999999999999997,-0.8660254037844388,-0.3294084822245302,-0.9441875088341994
2020-07-21,21.6,7.7,14.1,0.0,18.283333333333335,7,17.3,17.4,18.2,19.1,203,-0.4999999999999997,-0.8660254037844388,-0.3456123126707333,-0.9383773917408642
2020-07-22,17.3,7.9,12.5,0.0,18.21,7,20.4,21.6,17.4,18.2,204,-0.4999999999999997,-0.8660254037844388,-0.3617137307297674,-0.9322892131745134
2020-07-23,20.4,6.7,14.3,0.0,18.240000000000002,7,26.2,17.3,21.6,17.4,205,-0.4999999999999997,-0.8660254037844388,-0.37770796520396466,-0.9259247771938499
2020-07-24,26.2,9.9,16.8,0.0,18.369999999999997,7,20.4,20.4,17.3,21.6,206,-0.4999999999999997,-0.8660254037844388,-0.39359027665646645,-0.9192859697186105
2020-07-25,20.4,8.6,13.8,0.0,18.39666666666667,7,16.8,26.2,20.4,17.3,207,-0.4999999999999997,-0.8660254037844388,-0.4093559588156211,-0.9123747579707274
2020-07-26,16.8,11.0,14.1,1.4,18.39,7,17.7,20.4,26.2,20.4,208,-0.4999999999999997,-0.8660254037844388,-0.42500033996955394,-0.9051931898913975
2020-07-27,17.7,4.9,12.2,0.0,18.443333333333335,7,16.3,16.8,20.4,26.2,209,-0.4999999999999997,-0.8660254037844388,-0.4405187843504952,-0.8977433935342336
2020-07-28,16.3,9.2,13.0,0.0,18.41,7,18.8,17.7,16.8,20.4,210,-0.4999999999999997,-0.8660254037844388,-0.455906693508459,-0.8900275764346766
2020-07-29,18.8,7.0,12.4,0.1,18.486666666666665,7,18.8,16.3,17.7,16.8,211,-0.4999999999999997,-0.8660254037844388,-0.47115950767386394,-0.8820480249558535
2020-07-30,18.8,10.4,13.7,0.1,18.493333333333336,7,20.0,18.8,16.3,17.7,212,-0.4999999999999997,-0.8660254037844388,-0.4862727071086902,-0.8738071036110807
2020-07-31,20.0,10.7,14.8,0.0,18.47666666666667,7,19.4,18.8,18.8,16.3,213,-0.4999999999999997,-0.8660254037844388,-0.5012418134457756,-0.8653072543632061
2020-08-01,19.4,8.7,14.2,0.0,18.52,8,23.9,20.0,18.8,18.8,214,-0.8660254037844385,-0.5000000000000004,-0.5160623910158526,-0.8565509959010037
2020-08-02,23.9,10.3,15.3,0.0,18.723333333333333,8,19.4,19.4,20.0,18.8,215,-0.8660254037844385,-0.5000000000000004,-0.5307300481619331,-0.8475409228928312
2020-08-03,19.4,10.4,14.7,0.6,18.75333333333333,8,13.5,23.9,19.4,20.0,216,-0.8660254037844385,-0.5000000000000004,-0.5452404385406507,-0.8382797052177745
2020-08-04,13.5,9.0,11.9,0.6,18.576666666666664,8,14.4,19.4,23.9,19.4,217,-0.8660254037844385,-0.5000000000000004,-0.5595892624101763,-0.828770087174504
2020-08-05,14.4,6.6,10.3,0.0,18.40666666666667,8,15.5,13.5,19.4,23.9,218,-0.8660254037844385,-0.5000000000000004,-0.5737722679043243,-0.8190148866680802
2020-08-06,15.5,5.3,9.9,0.5,18.4,8,19.2,14.4,13.5,19.4,219,-0.8660254037844385,-0.5000000000000004,-0.5877852522924734,-0.8090169943749472
2020-08-07,19.2,2.7,10.9,0.0,18.313333333333333,8,23.0,15.5,14.4,13.5,220,-0.8660254037844385,-0.5000000000000004,-0.6016240632249227,-0.7987793728863648
2020-08-08,23.0,3.1,13.4,1.0,18.46333333333333,8,16.4,19.2,15.5,14.4,221,-0.8660254037844385,-0.5000000000000004,-0.6152845999633277,-0.7883050558305253
2020-08-09,16.4,12.2,13.8,6.6,18.526666666666664,8,18.3,23.0,19.2,15.5,222,-0.8660254037844385,-0.5000000000000004,-0.6287628145958345,-0.7775971469736268
2020-08-10,18.3,10.3,13.1,0.3,18.62,8,17.0,16.4,23.0,19.2,223,-0.8660254037844385,-0.5000000000000004,-0.6420547132365636,-0.7666588193001592
2020-08-11,17.0,10.3,13.3,5.5,18.583333333333332,8,16.5,18.3,16.4,23.0,224,-0.8660254037844385,-0.5000000000000004,-0.655156357209085,-0.7554933140726804
2020-08-12,16.5,9.7,13.5,6.5,18.636666666666667,8,17.5,17.0,18.3,16.4,225,-0.8660254037844385,-0.5000000000000004,-0.6680638642135333,-0.7441039398713608
2020-08-13,17.5,9.0,13.5,0.0,18.766666666666666,8,17.8,16.5,17.0,18.3,226,-0.8660254037844385,-0.5000000000000004,-0.6807734094770159,-0.7324940716135792
2020-08-14,17.8,8.2,13.0,0.0,18.8,8,14.3,17.5,16.5,17.0,227,-0.8660254037844385,-0.5000000000000004,-0.6932812268869771,-0.7206671495538615
2020-08-15,14.3,8.0,12.3,12.6,18.64666666666667,8,13.4,17.8,17.5,16.5,228,-0.8660254037844385,-0.5000000000000004,-0.7055836101071774,-0.70862667826446
2020-08-16,13.4,7.1,9.6,2.8,18.283333333333335,8,14.7,14.3,17.8,17.5,229,-0.8660254037844385,-0.5000000000000004,-0.7176769136759615,-0.6963762255968726
2020-08-17,14.7,5.9,9.8,5.6,18.136666666666663,8,13.9,13.4,14.3,17.8,230,-0.8660254037844385,-0.5000000000000004,-0.7295575540864876,-0.6839194216246105
2020-08-18,13.9,9.8,11.7,2.0,17.993333333333336,8,16.0,14.7,13.4,14.3,231,-0.8660254037844385,-0.5000000000000004,-0.7412220108485957,-0.6712599575675315
2020-08-19,16.0,4.2,10.2,0.0,17.94666666666667,8,16.1,13.9,14.7,13.4,232,-0.8660254037844385,-0.5000000000000004,-0.7526668275320083,-0.6584015846980489
2020-08-20,16.1,9.3,12.6,7.3,17.763333333333332,8,21.1,16.0,13.9,14.7,233,-0.8660254037844385,-0.5000000000000004,-0.7638886127905429,-0.64534811322955
2020-08-21,21.1,9.6,13.8,0.0,17.889999999999997,8,21.2,16.1,16.0,13.9,234,-0.8660254037844385,-0.5000000000000004,-0.7748840413670406,-0.6321034111873488
2020-08-22,21.2,7.9,13.7,0.0,17.916666666666668,8,20.6,21.1,16.1,16.0,235,-0.8660254037844385,-0.5000000000000004,-0.7856498550787144,-0.6186714032625032
2020-08-23,20.6,6.7,13.0,0.0,17.73,8,18.7,21.2,21.1,16.1,236,-0.8660254037844385,-0.5000000000000004,-0.7961828637826154,-0.6050560696488494
2020-08-24,18.7,9.9,14.5,0.0,17.673333333333336,8,17.6,20.6,21.2,21.1,237,-0.8660254037844385,-0.5000000000000004,-0.8064799463209447,-0.5912614448635782
2020-08-25,17.6,8.7,13.3,4.9,17.7,8,19.1,18.7,20.6,21.2,238,-0.8660254037844385,-0.5000000000000004,-0.8165380514459157,-0.5772916165517278
2020-08-26,19.1,11.0,14.2,0.0,17.746666666666666,8,19.2,17.6,18.7,20.6,239,-0.8660254037844385,-0.5000000000000004,-0.8263541987239094,-0.5631507242749187
2020-08-27,19.2,6.2,12.2,1.7,17.84333333333333,8,15.1,19.1,17.6,18.7,240,-0.8660254037844385,-0.5000000000000004,-0.8359254794186365,-0.5488429582847199
2020-08-28,15.1,10.0,11.8,7.3,17.720000000000002,8,11.0,19.2,19.1,17.6,241,-0.8660254037844385,-0.5000000000000004,-0.8452490573530634,-0.5343725582809785
2020-08-29,11.0,5.1,9.0,12.7,17.46,8,13.7,15.1,19.2,19.1,242,-0.8660254037844385,-0.5000000000000004,-0.8543221697498269,-0.5197438121555157
2020-08-30,13.7,1.4,7.7,0.2,17.25,8,12.4,11.0,15.1,19.2,243,-0.8660254037844385,-0.5000000000000004,-0.8631421280499115,-0.5049610547215202
2020-08-31,12.4,6.0,8.9,4.4,17.016666666666666,8,20.0,13.7,11.0,15.1,244,-0.8660254037844385,-0.5000000000000004,-0.8717063187093217,-0.4900286664290594
2020-09-01,20.0,7.0,14.1,0.2,16.886666666666667,9,16.4,12.4,13.7,11.0,245,-1.0,-1.8369701987210297e-16,-0.8800122039735356,-0.4749510720670502
2020-09-02,16.4,12.3,14.3,19.1,16.786666666666665,9,21.2,20.0,12.4,13.7,246,-1.0,-1.8369701987210297e-16,-0.888057322629493,-0.4597327394521046
2020-09-03,21.2,11.6,15.5,1.0,17.043333333333333,9,18.9,16.4,20.0,12.4,247,-1.0,-1.8369701987210297e-16,-0.8958392907349089,-0.4443781781046134
2020-09-04,18.9,9.0,13.8,0.0,17.19333333333333,9,15.0,21.2,16.4,20.0,248,-1.0,-1.8369701987210297e-16,-0.9033558023246842,-0.4288919379124841
2020-09-05,15.0,11.3,13.1,6.2,17.176666666666666,9,21.0,18.9,21.2,16.4,249,-1.0,-1.8369701987210297e-16,-0.9106046300942162,-0.41327860778290443
2020-09-06,21.0,11.6,15.3,0.0,17.236666666666668,9,19.9,15.0,18.9,21.2,250,-1.0,-1.8369701987210297e-16,-0.9175836260593934,-0.3975428142825566
2020-09-07,19.9,7.2,13.7,0.0,17.133333333333333,9,24.6,21.0,15.0,18.9,251,-1.0,-1.8369701987210297e-16,-0.9242907221930934,-0.3816892202666586
2020-09-08,24.6,9.5,16.3,0.0,17.40666666666667,9,18.6,19.9,21.0,15.0,252,-1.0,-1.8369701987210297e-16,-0.9307239310379793,-0.3657225234972692
2020-09-09,18.6,11.4,14.8,0.0,17.416666666666668,9,21.5,24.6,19.9,21.0,253,-1.0,-1.8369701987210297e-16,-0.9368813462954315,-0.34964745525122826
2020-09-10,21.5,14.0,16.6,0.2,17.566666666666666,9,23.7,18.6,24.6,19.9,254,-1.0,-1.8369701987210297e-16,-0.9427611433904206,-0.33346877891818705
2020-09-11,23.7,13.2,18.2,0.0,17.806666666666665,9,24.4,21.5,18.6,24.6,255,-1.0,-1.8369701987210297e-16,-0.9483615800121716,-0.31719128858910595
2020-09-12,24.4,11.6,17.1,0.0,18.03666666666667,9,15.9,23.7,21.5,18.6,256,-1.0,-1.8369701987210297e-16,-0.9536809966304455,-0.300819807635668
2020-09-13,15.9,12.5,14.4,3.0,17.973333333333336,9,14.7,24.4,23.7,21.5,257,-1.0,-1.8369701987210297e-16,-0.9587178169872964,-0.2843591872810036
2020-09-14,14.7,9.5,12.5,0.7,17.986666666666665,9,17.0,15.9,24.4,23.7,258,-1.0,-1.8369701987210297e-16,-0.9634705485641486,-0.26781430516217486
2020-09-15,17.0,7.2,11.9,0.0,18.106666666666666,9,15.4,14.7,15.9,24.4,259,-1.0,-1.8369701987210297e-16,-0.9679377830240642,-0.25119006388481957
2020-09-16,15.4,6.9,11.4,2.3,18.130000000000003,9,19.4,17.0,14.7,15.9,260,-1.0,-1.8369701987210297e-16,-0.9721181966290612,-0.23449138957041052
2020-09-17,19.4,9.0,13.3,0.0,18.313333333333333,9,19.4,15.4,17.0,14.7,261,-1.0,-1.8369701987210297e-16,-0.9760105506323682,-0.21772323039653224
2020-09-18,19.4,8.0,14.0,0.9,18.426666666666666,9,17.4,19.4,15.4,17.0,262,-1.0,-1.8369701987210297e-16,-0.9796136916454901,-0.20089055513063528
2020-09-19,17.4,10.5,13.7,0.0,18.470000000000002,9,17.4,19.4,19.4,15.4,263,-1.0,-1.8369701987210297e-16,-0.9829265519799822,-0.18399835165767986
2020-09-20,17.4,9.5,13.4,1.7,18.346666666666668,9,17.3,17.4,19.4,19.4,264,-1.0,-1.8369701987210297e-16,-0.9859481499638303,-0.1670516255021195
2020-09-21,17.3,9.9,13.3,0.6,18.216666666666665,9,18.5,17.4,17.4,19.4,265,-1.0,-1.8369701987210297e-16,-0.9886775902323404,-0.15005539834465262
2020-09-22,18.5,6.9,13.3,0.0,18.146666666666665,9,18.6,17.3,17.4,17.4,266,-1.0,-1.8369701987210297e-16,-0.9911140639934546,-0.13301470653419636
2020-09-23,18.6,10.4,13.9,0.0,18.143333333333334,9,22.3,18.5,17.3,17.4,267,-1.0,-1.8369701987210297e-16,-0.9932568492674143,-0.11593459959550066
2020-09-24,22.3,8.7,13.7,0.0,18.3,9,15.6,18.6,18.5,17.3,268,-1.0,-1.8369701987210297e-16,-0.9951053111006974,-0.09882013873287211
2020-09-25,15.6,9.6,13.3,8.0,18.183333333333334,9,15.0,22.3,18.6,18.5,269,-1.0,-1.8369701987210297e-16,-0.99665890175417,-0.08167639533042288
2020-09-26,15.0,8.1,11.5,0.9,18.043333333333337,9,15.8,15.6,22.3,18.6,270,-1.0,-1.8369701987210297e-16,-0.9979171608653922,-0.06450844944931625
2020-09-27,15.8,6.4,10.9,0.6,18.066666666666666,9,16.3,15.0,15.6,22.3,271,-1.0,-1.8369701987210297e-16,-0.9988797155850335,-0.04732138832243232
2020-09-28,16.3,5.1,11.8,1.3,18.243333333333336,9,16.5,15.8,15.0,15.6,272,-1.0,-1.8369701987210297e-16,-0.9995462806873573,-0.03012030484690836
2020-09-29,16.5,10.5,13.9,0.4,18.336666666666666,9,16.8,16.3,15.8,15.0,273,-1.0,-1.8369701987210297e-16,-0.9999166586547379,-0.012910296075008843
2020-09-30,16.8,9.8,13.0,0.7,18.483333333333334,9,16.7,16.5,16.3,15.8,274,-1.0,-1.8369701987210297e-16,-0.9999907397361901,0.004303538296243821
2020-10-01,16.7,11.6,13.7,3.8,18.373333333333335,10,17.5,16.8,16.5,16.3,275,-0.8660254037844386,0.5000000000000001,-0.9997685019798909,0.021516097436222233
2020-10-02,17.5,13.0,14.4,2.4,18.410000000000004,10,23.4,16.7,16.8,16.5,276,-0.8660254037844386,0.5000000000000001,-0.9992500112396835,0.03872228089217399
2020-10-03,23.4,13.0,17.1,0.4,18.483333333333334,10,23.7,17.5,16.7,16.8,277,-0.8660254037844386,0.5000000000000001,-0.9984354211555643,0.05591699010060302
2020-10-04,23.7,9.8,16.5,0.0,18.64333333333333,10,20.4,23.4,17.5,16.7,278,-0.8660254037844386,0.5000000000000001,-0.9973249731081555,0.07309512989807776
2020-10-05,20.4,10.4,15.5,0.0,18.823333333333334,10,21.0,23.7,23.4,17.5,279,-0.8660254037844386,0.5000000000000001,-0.9959189961471792,0.0902516100310407
2020-10-06,21.0,14.2,16.8,0.0,18.823333333333334,10,19.0,20.4,23.7,23.4,280,-0.8660254037844386,0.5000000000000001,-0.994217906893952,0.10738134666416306
2020-10-07,19.0,12.9,15.6,0.0,18.793333333333337,10,20.5,21.0,20.4,23.7,281,-0.8660254037844386,0.5000000000000001,-0.9922222094179324,0.12447926388678869
2020-10-08,20.5,13.5,16.2,1.0,18.65666666666667,10,16.0,19.0,21.0,20.4,282,-0.8660254037844386,0.5000000000000001,-0.989932495087353,0.141540295217043
2020-10-09,16.0,12.6,13.7,2.6,18.57,10,19.4,20.5,19.0,21.0,283,-0.8660254037844386,0.5000000000000001,-0.9873494423939864,0.15855938510313475
2020-10-10,19.4,11.6,14.7,0.4,18.5,10,21.4,16.0,20.5,19.0,284,-0.8660254037844386,0.5000000000000001,-0.9844738167520923,0.17553149042142777
2020-10-11,21.4,8.7,15.3,0.0,18.423333333333336,10,25.7,19.4,16.0,20.5,285,-0.8660254037844386,0.5000000000000001,-0.9813064702716093,0.19245158197082995
2020-10-12,25.7,7.0,16.3,0.0,18.466666666666665,10,17.9,21.4,19.4,16.0,286,-0.8660254037844386,0.5000000000000001,-0.9778483415056567,0.20931464596304888
2020-10-13,17.9,12.3,14.9,0.9,18.533333333333335,10,23.5,25.7,21.4,19.4,287,-0.8660254037844386,0.5000000000000001,-0.9741004551724206,0.22611568550828803
2020-10-14,23.5,9.5,16.2,0.0,18.826666666666668,10,20.2,17.9,25.7,21.4,288,-0.8660254037844386,0.5000000000000001,-0.970063921851507,0.2428497220959358
2020-10-15,20.2,13.2,16.2,0.0,18.933333333333334,10,29.1,23.5,17.9,25.7,289,-0.8660254037844386,0.5000000000000001,-0.965739937654855,0.25951179706979943
2020-10-16,29.1,11.2,19.0,0.0,19.389999999999997,10,19.8,20.2,23.5,17.9,290,-0.8660254037844386,0.5000000000000001,-0.9611297838723007,0.27609697309746883
2020-10-17,19.8,12.8,16.2,0.3,19.40333333333333,10,19.7,29.1,20.2,23.5,291,-0.8660254037844386,0.5000000000000001,-0.9562348265919058,0.2926003356333479
2020-10-18,19.7,11.5,15.9,0.3,19.413333333333334,10,20.2,19.8,29.1,20.2,292,-0.8660254037844386,0.5000000000000001,-0.9510565162951536,0.30901699437494723
2020-10-19,20.2,12.0,15.9,0.2,19.506666666666668,10,19.5,19.7,19.8,29.1,293,-0.8660254037844386,0.5000000000000001,-0.9455963874271428,0.3253420847119795
2020-10-20,19.5,12.1,15.8,1.1,19.576666666666668,10,19.4,20.2,19.7,19.8,294,-0.8660254037844386,0.5000000000000001,-0.9398560579418953,0.341570769167856
2020-10-21,19.4,9.4,14.6,0.0,19.646666666666665,10,23.6,19.5,20.2,19.7,295,-0.8660254037844386,0.5000000000000001,-0.9338372288229252,0.35769823883312546
2020-10-22,23.6,12.5,17.3,0.0,19.816666666666666,10,24.2,19.4,19.5,20.2,296,-0.8660254037844386,0.5000000000000001,-0.9275416835791965,0.3737197147904692
2020-10-23,24.2,14.4,18.5,0.0,20.00333333333333,10,23.9,23.6,19.4,19.5,297,-0.8660254037844386,0.5000000000000001,-0.9209712877166347,0.38963044953078774
2020-10-24,23.9,14.0,18.6,0.0,20.056666666666665,10,20.4,24.2,23.6,19.4,298,-0.8660254037844386,0.5000000000000001,-0.9141279881853337,0.4054257283599973
2020-10-25,20.4,14.4,17.1,0.0,20.216666666666665,10,27.2,23.9,24.2,23.6,299,-0.8660254037844386,0.5000000000000001,-0.9070138128026362,0.42110087079608916
2020-10-26,27.2,13.7,20.2,0.0,20.62333333333333,10,23.0,20.4,23.9,24.2,300,-0.8660254037844386,0.5000000000000001,-0.8996308696522434,0.4366512319560638
2020-10-27,23.0,15.0,18.2,1.4,20.863333333333333,10,20.6,27.2,20.4,23.9,301,-0.8660254037844386,0.5000000000000001,-0.8919813464595487,0.45207220393230374
2020-10-28,20.6,14.3,17.1,1.8,21.006666666666664,10,17.2,23.0,27.2,20.4,302,-0.8660254037844386,0.5000000000000001,-0.8840675099433637,0.46735921715800205
2020-10-29,17.2,10.2,14.9,8.3,21.029999999999998,10,18.5,20.6,23.0,27.2,303,-0.8660254037844386,0.5000000000000001,-0.8758917051442433,0.48250774176121763
2020-10-30,18.5,8.4,14.3,0.0,21.086666666666666,10,22.7,17.2,20.6,23.0,304,-0.8660254037844386,0.5000000000000001,-0.8674563547295971,0.4975132889071803
2020-10-31,22.7,11.6,16.9,0.0,21.286666666666665,10,29.0,18.5,17.2,20.6,305,-0.8660254037844386,0.5000000000000001,-0.858763958275803,0.5123714121284235
2020-11-01,29.0,11.9,19.6,0.0,21.669999999999998,11,29.2,22.7,18.5,17.2,306,-0.5000000000000004,0.8660254037844384,-0.8498170915275277,0.5270777086423724
2020-11-02,29.2,12.9,21.6,0.0,21.863333333333333,11,27.8,29.0,22.7,18.5,307,-0.5000000000000004,0.8660254037844384,-0.8406184056344783,0.5416278206559811
2020-11-03,27.8,14.2,20.5,0.0,22.0,11,27.4,29.2,29.0,22.7,308,-0.5000000000000004,0.8660254037844384,-0.8311706263658079,0.5560174366570446
2020-11-04,27.4,18.2,22.1,0.0,22.23333333333333,11,26.9,27.8,29.2,29.0,309,-0.5000000000000004,0.8660254037844384,-0.8214765533024145,0.5702422926917867
2020-11-05,26.9,16.3,20.6,1.1,22.43,11,16.4,27.4,27.8,29.2,310,-0.5000000000000004,0.8660254037844384,-0.8115390590073611,0.5842981736283683
2020-11-06,16.4,12.5,15.3,15.8,22.34333333333333,11,19.5,26.9,27.4,27.8,311,-0.5000000000000004,0.8660254037844384,-0.801361088174677,0.5981809144059158
2020-11-07,19.5,12.8,16.2,1.7,22.31,11,18.5,16.4,26.9,27.4,312,-0.5000000000000004,0.8660254037844384,-0.7909456567567774,0.6118864012687242
2020-11-08,18.5,11.7,15.4,5.0,22.39333333333333,11,17.2,19.5,16.4,26.9,313,-0.5000000000000004,0.8660254037844384,-0.780295851070776,0.6254105729852457
2020-11-09,17.2,9.0,13.9,0.0,22.319999999999997,11,19.6,18.5,19.5,16.4,314,-0.5000000000000004,0.8660254037844384,-0.7694148268839381,0.6387494220515268
2020-11-10,19.6,12.2,15.8,0.0,22.259999999999998,11,26.1,17.2,18.5,19.5,315,-0.5000000000000004,0.8660254037844384,-0.7583058084785625,0.6518989958787125
2020-11-11,26.1,10.0,18.4,0.0,22.27333333333333,11,29.5,19.6,17.2,18.5,316,-0.5000000000000004,0.8660254037844384,-0.7469720876965551,0.6648553979642866
2020-11-12,29.5,13.3,21.0,0.0,22.66,11,27.8,26.1,19.6,17.2,317,-0.5000000000000004,0.8660254037844384,-0.7354170229639858,0.6776147890466887
2020-11-13,27.8,14.5,20.5,0.0,22.80333333333333,11,21.5,29.5,26.1,19.6,318,-0.5000000000000004,0.8660254037844384,-0.7236440382959124,0.690173388242972
2020-11-14,21.5,14.4,16.8,0.6,22.846666666666668,11,19.1,27.8,29.5,26.1,319,-0.5000000000000004,0.8660254037844384,-0.711656622281775,0.7025274741691566
2020-11-15,19.1,14.7,16.6,0.0,22.513333333333332,11,21.3,21.5,27.8,29.5,320,-0.5000000000000004,0.8660254037844384,-0.6994583270516471,0.7146733860429608
2020-11-16,21.3,13.7,17.5,0.0,22.563333333333333,11,23.4,19.1,21.5,27.8,321,-0.5000000000000004,0.8660254037844384,-0.6870527672236675,0.7266075247685652
2020-11-17,23.4,14.4,18.7,1.9,22.686666666666667,11,21.8,21.3,19.1,21.5,322,-0.5000000000000004,0.8660254037844384,-0.6744436188329457,0.7383263540031063
2020-11-18,21.8,15.8,18.7,1.1,22.74,11,25.2,23.4,21.3,19.1,323,-0.5000000000000004,0.8660254037844384,-0.661634618242279,0.749826401204568
2020-11-19,25.2,15.4,19.8,0.0,22.93,11,30.2,21.8,23.4,21.3,324,-0.5000000000000004,0.8660254037844384,-0.6486295610349818,0.7611042586607742
2020-11-20,30.2,13.0,21.7,0.0,23.29,11,24.3,25.2,21.8,23.4,325,-0.5000000000000004,0.8660254037844384,-0.6354323008901775,0.7721565844991641
2020-11-21,24.3,13.8,19.4,1.0,23.313333333333333,11,21.1,30.2,25.2,21.8,326,-0.5000000000000004,0.8660254037844384,-0.622046748440868,0.7829801036770624
2020-11-22,21.1,15.4,18.3,1.3,23.21,11,20.0,24.3,30.2,25.2,327,-0.5000000000000004,0.8660254037844384,-0.6084768701151264,0.7935716089521472
2020-11-23,20.0,14.5,17.4,0.3,23.080000000000002,11,18.3,21.1,24.3,30.2,328,-0.5000000000000004,0.8660254037844384,-0.594726686960764,0.8039279618328208
2020-11-24,18.3,13.5,15.9,3.9,23.009999999999998,11,19.8,20.0,21.1,24.3,329,-0.5000000000000004,0.8660254037844384,-0.5808002734538013,0.8140460935082175
2020-11-25,19.8,12.4,15.8,0.4,22.763333333333332,11,19.8,18.3,20.0,21.1,330,-0.5000000000000004,0.8660254037844384,-0.5667017562911184,0.8239230057575536
2020-11-26,19.8,14.2,17.0,0.3,22.65666666666667,11,28.3,19.8,18.3,20.0,331,-0.5000000000000004,0.8660254037844384,-0.5524353131676203,0.8335557718385695
2020-11-27,28.3,11.7,20.1,0.0,22.913333333333334,11,22.8,19.8,19.8,18.3,332,-0.5000000000000004,0.8660254037844384,-0.5380051715382992,0.8429415373547832
2020-11-28,22.8,16.6,19.2,0.0,23.1,11,21.6,28.3,19.8,19.8,333,-0.5000000000000004,0.8660254037844384,-0.5234156073655503,0.8520775211013093
2020-11-29,21.6,15.0,18.2,0.0,23.20333333333333,11,22.6,22.8,28.3,19.8,334,-0.5000000000000004,0.8660254037844384,-0.5086709438521042,0.8609610158889945
2020-11-30,22.6,14.9,18.0,0.3,23.2,11,20.6,21.6,22.8,28.3,335,-0.5000000000000004,0.8660254037844384,-0.49377555015997737,0.8695893893466109
2020-12-01,20.6,14.6,17.5,1.8,22.92,12,22.0,22.6,21.6,22.8,336,-2.4492935982947064e-16,1.0,-0.4787338401157883,0.8779600847008883
2020-12-02,22.0,14.8,17.8,0.0,22.68,12,22.5,20.6,22.6,21.6,337,-2.4492935982947064e-16,1.0,-0.4635502709028512,0.8860706215341378
2020-12-03,22.5,14.2,18.4,0.0,22.503333333333334,12,27.7,22.0,20.6,22.6,338,-2.4492935982947064e-16,1.0,-0.4482293417404106,0.893918596519257
2020-12-04,27.7,16.5,20.6,0.0,22.513333333333335,12,29.6,22.5,22.0,20.6,339,-2.4492935982947064e-16,1.0,-0.4327755925504317,0.9015016841318838
2020-12-05,29.6,15.8,22.3,0.0,22.603333333333335,12,30.0,27.7,22.5,22.0,340,-2.4492935982947064e-16,1.0,-0.41719360261231697,0.9088176373395028
2020-12-06,30.0,14.9,22.9,0.2,23.05666666666667,12,25.9,29.6,27.7,22.5,341,-2.4492935982947064e-16,1.0,-0.4014879892059737,0.9158642882672868
2020-12-07,25.9,18.1,21.6,0.0,23.27,12,25.1,30.0,29.6,27.7,342,-2.4492935982947064e-16,1.0,-0.38566340624360745,0.9226395488404875
2020-12-08,25.1,17.1,20.5,0.2,23.490000000000002,12,23.6,25.9,30.0,29.6,343,-2.4492935982947064e-16,1.0,-0.3697245428906732,0.9291414114031743
2020-12-09,23.6,17.5,19.7,3.6,23.703333333333333,12,23.3,25.1,25.9,30.0,344,-2.4492935982947064e-16,1.0,-0.3536761221763721,0.935367949313148
2020-12-10,23.3,16.5,19.6,1.9,23.826666666666668,12,22.3,23.6,25.1,25.9,345,-2.4492935982947064e-16,1.0,-0.33752289959411347,0.941317317512847
2020-12-11,22.3,16.0,18.5,2.1,23.7,12,21.9,23.3,23.6,25.1,346,-2.4492935982947064e-16,1.0,-0.32126966169236515,0.9469877530760751
2020-12-12,21.9,14.9,18.2,1.2,23.446666666666665,12,27.3,22.3,23.3,23.6,347,-2.4492935982947064e-16,1.0,-0.3049212246562894,0.9523775757303973
2020-12-13,27.3,12.8,20.1,0.0,23.430000000000003,12,24.4,21.9,22.3,23.3,348,-2.4492935982947064e-16,1.0,-0.2884824328806098,0.9574851883550389
2020-12-14,24.4,13.6,19.1,2.4,23.526666666666667,12,22.7,27.3,21.9,22.3,349,-2.4492935982947064e-16,1.0,-0.27195815753410524,0.9623090774541487
2020-12-15,22.7,16.8,19.3,0.0,23.64666666666667,12,23.7,24.4,27.3,21.9,350,-2.4492935982947064e-16,1.0,-0.2553532951161881,0.9668478136052773
2020-12-16,23.7,15.8,19.5,0.0,23.726666666666667,12,24.3,22.7,24.4,27.3,351,-2.4492935982947064e-16,1.0,-0.23867276600594997,0.9711000518829505
2020-12-17,24.3,17.6,20.7,0.0,23.756666666666668,12,27.0,23.7,22.7,24.4,352,-2.4492935982947064e-16,1.0,-0.22192151300416674,0.9750645322571945
2020-12-18,27.0,16.1,21.2,0.0,23.930000000000003,12,25.0,24.3,23.7,22.7,353,-2.4492935982947064e-16,1.0,-0.20510449986861926,0.9787400799669153
2020-12-19,25.0,17.3,21.1,0.0,23.923333333333336,12,32.0,27.0,24.3,23.7,354,-2.4492935982947064e-16,1.0,-0.1882267098432439,0.9821256058680006
2020-12-20,32.0,18.5,23.8,0.0,23.983333333333338,12,28.5,25.0,27.0,24.3,355,-2.4492935982947064e-16,1.0,-0.1712931441814778,0.9852201067560606
2020-12-21,28.5,19.6,23.7,0.0,24.123333333333335,12,30.1,32.0,25.0,27.0,356,-2.4492935982947064e-16,1.0,-0.154308820664281,0.9880226656636976
2020-12-22,30.1,17.5,22.9,0.0,24.423333333333332,12,24.5,28.5,32.0,25.0,357,-2.4492935982947064e-16,1.0,-0.13727877211326517,0.9905324521322227
2020-12-23,24.5,17.7,20.8,0.2,24.57333333333333,12,26.1,30.1,28.5,32.0,358,-2.4492935982947064e-16,1.0,-0.12020804489935275,0.9927487224577402
2020-12-24,26.1,17.2,20.7,1.3,24.833333333333332,12,27.0,24.5,30.1,28.5,359,-2.4492935982947064e-16,1.0,-0.10310169744743544,0.9946708199115211
2020-12-25,27.0,16.5,21.4,0.0,25.073333333333334,12,26.5,26.1,24.5,30.1,360,-2.4492935982947064e-16,1.0,-0.0859647987374467,0.9962981749346077
2020-12-26,26.5,18.1,21.9,0.4,25.296666666666667,12,22.3,27.0,26.1,24.5,361,-2.4492935982947064e-16,1.0,-0.06880242680232064,0.9976303053065857
2020-12-27,22.3,17.6,19.6,0.9,25.09666666666667,12,27.8,26.5,27.0,26.1,362,-2.4492935982947064e-16,1.0,-0.05161966722325418,0.9986668162884759
2020-12-28,27.8,14.1,20.3,0.0,25.263333333333332,12,24.3,22.3,26.5,27.0,363,-2.4492935982947064e-16,1.0,-0.034421611622745804,0.9994074007397048
2020-12-29,24.3,15.6,20.2,0.0,25.35333333333333,12,26.8,27.8,22.3,26.5,364,-2.4492935982947064e-16,1.0,-0.01721335615583528,0.9998518392091162
2020-12-30,26.8,15.4,20.6,0.5,25.493333333333336,12,25.9,24.3,27.8,22.3,365,-2.4492935982947064e-16,1.0,6.432490598706546e-16,1.0
2020-12-31,25.9,17.1,20.8,0.5,25.67,12,22.8,26.8,24.3,27.8,366,-2.4492935982947064e-16,1.0,0.017213356155833904,0.9998518392091162
2021-01-01,22.8,17.0,20.0,0.0,25.696666666666665,1,33.0,25.9,26.8,24.3,1,0.49999999999999994,0.8660254037844387,0.017213356155834685,0.9998518392091162
2021-01-02,33.0,13.0,22.8,0.0,26.046666666666667,1,31.2,22.8,25.9,26.8,2,0.49999999999999994,0.8660254037844387,0.03442161162274574,0.9994074007397048
2021-01-03,31.2,17.1,24.4,0.0,26.163333333333334,1,30.6,33.0,22.8,25.9,3,0.49999999999999994,0.8660254037844387,0.051619667223253764,0.998666816288476
2021-01-04,30.6,19.4,24.2,0.0,26.196666666666665,1,24.2,31.2,33.0,22.8,4,0.49999999999999994,0.8660254037844387,0.06880242680231986,0.9976303053065857
2021-01-05,24.2,19.5,21.6,0.0,26.00333333333333,1,24.1,30.6,31.2,33.0,5,0.49999999999999994,0.8660254037844387,0.08596479873744647,0.9962981749346078
2021-01-06,24.1,18.6,20.8,0.0,25.94333333333333,1,27.9,24.2,30.6,31.2,6,0.49999999999999994,0.8660254037844387,0.10310169744743485,0.9946708199115211
2021-01-07,27.9,15.4,21.3,0.0,26.036666666666665,1,25.8,24.1,24.2,30.6,7,0.49999999999999994,0.8660254037844387,0.1202080448993527,0.9927487224577402
2021-01-08,25.8,19.1,22.2,0.0,26.110000000000003,1,26.0,27.9,24.1,24.2,8,0.49999999999999994,0.8660254037844387,0.13727877211326478,0.9905324521322229
2021-01-09,26.0,17.2,21.3,0.5,26.2,1,24.1,25.8,27.9,24.1,9,0.49999999999999994,0.8660254037844387,0.15430882066428117,0.9880226656636976
2021-01-10,24.1,18.5,20.7,0.2,26.26,1,29.5,26.0,25.8,27.9,10,0.49999999999999994,0.8660254037844387,0.1712931441814776,0.9852201067560606
2021-01-11,29.5,15.0,23.0,0.0,26.513333333333335,1,33.4,24.1,26.0,25.8,11,0.49999999999999994,0.8660254037844387,0.1882267098432442,0.9821256058680006
2021-01-12,33.4,18.1,25.5,0.0,26.716666666666665,1,34.0,29.5,24.1,26.0,12,0.49999999999999994,0.8660254037844387,0.2051044998686192,0.9787400799669153
2021-01-13,34.0,20.2,26.7,0.0,27.03666666666667,1,33.9,33.4,29.5,24.1,13,0.49999999999999994,0.8660254037844387,0.2219215130041655,0.9750645322571948
2021-01-14,33.9,17.9,25.5,0.0,27.41,1,26.0,34.0,33.4,29.5,14,0.49999999999999994,0.8660254037844387,0.2386727660059501,0.9711000518829505
2021-01-15,26.0,18.7,21.6,1.7,27.486666666666668,1,25.9,33.9,34.0,33.4,15,0.49999999999999994,0.8660254037844387,0.255353295116187,0.9668478136052775
2021-01-16,25.9,17.4,21.1,1.1,27.54,1,26.4,26.0,33.9,34.0,16,0.49999999999999994,0.8660254037844387,0.2719581575341055,0.9623090774541486
2021-01-17,26.4,16.1,22.0,0.0,27.519999999999996,1,29.6,25.9,26.0,33.9,17,0.49999999999999994,0.8660254037844387,0.288482432880609,0.9574851883550393
2021-01-18,29.6,17.2,22.9,0.0,27.673333333333332,1,24.6,26.4,25.9,26.0,18,0.49999999999999994,0.8660254037844387,0.30492122465628907,0.9523775757303974
2021-01-19,24.6,17.9,20.9,0.0,27.426666666666666,1,29.2,29.6,26.4,25.9,19,0.49999999999999994,0.8660254037844387,0.3212696616923644,0.9469877530760753
2021-01-20,29.2,17.6,22.4,0.0,27.45,1,28.4,24.6,29.6,26.4,20,0.49999999999999994,0.8660254037844387,0.3375228995941133,0.9413173175128471
2021-01-21,28.4,15.4,21.5,0.6,27.393333333333334,1,30.4,29.2,24.6,29.6,21,0.49999999999999994,0.8660254037844387,0.3536761221763716,0.9353679493131483
2021-01-22,30.4,16.8,22.5,0.2,27.59,1,27.9,28.4,29.2,24.6,22,0.49999999999999994,0.8660254037844387,0.3697245428906731,0.9291414114031743
2021-01-23,27.9,18.8,21.7,1.1,27.65,1,23.4,30.4,28.4,29.2,23,0.49999999999999994,0.8660254037844387,0.38566340624360707,0.9226395488404876
2021-01-24,23.4,17.5,20.4,0.0,27.529999999999998,1,29.8,27.9,30.4,28.4,24,0.49999999999999994,0.8660254037844387,0.401487989205973,0.9158642882672872
2021-01-25,29.8,13.7,21.8,0.0,27.64,1,23.9,23.4,27.9,30.4,25,0.49999999999999994,0.8660254037844387,0.4171936026123168,0.9088176373395029
2021-01-26,23.9,18.4,20.9,0.0,27.69333333333333,1,24.2,29.8,23.4,27.9,26,0.49999999999999994,0.8660254037844387,0.4327755925504312,0.901501684131884
2021-01-27,24.2,17.9,20.3,0.1,27.57333333333333,1,24.5,23.9,29.8,23.4,27,0.49999999999999994,0.8660254037844387,0.4482293417404106,0.893918596519257
2021-01-28,24.5,16.5,20.2,0.0,27.58,1,25.7,24.2,23.9,29.8,28,0.49999999999999994,0.8660254037844387,0.4635502709028509,0.886070621534138
2021-01-29,25.7,14.6,20.2,0.0,27.543333333333333,1,27.8,24.5,24.2,23.9,29,0.49999999999999994,0.8660254037844387,0.47873384011578846,0.8779600847008882
2021-01-30,27.8,16.6,22.2,0.0,27.606666666666666,1,24.6,25.7,24.5,24.2,30,0.49999999999999994,0.8660254037844387,0.49377555015997715,0.869589389346611
2021-01-31,24.6,18.8,21.4,4.5,27.666666666666668,1,27.8,27.8,25.7,24.5,31,0.49999999999999994,0.8660254037844387,0.5086709438521044,0.8609610158889943
2021-02-01,27.8,17.3,21.3,0.0,27.493333333333336,2,31.1,24.6,27.8,25.7,32,0.8660254037844386,0.5000000000000001,0.5234156073655503,0.8520775211013093
2021-02-02,31.1,15.1,22.6,0.0,27.490000000000002,2,24.8,27.8,24.6,27.8,33,0.8660254037844386,0.5000000000000001,0.5380051715382996,0.8429415373547828
2021-02-03,24.8,18.7,21.2,0.0,27.296666666666667,2,25.3,31.1,27.8,24.6,34,0.8660254037844386,0.5000000000000001,0.5524353131676196,0.8335557718385699
2021-02-04,25.3,18.7,21.5,0.0,27.333333333333332,2,26.6,24.8,31.1,27.8,35,0.8660254037844386,0.5000000000000001,0.5667017562911176,0.8239230057575542
2021-02-05,26.6,16.4,21.6,0.0,27.416666666666668,2,26.9,25.3,24.8,31.1,36,0.8660254037844386,0.5000000000000001,0.5808002734538009,0.8140460935082178
2021-02-06,26.9,18.1,21.9,0.0,27.383333333333333,2,23.7,26.6,25.3,24.8,37,0.8660254037844386,0.5000000000000001,0.5947266869607634,0.8039279618328213
2021-02-07,23.7,18.7,20.9,0.1,27.313333333333333,2,25.5,26.9,26.6,25.3,38,0.8660254037844386,0.5000000000000001,0.6084768701151261,0.7935716089521474
2021-02-08,25.5,17.1,21.3,0.0,27.296666666666667,2,25.5,23.7,26.9,26.6,39,0.8660254037844386,0.5000000000000001,0.6220467484408675,0.7829801036770629
2021-02-09,25.5,19.4,22.0,0.0,27.34333333333333,2,27.3,25.5,23.7,26.9,40,0.8660254037844386,0.5000000000000001,0.6354323008901774,0.7721565844991642
2021-02-10,27.3,18.6,22.9,0.0,27.269999999999996,2,27.1,25.5,25.5,23.7,41,0.8660254037844386,0.5000000000000001,0.6486295610349814,0.7611042586607747
2021-02-11,27.1,16.7,22.5,0.0,27.06,2,25.6,27.3,25.5,25.5,42,0.8660254037844386,0.5000000000000001,0.6616346182422783,0.7498264012045686
2021-02-12,25.6,20.5,22.4,0.0,26.779999999999998,2,29.8,27.1,27.3,25.5,43,0.8660254037844386,0.5000000000000001,0.6744436188329455,0.7383263540031065
2021-02-13,29.8,17.6,23.5,0.0,26.64333333333333,2,25.0,25.6,27.1,27.3,44,0.8660254037844386,0.5000000000000001,0.6870527672236669,0.7266075247685656
2021-02-14,25.0,18.4,21.3,6.6,26.61,2,22.3,29.8,25.6,27.1,45,0.8660254037844386,0.5000000000000001,0.699458327051647,0.7146733860429609
2021-02-15,22.3,15.4,19.4,0.0,26.490000000000002,2,27.9,25.0,29.8,25.6,46,0.8660254037844386,0.5000000000000001,0.7116566222817746,0.7025274741691571
2021-02-16,27.9,16.3,21.8,0.0,26.540000000000003,2,29.4,22.3,25.0,29.8,47,0.8660254037844386,0.5000000000000001,0.7236440382959124,0.6901733882429719
2021-02-17,29.4,13.3,21.1,0.2,26.533333333333335,2,23.7,27.9,22.3,25.0,48,0.8660254037844386,0.5000000000000001,0.7354170229639855,0.6776147890466889
2021-02-18,23.7,14.6,19.4,0.2,26.503333333333334,2,23.8,29.4,27.9,22.3,49,0.8660254037844386,0.5000000000000001,0.7469720876965552,0.6648553979642865
2021-02-19,23.8,16.2,20.0,0.0,26.32333333333333,2,24.5,23.7,29.4,27.9,50,0.8660254037844386,0.5000000000000001,0.7583058084785624,0.6518989958787126
2021-02-20,24.5,17.7,20.6,0.2,26.19333333333333,2,22.7,23.8,23.7,29.4,51,0.8660254037844386,0.5000000000000001,0.7694148268839378,0.6387494220515272
2021-02-21,22.7,14.9,18.6,1.4,25.936666666666667,2,25.0,24.5,23.8,23.7,52,0.8660254037844386,0.5000000000000001,0.7802958510707755,0.6254105729852463
2021-02-22,25.0,13.0,18.7,0.0,25.84,2,25.2,22.7,24.5,23.8,53,0.8660254037844386,0.5000000000000001,0.7909456567567772,0.6118864012687243
2021-02-23,25.2,16.5,20.5,0.0,25.9,2,24.8,25.0,22.7,24.5,54,0.8660254037844386,0.5000000000000001,0.8013610881746766,0.5981809144059165
2021-02-24,24.8,18.6,20.8,0.0,25.733333333333334,2,25.3,25.2,25.0,22.7,55,0.8660254037844386,0.5000000000000001,0.8115390590073611,0.5842981736283684
2021-02-25,25.3,18.2,21.1,0.0,25.779999999999998,2,29.0,24.8,25.2,25.0,56,0.8660254037844386,0.5000000000000001,0.8214765533024142,0.5702422926917871
2021-02-26,29.0,18.5,22.8,0.0,25.94,2,33.1,25.3,24.8,25.2,57,0.8660254037844386,0.5000000000000001,0.8311706263658079,0.5560174366570446
2021-02-27,33.1,15.4,24.2,0.0,26.22666666666667,2,36.9,29.0,25.3,24.8,58,0.8660254037844386,0.5000000000000001,0.8406184056344782,0.5416278206559814
2021-02-28,36.9,17.7,27.7,0.0,26.6,2,34.8,33.1,29.0,25.3,59,0.8660254037844386,0.5000000000000001,0.8498170915275278,0.5270777086423722
2021-03-01,34.8,18.7,26.2,0.0,26.833333333333332,3,28.0,36.9,33.1,29.0,60,1.0,6.123233995736766e-17,0.8587639582758029,0.5123714121284237
2021-03-02,28.0,18.0,22.2,0.0,26.94666666666667,3,27.4,34.8,36.9,33.1,61,1.0,6.123233995736766e-17,0.8674563547295969,0.49751328890718066
2021-03-03,27.4,17.3,21.5,1.7,26.933333333333334,3,22.0,28.0,34.8,36.9,62,1.0,6.123233995736766e-17,0.8758917051442429,0.48250774176121847
2021-03-04,22.0,18.3,19.7,0.7,26.630000000000003,3,27.3,27.4,28.0,34.8,63,1.0,6.123233995736766e-17,0.8840675099433636,0.4673592171580022
2021-03-05,27.3,15.0,21.2,0.0,26.71333333333333,3,26.7,22.0,27.4,28.0,64,1.0,6.123233995736766e-17,0.8919813464595485,0.45207220393230435
2021-03-06,26.7,16.2,20.8,0.5,26.76,3,19.9,27.3,22.0,27.4,65,1.0,6.123233995736766e-17,0.8996308696522433,0.43665123195606403
2021-03-07,19.9,16.4,18.0,2.5,26.53666666666667,3,21.7,26.7,27.3,22.0,66,1.0,6.123233995736766e-17,0.9070138128026359,0.4211008707960896
2021-03-08,21.7,14.4,18.3,0.0,26.363333333333333,3,22.4,19.9,26.7,27.3,67,1.0,6.123233995736766e-17,0.9141279881853337,0.40542572835999735
2021-03-09,22.4,12.7,18.1,4.2,26.32,3,22.2,21.7,19.9,26.7,68,1.0,6.123233995736766e-17,0.9209712877166346,0.38963044953078796
2021-03-10,22.2,18.3,19.5,26.3,26.209999999999997,3,23.8,22.4,21.7,19.9,69,1.0,6.123233995736766e-17,0.9275416835791966,0.37371971479046906
2021-03-11,23.8,16.6,19.7,1.2,26.153333333333332,3,27.7,22.2,22.4,21.7,70,1.0,6.123233995736766e-17,0.9338372288229252,0.35769823883312546
2021-03-12,27.7,15.2,19.9,0.0,26.166666666666668,3,25.5,23.8,22.2,22.4,71,1.0,6.123233995736766e-17,0.9398560579418954,0.3415707691678556
2021-03-13,25.5,15.2,20.1,0.0,26.113333333333333,3,22.9,27.7,23.8,22.2,72,1.0,6.123233995736766e-17,0.9455963874271426,0.3253420847119801
2021-03-14,22.9,18.7,20.2,0.4,26.02333333333333,3,21.1,25.5,27.7,23.8,73,1.0,6.123233995736766e-17,0.9510565162951535,0.30901699437494745
2021-03-15,21.1,16.9,18.5,5.6,25.733333333333334,3,23.6,22.9,25.5,27.7,74,1.0,6.123233995736766e-17,0.9562348265919056,0.29260033563334836
2021-03-16,23.6,16.9,19.5,0.0,25.686666666666667,3,26.6,21.1,22.9,25.5,75,1.0,6.123233995736766e-17,0.9611297838723007,0.27609697309746883
2021-03-17,26.6,14.7,20.4,0.0,25.83,3,23.6,23.6,21.1,22.9,76,1.0,6.123233995736766e-17,0.9657399376548549,0.2595117970697999
2021-03-18,23.6,15.5,19.2,0.1,25.686666666666667,3,23.3,26.6,23.6,21.1,77,1.0,6.123233995736766e-17,0.9700639218515071,0.2428497220959356
2021-03-19,23.3,15.7,19.3,0.5,25.483333333333334,3,21.1,23.6,26.6,23.6,78,1.0,6.123233995736766e-17,0.9741004551724205,0.22611568550828828
2021-03-20,21.1,17.5,18.9,0.0,25.396666666666665,3,27.0,23.3,23.6,26.6,79,1.0,6.123233995736766e-17,0.9778483415056568,0.20931464596304847
2021-03-21,27.0,16.0,20.3,0.0,25.503333333333334,3,30.7,21.1,23.3,23.6,80,1.0,6.123233995736766e-17,0.9813064702716093,0.19245158197082998
2021-03-22,30.7,14.3,21.5,0.0,25.709999999999997,3,34.8,27.0,21.1,23.3,81,1.0,6.123233995736766e-17,0.9844738167520922,0.1755314904214282
2021-03-23,34.8,15.7,23.7,0.0,26.113333333333333,3,31.3,30.7,27.0,21.1,82,1.0,6.123233995736766e-17,0.9873494423939864,0.15855938510313475
2021-03-24,31.3,17.7,24.0,0.0,26.32333333333333,3,31.6,34.8,30.7,27.0,83,1.0,6.123233995736766e-17,0.989932495087353,0.141540295217043
2021-03-25,31.6,17.0,23.5,0.0,26.53666666666667,3,23.9,31.3,34.8,30.7,84,1.0,6.123233995736766e-17,0.9922222094179323,0.12447926388678915
2021-03-26,23.9,17.6,20.0,0.3,26.506666666666664,3,20.5,31.6,31.3,34.8,85,1.0,6.123233995736766e-17,0.994217906893952,0.10738134666416309
2021-03-27,20.5,15.0,18.2,1.8,26.346666666666668,3,25.4,23.9,31.6,31.3,86,1.0,6.123233995736766e-17,0.995918996147179,0.09025161003104117
2021-03-28,25.4,11.9,19.2,0.0,26.226666666666667,3,31.3,20.5,23.9,31.6,87,1.0,6.123233995736766e-17,0.9973249731081555,0.07309512989807777
2021-03-29,31.3,14.3,21.3,0.0,26.166666666666668,3,24.1,25.4,20.5,23.9,88,1.0,6.123233995736766e-17,0.9984354211555643,0.055916990100603484
2021-03-30,24.1,14.3,18.1,0.0,25.740000000000002,3,21.0,31.3,25.4,20.5,89,1.0,6.123233995736766e-17,0.9992500112396835,0.03872228089217446
2021-03-31,21.0,15.3,17.8,3.0,25.280000000000005,3,22.3,24.1,31.3,25.4,90,1.0,6.123233995736766e-17,0.9997685019798909,0.021516097436222254
2021-04-01,22.3,15.5,17.9,0.0,25.09,4,22.5,21.0,24.1,31.3,91,0.8660254037844387,-0.4999999999999998,0.9999907397361901,0.004303538296244289
2021-04-02,22.5,14.8,18.0,0.2,24.926666666666666,4,27.1,22.3,21.0,24.1,92,0.8660254037844387,-0.4999999999999998,0.9999166586547379,-0.01291029607500882
2021-04-03,27.1,12.5,19.4,0.0,25.096666666666668,4,24.0,22.5,22.3,21.0,93,0.8660254037844387,-0.4999999999999998,0.9995462806873573,-0.030120304846908114
2021-04-04,24.0,16.1,19.6,0.2,24.986666666666668,4,22.1,27.1,22.5,22.3,94,0.8660254037844387,-0.4999999999999998,0.9988797155850336,-0.04732138832243185
2021-04-05,22.1,17.6,19.4,0.0,24.833333333333332,4,25.7,24.0,27.1,22.5,95,0.8660254037844387,-0.4999999999999998,0.9979171608653922,-0.06450844944931623
2021-04-06,25.7,14.1,19.8,0.0,25.026666666666664,4,24.6,22.1,24.0,27.1,96,0.8660254037844387,-0.4999999999999998,0.9966589017541702,-0.08167639533042241
2021-04-07,24.6,13.4,18.1,0.0,25.123333333333335,4,22.1,25.7,22.1,24.0,97,0.8660254037844387,-0.4999999999999998,0.9951053111006976,-0.09882013873287143
2021-04-08,22.1,15.2,18.0,0.0,25.113333333333333,4,25.7,24.6,25.7,22.1,98,0.8660254037844387,-0.4999999999999998,0.9932568492674143,-0.11593459959550041
2021-04-09,25.7,16.2,19.6,0.0,25.230000000000004,4,27.1,22.1,24.6,25.7,99,0.8660254037844387,-0.4999999999999998,0.9911140639934547,-0.1330147065341959
2021-04-10,27.1,14.0,18.5,0.0,25.339999999999996,4,23.0,25.7,22.1,24.6,100,0.8660254037844387,-0.4999999999999998,0.9886775902323405,-0.1500553983446526
2021-04-11,23.0,16.4,18.8,0.0,25.183333333333334,4,23.4,27.1,25.7,22.1,101,0.8660254037844387,-0.4999999999999998,0.9859481499638304,-0.16705162550211924
2021-04-12,23.4,12.6,17.9,0.0,25.113333333333337,4,29.4,23.0,27.1,25.7,102,0.8660254037844387,-0.4999999999999998,0.9829265519799822,-0.18399835165768005
2021-04-13,29.4,12.3,18.9,0.0,25.330000000000002,4,25.0,23.4,23.0,27.1,103,0.8660254037844387,-0.4999999999999998,0.9796136916454901,-0.20089055513063506
2021-04-14,25.0,16.0,19.4,0.0,25.46,4,25.6,29.4,23.4,23.0,104,0.8660254037844387,-0.4999999999999998,0.9760105506323683,-0.21772323039653177
2021-04-15,25.6,15.8,19.9,0.0,25.526666666666667,4,28.5,25.0,29.4,23.4,105,0.8660254037844387,-0.4999999999999998,0.9721181966290613,-0.23449138957040985
2021-04-16,28.5,15.7,21.4,0.0,25.59,4,28.3,25.6,25.0,29.4,106,0.8660254037844387,-0.4999999999999998,0.9679377830240642,-0.25119006388481935
2021-04-17,28.3,15.0,19.8,0.0,25.746666666666666,4,37.4,28.5,25.6,25.0,107,0.8660254037844387,-0.4999999999999998,0.9634705485641488,-0.2678143051621742
2021-04-18,37.4,13.6,23.0,0.0,26.216666666666665,4,25.5,28.3,28.5,25.6,108,0.8660254037844387,-0.4999999999999998,0.9587178169872964,-0.2843591872810034
2021-04-19,25.5,16.5,19.9,0.3,26.363333333333333,4,25.5,37.4,28.3,28.5,109,0.8660254037844387,-0.4999999999999998,0.9536809966304457,-0.30081980763566735
2021-04-20,25.5,12.8,18.6,0.0,26.313333333333333,4,26.1,25.5,37.4,28.3,110,0.8660254037844387,-0.4999999999999998,0.9483615800121715,-0.3171912885891061
2021-04-21,26.1,12.9,19.1,0.0,26.160000000000004,4,26.3,25.5,25.5,37.4,111,0.8660254037844387,-0.4999999999999998,0.9427611433904207,-0.3334687789181868
2021-04-22,26.3,13.4,18.8,0.0,25.876666666666665,4,23.7,26.1,25.5,25.5,112,0.8660254037844387,-0.4999999999999998,0.9368813462954315,-0.3496474552512284
2021-04-23,23.7,12.7,16.5,0.0,25.623333333333335,4,23.0,26.3,26.1,25.5,113,0.8660254037844387,-0.4999999999999998,0.9307239310379795,-0.36572252349726897
2021-04-24,23.0,12.7,17.7,0.0,25.336666666666666,4,28.0,23.7,26.3,26.1,114,0.8660254037844387,-0.4999999999999998,0.9242907221930933,-0.3816892202666588
2021-04-25,28.0,14.4,18.6,0.0,25.473333333333336,4,24.5,23.0,23.7,26.3,115,0.8660254037844387,-0.4999999999999998,0.9175836260593937,-0.39754281428255595
2021-04-26,24.5,15.4,18.6,0.7,25.60666666666667,4,20.7,28.0,23.0,23.7,116,0.8660254037844387,-0.4999999999999998,0.9106046300942162,-0.4132786077829042
2021-04-27,20.7,14.1,17.3,1.6,25.450000000000003,4,19.2,24.5,28.0,23.0,117,0.8660254037844387,-0.4999999999999998,0.9033558023246845,-0.4288919379124835
2021-04-28,19.2,12.8,15.6,0.0,25.046666666666667,4,19.4,20.7,24.5,28.0,118,0.8660254037844387,-0.4999999999999998,0.895839290734909,-0.4443781781046132
2021-04-29,19.4,12.5,15.5,1.4,24.889999999999997,4,18.7,19.2,20.7,24.5,119,0.8660254037844387,-0.4999999999999998,0.8880573226294932,-0.45973273945210397
2021-04-30,18.7,14.0,15.9,0.1,24.813333333333333,4,21.6,19.4,19.2,20.7,120,0.8660254037844387,-0.4999999999999998,0.8800122039735357,-0.47495107206704995
2021-05-01,21.6,9.7,15.0,0.0,24.790000000000003,5,25.6,18.7,19.4,19.2,121,0.49999999999999994,-0.8660254037844387,0.8717063187093218,-0.4900286664290592
2021-05-02,25.6,8.6,17.5,0.0,24.893333333333334,5,33.2,21.6,18.7,19.4,122,0.49999999999999994,-0.8660254037844387,0.8631421280499114,-0.5049610547215204
2021-05-03,33.2,10.6,20.8,0.0,25.096666666666668,5,26.2,25.6,21.6,18.7,123,0.49999999999999994,-0.8660254037844387,0.854322169749827,-0.5197438121555155
2021-05-04,26.2,14.3,19.0,0.0,25.17,5,20.2,33.2,25.6,21.6,124,0.49999999999999994,-0.8660254037844387,0.8452490573530633,-0.5343725582809786
2021-05-05,20.2,13.9,16.0,14.2,25.106666666666666,5,17.8,26.2,33.2,25.6,125,0.49999999999999994,-0.8660254037844387,0.8359254794186372,-0.548842958284719
2021-05-06,17.8,14.7,15.8,17.4,24.843333333333337,5,18.0,20.2,26.2,33.2,126,0.49999999999999994,-0.8660254037844387,0.8263541987239096,-0.5631507242749186
2021-05-07,18.0,13.3,16.0,3.4,24.623333333333335,5,18.9,17.8,20.2,26.2,127,0.49999999999999994,-0.8660254037844387,0.8165380514459161,-0.5772916165517272
2021-05-08,18.9,12.9,15.6,0.9,24.516666666666666,5,20.8,18.0,17.8,20.2,128,0.49999999999999994,-0.8660254037844387,0.8064799463209448,-0.5912614448635781
2021-05-09,20.8,11.4,15.8,0.0,24.35333333333333,5,20.5,18.9,18.0,17.8,129,0.49999999999999994,-0.8660254037844387,0.7961828637826158,-0.6050560696488488
2021-05-10,20.5,13.8,16.4,0.0,24.133333333333333,5,19.3,20.8,18.9,18.0,130,0.49999999999999994,-0.8660254037844387,0.7856498550787147,-0.6186714032625031
2021-05-11,19.3,12.1,15.3,0.0,24.01,5,19.1,20.5,20.8,18.9,131,0.49999999999999994,-0.8660254037844387,0.7748840413670407,-0.6321034111873487
2021-05-12,19.1,11.3,15.0,0.0,23.866666666666667,5,21.2,19.3,20.5,20.8,132,0.49999999999999994,-0.8660254037844387,0.7638886127905428,-0.6453481132295501
2021-05-13,21.2,9.8,15.0,0.0,23.59333333333333,5,22.6,19.1,19.3,20.5,133,0.49999999999999994,-0.8660254037844387,0.7526668275320085,-0.6584015846980488
2021-05-14,22.6,10.6,16.8,1.6,23.513333333333332,5,17.6,21.2,19.1,19.3,134,0.49999999999999994,-0.8660254037844387,0.7412220108485958,-0.6712599575675313
2021-05-15,17.6,14.4,16.1,27.2,23.246666666666666,5,17.8,22.6,21.2,19.1,135,0.49999999999999994,-0.8660254037844387,0.7295575540864875,-0.6839194216246106
2021-05-16,17.8,9.1,13.8,0.3,22.889999999999997,5,18.1,17.6,22.6,21.2,136,0.49999999999999994,-0.8660254037844387,0.717676913675962,-0.6963762255968722
2021-05-17,18.1,8.6,12.9,0.0,22.55,5,22.8,17.8,17.6,22.6,137,0.49999999999999994,-0.8660254037844387,0.705583610107178,-0.7086266782644596
2021-05-18,22.8,6.7,13.5,0.0,22.063333333333333,5,19.7,18.1,17.8,17.6,138,0.49999999999999994,-0.8660254037844387,0.6932812268869777,-0.7206671495538609
2021-05-19,19.7,9.3,14.1,3.4,21.87,5,16.6,22.8,18.1,17.8,139,0.49999999999999994,-0.8660254037844387,0.6807734094770161,-0.7324940716135789
2021-05-20,16.6,14.1,14.9,27.2,21.573333333333334,5,16.7,19.7,22.8,18.1,140,0.49999999999999994,-0.8660254037844387,0.6680638642135335,-0.7441039398713607
2021-05-21,16.7,9.6,13.8,4.7,21.259999999999998,5,16.5,16.6,19.7,22.8,141,0.49999999999999994,-0.8660254037844387,0.6551563572090853,-0.7554933140726803
2021-05-22,16.5,5.8,11.0,0.0,20.933333333333334,5,24.3,16.7,16.6,19.7,142,0.49999999999999994,-0.8660254037844387,0.6420547132365637,-0.766658819300159
2021-05-23,24.3,5.8,15.4,0.0,20.953333333333333,5,19.6,16.5,16.7,16.6,143,0.49999999999999994,-0.8660254037844387,0.6287628145958344,-0.7775971469736269
2021-05-24,19.6,14.1,16.8,1.8,20.84,5,19.0,24.3,16.5,16.7,144,0.49999999999999994,-0.8660254037844387,0.6152845999633276,-0.7883050558305255
2021-05-25,19.0,11.6,15.1,1.9,20.540000000000003,5,19.4,19.6,24.3,16.5,145,0.49999999999999994,-0.8660254037844387,0.6016240632249226,-0.7987793728863649
2021-05-26,19.4,11.1,14.1,0.0,20.37,5,18.1,19.0,19.6,24.3,146,0.49999999999999994,-0.8660254037844387,0.5877852522924732,-0.8090169943749473
2021-05-27,18.1,10.4,14.0,1.1,20.283333333333335,5,18.1,19.4,19.0,19.6,147,0.49999999999999994,-0.8660254037844387,0.5737722679043246,-0.8190148866680801
2021-05-28,18.1,14.2,15.5,8.5,20.246666666666666,5,18.9,18.1,19.4,19.0,148,0.49999999999999994,-0.8660254037844387,0.5595892624101765,-0.8287700871745038
2021-05-29,18.9,11.8,15.2,2.3,20.230000000000004,5,19.1,18.1,18.1,19.4,149,0.49999999999999994,-0.8660254037844387,0.545240438540651,-0.8382797052177744
2021-05-30,19.1,8.8,13.2,0.0,20.243333333333332,5,17.5,18.9,18.1,18.1,150,0.49999999999999994,-0.8660254037844387,0.5307300481619334,-0.8475409228928311
2021-05-31,17.5,9.6,13.0,5.2,20.106666666666666,5,17.1,19.1,18.9,18.1,151,0.49999999999999994,-0.8660254037844387,0.5160623910158528,-0.8565509959010036
2021-06-01,17.1,10.3,13.2,0.2,19.82333333333333,6,19.2,17.5,19.1,18.9,152,1.2246467991473532e-16,-1.0,0.5012418134457758,-0.865307254363206
2021-06-02,19.2,10.0,14.8,0.0,19.35666666666667,6,19.6,17.1,17.5,19.1,153,1.2246467991473532e-16,-1.0,0.48627270710868997,-0.8738071036110808
2021-06-03,19.6,9.9,14.8,0.0,19.136666666666667,6,18.7,19.2,17.1,17.5,154,1.2246467991473532e-16,-1.0,0.4711595076738638,-0.8820480249558537
2021-06-04,18.7,6.1,12.6,0.0,19.086666666666666,6,19.7,19.6,19.2,17.1,155,1.2246467991473532e-16,-1.0,0.4559066935084588,-0.8900275764346767
2021-06-05,19.7,3.4,11.9,0.0,19.15,6,25.5,18.7,19.6,19.2,156,1.2246467991473532e-16,-1.0,0.440518784350495,-0.8977433935342337
2021-06-06,25.5,6.4,16.5,0.0,19.4,6,26.3,19.7,18.7,19.6,157,1.2246467991473532e-16,-1.0,0.42500033996955416,-0.9051931898913974
2021-06-07,26.3,16.5,20.7,0.0,19.646666666666665,6,22.2,25.5,19.7,18.7,158,1.2246467991473532e-16,-1.0,0.4093559588156213,-0.9123747579707273
2021-06-08,22.2,12.9,17.7,2.9,19.693333333333335,6,19.8,26.3,25.5,19.7,159,1.2246467991473532e-16,-1.0,0.39359027665646673,-0.9192859697186104
2021-06-09,19.8,11.9,15.3,0.0,19.67,6,18.1,22.2,26.3,25.5,160,1.2246467991473532e-16,-1.0,0.3777079652039649,-0.9259247771938498
2021-06-10,18.1,11.8,14.8,0.0,19.63,6,24.7,19.8,22.2,26.3,161,1.2246467991473532e-16,-1.0,0.36171373072976765,-0.9322892131745133
2021-06-11,24.7,8.5,15.3,0.0,19.816666666666666,6,19.7,18.1,19.8,22.2,162,1.2246467991473532e-16,-1.0,0.3456123126707335,-0.9383773917408641
2021-06-12,19.7,9.6,13.4,0.0,19.766666666666666,6,17.4,24.7,18.1,19.8,163,1.2246467991473532e-16,-1.0,0.3294084822245304,-0.9441875088341993
2021-06-13,17.4,9.7,12.7,0.1,19.59333333333333,6,18.8,19.7,24.7,18.1,164,1.2246467991473532e-16,-1.0,0.3131070409358269,-0.9497178427914316
2021-06-14,18.8,7.5,12.2,0.0,19.633333333333333,6,18.8,17.4,19.7,24.7,165,1.2246467991473532e-16,-1.0,0.29671281927349075,-0.9549667548552551
2021-06-15,18.8,9.3,13.7,0.2,19.666666666666668,6,18.1,18.8,17.4,19.7,166,1.2246467991473532e-16,-1.0,0.28023067519921585,-0.9599326896597447
2021-06-16,18.1,13.1,15.1,0.2,19.666666666666668,6,16.6,18.8,18.8,17.4,167,1.2246467991473532e-16,-1.0,0.26366549272800704,-0.9646141756912435
2021-06-17,16.6,11.8,14.2,2.3,19.46,6,18.7,18.1,18.8,18.8,168,1.2246467991473532e-16,-1.0,0.24702218048093552,-0.9690098257244062
2021-06-18,18.7,9.7,14.0,0.0,19.426666666666666,6,23.4,16.6,18.1,18.8,169,1.2246467991473532e-16,-1.0,0.23030567023061221,-0.9731183372332619
2021-06-19,23.4,6.1,14.6,0.0,19.653333333333332,6,27.5,18.7,16.6,18.1,170,1.2246467991473532e-16,-1.0,0.21352091543979612,-0.9769384927771817
2021-06-20,27.5,14.2,19.5,0.0,20.013333333333335,6,24.9,23.4,18.7,16.6,171,1.2246467991473532e-16,-1.0,0.19667288979357647,-0.980469160361632
2021-06-21,24.9,16.2,19.9,0.0,20.293333333333337,6,17.3,27.5,23.4,18.7,172,1.2246467991473532e-16,-1.0,0.1797665857255624,-0.9837092937736097
2021-06-22,17.3,14.2,16.0,6.0,20.06,6,15.1,24.9,27.5,23.4,173,1.2246467991473532e-16,-1.0,0.16280701293851715,-0.986657932891657
2021-06-23,15.1,11.0,13.6,4.0,19.91,6,15.8,17.3,24.9,27.5,174,1.2246467991473532e-16,-1.0,0.1457991969198751,-0.9893142039703663
2021-06-24,15.8,6.1,11.9,0.0,19.80333333333333,6,16.1,15.1,17.3,24.9,175,1.2246467991473532e-16,-1.0,0.12874817745258132,-0.99167731989929
2021-06-25,16.1,5.4,12.1,9.9,19.69333333333333,6,16.4,15.8,15.1,17.3,176,1.2246467991473532e-16,-1.0,0.11165900712169512,-0.993746580436178
2021-06-26,16.4,11.6,13.8,0.9,19.636666666666663,6,17.5,16.1,15.8,15.1,177,1.2246467991473532e-16,-1.0,0.09453674981719912,-0.9955213724144752
2021-06-27,17.5,10.0,13.1,0.0,19.616666666666667,6,14.2,16.4,16.1,15.8,178,1.2246467991473532e-16,-1.0,0.07738647923346301,-0.9970011699250151
2021-06-28,14.2,10.4,12.6,40.7,19.459999999999997,6,14.7,17.5,16.4,16.1,179,1.2246467991473532e-16,-1.0,0.06021327736579302,-0.9981855344718586
2021-06-29,14.7,9.4,11.8,36.8,19.313333333333336,6,15.7,14.2,17.5,16.4,180,1.2246467991473532e-16,-1.0,0.04302223300453059,-0.99907411510223
2021-06-30,15.7,11.3,13.5,21.5,19.253333333333334,6,16.9,14.7,14.2,17.5,181,1.2246467991473532e-16,-1.0,0.02581844022713308,-0.9996666485105112
2021-07-01,16.9,12.9,14.5,8.1,19.246666666666666,7,18.4,15.7,14.7,14.2,182,-0.4999999999999997,-0.8660254037844388,0.008606996888688698,-0.9999629591162655
2021-07-02,18.4,13.0,14.7,0.0,19.220000000000002,7,16.3,16.9,15.7,14.7,183,-0.4999999999999997,-0.8660254037844388,-0.008606996888688009,-0.9999629591162655
2021-07-03,16.3,11.9,14.3,10.3,19.11,7,15.5,18.4,16.9,15.7,184,-0.4999999999999997,-0.8660254037844388,-0.02581844022713239,-0.9996666485105112
2021-07-04,15.5,8.9,12.0,0.6,19.003333333333334,7,16.2,16.3,18.4,16.9,185,-0.4999999999999997,-0.8660254037844388,-0.04302223300453034,-0.99907411510223
2021-07-05,16.2,7.3,11.3,0.0,18.886666666666667,7,14.6,15.5,16.3,18.4,186,-0.4999999999999997,-0.8660254037844388,-0.060213277365792774,-0.9981855344718586
2021-07-06,14.6,6.9,10.8,0.0,18.52333333333333,7,18.2,16.2,15.5,16.3,187,-0.4999999999999997,-0.8660254037844388,-0.07738647923346322,-0.9970011699250151
2021-07-07,18.2,4.4,11.4,0.0,18.253333333333334,7,15.1,14.6,16.2,15.5,188,-0.4999999999999997,-0.8660254037844388,-0.09453674981719933,-0.9955213724144752
2021-07-08,15.1,8.1,10.9,20.3,18.016666666666666,7,15.9,18.2,14.6,16.2,189,-0.4999999999999997,-0.8660254037844388,-0.11165900712169444,-0.9937465804361781
2021-07-09,15.9,8.1,11.5,0.0,17.886666666666667,7,16.8,15.1,18.2,14.6,190,-0.4999999999999997,-0.8660254037844388,-0.12874817745258066,-0.99167731989929
2021-07-10,16.8,8.3,11.6,0.0,17.84333333333333,7,17.3,15.9,15.1,18.2,191,-0.4999999999999997,-0.8660254037844388,-0.14579919691987442,-0.9893142039703664
2021-07-11,17.3,7.8,11.4,0.0,17.596666666666668,7,11.9,16.8,15.9,15.1,192,-0.4999999999999997,-0.8660254037844388,-0.16280701293851646,-0.9866579328916572
2021-07-12,11.9,8.3,10.2,27.3,17.336666666666666,7,13.5,17.3,16.8,15.9,193,-0.4999999999999997,-0.8660254037844388,-0.17976658572556214,-0.9837092937736098
2021-07-13,13.5,7.3,10.0,0.9,17.206666666666667,7,14.8,11.9,17.3,16.8,194,-0.4999999999999997,-0.8660254037844388,-0.19667288979357622,-0.9804691603616321
2021-07-14,14.8,6.2,9.3,0.0,17.07333333333333,7,17.1,13.5,11.9,17.3,195,-0.4999999999999997,-0.8660254037844388,-0.2135209154397959,-0.9769384927771817
2021-07-15,17.1,5.4,9.9,0.0,17.016666666666666,7,18.9,14.8,13.5,11.9,196,-0.4999999999999997,-0.8660254037844388,-0.23030567023061196,-0.973118337233262
2021-07-16,18.9,3.3,10.3,0.0,17.043333333333333,7,17.4,17.1,14.8,13.5,197,-0.4999999999999997,-0.8660254037844388,-0.24702218048093527,-0.9690098257244063
2021-07-17,17.4,6.3,11.7,0.0,17.07,7,23.6,18.9,17.1,14.8,198,-0.4999999999999997,-0.8660254037844388,-0.2636654927280072,-0.9646141756912435
2021-07-18,23.6,5.5,14.2,0.0,17.233333333333334,7,17.7,17.4,18.9,17.1,199,-0.4999999999999997,-0.8660254037844388,-0.2802306751992161,-0.9599326896597445
2021-07-19,17.7,7.6,11.7,6.0,17.043333333333333,7,13.0,23.6,17.4,18.9,200,-0.4999999999999997,-0.8660254037844388,-0.2967128192734901,-0.9549667548552553
2021-07-20,13.0,7.4,10.9,4.5,16.56,7,12.8,17.7,23.6,17.4,201,-0.4999999999999997,-0.8660254037844388,-0.3131070409358267,-0.9497178427914317
2021-07-21,12.8,6.3,9.6,8.1,16.156666666666666,7,12.7,13.0,17.7,23.6,202,-0.4999999999999997,-0.8660254037844388,-0.3294084822245302,-0.9441875088341994
2021-07-22,12.7,5.7,9.4,0.6,16.003333333333334,7,14.1,12.8,13.0,17.7,203,-0.4999999999999997,-0.8660254037844388,-0.3456123126707333,-0.9383773917408642
2021-07-23,14.1,4.3,9.2,0.0,15.97,7,16.8,12.7,12.8,13.0,204,-0.4999999999999997,-0.8660254037844388,-0.3617137307297674,-0.9322892131745134
2021-07-24,16.8,1.3,9.2,0.0,16.003333333333334,7,21.7,14.1,12.7,12.8,205,-0.4999999999999997,-0.8660254037844388,-0.37770796520396466,-0.9259247771938499
2021-07-25,21.7,11.4,15.4,0.0,16.19,7,24.3,16.8,14.1,12.7,206,-0.4999999999999997,-0.8660254037844388,-0.39359027665646645,-0.9192859697186105
2021-07-26,24.3,8.7,15.6,0.0,16.453333333333333,7,17.7,21.7,16.8,14.1,207,-0.4999999999999997,-0.8660254037844388,-0.4093559588156211,-0.9123747579707274
2021-07-27,17.7,10.3,13.5,5.1,16.46,7,15.2,24.3,21.7,16.8,208,-0.4999999999999997,-0.8660254037844388,-0.42500033996955394,-0.9051931898913975
2021-07-28,15.2,8.5,11.9,0.1,16.493333333333332,7,15.8,17.7,24.3,21.7,209,-0.4999999999999997,-0.8660254037844388,-0.4405187843504952,-0.8977433935342336
2021-07-29,15.8,10.1,12.5,7.5,16.53,7,19.2,15.2,17.7,24.3,210,-0.4999999999999997,-0.8660254037844388,-0.455906693508459,-0.8900275764346766
2021-07-30,19.2,7.4,12.2,0.0,16.64666666666667,7,18.8,15.8,15.2,17.7,211,-0.4999999999999997,-0.8660254037844388,-0.47115950767386394,-0.8820480249558535
2021-07-31,18.8,6.2,13.0,0.0,16.71,7,17.5,19.2,15.8,15.2,212,-0.4999999999999997,-0.8660254037844388,-0.4862727071086902,-0.8738071036110807
2021-08-01,17.5,7.9,12.6,0.0,16.68,8,19.3,18.8,19.2,15.8,213,-0.8660254037844385,-0.5000000000000004,-0.5012418134457756,-0.8653072543632061
2021-08-02,19.3,9.7,14.3,0.0,16.779999999999998,8,20.3,17.5,18.8,19.2,214,-0.8660254037844385,-0.5000000000000004,-0.5160623910158526,-0.8565509959010037
2021-08-03,20.3,7.1,12.7,0.0,16.94,8,17.1,19.3,17.5,18.8,215,-0.8660254037844385,-0.5000000000000004,-0.5307300481619331,-0.8475409228928312
2021-08-04,17.1,9.4,13.3,0.0,16.970000000000002,8,18.3,20.3,19.3,17.5,216,-0.8660254037844385,-0.5000000000000004,-0.5452404385406507,-0.8382797052177745
2021-08-05,18.3,8.9,13.0,0.0,17.09333333333333,8,19.0,17.1,20.3,19.3,217,-0.8660254037844385,-0.5000000000000004,-0.5595892624101763,-0.828770087174504
2021-08-06,19.0,6.7,12.2,0.0,17.12,8,18.3,18.3,17.1,20.3,218,-0.8660254037844385,-0.5000000000000004,-0.5737722679043243,-0.8190148866680802
2021-08-07,18.3,7.3,11.4,0.0,17.226666666666667,8,16.2,19.0,18.3,17.1,219,-0.8660254037844385,-0.5000000000000004,-0.5877852522924734,-0.8090169943749472
2021-08-08,16.2,5.1,11.7,12.6,17.236666666666668,8,15.0,18.3,19.0,18.3,220,-0.8660254037844385,-0.5000000000000004,-0.6016240632249227,-0.7987793728863648
2021-08-09,15.0,7.7,12.3,4.2,17.176666666666666,8,16.0,16.2,18.3,19.0,221,-0.8660254037844385,-0.5000000000000004,-0.6152845999633277,-0.7883050558305253
2021-08-10,16.0,4.0,10.3,0.0,17.133333333333333,8,16.2,15.0,16.2,18.3,222,-0.8660254037844385,-0.5000000000000004,-0.6287628145958345,-0.7775971469736268
2021-08-11,16.2,6.6,11.8,1.1,17.276666666666664,8,13.8,16.0,15.0,16.2,223,-0.8660254037844385,-0.5000000000000004,-0.6420547132365636,-0.7666588193001592
2021-08-12,13.8,9.4,11.5,3.2,17.28666666666667,8,17.0,16.2,16.0,15.0,224,-0.8660254037844385,-0.5000000000000004,-0.655156357209085,-0.7554933140726804
2021-08-13,17.0,8.8,12.1,0.0,17.36,8,19.0,13.8,16.2,16.0,225,-0.8660254037844385,-0.5000000000000004,-0.6680638642135333,-0.7441039398713608
2021-08-14,19.0,6.1,11.7,0.0,17.423333333333332,8,18.9,17.0,13.8,16.2,226,-0.8660254037844385,-0.5000000000000004,-0.6807734094770159,-0.7324940716135792
2021-08-15,18.9,4.9,11.7,0.0,17.423333333333336,8,25.2,19.0,17.0,13.8,227,-0.8660254037844385,-0.5000000000000004,-0.6932812268869771,-0.7206671495538615
2021-08-16,25.2,7.5,14.9,0.0,17.683333333333334,8,17.3,18.9,19.0,17.0,228,-0.8660254037844385,-0.5000000000000004,-0.7055836101071774,-0.70862667826446
2021-08-17,17.3,12.5,13.9,2.6,17.473333333333336,8,15.4,25.2,18.9,19.0,229,-0.8660254037844385,-0.5000000000000004,-0.7176769136759615,-0.6963762255968726
2021-08-18,15.4,12.0,13.1,9.2,17.396666666666665,8,15.6,17.3,25.2,18.9,230,-0.8660254037844385,-0.5000000000000004,-0.7295575540864876,-0.6839194216246105
2021-08-19,15.6,10.7,12.7,1.3,17.483333333333334,8,16.4,15.4,17.3,25.2,231,-0.8660254037844385,-0.5000000000000004,-0.7412220108485957,-0.6712599575675315
2021-08-20,16.4,4.9,11.3,0.0,17.603333333333335,8,16.1,15.6,15.4,17.3,232,-0.8660254037844385,-0.5000000000000004,-0.7526668275320083,-0.6584015846980489
2021-08-21,16.1,6.4,11.7,0.3,17.716666666666665,8,18.0,16.4,15.6,15.4,233,-0.8660254037844385,-0.5000000000000004,-0.7638886127905429,-0.64534811322955
2021-08-22,18.0,5.1,11.0,0.0,17.84666666666667,8,17.9,16.1,16.4,15.6,234,-0.8660254037844385,-0.5000000000000004,-0.7748840413670406,-0.6321034111873488
2021-08-23,17.9,9.2,13.6,0.0,17.883333333333333,8,17.9,18.0,16.1,16.4,235,-0.8660254037844385,-0.5000000000000004,-0.7856498550787144,-0.6186714032625032
2021-08-24,17.9,10.3,13.6,0.5,17.756666666666668,8,18.9,17.9,18.0,16.1,236,-0.8660254037844385,-0.5000000000000004,-0.7961828637826154,-0.6050560696488494
2021-08-25,18.9,10.7,13.6,0.0,17.576666666666664,8,17.1,17.9,17.9,18.0,237,-0.8660254037844385,-0.5000000000000004,-0.8064799463209447,-0.5912614448635782
2021-08-26,17.1,10.1,13.6,24.5,17.556666666666665,8,13.1,18.9,17.9,17.9,238,-0.8660254037844385,-0.5000000000000004,-0.8165380514459157,-0.5772916165517278
2021-08-27,13.1,7.5,10.0,7.3,17.486666666666668,8,12.7,17.1,18.9,17.9,239,-0.8660254037844385,-0.5000000000000004,-0.8263541987239094,-0.5631507242749187
2021-08-28,12.7,4.9,8.9,6.8,17.383333333333333,8,16.3,13.1,17.1,18.9,240,-0.8660254037844385,-0.5000000000000004,-0.8359254794186365,-0.5488429582847199
2021-08-29,16.3,3.1,9.0,0.0,17.28666666666667,8,15.4,12.7,13.1,17.1,241,-0.8660254037844385,-0.5000000000000004,-0.8452490573530634,-0.5343725582809785
2021-08-30,15.4,7.2,11.5,11.1,17.173333333333332,8,14.0,16.3,12.7,13.1,242,-0.8660254037844385,-0.5000000000000004,-0.8543221697498269,-0.5197438121555157
2021-08-31,14.0,9.1,11.7,1.2,17.056666666666665,8,16.5,15.4,16.3,12.7,243,-0.8660254037844385,-0.5000000000000004,-0.8631421280499115,-0.5049610547215202
2021-09-01,16.5,8.1,11.7,0.0,16.96333333333333,9,20.8,14.0,15.4,16.3,244,-1.0,-1.8369701987210297e-16,-0.8717063187093217,-0.4900286664290594
2021-09-02,20.8,4.4,12.3,0.0,16.98,9,15.3,16.5,14.0,15.4,245,-1.0,-1.8369701987210297e-16,-0.8800122039735356,-0.4749510720670502
2021-09-03,15.3,10.4,12.9,3.4,16.92,9,17.0,20.8,16.5,14.0,246,-1.0,-1.8369701987210297e-16,-0.888057322629493,-0.4597327394521046
2021-09-04,17.0,10.3,12.9,0.0,16.876666666666665,9,16.6,15.3,20.8,16.5,247,-1.0,-1.8369701987210297e-16,-0.8958392907349089,-0.4443781781046134
2021-09-05,16.6,8.6,12.5,8.2,16.796666666666667,9,14.4,17.0,15.3,20.8,248,-1.0,-1.8369701987210297e-16,-0.9033558023246842,-0.4288919379124841
2021-09-06,14.4,8.1,11.5,0.2,16.666666666666668,9,17.2,16.6,17.0,15.3,249,-1.0,-1.8369701987210297e-16,-0.9106046300942162,-0.41327860778290443
2021-09-07,17.2,5.8,12.0,0.0,16.7,9,15.8,14.4,16.6,17.0,250,-1.0,-1.8369701987210297e-16,-0.9175836260593934,-0.3975428142825566
2021-09-08,15.8,7.6,12.6,0.0,16.726666666666667,9,25.2,17.2,14.4,16.6,251,-1.0,-1.8369701987210297e-16,-0.9242907221930934,-0.3816892202666586
2021-09-09,25.2,7.2,16.1,0.0,17.033333333333335,9,18.6,15.8,17.2,14.4,252,-1.0,-1.8369701987210297e-16,-0.9307239310379793,-0.3657225234972692
2021-09-10,18.6,10.9,14.3,0.0,17.113333333333333,9,20.4,25.2,15.8,17.2,253,-1.0,-1.8369701987210297e-16,-0.9368813462954315,-0.34964745525122826
2021-09-11,20.4,9.6,14.2,0.0,17.333333333333332,9,16.8,18.6,25.2,15.8,254,-1.0,-1.8369701987210297e-16,-0.9427611433904206,-0.33346877891818705
2021-09-12,16.8,10.8,14.3,2.6,17.326666666666664,9,16.1,20.4,18.6,25.2,255,-1.0,-1.8369701987210297e-16,-0.9483615800121716,-0.31719128858910595
2021-09-13,16.1,11.0,13.1,0.0,17.23,9,15.5,16.8,20.4,18.6,256,-1.0,-1.8369701987210297e-16,-0.9536809966304455,-0.300819807635668
2021-09-14,15.5,10.8,13.1,0.0,17.116666666666667,9,15.7,16.1,16.8,20.4,257,-1.0,-1.8369701987210297e-16,-0.9587178169872964,-0.2843591872810036
2021-09-15,15.7,7.7,12.6,0.0,16.8,9,16.9,15.5,16.1,16.8,258,-1.0,-1.8369701987210297e-16,-0.9634705485641486,-0.26781430516217486
2021-09-16,16.9,11.2,13.5,0.0,16.78666666666667,9,21.6,15.7,15.5,16.1,259,-1.0,-1.8369701987210297e-16,-0.9679377830240642,-0.25119006388481957
2021-09-17,21.6,11.3,15.3,0.0,16.993333333333332,9,24.6,16.9,15.7,15.5,260,-1.0,-1.8369701987210297e-16,-0.9721181966290612,-0.23449138957041052
2021-09-18,24.6,10.6,16.3,0.0,17.293333333333333,9,18.6,21.6,16.9,15.7,261,-1.0,-1.8369701987210297e-16,-0.9760105506323682,-0.21772323039653224
2021-09-19,18.6,11.6,14.5,1.5,17.366666666666667,9,16.2,24.6,21.6,16.9,262,-1.0,-1.8369701987210297e-16,-0.9796136916454901,-0.20089055513063528
2021-09-20,16.2,11.0,13.7,2.0,17.37,9,19.2,18.6,24.6,21.6,263,-1.0,-1.8369701987210297e-16,-0.9829265519799822,-0.18399835165767986
2021-09-21,19.2,9.2,13.5,0.0,17.41,9,23.7,16.2,18.6,24.6,264,-1.0,-1.8369701987210297e-16,-0.9859481499638303,-0.1670516255021195
2021-09-22,23.7,6.7,15.2,0.0,17.603333333333335,9,20.3,19.2,16.2,18.6,265,-1.0,-1.8369701987210297e-16,-0.9886775902323404,-0.15005539834465262
2021-09-23,20.3,11.6,15.7,0.0,17.683333333333334,9,21.4,23.7,19.2,16.2,266,-1.0,-1.8369701987210297e-16,-0.9911140639934546,-0.13301470653419636
2021-09-24,21.4,9.1,15.6,0.0,17.766666666666666,9,21.2,20.3,23.7,19.2,267,-1.0,-1.8369701987210297e-16,-0.9932568492674143,-0.11593459959550066
2021-09-25,21.2,8.5,14.5,0.0,17.903333333333332,9,20.4,21.4,20.3,23.7,268,-1.0,-1.8369701987210297e-16,-0.9951053111006974,-0.09882013873287211
2021-09-26,20.4,12.9,15.9,0.0,18.146666666666665,9,16.8,21.2,21.4,20.3,269,-1.0,-1.8369701987210297e-16,-0.99665890175417,-0.08167639533042288
2021-09-27,16.8,11.2,14.8,0.8,18.283333333333335,9,18.8,20.4,21.2,21.4,270,-1.0,-1.8369701987210297e-16,-0.9979171608653922,-0.06450844944931625
2021-09-28,18.8,9.1,15.0,0.0,18.366666666666667,9,21.8,16.8,20.4,21.2,271,-1.0,-1.8369701987210297e-16,-0.9988797155850335,-0.04732138832243232
2021-09-29,21.8,13.9,16.9,0.0,18.58,9,23.9,18.8,16.8,20.4,272,-1.0,-1.8369701987210297e-16,-0.9995462806873573,-0.03012030484690836
2021-09-30,23.9,12.8,17.6,0.0,18.91,9,19.5,21.8,18.8,16.8,273,-1.0,-1.8369701987210297e-16,-0.9999166586547379,-0.012910296075008843
2021-10-01,19.5,10.6,15.4,0.1,19.009999999999998,10,15.7,23.9,21.8,18.8,274,-0.8660254037844386,0.5000000000000001,-0.9999907397361901,0.004303538296243821
2021-10-02,15.7,11.0,13.5,4.2,18.84,10,15.6,19.5,23.9,21.8,275,-0.8660254037844386,0.5000000000000001,-0.9997685019798909,0.021516097436222233
2021-10-03,15.6,6.8,11.8,1.3,18.85,10,20.8,15.7,19.5,23.9,276,-0.8660254037844386,0.5000000000000001,-0.9992500112396835,0.03872228089217399
2021-10-04,20.8,9.9,14.8,0.0,18.976666666666667,10,23.2,15.6,15.7,19.5,277,-0.8660254037844386,0.5000000000000001,-0.9984354211555643,0.05591699010060302
2021-10-05,23.2,8.1,16.3,0.0,19.196666666666665,10,27.3,20.8,15.6,15.7,278,-0.8660254037844386,0.5000000000000001,-0.9973249731081555,0.07309512989807776
2021-10-06,27.3,10.5,18.5,0.0,19.626666666666665,10,26.5,23.2,20.8,15.6,279,-0.8660254037844386,0.5000000000000001,-0.9959189961471792,0.0902516100310407
2021-10-07,26.5,11.4,17.9,0.0,19.936666666666667,10,20.6,27.3,23.2,20.8,280,-0.8660254037844386,0.5000000000000001,-0.994217906893952,0.10738134666416306
2021-10-08,20.6,13.4,15.8,0.4,20.096666666666668,10,20.3,26.5,27.3,23.2,281,-0.8660254037844386,0.5000000000000001,-0.9922222094179324,0.12447926388678869
2021-10-09,20.3,12.8,16.2,0.7,19.933333333333334,10,24.0,20.6,26.5,27.3,282,-0.8660254037844386,0.5000000000000001,-0.989932495087353,0.141540295217043
2021-10-10,24.0,9.5,17.1,0.0,20.113333333333333,10,28.8,20.3,20.6,26.5,283,-0.8660254037844386,0.5000000000000001,-0.9873494423939864,0.15855938510313475
2021-10-11,28.8,14.0,19.3,0.0,20.393333333333334,10,21.1,24.0,20.3,20.6,284,-0.8660254037844386,0.5000000000000001,-0.9844738167520923,0.17553149042142777
2021-10-12,21.1,15.3,17.5,0.0,20.53666666666667,10,24.3,28.8,24.0,20.3,285,-0.8660254037844386,0.5000000000000001,-0.9813064702716093,0.19245158197082995
2021-10-13,24.3,11.5,17.9,2.6,20.81,10,19.0,21.1,28.8,24.0,286,-0.8660254037844386,0.5000000000000001,-0.9778483415056567,0.20931464596304888
2021-10-14,19.0,12.4,16.0,6.1,20.926666666666666,10,18.8,24.3,21.1,28.8,287,-0.8660254037844386,0.5000000000000001,-0.9741004551724206,0.22611568550828803
2021-10-15,18.8,11.3,14.4,3.7,21.029999999999998,10,16.7,19.0,24.3,21.1,288,-0.8660254037844386,0.5000000000000001,-0.970063921851507,0.2428497220959358
2021-10-16,16.7,9.0,13.4,2.1,21.023333333333333,10,16.7,18.8,19.0,24.3,289,-0.8660254037844386,0.5000000000000001,-0.965739937654855,0.25951179706979943
2021-10-17,16.7,9.9,13.4,2.9,20.860000000000003,10,18.8,16.7,18.8,19.0,290,-0.8660254037844386,0.5000000000000001,-0.9611297838723007,0.27609697309746883
2021-10-18,18.8,10.6,14.8,0.0,20.666666666666668,10,25.8,16.7,16.7,18.8,291,-0.8660254037844386,0.5000000000000001,-0.9562348265919058,0.2926003356333479
2021-10-19,25.8,9.8,17.7,0.0,20.906666666666663,10,26.2,18.8,16.7,16.7,292,-0.8660254037844386,0.5000000000000001,-0.9510565162951536,0.30901699437494723
2021-10-20,26.2,10.6,19.0,0.0,21.240000000000002,10,23.4,25.8,18.8,16.7,293,-0.8660254037844386,0.5000000000000001,-0.9455963874271428,0.3253420847119795
2021-10-21,23.4,15.1,18.2,0.8,21.38,10,19.9,26.2,25.8,18.8,294,-0.8660254037844386,0.5000000000000001,-0.9398560579418953,0.341570769167856
2021-10-22,19.9,14.4,16.6,5.6,21.25333333333333,10,19.3,23.4,26.2,25.8,295,-0.8660254037844386,0.5000000000000001,-0.9338372288229252,0.35769823883312546
2021-10-23,19.3,13.1,15.8,15.9,21.220000000000002,10,19.1,19.9,23.4,26.2,296,-0.8660254037844386,0.5000000000000001,-0.9275416835791965,0.3737197147904692
2021-10-24,19.1,10.6,15.1,0.0,21.143333333333334,10,24.2,19.3,19.9,23.4,297,-0.8660254037844386,0.5000000000000001,-0.9209712877166347,0.38963044953078774
2021-10-25,24.2,9.9,16.8,0.0,21.243333333333332,10,27.4,19.1,19.3,19.9,298,-0.8660254037844386,0.5000000000000001,-0.9141279881853337,0.4054257283599973
2021-10-26,27.4,12.3,20.3,0.0,21.476666666666667,10,28.1,24.2,19.1,19.3,299,-0.8660254037844386,0.5000000000000001,-0.9070138128026362,0.42110087079608916
2021-10-27,28.1,15.2,21.2,1.4,21.853333333333335,10,22.9,27.4,24.2,19.1,300,-0.8660254037844386,0.5000000000000001,-0.8996308696522434,0.4366512319560638
2021-10-28,22.9,14.3,18.2,0.2,21.99,10,22.5,28.1,27.4,24.2,301,-0.8660254037844386,0.5000000000000001,-0.8919813464595487,0.45207220393230374
2021-10-29,22.5,13.9,17.6,2.2,22.013333333333332,10,21.6,22.9,28.1,27.4,302,-0.8660254037844386,0.5000000000000001,-0.8840675099433637,0.46735921715800205
2021-10-30,21.6,13.5,17.6,0.0,21.936666666666667,10,21.2,22.5,22.9,28.1,303,-0.8660254037844386,0.5000000000000001,-0.8758917051442433,0.48250774176121763
2021-10-31,21.2,12.4,16.9,0.0,21.993333333333336,10,19.3,21.6,22.5,22.9,304,-0.8660254037844386,0.5000000000000001,-0.8674563547295971,0.4975132889071803
2021-11-01,19.3,11.3,15.7,5.0,22.113333333333333,11,20.6,21.2,21.6,22.5,305,-0.5000000000000004,0.8660254037844384,-0.858763958275803,0.5123714121284235
2021-11-02,20.6,10.6,15.4,0.0,22.279999999999998,11,21.0,19.3,21.2,21.6,306,-0.5000000000000004,0.8660254037844384,-0.8498170915275277,0.5270777086423724
2021-11-03,21.0,11.5,16.5,0.0,22.28666666666667,11,22.5,20.6,19.3,21.2,307,-0.5000000000000004,0.8660254037844384,-0.8406184056344783,0.5416278206559811
2021-11-04,22.5,14.6,17.9,0.1,22.263333333333332,11,20.3,21.0,20.6,19.3,308,-0.5000000000000004,0.8660254037844384,-0.8311706263658079,0.5560174366570446
2021-11-05,20.3,12.5,16.2,0.2,22.029999999999998,11,19.5,22.5,21.0,20.6,309,-0.5000000000000004,0.8660254037844384,-0.8214765533024145,0.5702422926917867
2021-11-06,19.5,11.3,15.5,0.0,21.796666666666667,11,18.7,20.3,22.5,21.0,310,-0.5000000000000004,0.8660254037844384,-0.8115390590073611,0.5842981736283683
2021-11-07,18.7,13.7,16.2,0.0,21.733333333333334,11,20.0,19.5,20.3,22.5,311,-0.5000000000000004,0.8660254037844384,-0.801361088174677,0.5981809144059158
2021-11-08,20.0,13.7,16.7,0.0,21.723333333333336,11,21.9,18.7,19.5,20.3,312,-0.5000000000000004,0.8660254037844384,-0.7909456567567774,0.6118864012687242
2021-11-09,21.9,12.7,17.0,0.0,21.653333333333332,11,22.3,20.0,18.7,19.5,313,-0.5000000000000004,0.8660254037844384,-0.780295851070776,0.6254105729852457
2021-11-10,22.3,11.6,17.5,0.0,21.436666666666667,11,23.4,21.9,20.0,18.7,314,-0.5000000000000004,0.8660254037844384,-0.7694148268839381,0.6387494220515268
2021-11-11,23.4,15.6,19.1,0.0,21.513333333333332,11,22.8,22.3,21.9,20.0,315,-0.5000000000000004,0.8660254037844384,-0.7583058084785625,0.6518989958787125
2021-11-12,22.8,16.3,19.1,0.0,21.46333333333333,11,23.2,23.4,22.3,21.9,316,-0.5000000000000004,0.8660254037844384,-0.7469720876965551,0.6648553979642866
2021-11-13,23.2,16.4,19.4,0.3,21.603333333333335,11,26.3,22.8,23.4,22.3,317,-0.5000000000000004,0.8660254037844384,-0.7354170229639858,0.6776147890466887
2021-11-14,26.3,14.0,19.8,0.0,21.853333333333335,11,23.8,23.2,22.8,23.4,318,-0.5000000000000004,0.8660254037844384,-0.7236440382959124,0.690173388242972
2021-11-15,23.8,16.7,19.6,0.0,22.09,11,22.4,26.3,23.2,22.8,319,-0.5000000000000004,0.8660254037844384,-0.711656622281775,0.7025274741691566
2021-11-16,22.4,16.5,19.0,0.0,22.279999999999998,11,22.0,23.8,26.3,23.2,320,-0.5000000000000004,0.8660254037844384,-0.6994583270516471,0.7146733860429608
2021-11-17,22.0,13.3,16.8,6.0,22.386666666666667,11,20.0,22.4,23.8,26.3,321,-0.5000000000000004,0.8660254037844384,-0.6870527672236675,0.7266075247685652
2021-11-18,20.0,14.5,17.4,0.2,22.193333333333335,11,21.2,22.0,22.4,23.8,322,-0.5000000000000004,0.8660254037844384,-0.6744436188329457,0.7383263540031063
2021-11-19,21.2,15.6,18.0,0.0,22.026666666666664,11,25.7,20.0,22.0,22.4,323,-0.5000000000000004,0.8660254037844384,-0.661634618242279,0.749826401204568
2021-11-20,25.7,15.0,19.8,0.0,22.103333333333335,11,27.1,21.2,20.0,22.0,324,-0.5000000000000004,0.8660254037844384,-0.6486295610349818,0.7611042586607742
2021-11-21,27.1,14.3,20.9,0.0,22.343333333333337,11,24.5,25.7,21.2,20.0,325,-0.5000000000000004,0.8660254037844384,-0.6354323008901775,0.7721565844991641
2021-11-22,24.5,17.4,20.5,0.0,22.516666666666666,11,23.6,27.1,25.7,21.2,326,-0.5000000000000004,0.8660254037844384,-0.622046748440868,0.7829801036770624
2021-11-23,23.6,16.0,19.2,0.0,22.666666666666668,11,25.0,24.5,27.1,25.7,327,-0.5000000000000004,0.8660254037844384,-0.6084768701151264,0.7935716089521472
2021-11-24,25.0,16.7,20.4,0.0,22.693333333333335,11,30.9,23.6,24.5,27.1,328,-0.5000000000000004,0.8660254037844384,-0.594726686960764,0.8039279618328208
2021-11-25,30.9,13.1,22.2,0.0,22.810000000000002,11,29.8,25.0,23.6,24.5,329,-0.5000000000000004,0.8660254037844384,-0.5808002734538013,0.8140460935082175
2021-11-26,29.8,17.4,22.4,6.6,22.866666666666667,11,22.1,30.9,25.0,23.6,330,-0.5000000000000004,0.8660254037844384,-0.5667017562911184,0.8239230057575536
2021-11-27,22.1,15.4,18.5,3.2,22.84,11,24.3,29.8,30.9,25.0,331,-0.5000000000000004,0.8660254037844384,-0.5524353131676203,0.8335557718385695
2021-11-28,24.3,16.6,19.2,4.4,22.9,11,23.2,22.1,29.8,30.9,332,-0.5000000000000004,0.8660254037844384,-0.5380051715382992,0.8429415373547832
2021-11-29,23.2,14.4,18.4,0.0,22.953333333333333,11,21.7,24.3,22.1,29.8,333,-0.5000000000000004,0.8660254037844384,-0.5234156073655503,0.8520775211013093
2021-11-30,21.7,15.4,18.1,7.8,22.970000000000002,11,22.9,23.2,24.3,22.1,334,-0.5000000000000004,0.8660254037844384,-0.5086709438521042,0.8609610158889945
2021-12-01,22.9,13.4,17.9,0.2,23.09,12,19.2,21.7,23.2,24.3,335,-2.4492935982947064e-16,1.0,-0.49377555015997737,0.8695893893466109
2021-12-02,19.2,14.8,16.5,1.4,23.043333333333333,12,22.3,22.9,21.7,23.2,336,-2.4492935982947064e-16,1.0,-0.4787338401157883,0.8779600847008883
2021-12-03,22.3,12.5,17.6,0.1,23.086666666666666,12,25.1,19.2,22.9,21.7,337,-2.4492935982947064e-16,1.0,-0.4635502709028512,0.8860706215341378
2021-12-04,25.1,15.8,19.8,7.9,23.173333333333336,12,21.4,22.3,19.2,22.9,338,-2.4492935982947064e-16,1.0,-0.4482293417404106,0.893918596519257
2021-12-05,21.4,16.5,18.2,8.1,23.21,12,20.4,25.1,22.3,19.2,339,-2.4492935982947064e-16,1.0,-0.4327755925504317,0.9015016841318838
2021-12-06,20.4,14.8,17.6,2.0,23.240000000000002,12,22.0,21.4,25.1,22.3,340,-2.4492935982947064e-16,1.0,-0.41719360261231697,0.9088176373395028
2021-12-07,22.0,14.3,18.5,0.0,23.35,12,27.3,20.4,21.4,25.1,341,-2.4492935982947064e-16,1.0,-0.4014879892059737,0.9158642882672868
2021-12-08,27.3,16.3,21.4,0.0,23.59333333333333,12,25.2,22.0,20.4,21.4,342,-2.4492935982947064e-16,1.0,-0.38566340624360745,0.9226395488404875
2021-12-09,25.2,15.7,20.6,0.0,23.703333333333333,12,26.7,27.3,22.0,20.4,343,-2.4492935982947064e-16,1.0,-0.3697245428906732,0.9291414114031743
2021-12-10,26.7,16.4,21.3,0.2,23.85,12,23.7,25.2,27.3,22.0,344,-2.4492935982947064e-16,1.0,-0.3536761221763721,0.935367949313148
2021-12-11,23.7,15.6,19.3,0.1,23.86,12,24.1,26.7,25.2,27.3,345,-2.4492935982947064e-16,1.0,-0.33752289959411347,0.941317317512847
2021-12-12,24.1,15.6,19.3,0.0,23.903333333333332,12,24.5,23.7,26.7,25.2,346,-2.4492935982947064e-16,1.0,-0.32126966169236515,0.9469877530760751
2021-12-13,24.5,16.4,19.6,0.3,23.946666666666665,12,21.8,24.1,23.7,26.7,347,-2.4492935982947064e-16,1.0,-0.3049212246562894,0.9523775757303973
2021-12-14,21.8,17.0,19.1,0.0,23.796666666666667,12,22.2,24.5,24.1,23.7,348,-2.4492935982947064e-16,1.0,-0.2884824328806098,0.9574851883550389
2021-12-15,22.2,15.3,17.9,1.6,23.743333333333332,12,21.0,21.8,24.5,24.1,349,-2.4492935982947064e-16,1.0,-0.27195815753410524,0.9623090774541487
2021-12-16,21.0,13.9,17.2,0.1,23.696666666666665,12,29.9,22.2,21.8,24.5,350,-2.4492935982947064e-16,1.0,-0.2553532951161881,0.9668478136052773
2021-12-17,29.9,14.1,21.6,0.0,23.959999999999997,12,32.4,21.0,22.2,21.8,351,-2.4492935982947064e-16,1.0,-0.23867276600594997,0.9711000518829505
2021-12-18,32.4,14.4,23.3,0.0,24.37333333333333,12,28.8,29.9,21.0,22.2,352,-2.4492935982947064e-16,1.0,-0.22192151300416674,0.9750645322571945
2021-12-19,28.8,13.7,22.1,0.0,24.62666666666667,12,33.9,32.4,29.9,21.0,353,-2.4492935982947064e-16,1.0,-0.20510449986861926,0.9787400799669153
2021-12-20,33.9,17.2,25.6,0.0,24.9,12,30.3,28.8,32.4,29.9,354,-2.4492935982947064e-16,1.0,-0.1882267098432439,0.9821256058680006
2021-12-21,30.3,18.7,24.3,0.0,25.006666666666664,12,25.9,33.9,28.8,32.4,355,-2.4492935982947064e-16,1.0,-0.1712931441814778,0.9852201067560606
2021-12-22,25.9,19.6,22.0,4.0,25.053333333333335,12,27.2,30.3,33.9,28.8,356,-2.4492935982947064e-16,1.0,-0.154308820664281,0.9880226656636976
2021-12-23,27.2,17.6,22.1,0.0,25.173333333333332,12,27.6,25.9,30.3,33.9,357,-2.4492935982947064e-16,1.0,-0.13727877211326517,0.9905324521322227
2021-12-24,27.6,15.6,21.5,0.0,25.259999999999998,12,31.4,27.2,25.9,30.3,358,-2.4492935982947064e-16,1.0,-0.12020804489935275,0.9927487224577402
2021-12-25,31.4,16.6,23.7,0.0,25.276666666666664,12,29.1,27.6,27.2,25.9,359,-2.4492935982947064e-16,1.0,-0.10310169744743544,0.9946708199115211
2021-12-26,29.1,17.9,23.5,0.0,25.253333333333334,12,24.0,31.4,27.6,27.2,360,-2.4492935982947064e-16,1.0,-0.0859647987374467,0.9962981749346077
2021-12-27,24.0,17.3,20.0,0.3,25.316666666666666,12,22.4,29.1,31.4,27.6,361,-2.4492935982947064e-16,1.0,-0.06880242680232064,0.9976303053065857
2021-12-28,22.4,16.6,18.8,7.2,25.253333333333334,12,24.0,24.0,29.1,31.4,362,-2.4492935982947064e-16,1.0,-0.05161966722325418,0.9986668162884759
2021-12-29,24.0,14.2,19.0,0.3,25.279999999999998,12,21.4,22.4,24.0,29.1,363,-2.4492935982947064e-16,1.0,-0.034421611622745804,0.9994074007397048
2021-12-30,21.4,13.1,17.9,0.2,25.269999999999996,12,27.8,24.0,22.4,24.0,364,-2.4492935982947064e-16,1.0,-0.01721335615583528,0.9998518392091162
2021-12-31,27.8,13.2,20.2,0.0,25.433333333333334,12,22.9,21.4,24.0,22.4,365,-2.4492935982947064e-16,1.0,6.432490598706546e-16,1.0
2022-01-01,22.9,15.2,18.2,2.1,25.55666666666667,1,23.1,27.8,21.4,24.0,1,0.49999999999999994,0.8660254037844387,0.017213356155834685,0.9998518392091162
2022-01-02,23.1,11.9,17.9,0.0,25.583333333333332,1,22.4,22.9,27.8,21.4,2,0.49999999999999994,0.8660254037844387,0.03442161162274574,0.9994074007397048
2022-01-03,22.4,15.9,19.0,0.0,25.493333333333332,1,25.6,23.1,22.9,27.8,3,0.49999999999999994,0.8660254037844387,0.051619667223253764,0.998666816288476
2022-01-04,25.6,14.6,20.0,0.0,25.633333333333333,1,25.1,22.4,23.1,22.9,4,0.49999999999999994,0.8660254037844387,0.06880242680231986,0.9976303053065857
2022-01-05,25.1,14.4,19.8,0.0,25.790000000000003,1,28.0,25.6,22.4,23.1,5,0.49999999999999994,0.8660254037844387,0.08596479873744647,0.9962981749346078
2022-01-06,28.0,14.9,22.2,0.0,25.990000000000002,1,33.3,25.1,25.6,22.4,6,0.49999999999999994,0.8660254037844387,0.10310169744743485,0.9946708199115211
2022-01-07,33.3,16.6,25.3,0.0,26.19,1,35.1,28.0,25.1,25.6,7,0.49999999999999994,0.8660254037844387,0.1202080448993527,0.9927487224577402
2022-01-08,35.1,19.7,28.0,0.0,26.52,1,31.2,33.3,28.0,25.1,8,0.49999999999999994,0.8660254037844387,0.13727877211326478,0.9905324521322229
2022-01-09,31.2,20.5,24.7,0.6,26.669999999999998,1,26.5,35.1,33.3,28.0,9,0.49999999999999994,0.8660254037844387,0.15430882066428117,0.9880226656636976
2022-01-10,26.5,19.1,22.2,0.0,26.763333333333332,1,23.6,31.2,35.1,33.3,10,0.49999999999999994,0.8660254037844387,0.1712931441814776,0.9852201067560606
2022-01-11,23.6,17.7,20.2,2.2,26.746666666666666,1,29.6,26.5,31.2,35.1,11,0.49999999999999994,0.8660254037844387,0.1882267098432442,0.9821256058680006
2022-01-12,29.6,16.6,23.1,0.0,26.916666666666668,1,34.6,23.6,26.5,31.2,12,0.49999999999999994,0.8660254037844387,0.2051044998686192,0.9787400799669153
2022-01-13,34.6,17.3,26.1,0.0,27.343333333333337,1,36.0,29.6,23.6,26.5,13,0.49999999999999994,0.8660254037844387,0.2219215130041655,0.9750645322571948
2022-01-14,36.0,19.6,27.6,0.0,27.803333333333335,1,31.9,34.6,29.6,23.6,14,0.49999999999999994,0.8660254037844387,0.2386727660059501,0.9711000518829505
2022-01-15,31.9,18.9,23.6,0.0,28.166666666666668,1,29.1,36.0,34.6,29.6,15,0.49999999999999994,0.8660254037844387,0.255353295116187,0.9668478136052775
2022-01-16,29.1,19.0,23.1,0.0,28.14,1,26.4,31.9,36.0,34.6,16,0.49999999999999994,0.8660254037844387,0.2719581575341055,0.9623090774541486
2022-01-17,26.4,16.1,21.2,0.0,27.94,1,25.8,29.1,31.9,36.0,17,0.49999999999999994,0.8660254037844387,0.288482432880609,0.9574851883550393
2022-01-18,25.8,17.9,21.2,0.6,27.839999999999996,1,25.4,26.4,29.1,31.9,18,0.49999999999999994,0.8660254037844387,0.30492122465628907,0.9523775757303974
2022-01-19,25.4,15.6,19.6,0.0,27.55666666666667,1,24.6,25.8,26.4,29.1,19,0.49999999999999994,0.8660254037844387,0.3212696616923644,0.9469877530760753
2022-01-20,24.6,14.1,19.6,0.0,27.366666666666667,1,32.1,25.4,25.8,26.4,20,0.49999999999999994,0.8660254037844387,0.3375228995941133,0.9413173175128471
2022-01-21,32.1,13.5,23.3,0.0,27.57333333333333,1,35.7,24.6,25.4,25.8,21,0.49999999999999994,0.8660254037844387,0.3536761221763716,0.9353679493131483
2022-01-22,35.7,18.2,27.6,0.0,27.85666666666667,1,34.6,32.1,24.6,25.4,22,0.49999999999999994,0.8660254037844387,0.3697245428906731,0.9291414114031743
2022-01-23,34.6,19.7,27.0,0.0,28.09,1,24.9,35.7,32.1,24.6,23,0.49999999999999994,0.8660254037844387,0.38566340624360707,0.9226395488404876
2022-01-24,24.9,19.1,21.5,1.1,27.873333333333335,1,25.5,34.6,35.7,32.1,24,0.49999999999999994,0.8660254037844387,0.401487989205973,0.9158642882672872
2022-01-25,25.5,18.9,21.5,0.0,27.753333333333334,1,25.9,24.9,34.6,35.7,25,0.49999999999999994,0.8660254037844387,0.4171936026123168,0.9088176373395029
2022-01-26,25.9,18.5,22.2,0.0,27.816666666666666,1,24.4,25.5,24.9,34.6,26,0.49999999999999994,0.8660254037844387,0.4327755925504312,0.901501684131884
2022-01-27,24.4,15.6,20.4,0.0,27.883333333333333,1,23.7,25.9,25.5,24.9,27,0.49999999999999994,0.8660254037844387,0.4482293417404106,0.893918596519257
2022-01-28,23.7,16.9,20.0,0.1,27.873333333333335,1,29.8,24.4,25.9,25.5,28,0.49999999999999994,0.8660254037844387,0.4635502709028509,0.886070621534138
2022-01-29,29.8,16.4,21.8,0.0,28.153333333333332,1,31.7,23.7,24.4,25.9,29,0.49999999999999994,0.8660254037844387,0.47873384011578846,0.8779600847008882
2022-01-30,31.7,17.2,24.0,0.0,28.283333333333335,1,32.4,29.8,23.7,24.4,30,0.49999999999999994,0.8660254037844387,0.49377555015997715,0.869589389346611
2022-01-31,32.4,18.7,26.3,0.0,28.6,1,34.3,31.7,29.8,23.7,31,0.49999999999999994,0.8660254037844387,0.5086709438521044,0.8609610158889943
2022-02-01,34.3,21.3,26.3,0.0,28.973333333333333,2,26.1,32.4,31.7,29.8,32,0.8660254037844386,0.5000000000000001,0.5234156073655503,0.8520775211013093
2022-02-02,26.1,18.9,21.5,0.4,29.096666666666668,2,23.5,34.3,32.4,31.7,33,0.8660254037844386,0.5000000000000001,0.5380051715382996,0.8429415373547828
2022-02-03,23.5,17.2,19.5,4.1,29.026666666666664,2,23.0,26.1,34.3,32.4,34,0.8660254037844386,0.5000000000000001,0.5524353131676196,0.8335557718385699
2022-02-04,23.0,16.5,19.7,0.0,28.956666666666663,2,33.1,23.5,26.1,34.3,35,0.8660254037844386,0.5000000000000001,0.5667017562911176,0.8239230057575542
2022-02-05,33.1,13.1,23.7,0.0,29.126666666666665,2,32.3,23.0,23.5,26.1,36,0.8660254037844386,0.5000000000000001,0.5808002734538009,0.8140460935082178
2022-02-06,32.3,17.6,24.4,0.0,29.09333333333333,2,25.8,33.1,23.0,23.5,37,0.8660254037844386,0.5000000000000001,0.5947266869607634,0.8039279618328213
2022-02-07,25.8,17.5,20.9,0.5,28.783333333333335,2,25.5,32.3,33.1,23.0,38,0.8660254037844386,0.5000000000000001,0.6084768701151261,0.7935716089521474
2022-02-08,25.5,17.0,20.6,0.0,28.593333333333337,2,27.3,25.8,32.3,33.1,39,0.8660254037844386,0.5000000000000001,0.6220467484408675,0.7829801036770629
2022-02-09,27.3,15.4,21.3,0.1,28.62,2,25.7,25.5,25.8,32.3,40,0.8660254037844386,0.5000000000000001,0.6354323008901774,0.7721565844991642
2022-02-10,25.7,17.8,20.9,3.6,28.69,2,25.7,27.3,25.5,25.8,41,0.8660254037844386,0.5000000000000001,0.6486295610349814,0.7611042586607747
2022-02-11,25.7,15.5,20.4,0.0,28.56,2,30.9,25.7,27.3,25.5,42,0.8660254037844386,0.5000000000000001,0.6616346182422783,0.7498264012045686
2022-02-12,30.9,17.9,21.9,0.0,28.436666666666667,2,26.8,25.7,25.7,27.3,43,0.8660254037844386,0.5000000000000001,0.6744436188329455,0.7383263540031065
2022-02-13,26.8,18.5,21.9,0.0,28.13,2,36.0,30.9,25.7,25.7,44,0.8660254037844386,0.5000000000000001,0.6870527672236669,0.7266075247685656
2022-02-14,36.0,18.3,27.4,0.0,28.266666666666666,2,33.4,26.8,30.9,25.7,45,0.8660254037844386,0.5000000000000001,0.699458327051647,0.7146733860429609
2022-02-15,33.4,19.9,25.2,0.8,28.41,2,23.6,36.0,26.8,30.9,46,0.8660254037844386,0.5000000000000001,0.7116566222817746,0.7025274741691571
2022-02-16,23.6,18.5,20.4,1.1,28.316666666666666,2,31.0,33.4,36.0,26.8,47,0.8660254037844386,0.5000000000000001,0.7236440382959124,0.6901733882429719
2022-02-17,31.0,13.5,22.2,0.0,28.490000000000002,2,31.7,23.6,33.4,36.0,48,0.8660254037844386,0.5000000000000001,0.7354170229639855,0.6776147890466889
2022-02-18,31.7,14.6,23.9,0.0,28.7,2,26.3,31.0,23.6,33.4,49,0.8660254037844386,0.5000000000000001,0.7469720876965552,0.6648553979642865
2022-02-19,26.3,17.0,21.3,1.4,28.756666666666668,2,26.3,31.7,31.0,23.6,50,0.8660254037844386,0.5000000000000001,0.7583058084785624,0.6518989958787126
2022-02-20,26.3,17.0,21.1,0.6,28.563333333333333,2,26.6,26.3,31.7,31.0,51,0.8660254037844386,0.5000000000000001,0.7694148268839378,0.6387494220515272
2022-02-21,26.6,17.1,21.4,0.0,28.259999999999998,2,24.6,26.3,26.3,31.7,52,0.8660254037844386,0.5000000000000001,0.7802958510707755,0.6254105729852463
2022-02-22,24.6,16.0,19.4,0.0,27.926666666666666,2,24.4,26.6,26.3,26.3,53,0.8660254037844386,0.5000000000000001,0.7909456567567772,0.6118864012687243
2022-02-23,24.4,14.8,20.0,0.0,27.91,2,26.5,24.6,26.6,26.3,54,0.8660254037844386,0.5000000000000001,0.8013610881746766,0.5981809144059165
2022-02-24,26.5,16.4,21.4,0.0,27.94333333333333,2,25.7,24.4,24.6,26.6,55,0.8660254037844386,0.5000000000000001,0.8115390590073611,0.5842981736283684
2022-02-25,25.7,19.6,22.3,0.0,27.936666666666667,2,32.0,26.5,24.4,24.6,56,0.8660254037844386,0.5000000000000001,0.8214765533024142,0.5702422926917871
2022-02-26,32.0,18.0,24.5,0.0,28.19,2,35.2,25.7,26.5,24.4,57,0.8660254037844386,0.5000000000000001,0.8311706263658079,0.5560174366570446
2022-02-27,35.2,18.3,25.6,0.0,28.57333333333333,2,28.8,32.0,25.7,26.5,58,0.8660254037844386,0.5000000000000001,0.8406184056344782,0.5416278206559814
2022-02-28,28.8,18.3,22.4,0.0,28.540000000000003,2,27.8,35.2,32.0,25.7,59,0.8660254037844386,0.5000000000000001,0.8498170915275278,0.5270777086423722
2022-03-01,27.8,19.2,22.2,0.0,28.41,3,26.3,28.8,35.2,32.0,60,1.0,6.123233995736766e-17,0.8587639582758029,0.5123714121284237
2022-03-02,26.3,18.5,21.9,0.9,28.206666666666667,3,24.0,27.8,28.8,35.2,61,1.0,6.123233995736766e-17,0.8674563547295969,0.49751328890718066
2022-03-03,24.0,17.5,20.1,1.3,27.863333333333337,3,23.5,26.3,27.8,28.8,62,1.0,6.123233995736766e-17,0.8758917051442429,0.48250774176121847
2022-03-04,23.5,15.7,19.8,0.0,27.776666666666667,3,29.6,24.0,26.3,27.8,63,1.0,6.123233995736766e-17,0.8840675099433636,0.4673592171580022
2022-03-05,29.6,16.9,23.2,0.0,27.98,3,33.7,23.5,24.0,26.3,64,1.0,6.123233995736766e-17,0.8919813464595485,0.45207220393230435
2022-03-06,33.7,15.9,22.5,0.0,28.336666666666666,3,23.9,29.6,23.5,24.0,65,1.0,6.123233995736766e-17,0.8996308696522433,0.43665123195606403
2022-03-07,23.9,19.7,21.3,1.1,28.029999999999998,3,29.5,33.7,29.6,23.5,66,1.0,6.123233995736766e-17,0.9070138128026359,0.4211008707960896
2022-03-08,29.5,19.0,23.5,0.0,27.936666666666667,3,30.0,23.9,33.7,29.6,67,1.0,6.123233995736766e-17,0.9141279881853337,0.40542572835999735
2022-03-09,30.0,15.1,21.5,0.0,28.076666666666664,3,26.4,29.5,23.9,33.7,68,1.0,6.123233995736766e-17,0.9209712877166346,0.38963044953078796
2022-03-10,26.4,18.1,21.8,0.0,28.10666666666667,3,35.7,30.0,29.5,23.9,69,1.0,6.123233995736766e-17,0.9275416835791966,0.37371971479046906
2022-03-11,35.7,15.0,23.1,2.4,28.386666666666667,3,31.4,26.4,30.0,29.5,70,1.0,6.123233995736766e-17,0.9338372288229252,0.35769823883312546
2022-03-12,31.4,18.9,23.1,0.2,28.576666666666664,3,19.5,35.7,26.4,30.0,71,1.0,6.123233995736766e-17,0.9398560579418954,0.3415707691678556
2022-03-13,19.5,15.8,17.5,10.5,28.37,3,19.3,31.4,35.7,26.4,72,1.0,6.123233995736766e-17,0.9455963874271426,0.3253420847119801
2022-03-14,19.3,14.6,16.8,0.0,27.983333333333334,3,23.5,19.5,31.4,35.7,73,1.0,6.123233995736766e-17,0.9510565162951535,0.30901699437494745
2022-03-15,23.5,12.3,18.2,0.0,27.873333333333335,3,25.5,19.3,19.5,31.4,74,1.0,6.123233995736766e-17,0.9562348265919056,0.29260033563334836
2022-03-16,25.5,16.6,20.3,0.0,27.523333333333333,3,29.2,23.5,19.3,19.5,75,1.0,6.123233995736766e-17,0.9611297838723007,0.27609697309746883
2022-03-17,29.2,13.0,21.4,0.0,27.383333333333333,3,25.6,25.5,23.5,19.3,76,1.0,6.123233995736766e-17,0.9657399376548549,0.2595117970697999
2022-03-18,25.6,15.0,20.8,0.0,27.45,3,30.4,29.2,25.5,23.5,77,1.0,6.123233995736766e-17,0.9700639218515071,0.2428497220959356
2022-03-19,30.4,15.6,22.4,0.0,27.43,3,30.2,25.6,29.2,25.5,78,1.0,6.123233995736766e-17,0.9741004551724205,0.22611568550828828
2022-03-20,30.2,19.5,23.7,0.0,27.38,3,28.4,30.4,25.6,29.2,79,1.0,6.123233995736766e-17,0.9778483415056568,0.20931464596304847
2022-03-21,28.4,18.0,21.9,0.0,27.45,3,29.7,30.2,30.4,25.6,80,1.0,6.123233995736766e-17,0.9813064702716093,0.19245158197082998
2022-03-22,29.7,18.9,23.7,0.0,27.563333333333336,3,27.2,28.4,30.2,30.4,81,1.0,6.123233995736766e-17,0.9844738167520922,0.1755314904214282
2022-03-23,27.2,20.3,22.6,2.5,27.583333333333332,3,25.0,29.7,28.4,30.2,82,1.0,6.123233995736766e-17,0.9873494423939864,0.15855938510313475
2022-03-24,25.0,17.9,20.4,0.2,27.596666666666668,3,24.9,27.2,29.7,28.4,83,1.0,6.123233995736766e-17,0.989932495087353,0.141540295217043
2022-03-25,24.9,16.5,19.8,0.0,27.613333333333333,3,27.3,25.0,27.2,29.7,84,1.0,6.123233995736766e-17,0.9922222094179323,0.12447926388678915
2022-03-26,27.3,12.1,19.8,0.0,27.64,3,29.7,24.9,25.0,27.2,85,1.0,6.123233995736766e-17,0.994217906893952,0.10738134666416309
2022-03-27,29.7,13.2,21.1,0.0,27.77333333333333,3,23.9,27.3,24.9,25.0,86,1.0,6.123233995736766e-17,0.995918996147179,0.09025161003104117
2022-03-28,23.9,14.7,19.1,0.0,27.503333333333334,3,19.4,29.7,27.3,24.9,87,1.0,6.123233995736766e-17,0.9973249731081555,0.07309512989807777
2022-03-29,19.4,15.9,17.7,14.5,26.97666666666667,3,22.0,23.9,29.7,27.3,88,1.0,6.123233995736766e-17,0.9984354211555643,0.055916990100603484
2022-03-30,22.0,14.0,17.6,0.8,26.75,3,20.8,19.4,23.9,29.7,89,1.0,6.123233995736766e-17,0.9992500112396835,0.03872228089217446
2022-03-31,20.8,12.7,16.9,0.0,26.516666666666666,3,21.5,22.0,19.4,23.9,90,1.0,6.123233995736766e-17,0.9997685019798909,0.021516097436222254
2022-04-01,21.5,15.6,18.1,0.0,26.356666666666666,4,24.6,20.8,22.0,19.4,91,0.8660254037844387,-0.4999999999999998,0.9999907397361901,0.004303538296244289
2022-04-02,24.6,16.2,19.3,0.0,26.376666666666665,4,24.9,21.5,20.8,22.0,92,0.8660254037844387,-0.4999999999999998,0.9999166586547379,-0.01291029607500882
2022-04-03,24.9,12.8,18.7,0.0,26.423333333333332,4,21.7,24.6,21.5,20.8,93,0.8660254037844387,-0.4999999999999998,0.9995462806873573,-0.030120304846908114
2022-04-04,21.7,14.4,17.2,3.8,26.160000000000004,4,19.1,24.9,24.6,21.5,94,0.8660254037844387,-0.4999999999999998,0.9988797155850336,-0.04732138832243185
2022-04-05,19.1,13.7,16.2,0.8,25.673333333333336,4,18.2,21.7,24.9,24.6,95,0.8660254037844387,-0.4999999999999998,0.9979171608653922,-0.06450844944931623
2022-04-06,18.2,12.7,15.2,2.3,25.483333333333334,4,19.0,19.1,21.7,24.9,96,0.8660254037844387,-0.4999999999999998,0.9966589017541702,-0.08167639533042241
2022-04-07,19.0,11.7,15.6,0.1,25.133333333333333,4,24.2,18.2,19.1,21.7,97,0.8660254037844387,-0.4999999999999998,0.9951053111006976,-0.09882013873287143
2022-04-08,24.2,12.9,17.5,0.0,24.94,4,26.5,19.0,18.2,19.1,98,0.8660254037844387,-0.4999999999999998,0.9932568492674143,-0.11593459959550041
2022-04-09,26.5,11.3,18.2,0.0,24.94333333333333,4,28.9,24.2,19.0,18.2,99,0.8660254037844387,-0.4999999999999998,0.9911140639934547,-0.1330147065341959
2022-04-10,28.9,10.7,19.3,0.0,24.716666666666665,4,29.1,26.5,24.2,19.0,100,0.8660254037844387,-0.4999999999999998,0.9886775902323405,-0.1500553983446526
2022-04-11,29.1,12.0,20.4,0.0,24.64,4,27.7,28.9,26.5,24.2,101,0.8660254037844387,-0.4999999999999998,0.9859481499638304,-0.16705162550211924
2022-04-12,27.7,14.7,19.7,0.0,24.913333333333334,4,22.7,29.1,28.9,26.5,102,0.8660254037844387,-0.4999999999999998,0.9829265519799822,-0.18399835165768005
2022-04-13,22.7,15.1,18.3,0.3,25.026666666666664,4,19.5,27.7,29.1,28.9,103,0.8660254037844387,-0.4999999999999998,0.9796136916454901,-0.20089055513063506
2022-04-14,19.5,14.9,17.0,0.0,24.89333333333333,4,19.9,22.7,27.7,29.1,104,0.8660254037844387,-0.4999999999999998,0.9760105506323683,-0.21772323039653177
2022-04-15,19.9,14.2,16.3,0.0,24.706666666666663,4,24.0,19.5,22.7,27.7,105,0.8660254037844387,-0.4999999999999998,0.9721181966290613,-0.23449138957040985
2022-04-16,24.0,11.7,16.9,0.0,24.533333333333335,4,24.7,19.9,19.5,22.7,106,0.8660254037844387,-0.4999999999999998,0.9679377830240642,-0.25119006388481935
2022-04-17,24.7,9.0,16.5,0.0,24.503333333333334,4,24.3,24.0,19.9,19.5,107,0.8660254037844387,-0.4999999999999998,0.9634705485641488,-0.2678143051621742
2022-04-18,24.3,10.4,16.9,0.0,24.3,4,26.5,24.7,24.0,19.9,108,0.8660254037844387,-0.4999999999999998,0.9587178169872964,-0.2843591872810034
2022-04-19,26.5,10.9,18.7,0.0,24.176666666666666,4,34.2,24.3,24.7,24.0,109,0.8660254037844387,-0.4999999999999998,0.9536809966304457,-0.30081980763566735
2022-04-20,34.2,12.9,22.4,0.0,24.37,4,20.8,26.5,24.3,24.7,110,0.8660254037844387,-0.4999999999999998,0.9483615800121715,-0.3171912885891061
2022-04-21,20.8,15.2,17.2,0.3,24.07333333333333,4,21.1,34.2,26.5,24.3,111,0.8660254037844387,-0.4999999999999998,0.9427611433904207,-0.3334687789181868
2022-04-22,21.1,14.8,16.7,0.4,23.87,4,18.9,20.8,34.2,26.5,112,0.8660254037844387,-0.4999999999999998,0.9368813462954315,-0.3496474552512284
2022-04-23,18.9,13.6,15.7,0.0,23.666666666666668,4,18.4,21.1,20.8,34.2,113,0.8660254037844387,-0.4999999999999998,0.9307239310379795,-0.36572252349726897
2022-04-24,18.4,10.8,14.7,0.2,23.45,4,19.5,18.9,21.1,20.8,114,0.8660254037844387,-0.4999999999999998,0.9242907221930933,-0.3816892202666588
2022-04-25,19.5,10.1,14.9,0.0,23.189999999999998,4,21.4,18.4,18.9,21.1,115,0.8660254037844387,-0.4999999999999998,0.9175836260593937,-0.39754281428255595
2022-04-26,21.4,12.4,15.9,0.0,22.913333333333338,4,24.3,19.5,18.4,18.9,116,0.8660254037844387,-0.4999999999999998,0.9106046300942162,-0.4132786077829042
2022-04-27,24.3,7.6,15.6,0.0,22.926666666666666,4,22.1,21.4,19.5,18.4,117,0.8660254037844387,-0.4999999999999998,0.9033558023246845,-0.4288919379124835
2022-04-28,22.1,12.3,16.0,0.0,23.016666666666666,4,20.3,24.3,21.4,19.5,118,0.8660254037844387,-0.4999999999999998,0.895839290734909,-0.4443781781046132
2022-04-29,20.3,12.9,15.9,0.6,22.959999999999997,4,20.9,22.1,24.3,21.4,119,0.8660254037844387,-0.4999999999999998,0.8880573226294932,-0.45973273945210397
2022-04-30,20.9,10.3,14.7,0.5,22.96333333333333,4,21.2,20.3,22.1,24.3,120,0.8660254037844387,-0.4999999999999998,0.8800122039735357,-0.47495107206704995
2022-05-01,21.2,12.8,16.1,0.0,22.953333333333333,5,26.7,20.9,20.3,22.1,121,0.49999999999999994,-0.8660254037844387,0.8717063187093218,-0.4900286664290592
2022-05-02,26.7,11.9,17.7,0.0,23.023333333333333,5,22.8,21.2,20.9,20.3,122,0.49999999999999994,-0.8660254037844387,0.8631421280499114,-0.5049610547215204
2022-05-03,22.8,14.5,17.7,0.0,22.953333333333333,5,21.8,26.7,21.2,20.9,123,0.49999999999999994,-0.8660254037844387,0.854322169749827,-0.5197438121555155
2022-05-04,21.8,11.8,16.0,0.0,22.956666666666663,5,28.6,22.8,26.7,21.2,124,0.49999999999999994,-0.8660254037844387,0.8452490573530633,-0.5343725582809786
2022-05-05,28.6,9.4,17.5,0.0,23.27333333333333,5,15.7,21.8,22.8,26.7,125,0.49999999999999994,-0.8660254037844387,0.8359254794186372,-0.548842958284719
2022-05-06,15.7,11.3,13.8,11.4,23.19,5,19.1,28.6,21.8,22.8,126,0.49999999999999994,-0.8660254037844387,0.8263541987239096,-0.5631507242749186
2022-05-07,19.1,13.2,15.1,0.0,23.193333333333335,5,19.3,15.7,28.6,21.8,127,0.49999999999999994,-0.8660254037844387,0.8165380514459161,-0.5772916165517272
2022-05-08,19.3,11.1,14.5,0.0,23.029999999999998,5,20.1,19.1,15.7,28.6,128,0.49999999999999994,-0.8660254037844387,0.8064799463209448,-0.5912614448635781
2022-05-09,20.1,9.1,13.5,0.0,22.816666666666666,5,19.2,19.3,19.1,15.7,129,0.49999999999999994,-0.8660254037844387,0.7961828637826158,-0.6050560696488488
2022-05-10,19.2,6.4,13.1,0.3,22.493333333333332,5,20.3,20.1,19.3,19.1,130,0.49999999999999994,-0.8660254037844387,0.7856498550787147,-0.6186714032625031
2022-05-11,20.3,10.0,14.9,0.0,22.2,5,19.5,19.2,20.1,19.3,131,0.49999999999999994,-0.8660254037844387,0.7748840413670407,-0.6321034111873487
2022-05-12,19.5,8.8,13.5,0.0,21.92666666666667,5,19.0,20.3,19.2,20.1,132,0.49999999999999994,-0.8660254037844387,0.7638886127905428,-0.6453481132295501
2022-05-13,19.0,12.9,15.3,3.4,21.803333333333335,5,19.3,19.5,20.3,19.2,133,0.49999999999999994,-0.8660254037844387,0.7526668275320085,-0.6584015846980488
2022-05-14,19.3,9.9,14.3,0.2,21.796666666666667,5,21.4,19.0,19.5,20.3,134,0.49999999999999994,-0.8660254037844387,0.7412220108485958,-0.6712599575675313
2022-05-15,21.4,11.0,15.2,0.0,21.84666666666667,5,32.3,19.3,19.0,19.5,135,0.49999999999999994,-0.8660254037844387,0.7295575540864875,-0.6839194216246106
2022-05-16,32.3,6.7,18.3,0.0,22.123333333333335,5,28.4,21.4,19.3,19.0,136,0.49999999999999994,-0.8660254037844387,0.717676913675962,-0.6963762255968722
2022-05-17,28.4,12.4,19.4,0.0,22.246666666666666,5,22.5,32.3,21.4,19.3,137,0.49999999999999994,-0.8660254037844387,0.705583610107178,-0.7086266782644596
2022-05-18,22.5,15.5,19.4,8.5,22.186666666666667,5,16.7,28.4,32.3,21.4,138,0.49999999999999994,-0.8660254037844387,0.6932812268869777,-0.7206671495538609
2022-05-19,16.7,11.8,14.2,1.7,21.860000000000003,5,16.6,22.5,28.4,32.3,139,0.49999999999999994,-0.8660254037844387,0.6807734094770161,-0.7324940716135789
2022-05-20,16.6,8.2,12.8,0.1,21.27333333333333,5,17.9,16.7,22.5,28.4,140,0.49999999999999994,-0.8660254037844387,0.6680638642135335,-0.7441039398713607
2022-05-21,17.9,9.8,13.5,0.0,21.17666666666667,5,20.1,16.6,16.7,22.5,141,0.49999999999999994,-0.8660254037844387,0.6551563572090853,-0.7554933140726803
2022-05-22,20.1,8.4,13.2,0.0,21.14333333333333,5,20.8,17.9,16.6,16.7,142,0.49999999999999994,-0.8660254037844387,0.6420547132365637,-0.766658819300159
2022-05-23,20.8,10.5,14.5,0.0,21.206666666666667,5,17.4,20.1,17.9,16.6,143,0.49999999999999994,-0.8660254037844387,0.6287628145958344,-0.7775971469736269
2022-05-24,17.4,12.8,15.2,2.3,21.173333333333336,5,20.6,20.8,20.1,17.9,144,0.49999999999999994,-0.8660254037844387,0.6152845999633276,-0.7883050558305255
2022-05-25,20.6,13.9,16.1,8.2,21.21,5,18.1,17.4,20.8,20.1,145,0.49999999999999994,-0.8660254037844387,0.6016240632249226,-0.7987793728863649
2022-05-26,18.1,12.3,15.5,0.1,21.1,5,18.6,20.6,17.4,20.8,146,0.49999999999999994,-0.8660254037844387,0.5877852522924732,-0.8090169943749473
2022-05-27,18.6,11.3,14.5,0.0,20.91,5,17.6,18.1,20.6,17.4,147,0.49999999999999994,-0.8660254037844387,0.5737722679043246,-0.8190148866680801
2022-05-28,17.6,9.3,13.4,5.2,20.759999999999998,5,16.7,18.6,18.1,20.6,148,0.49999999999999994,-0.8660254037844387,0.5595892624101765,-0.8287700871745038
2022-05-29,16.7,10.2,14.3,9.3,20.64,5,17.1,17.6,18.6,18.1,149,0.49999999999999994,-0.8660254037844387,0.545240438540651,-0.8382797052177744
2022-05-30,17.1,5.4,11.5,2.4,20.513333333333335,5,18.2,16.7,17.6,18.6,150,0.49999999999999994,-0.8660254037844387,0.5307300481619334,-0.8475409228928311
2022-05-31,18.2,9.1,12.4,0.0,20.413333333333334,5,19.7,17.1,16.7,17.6,151,0.49999999999999994,-0.8660254037844387,0.5160623910158528,-0.8565509959010036
2022-06-01,19.7,8.0,13.2,0.0,20.18,6,18.9,18.2,17.1,16.7,152,1.2246467991473532e-16,-1.0,0.5012418134457758,-0.865307254363206
2022-06-02,18.9,7.5,12.4,0.0,20.05,6,21.5,19.7,18.2,17.1,153,1.2246467991473532e-16,-1.0,0.48627270710868997,-0.8738071036110808
2022-06-03,21.5,5.5,13.9,0.0,20.040000000000003,6,19.3,18.9,19.7,18.2,154,1.2246467991473532e-16,-1.0,0.4711595076738638,-0.8820480249558537
2022-06-04,19.3,6.7,13.6,0.0,19.730000000000004,6,21.0,21.5,18.9,19.7,155,1.2246467991473532e-16,-1.0,0.4559066935084588,-0.8900275764346767
2022-06-05,21.0,10.7,15.6,0.0,19.90666666666667,6,25.0,19.3,21.5,18.9,156,1.2246467991473532e-16,-1.0,0.440518784350495,-0.8977433935342337
2022-06-06,25.0,8.4,16.0,0.0,20.10333333333333,6,28.4,21.0,19.3,21.5,157,1.2246467991473532e-16,-1.0,0.42500033996955416,-0.9051931898913974
2022-06-07,28.4,9.1,17.7,0.0,20.40666666666667,6,26.9,25.0,21.0,19.3,158,1.2246467991473532e-16,-1.0,0.4093559588156213,-0.9123747579707273
2022-06-08,26.9,12.1,17.6,0.0,20.633333333333333,6,19.0,28.4,25.0,21.0,159,1.2246467991473532e-16,-1.0,0.39359027665646673,-0.9192859697186104
2022-06-09,19.0,11.2,15.0,0.0,20.626666666666665,6,27.3,26.9,28.4,25.0,160,1.2246467991473532e-16,-1.0,0.3777079652039649,-0.9259247771938498
2022-06-10,27.3,4.9,15.3,0.0,20.86,6,27.0,19.0,26.9,28.4,161,1.2246467991473532e-16,-1.0,0.36171373072976765,-0.9322892131745133
2022-06-11,27.0,15.7,19.5,0.0,21.11,6,23.4,27.3,19.0,26.9,162,1.2246467991473532e-16,-1.0,0.3456123126707335,-0.9383773917408641
2022-06-12,23.4,14.1,18.1,4.5,21.256666666666664,6,15.4,27.0,27.3,19.0,163,1.2246467991473532e-16,-1.0,0.3294084822245304,-0.9441875088341993
2022-06-13,15.4,13.3,14.3,80.8,21.12666666666667,6,14.2,23.4,27.0,27.3,164,1.2246467991473532e-16,-1.0,0.3131070409358269,-0.9497178427914316
2022-06-14,14.2,9.2,12.0,16.4,20.886666666666667,6,14.4,15.4,23.4,27.0,165,1.2246467991473532e-16,-1.0,0.29671281927349075,-0.9549667548552551
2022-06-15,14.4,7.5,10.2,0.8,20.29,6,18.4,14.2,15.4,23.4,166,1.2246467991473532e-16,-1.0,0.28023067519921585,-0.9599326896597447
2022-06-16,18.4,3.1,9.9,0.0,19.956666666666667,6,19.1,14.4,14.2,15.4,167,1.2246467991473532e-16,-1.0,0.26366549272800704,-0.9646141756912435
2022-06-17,19.1,11.6,15.0,0.6,19.84333333333333,6,16.7,18.4,14.4,14.2,168,1.2246467991473532e-16,-1.0,0.24702218048093552,-0.9690098257244062
2022-06-18,16.7,10.4,13.8,26.0,19.84333333333333,6,15.2,19.1,18.4,14.4,169,1.2246467991473532e-16,-1.0,0.23030567023061221,-0.9731183372332619
2022-06-19,15.2,9.4,11.9,1.7,19.79666666666667,6,19.2,16.7,19.1,18.4,170,1.2246467991473532e-16,-1.0,0.21352091543979612,-0.9769384927771817
2022-06-20,19.2,8.8,13.4,0.0,19.839999999999996,6,20.1,15.2,16.7,19.1,171,1.2246467991473532e-16,-1.0,0.19667288979357647,-0.980469160361632
2022-06-21,20.1,9.1,14.1,0.4,19.84,6,21.6,19.2,15.2,16.7,172,1.2246467991473532e-16,-1.0,0.1797665857255624,-0.9837092937736097
2022-06-22,21.6,11.4,15.3,0.0,19.866666666666667,6,16.0,20.1,19.2,15.2,173,1.2246467991473532e-16,-1.0,0.16280701293851715,-0.986657932891657
2022-06-23,16.0,10.9,13.2,17.5,19.82,6,16.6,21.6,20.1,19.2,174,1.2246467991473532e-16,-1.0,0.1457991969198751,-0.9893142039703663
2022-06-24,16.6,9.9,13.5,0.0,19.686666666666667,6,16.7,16.0,21.6,20.1,175,1.2246467991473532e-16,-1.0,0.12874817745258132,-0.99167731989929
2022-06-25,16.7,8.9,12.6,0.0,19.639999999999997,6,17.0,16.6,16.0,21.6,176,1.2246467991473532e-16,-1.0,0.11165900712169512,-0.993746580436178
2022-06-26,17.0,12.0,13.8,0.0,19.586666666666662,6,20.4,16.7,16.6,16.0,177,1.2246467991473532e-16,-1.0,0.09453674981719912,-0.9955213724144752
2022-06-27,20.4,3.8,12.9,0.0,19.68,6,25.3,17.0,16.7,16.6,178,1.2246467991473532e-16,-1.0,0.07738647923346301,-0.9970011699250151
2022-06-28,25.3,8.7,15.6,0.0,19.966666666666665,6,24.6,20.4,17.0,16.7,179,1.2246467991473532e-16,-1.0,0.06021327736579302,-0.9981855344718586
2022-06-29,24.6,12.2,16.8,0.0,20.216666666666665,6,23.8,25.3,20.4,17.0,180,1.2246467991473532e-16,-1.0,0.04302223300453059,-0.99907411510223
2022-06-30,23.8,9.1,16.1,0.0,20.403333333333332,6,24.6,24.6,25.3,20.4,181,1.2246467991473532e-16,-1.0,0.02581844022713308,-0.9996666485105112
2022-07-01,24.6,14.2,18.2,0.0,20.566666666666666,7,16.1,23.8,24.6,25.3,182,-0.4999999999999997,-0.8660254037844388,0.008606996888688698,-0.9999629591162655
2022-07-02,16.1,12.9,14.6,1.6,20.473333333333336,7,15.1,24.6,23.8,24.6,183,-0.4999999999999997,-0.8660254037844388,-0.008606996888688009,-0.9999629591162655
2022-07-03,15.1,10.3,12.3,1.5,20.26,7,17.7,16.1,24.6,23.8,184,-0.4999999999999997,-0.8660254037844388,-0.02581844022713239,-0.9996666485105112
2022-07-04,17.7,9.5,12.6,0.0,20.206666666666663,7,15.8,15.1,16.1,24.6,185,-0.4999999999999997,-0.8660254037844388,-0.04302223300453034,-0.99907411510223
2022-07-05,15.8,4.9,10.8,0.0,20.03333333333334,7,16.7,17.7,15.1,16.1,186,-0.4999999999999997,-0.8660254037844388,-0.060213277365792774,-0.9981855344718586
2022-07-06,16.7,7.2,10.8,0.0,19.756666666666664,7,17.8,15.8,17.7,15.1,187,-0.4999999999999997,-0.8660254037844388,-0.07738647923346322,-0.9970011699250151
2022-07-07,17.8,9.1,12.4,0.0,19.403333333333332,7,18.6,16.7,15.8,17.7,188,-0.4999999999999997,-0.8660254037844388,-0.09453674981719933,-0.9955213724144752
2022-07-08,18.6,8.8,13.5,0.0,19.126666666666665,7,18.4,17.8,16.7,15.8,189,-0.4999999999999997,-0.8660254037844388,-0.11165900712169444,-0.9937465804361781
2022-07-09,18.4,8.3,13.2,0.3,19.10666666666667,7,15.1,18.6,17.8,16.7,190,-0.4999999999999997,-0.8660254037844388,-0.12874817745258066,-0.99167731989929
2022-07-10,15.1,10.6,12.8,3.2,18.7,7,16.5,18.4,18.6,17.8,191,-0.4999999999999997,-0.8660254037844388,-0.14579919691987442,-0.9893142039703664
2022-07-11,16.5,8.2,12.2,2.2,18.35,7,17.3,15.1,18.4,18.6,192,-0.4999999999999997,-0.8660254037844388,-0.16280701293851646,-0.9866579328916572
2022-07-12,17.3,8.9,12.5,0.0,18.14666666666667,7,15.9,16.5,15.1,18.4,193,-0.4999999999999997,-0.8660254037844388,-0.17976658572556214,-0.9837092937736098
2022-07-13,15.9,8.7,12.5,2.3,18.163333333333334,7,18.2,17.3,16.5,15.1,194,-0.4999999999999997,-0.8660254037844388,-0.19667288979357622,-0.9804691603616321
2022-07-14,18.2,10.5,14.2,7.7,18.29666666666667,7,16.9,15.9,17.3,16.5,195,-0.4999999999999997,-0.8660254037844388,-0.2135209154397959,-0.9769384927771817
2022-07-15,16.9,10.6,13.6,0.0,18.380000000000003,7,25.8,18.2,15.9,17.3,196,-0.4999999999999997,-0.8660254037844388,-0.23030567023061196,-0.973118337233262
2022-07-16,25.8,8.0,15.8,0.0,18.626666666666665,7,20.9,16.9,18.2,15.9,197,-0.4999999999999997,-0.8660254037844388,-0.24702218048093527,-0.9690098257244063
2022-07-17,20.9,12.5,15.4,0.0,18.686666666666667,7,17.0,25.8,16.9,18.2,198,-0.4999999999999997,-0.8660254037844388,-0.2636654927280072,-0.9646141756912435
2022-07-18,17.0,11.3,13.2,0.5,18.696666666666665,7,15.3,20.9,25.8,16.9,199,-0.4999999999999997,-0.8660254037844388,-0.2802306751992161,-0.9599326896597445
2022-07-19,15.3,10.0,12.7,0.1,18.7,7,15.3,17.0,20.9,25.8,200,-0.4999999999999997,-0.8660254037844388,-0.2967128192734901,-0.9549667548552553
2022-07-20,15.3,6.6,11.0,0.0,18.57,7,16.6,15.3,17.0,20.9,201,-0.4999999999999997,-0.8660254037844388,-0.3131070409358267,-0.9497178427914317
2022-07-21,16.6,2.2,9.1,0.0,18.453333333333333,7,16.6,15.3,15.3,17.0,202,-0.4999999999999997,-0.8660254037844388,-0.3294084822245302,-0.9441875088341994
2022-07-22,16.6,6.1,12.3,0.4,18.28666666666667,7,15.1,16.6,15.3,15.3,203,-0.4999999999999997,-0.8660254037844388,-0.3456123126707333,-0.9383773917408642
2022-07-23,15.1,10.0,12.5,0.8,18.256666666666668,7,17.7,16.6,16.6,15.3,204,-0.4999999999999997,-0.8660254037844388,-0.3617137307297674,-0.9322892131745134
2022-07-24,17.7,8.0,12.2,0.0,18.293333333333333,7,18.7,15.1,16.6,16.6,205,-0.4999999999999997,-0.8660254037844388,-0.37770796520396466,-0.9259247771938499
2022-07-25,18.7,3.7,12.0,0.0,18.360000000000003,7,20.2,17.7,15.1,16.6,206,-0.4999999999999997,-0.8660254037844388,-0.39359027665646645,-0.9192859697186105
2022-07-26,20.2,7.3,13.9,0.0,18.466666666666665,7,19.3,18.7,17.7,15.1,207,-0.4999999999999997,-0.8660254037844388,-0.4093559588156211,-0.9123747579707274
2022-07-27,19.3,6.9,12.3,0.0,18.430000000000003,7,23.5,20.2,18.7,17.7,208,-0.4999999999999997,-0.8660254037844388,-0.42500033996955394,-0.9051931898913975
2022-07-28,23.5,5.8,13.4,0.0,18.37,7,16.2,19.3,20.2,18.7,209,-0.4999999999999997,-0.8660254037844388,-0.4405187843504952,-0.8977433935342336
2022-07-29,16.2,9.2,13.1,9.0,18.089999999999996,7,15.2,23.5,19.3,20.2,210,-0.4999999999999997,-0.8660254037844388,-0.455906693508459,-0.8900275764346766
2022-07-30,15.2,7.7,10.5,1.6,17.803333333333335,7,14.5,16.2,23.5,19.3,211,-0.4999999999999997,-0.8660254037844388,-0.47115950767386394,-0.8820480249558535
2022-07-31,14.5,6.2,10.2,0.1,17.466666666666665,7,16.8,15.2,16.2,23.5,212,-0.4999999999999997,-0.8660254037844388,-0.4862727071086902,-0.8738071036110807
2022-08-01,16.8,3.5,10.2,0.0,17.490000000000002,8,15.8,14.5,15.2,16.2,213,-0.8660254037844385,-0.5000000000000004,-0.5012418134457756,-0.8653072543632061
2022-08-02,15.8,7.3,11.8,0.0,17.513333333333332,8,17.2,16.8,14.5,15.2,214,-0.8660254037844385,-0.5000000000000004,-0.5160623910158526,-0.8565509959010037
2022-08-03,17.2,7.9,12.3,0.0,17.496666666666666,8,17.7,15.8,16.8,14.5,215,-0.8660254037844385,-0.5000000000000004,-0.5307300481619331,-0.8475409228928312
2022-08-04,17.7,10.1,12.8,0.0,17.56,8,17.7,17.2,15.8,16.8,216,-0.8660254037844385,-0.5000000000000004,-0.5452404385406507,-0.8382797052177745
2022-08-05,17.7,8.8,12.3,0.0,17.59333333333333,8,18.6,17.7,17.2,15.8,217,-0.8660254037844385,-0.5000000000000004,-0.5595892624101763,-0.828770087174504
2022-08-06,18.6,9.4,13.8,0.0,17.62,8,19.2,17.7,17.7,17.2,218,-0.8660254037844385,-0.5000000000000004,-0.5737722679043243,-0.8190148866680802
2022-08-07,19.2,7.9,13.5,0.0,17.639999999999997,8,19.5,18.6,17.7,17.7,219,-0.8660254037844385,-0.5000000000000004,-0.5877852522924734,-0.8090169943749472
2022-08-08,19.5,9.3,13.2,0.0,17.676666666666666,8,20.8,19.2,18.6,17.7,220,-0.8660254037844385,-0.5000000000000004,-0.6016240632249227,-0.7987793728863648
2022-08-09,20.8,7.0,12.7,0.0,17.866666666666667,8,15.0,19.5,19.2,18.6,221,-0.8660254037844385,-0.5000000000000004,-0.6152845999633277,-0.7883050558305253
2022-08-10,15.0,12.8,13.6,2.9,17.816666666666666,8,17.8,20.8,19.5,19.2,222,-0.8660254037844385,-0.5000000000000004,-0.6287628145958345,-0.7775971469736268
2022-08-11,17.8,11.8,14.0,0.9,17.833333333333332,8,15.3,15.0,20.8,19.5,223,-0.8660254037844385,-0.5000000000000004,-0.6420547132365636,-0.7666588193001592
2022-08-12,15.3,7.2,12.3,10.7,17.813333333333336,8,15.8,17.8,15.0,20.8,224,-0.8660254037844385,-0.5000000000000004,-0.655156357209085,-0.7554933140726804
2022-08-13,15.8,4.9,10.2,10.2,17.733333333333334,8,14.4,15.3,17.8,15.0,225,-0.8660254037844385,-0.5000000000000004,-0.6680638642135333,-0.7441039398713608
2022-08-14,14.4,7.1,11.1,9.7,17.65,8,17.5,15.8,15.3,17.8,226,-0.8660254037844385,-0.5000000000000004,-0.6807734094770159,-0.7324940716135792
2022-08-15,17.5,1.9,9.7,0.0,17.373333333333335,8,17.7,14.4,15.8,15.3,227,-0.8660254037844385,-0.5000000000000004,-0.6932812268869771,-0.7206671495538615
2022-08-16,17.7,6.4,11.8,0.2,17.266666666666666,8,15.0,17.5,14.4,15.8,228,-0.8660254037844385,-0.5000000000000004,-0.7055836101071774,-0.70862667826446
2022-08-17,15.0,12.2,13.3,13.9,17.2,8,14.3,17.7,17.5,14.4,229,-0.8660254037844385,-0.5000000000000004,-0.7176769136759615,-0.6963762255968726
2022-08-18,14.3,10.6,12.8,13.9,17.166666666666668,8,14.9,15.0,17.7,17.5,230,-0.8660254037844385,-0.5000000000000004,-0.7295575540864876,-0.6839194216246105
2022-08-19,14.9,8.2,12.1,1.7,17.153333333333332,8,14.8,14.3,15.0,17.7,231,-0.8660254037844385,-0.5000000000000004,-0.7412220108485957,-0.6712599575675315
2022-08-20,14.8,6.7,12.0,0.5,17.09333333333333,8,16.9,14.9,14.3,15.0,232,-0.8660254037844385,-0.5000000000000004,-0.7526668275320083,-0.6584015846980489
2022-08-21,16.9,5.1,11.4,0.0,17.103333333333335,8,17.2,14.8,14.9,14.3,233,-0.8660254037844385,-0.5000000000000004,-0.7638886127905429,-0.64534811322955
2022-08-22,17.2,7.0,12.5,0.0,17.173333333333336,8,23.7,16.9,14.8,14.9,234,-0.8660254037844385,-0.5000000000000004,-0.7748840413670406,-0.6321034111873488
2022-08-23,23.7,5.3,14.7,0.0,17.373333333333335,8,20.1,17.2,16.9,14.8,235,-0.8660254037844385,-0.5000000000000004,-0.7856498550787144,-0.6186714032625032
2022-08-24,20.1,12.1,15.1,0.0,17.42,8,17.1,23.7,17.2,16.9,236,-0.8660254037844385,-0.5000000000000004,-0.7961828637826154,-0.6050560696488494
2022-08-25,17.1,9.4,14.1,3.8,17.316666666666666,8,16.2,20.1,23.7,17.2,237,-0.8660254037844385,-0.5000000000000004,-0.8064799463209447,-0.5912614448635782
2022-08-26,16.2,8.1,11.7,0.2,17.21333333333333,8,17.5,17.1,20.1,23.7,238,-0.8660254037844385,-0.5000000000000004,-0.8165380514459157,-0.5772916165517278
2022-08-27,17.5,9.2,12.6,0.5,17.013333333333335,8,16.5,16.2,17.1,20.1,239,-0.8660254037844385,-0.5000000000000004,-0.8263541987239094,-0.5631507242749187
2022-08-28,16.5,8.4,12.4,0.3,17.023333333333333,8,16.1,17.5,16.2,17.1,240,-0.8660254037844385,-0.5000000000000004,-0.8359254794186365,-0.5488429582847199
2022-08-29,16.1,5.4,10.9,2.5,17.053333333333335,8,18.8,16.5,17.5,16.2,241,-0.8660254037844385,-0.5000000000000004,-0.8452490573530634,-0.5343725582809785
2022-08-30,18.8,10.2,13.4,0.0,17.196666666666665,8,24.1,16.1,16.5,17.5,242,-0.8660254037844385,-0.5000000000000004,-0.8543221697498269,-0.5197438121555157
2022-08-31,24.1,7.4,15.4,0.0,17.44,8,21.6,18.8,16.1,16.5,243,-0.8660254037844385,-0.5000000000000004,-0.8631421280499115,-0.5049610547215202
2022-09-01,21.6,13.1,16.4,0.0,17.633333333333333,9,18.0,24.1,18.8,16.1,244,-1.0,-1.8369701987210297e-16,-0.8717063187093217,-0.4900286664290594
2022-09-02,18.0,12.5,14.5,0.3,17.66,9,19.0,21.6,24.1,18.8,245,-1.0,-1.8369701987210297e-16,-0.8800122039735356,-0.4749510720670502
2022-09-03,19.0,10.4,14.1,0.0,17.703333333333333,9,17.6,18.0,21.6,24.1,246,-1.0,-1.8369701987210297e-16,-0.888057322629493,-0.4597327394521046
2022-09-04,17.6,9.7,12.3,11.5,17.7,9,15.3,19.0,18.0,21.6,247,-1.0,-1.8369701987210297e-16,-0.8958392907349089,-0.4443781781046134
2022-09-05,15.3,10.3,12.4,1.4,17.59,9,15.2,17.6,19.0,18.0,248,-1.0,-1.8369701987210297e-16,-0.9033558023246842,-0.4288919379124841
2022-09-06,15.2,7.3,11.7,0.0,17.456666666666667,9,16.9,15.3,17.6,19.0,249,-1.0,-1.8369701987210297e-16,-0.9106046300942162,-0.41327860778290443
2022-09-07,16.9,7.0,12.6,0.0,17.37,9,17.4,15.2,15.3,17.6,250,-1.0,-1.8369701987210297e-16,-0.9175836260593934,-0.3975428142825566
2022-09-08,17.4,11.1,13.8,0.0,17.256666666666668,9,17.7,16.9,15.2,15.3,251,-1.0,-1.8369701987210297e-16,-0.9242907221930934,-0.3816892202666586
2022-09-09,17.7,9.6,13.7,0.0,17.346666666666668,9,17.9,17.4,16.9,15.2,252,-1.0,-1.8369701987210297e-16,-0.9307239310379793,-0.3657225234972692
2022-09-10,17.9,10.3,14.2,0.2,17.35,9,17.4,17.7,17.4,16.9,253,-1.0,-1.8369701987210297e-16,-0.9368813462954315,-0.34964745525122826
2022-09-11,17.4,10.8,13.5,1.8,17.42,9,16.4,17.9,17.7,17.4,254,-1.0,-1.8369701987210297e-16,-0.9427611433904206,-0.33346877891818705
2022-09-12,16.4,7.5,12.2,0.0,17.44,9,20.8,17.4,17.9,17.7,255,-1.0,-1.8369701987210297e-16,-0.9483615800121716,-0.31719128858910595
2022-09-13,20.8,11.6,15.1,0.0,17.653333333333332,9,24.0,16.4,17.4,17.9,256,-1.0,-1.8369701987210297e-16,-0.9536809966304455,-0.300819807635668
2022-09-14,24.0,7.5,15.7,0.0,17.87,9,23.1,20.8,16.4,17.4,257,-1.0,-1.8369701987210297e-16,-0.9587178169872964,-0.2843591872810036
2022-09-15,23.1,10.4,15.2,0.0,18.05,9,20.0,24.0,20.8,16.4,258,-1.0,-1.8369701987210297e-16,-0.9634705485641486,-0.26781430516217486
2022-09-16,20.0,10.6,15.7,0.2,18.216666666666665,9,16.4,23.1,24.0,20.8,259,-1.0,-1.8369701987210297e-16,-0.9679377830240642,-0.25119006388481957
2022-09-17,16.4,11.1,13.8,0.4,18.28666666666667,9,16.0,20.0,23.1,24.0,260,-1.0,-1.8369701987210297e-16,-0.9721181966290612,-0.23449138957041052
2022-09-18,16.0,9.7,13.2,1.0,18.323333333333334,9,18.0,16.4,20.0,23.1,261,-1.0,-1.8369701987210297e-16,-0.9760105506323682,-0.21772323039653224
2022-09-19,18.0,9.0,14.0,0.7,18.43,9,19.2,16.0,16.4,20.0,262,-1.0,-1.8369701987210297e-16,-0.9796136916454901,-0.20089055513063528
2022-09-20,19.2,11.1,14.9,0.0,18.506666666666668,9,24.2,18.0,16.0,16.4,263,-1.0,-1.8369701987210297e-16,-0.9829265519799822,-0.18399835165767986
2022-09-21,24.2,6.9,15.5,0.0,18.74,9,19.1,19.2,18.0,16.0,264,-1.0,-1.8369701987210297e-16,-0.9859481499638303,-0.1670516255021195
2022-09-22,19.1,8.3,13.1,3.4,18.586666666666666,9,15.8,24.2,19.2,18.0,265,-1.0,-1.8369701987210297e-16,-0.9886775902323404,-0.15005539834465262
2022-09-23,15.8,9.7,13.2,0.0,18.44333333333333,9,18.2,19.1,24.2,19.2,266,-1.0,-1.8369701987210297e-16,-0.9911140639934546,-0.13301470653419636
2022-09-24,18.2,5.6,13.0,0.0,18.48,9,22.0,15.8,19.1,24.2,267,-1.0,-1.8369701987210297e-16,-0.9932568492674143,-0.11593459959550066
2022-09-25,22.0,9.9,15.5,0.0,18.673333333333336,9,18.4,18.2,15.8,19.1,268,-1.0,-1.8369701987210297e-16,-0.9951053111006974,-0.09882013873287211
2022-09-26,18.4,10.9,14.1,0.9,18.703333333333333,9,21.5,22.0,18.2,15.8,269,-1.0,-1.8369701987210297e-16,-0.99665890175417,-0.08167639533042288
2022-09-27,21.5,7.4,14.3,0.0,18.87,9,19.6,18.4,22.0,18.2,270,-1.0,-1.8369701987210297e-16,-0.9979171608653922,-0.06450844944931625
2022-09-28,19.6,10.4,15.1,0.0,18.986666666666668,9,20.8,21.5,18.4,22.0,271,-1.0,-1.8369701987210297e-16,-0.9988797155850335,-0.04732138832243232
2022-09-29,20.8,11.9,15.8,0.0,19.05333333333333,9,21.1,19.6,21.5,18.4,272,-1.0,-1.8369701987210297e-16,-0.9995462806873573,-0.03012030484690836
2022-09-30,21.1,10.9,15.4,0.1,18.953333333333333,9,19.7,20.8,19.6,21.5,273,-1.0,-1.8369701987210297e-16,-0.9999166586547379,-0.012910296075008843
2022-10-01,19.7,11.2,15.5,0.0,18.89,10,27.1,21.1,20.8,19.6,274,-0.8660254037844386,0.5000000000000001,-0.9999907397361901,0.004303538296243821
2022-10-02,27.1,8.5,16.8,0.0,19.193333333333335,10,21.2,19.7,21.1,20.8,275,-0.8660254037844386,0.5000000000000001,-0.9997685019798909,0.021516097436222233
2022-10-03,21.2,12.3,15.8,0.9,19.266666666666666,10,19.7,27.1,19.7,21.1,276,-0.8660254037844386,0.5000000000000001,-0.9992500112396835,0.03872228089217399
2022-10-04,19.7,8.7,14.0,0.0,19.336666666666666,10,20.7,21.2,27.1,19.7,277,-0.8660254037844386,0.5000000000000001,-0.9984354211555643,0.05591699010060302
2022-10-05,20.7,7.0,15.1,0.0,19.516666666666662,10,20.7,19.7,21.2,27.1,278,-0.8660254037844386,0.5000000000000001,-0.9973249731081555,0.07309512989807776
2022-10-06,20.7,10.0,15.1,1.1,19.7,10,20.8,20.7,19.7,21.2,279,-0.8660254037844386,0.5000000000000001,-0.9959189961471792,0.0902516100310407
2022-10-07,20.8,10.0,15.5,0.1,19.83,10,20.9,20.7,20.7,19.7,280,-0.8660254037844386,0.5000000000000001,-0.994217906893952,0.10738134666416306
2022-10-08,20.9,10.0,15.6,0.0,19.94666666666667,10,23.4,20.8,20.7,20.7,281,-0.8660254037844386,0.5000000000000001,-0.9922222094179324,0.12447926388678869
2022-10-09,23.4,14.5,18.5,0.0,20.136666666666667,10,27.4,20.9,20.8,20.7,282,-0.8660254037844386,0.5000000000000001,-0.989932495087353,0.141540295217043
2022-10-10,27.4,11.9,20.7,0.0,20.453333333333333,10,24.1,23.4,20.9,20.8,283,-0.8660254037844386,0.5000000000000001,-0.9873494423939864,0.15855938510313475
2022-10-11,24.1,16.0,19.4,0.0,20.67666666666667,10,20.9,27.4,23.4,20.9,284,-0.8660254037844386,0.5000000000000001,-0.9844738167520923,0.17553149042142777
2022-10-12,20.9,15.6,17.7,0.0,20.826666666666664,10,20.3,24.1,27.4,23.4,285,-0.8660254037844386,0.5000000000000001,-0.9813064702716093,0.19245158197082995
2022-10-13,20.3,14.6,17.4,0.2,20.81,10,20.9,20.9,24.1,27.4,286,-0.8660254037844386,0.5000000000000001,-0.9778483415056567,0.20931464596304888
2022-10-14,20.9,12.1,17.0,0.0,20.706666666666667,10,22.8,20.3,20.9,24.1,287,-0.8660254037844386,0.5000000000000001,-0.9741004551724206,0.22611568550828803
2022-10-15,22.8,15.8,18.4,2.1,20.696666666666665,10,27.6,20.9,20.3,20.9,288,-0.8660254037844386,0.5000000000000001,-0.970063921851507,0.2428497220959358
2022-10-16,27.6,13.3,19.8,0.1,20.95,10,23.7,22.8,20.9,20.3,289,-0.8660254037844386,0.5000000000000001,-0.965739937654855,0.25951179706979943
2022-10-17,23.7,14.9,18.5,0.0,21.19333333333333,10,22.6,27.6,22.8,20.9,290,-0.8660254037844386,0.5000000000000001,-0.9611297838723007,0.27609697309746883
2022-10-18,22.6,13.6,18.0,0.0,21.413333333333334,10,28.4,23.7,27.6,22.8,291,-0.8660254037844386,0.5000000000000001,-0.9562348265919058,0.2926003356333479
2022-10-19,28.4,10.8,19.3,0.0,21.759999999999998,10,21.1,22.6,23.7,27.6,292,-0.8660254037844386,0.5000000000000001,-0.9510565162951536,0.30901699437494723
2022-10-20,21.1,12.4,17.2,0.2,21.82333333333333,10,20.6,28.4,22.6,23.7,293,-0.8660254037844386,0.5000000000000001,-0.9455963874271428,0.3253420847119795
2022-10-21,20.6,14.5,17.6,0.0,21.703333333333333,10,28.2,21.1,28.4,22.6,294,-0.8660254037844386,0.5000000000000001,-0.9398560579418953,0.341570769167856
2022-10-22,28.2,13.4,20.0,0.0,22.006666666666668,10,27.5,20.6,21.1,28.4,295,-0.8660254037844386,0.5000000000000001,-0.9338372288229252,0.35769823883312546
2022-10-23,27.5,15.7,20.5,0.0,22.39666666666667,10,25.0,28.2,20.6,21.1,296,-0.8660254037844386,0.5000000000000001,-0.9275416835791965,0.3737197147904692
2022-10-24,25.0,15.3,19.0,0.0,22.623333333333335,10,21.1,27.5,28.2,20.6,297,-0.8660254037844386,0.5000000000000001,-0.9209712877166347,0.38963044953078774
2022-10-25,21.1,13.5,17.5,0.1,22.59333333333333,10,26.5,25.0,27.5,28.2,298,-0.8660254037844386,0.5000000000000001,-0.9141279881853337,0.4054257283599973
2022-10-26,26.5,15.2,19.8,0.0,22.863333333333333,10,20.7,21.1,25.0,27.5,299,-0.8660254037844386,0.5000000000000001,-0.9070138128026362,0.42110087079608916
2022-10-27,20.7,14.5,18.0,0.0,22.836666666666666,10,27.7,26.5,21.1,25.0,300,-0.8660254037844386,0.5000000000000001,-0.8996308696522434,0.4366512319560638
2022-10-28,27.7,15.8,21.4,0.0,23.10666666666667,10,23.3,20.7,26.5,21.1,301,-0.8660254037844386,0.5000000000000001,-0.8919813464595487,0.45207220393230374
2022-10-29,23.3,13.2,18.4,0.0,23.19,10,20.2,27.7,20.7,26.5,302,-0.8660254037844386,0.5000000000000001,-0.8840675099433637,0.46735921715800205
2022-10-30,20.2,13.7,17.1,1.6,23.160000000000004,10,23.4,23.3,27.7,20.7,303,-0.8660254037844386,0.5000000000000001,-0.8758917051442433,0.48250774176121763
2022-10-31,23.4,14.0,17.8,0.0,23.283333333333335,10,30.0,20.2,23.3,27.7,304,-0.8660254037844386,0.5000000000000001,-0.8674563547295971,0.4975132889071803
2022-11-01,30.0,12.5,21.1,0.0,23.38,11,26.3,23.4,20.2,23.3,305,-0.5000000000000004,0.8660254037844384,-0.858763958275803,0.5123714121284235
2022-11-02,26.3,14.6,21.2,2.0,23.55,11,27.7,30.0,23.4,20.2,306,-0.5000000000000004,0.8660254037844384,-0.8498170915275277,0.5270777086423724
2022-11-03,27.7,13.6,20.7,0.5,23.816666666666666,11,28.1,26.3,30.0,23.4,307,-0.5000000000000004,0.8660254037844384,-0.8406184056344783,0.5416278206559811
2022-11-04,28.1,18.1,21.8,0.4,24.063333333333336,11,23.4,27.7,26.3,30.0,308,-0.5000000000000004,0.8660254037844384,-0.8311706263658079,0.5560174366570446
2022-11-05,23.4,16.9,19.8,0.0,24.153333333333332,11,28.0,28.1,27.7,26.3,309,-0.5000000000000004,0.8660254037844384,-0.8214765533024145,0.5702422926917867
2022-11-06,28.0,14.1,21.0,0.0,24.393333333333334,11,24.6,23.4,28.1,27.7,310,-0.5000000000000004,0.8660254037844384,-0.8115390590073611,0.5842981736283683
2022-11-07,24.6,15.7,19.4,0.5,24.516666666666666,11,22.6,28.0,23.4,28.1,311,-0.5000000000000004,0.8660254037844384,-0.801361088174677,0.5981809144059158
2022-11-08,22.6,12.6,17.4,0.0,24.49,11,19.8,24.6,28.0,23.4,312,-0.5000000000000004,0.8660254037844384,-0.7909456567567774,0.6118864012687242
2022-11-09,19.8,12.9,16.4,2.5,24.236666666666668,11,26.5,22.6,24.6,28.0,313,-0.5000000000000004,0.8660254037844384,-0.780295851070776,0.6254105729852457
2022-11-10,26.5,12.7,19.9,0.0,24.316666666666666,11,25.6,19.8,22.6,24.6,314,-0.5000000000000004,0.8660254037844384,-0.7694148268839381,0.6387494220515268
2022-11-11,25.6,12.4,18.9,0.0,24.473333333333336,11,23.0,26.5,19.8,22.6,315,-0.5000000000000004,0.8660254037844384,-0.7583058084785625,0.6518989958787125
2022-11-12,23.0,14.2,18.7,0.0,24.563333333333336,11,23.4,25.6,26.5,19.8,316,-0.5000000000000004,0.8660254037844384,-0.7469720876965551,0.6648553979642866
2022-11-13,23.4,13.7,18.7,1.3,24.646666666666665,11,28.4,23.0,25.6,26.5,317,-0.5000000000000004,0.8660254037844384,-0.7354170229639858,0.6776147890466887
2022-11-14,28.4,13.5,19.9,0.0,24.833333333333332,11,23.2,23.4,23.0,25.6,318,-0.5000000000000004,0.8660254037844384,-0.7236440382959124,0.690173388242972
2022-11-15,23.2,12.0,18.7,1.4,24.686666666666667,11,22.2,28.4,23.4,23.0,319,-0.5000000000000004,0.8660254037844384,-0.711656622281775,0.7025274741691566
2022-11-16,22.2,13.0,17.6,1.0,24.636666666666667,11,20.3,23.2,28.4,23.4,320,-0.5000000000000004,0.8660254037844384,-0.6994583270516471,0.7146733860429608
2022-11-17,20.3,14.4,17.3,0.0,24.560000000000002,11,21.9,22.2,23.2,28.4,321,-0.5000000000000004,0.8660254037844384,-0.6870527672236675,0.7266075247685652
2022-11-18,21.9,13.1,17.6,0.0,24.343333333333337,11,21.4,20.3,22.2,23.2,322,-0.5000000000000004,0.8660254037844384,-0.6744436188329457,0.7383263540031063
2022-11-19,21.4,13.7,17.4,0.5,24.353333333333335,11,22.1,21.9,20.3,22.2,323,-0.5000000000000004,0.8660254037844384,-0.661634618242279,0.749826401204568
2022-11-20,22.1,12.4,17.7,0.0,24.403333333333332,11,21.5,21.4,21.9,20.3,324,-0.5000000000000004,0.8660254037844384,-0.6486295610349818,0.7611042586607742
2022-11-21,21.5,14.7,18.3,0.0,24.18,11,22.7,22.1,21.4,21.9,325,-0.5000000000000004,0.8660254037844384,-0.6354323008901775,0.7721565844991641
2022-11-22,22.7,15.9,19.0,0.0,24.019999999999996,11,22.9,21.5,22.1,21.4,326,-0.5000000000000004,0.8660254037844384,-0.622046748440868,0.7829801036770624
2022-11-23,22.9,13.8,18.3,0.2,23.95,11,22.2,22.7,21.5,22.1,327,-0.5000000000000004,0.8660254037844384,-0.6084768701151264,0.7935716089521472
2022-11-24,22.2,14.7,17.8,1.6,23.986666666666668,11,20.4,22.9,22.7,21.5,328,-0.5000000000000004,0.8660254037844384,-0.594726686960764,0.8039279618328208
2022-11-25,20.4,14.0,17.1,0.0,23.783333333333335,11,22.2,22.2,22.9,22.7,329,-0.5000000000000004,0.8660254037844384,-0.5808002734538013,0.8140460935082175
2022-11-26,22.2,14.5,18.0,0.0,23.833333333333332,11,25.8,20.4,22.2,22.9,330,-0.5000000000000004,0.8660254037844384,-0.5667017562911184,0.8239230057575536
2022-11-27,25.8,15.3,20.7,0.0,23.769999999999996,11,32.8,22.2,20.4,22.2,331,-0.5000000000000004,0.8660254037844384,-0.5524353131676203,0.8335557718385695
2022-11-28,32.8,13.9,23.9,0.0,24.086666666666666,11,29.0,25.8,22.2,20.4,332,-0.5000000000000004,0.8660254037844384,-0.5380051715382992,0.8429415373547832
2022-11-29,29.0,15.7,22.5,0.0,24.38,11,25.7,32.8,25.8,22.2,333,-0.5000000000000004,0.8660254037844384,-0.5234156073655503,0.8520775211013093
2022-11-30,25.7,16.9,20.2,0.0,24.456666666666663,11,25.4,29.0,32.8,25.8,334,-0.5000000000000004,0.8660254037844384,-0.5086709438521042,0.8609610158889945
2022-12-01,25.4,16.0,20.4,1.0,24.303333333333335,12,21.7,25.7,29.0,32.8,335,-2.4492935982947064e-16,1.0,-0.49377555015997737,0.8695893893466109
2022-12-02,21.7,16.1,18.1,2.4,24.15,12,20.6,25.4,25.7,29.0,336,-2.4492935982947064e-16,1.0,-0.4787338401157883,0.8779600847008883
2022-12-03,20.6,14.8,17.7,0.1,23.913333333333334,12,21.6,21.7,25.4,25.7,337,-2.4492935982947064e-16,1.0,-0.4635502709028512,0.8860706215341378
2022-12-04,21.6,14.9,18.1,0.0,23.696666666666665,12,22.5,20.6,21.7,25.4,338,-2.4492935982947064e-16,1.0,-0.4482293417404106,0.893918596519257
2022-12-05,22.5,15.1,18.3,0.0,23.666666666666668,12,23.3,21.6,20.6,21.7,339,-2.4492935982947064e-16,1.0,-0.4327755925504317,0.9015016841318838
2022-12-06,23.3,14.1,18.9,0.0,23.509999999999998,12,25.8,22.5,21.6,20.6,340,-2.4492935982947064e-16,1.0,-0.41719360261231697,0.9088176373395028
2022-12-07,25.8,11.4,19.7,0.0,23.55,12,31.8,23.3,22.5,21.6,341,-2.4492935982947064e-16,1.0,-0.4014879892059737,0.9158642882672868
2022-12-08,31.8,15.8,24.1,0.0,23.85666666666667,12,27.2,25.8,23.3,22.5,342,-2.4492935982947064e-16,1.0,-0.38566340624360745,0.9226395488404875
2022-12-09,27.2,19.2,22.7,0.4,24.103333333333335,12,30.3,31.8,25.8,23.3,343,-2.4492935982947064e-16,1.0,-0.3697245428906732,0.9291414114031743
2022-12-10,30.3,16.9,23.2,2.9,24.23,12,33.7,27.2,31.8,25.8,344,-2.4492935982947064e-16,1.0,-0.3536761221763721,0.935367949313148
2022-12-11,33.7,20.0,26.2,0.0,24.5,12,28.8,30.3,27.2,31.8,345,-2.4492935982947064e-16,1.0,-0.33752289959411347,0.941317317512847
2022-12-12,28.8,19.5,23.1,23.9,24.69333333333333,12,26.1,33.7,30.3,27.2,346,-2.4492935982947064e-16,1.0,-0.32126966169236515,0.9469877530760751
2022-12-13,26.1,18.6,21.7,1.9,24.783333333333335,12,25.7,28.8,33.7,30.3,347,-2.4492935982947064e-16,1.0,-0.3049212246562894,0.9523775757303973
2022-12-14,25.7,16.6,21.1,0.0,24.69333333333333,12,30.3,26.1,28.8,33.7,348,-2.4492935982947064e-16,1.0,-0.2884824328806098,0.9574851883550389
2022-12-15,30.3,20.2,25.1,0.0,24.93,12,27.4,25.7,26.1,28.8,349,-2.4492935982947064e-16,1.0,-0.27195815753410524,0.9623090774541487
2022-12-16,27.4,19.4,21.8,16.0,25.103333333333335,12,25.3,30.3,25.7,26.1,350,-2.4492935982947064e-16,1.0,-0.2553532951161881,0.9668478136052773
2022-12-17,25.3,19.3,21.6,0.3,25.269999999999996,12,24.8,27.4,30.3,25.7,351,-2.4492935982947064e-16,1.0,-0.23867276600594997,0.9711000518829505
2022-12-18,24.8,17.6,21.0,0.0,25.366666666666667,12,22.5,25.3,27.4,30.3,352,-2.4492935982947064e-16,1.0,-0.22192151300416674,0.9750645322571945
2022-12-19,22.5,18.2,19.9,0.0,25.403333333333332,12,22.3,24.8,25.3,27.4,353,-2.4492935982947064e-16,1.0,-0.20510449986861926,0.9787400799669153
2022-12-20,22.3,17.4,19.8,0.0,25.41,12,29.8,22.5,24.8,25.3,354,-2.4492935982947064e-16,1.0,-0.1882267098432439,0.9821256058680006
2022-12-21,29.8,15.5,22.7,0.0,25.686666666666667,12,29.4,22.3,22.5,24.8,355,-2.4492935982947064e-16,1.0,-0.1712931441814778,0.9852201067560606
2022-12-22,29.4,16.7,22.4,0.0,25.910000000000004,12,24.5,29.8,22.3,22.5,356,-2.4492935982947064e-16,1.0,-0.154308820664281,0.9880226656636976
2022-12-23,24.5,17.8,20.8,0.0,25.96333333333333,12,24.5,29.4,29.8,22.3,357,-2.4492935982947064e-16,1.0,-0.13727877211326517,0.9905324521322227
2022-12-24,24.5,14.6,19.6,0.3,26.040000000000003,12,20.6,24.5,29.4,29.8,358,-2.4492935982947064e-16,1.0,-0.12020804489935275,0.9927487224577402
2022-12-25,20.6,16.0,18.2,0.1,26.04666666666667,12,28.2,24.5,24.5,29.4,359,-2.4492935982947064e-16,1.0,-0.10310169744743544,0.9946708199115211
2022-12-26,28.2,13.3,20.4,0.0,26.246666666666666,12,26.9,20.6,24.5,24.5,360,-2.4492935982947064e-16,1.0,-0.0859647987374467,0.9962981749346077
2022-12-27,26.9,15.2,20.7,0.0,26.283333333333335,12,26.8,28.2,20.6,24.5,361,-2.4492935982947064e-16,1.0,-0.06880242680232064,0.9976303053065857
2022-12-28,26.8,17.1,21.1,2.0,26.083333333333332,12,21.6,26.9,28.2,20.6,362,-2.4492935982947064e-16,1.0,-0.05161966722325418,0.9986668162884759
2022-12-29,21.6,16.2,18.6,0.2,25.836666666666666,12,29.0,26.8,26.9,28.2,363,-2.4492935982947064e-16,1.0,-0.034421611622745804,0.9994074007397048
2022-12-30,29.0,12.3,21.2,0.0,25.94666666666667,12,32.8,21.6,26.8,26.9,364,-2.4492935982947064e-16,1.0,-0.01721335615583528,0.9998518392091162
2022-12-31,32.8,14.4,23.4,0.0,26.19333333333333,12,33.3,29.0,21.6,26.8,365,-2.4492935982947064e-16,1.0,6.432490598706546e-16,1.0
2023-01-01,33.3,16.2,24.6,0.0,26.58,1,33.2,32.8,29.0,21.6,1,0.49999999999999994,0.8660254037844387,0.017213356155834685,0.9998518392091162
2023-01-02,33.2,18.6,25.9,0.0,27.0,1,29.1,33.3,32.8,29.0,2,0.49999999999999994,0.8660254037844387,0.03442161162274574,0.9994074007397048
2023-01-03,29.1,14.9,21.8,1.7,27.25,1,21.6,33.2,33.3,32.8,3,0.49999999999999994,0.8660254037844387,0.051619667223253764,0.998666816288476
2023-01-04,21.6,16.2,18.8,2.6,27.220000000000002,1,21.2,29.1,33.2,33.3,4,0.49999999999999994,0.8660254037844387,0.06880242680231986,0.9976303053065857
2023-01-05,21.2,15.9,18.5,0.0,27.15,1,25.1,21.6,29.1,33.2,5,0.49999999999999994,0.8660254037844387,0.08596479873744647,0.9962981749346078
2023-01-06,25.1,16.4,20.2,0.0,27.126666666666665,1,28.2,21.2,21.6,29.1,6,0.49999999999999994,0.8660254037844387,0.10310169744743485,0.9946708199115211
2023-01-07,28.2,15.7,21.5,0.0,27.006666666666668,1,28.1,25.1,21.2,21.6,7,0.49999999999999994,0.8660254037844387,0.1202080448993527,0.9927487224577402
2023-01-08,28.1,14.5,21.0,0.0,27.036666666666665,1,28.3,28.2,25.1,21.2,8,0.49999999999999994,0.8660254037844387,0.13727877211326478,0.9905324521322229
2023-01-09,28.3,15.4,21.6,0.2,26.970000000000002,1,27.2,28.1,28.2,25.1,9,0.49999999999999994,0.8660254037844387,0.15430882066428117,0.9880226656636976
2023-01-10,27.2,18.0,21.4,0.0,26.75333333333333,1,25.2,28.3,28.1,28.2,10,0.49999999999999994,0.8660254037844387,0.1712931441814776,0.9852201067560606
2023-01-11,25.2,14.3,20.4,0.0,26.633333333333333,1,25.0,27.2,28.3,28.1,11,0.49999999999999994,0.8660254037844387,0.1882267098432442,0.9821256058680006
2023-01-12,25.0,17.1,21.4,1.0,26.596666666666668,1,26.2,25.2,27.2,28.3,12,0.49999999999999994,0.8660254037844387,0.2051044998686192,0.9787400799669153
2023-01-13,26.2,13.9,20.5,0.0,26.613333333333337,1,24.1,25.0,25.2,27.2,13,0.49999999999999994,0.8660254037844387,0.2219215130041655,0.9750645322571948
2023-01-14,24.1,18.5,21.2,0.7,26.406666666666663,1,27.4,26.2,25.0,25.2,14,0.49999999999999994,0.8660254037844387,0.2386727660059501,0.9711000518829505
2023-01-15,27.4,19.0,22.9,0.0,26.40666666666667,1,31.5,24.1,26.2,25.0,15,0.49999999999999994,0.8660254037844387,0.255353295116187,0.9668478136052775
2023-01-16,31.5,18.9,24.9,0.0,26.613333333333337,1,32.4,27.4,24.1,26.2,16,0.49999999999999994,0.8660254037844387,0.2719581575341055,0.9623090774541486
2023-01-17,32.4,18.2,25.5,0.0,26.866666666666667,1,30.1,31.5,27.4,24.1,17,0.49999999999999994,0.8660254037844387,0.288482432880609,0.9574851883550393
2023-01-18,30.1,19.6,24.1,0.8,27.12,1,27.4,32.4,31.5,27.4,18,0.49999999999999994,0.8660254037844387,0.30492122465628907,0.9523775757303974
2023-01-19,27.4,19.6,22.4,0.9,27.290000000000003,1,27.6,30.1,32.4,31.5,19,0.49999999999999994,0.8660254037844387,0.3212696616923644,0.9469877530760753
2023-01-20,27.6,16.4,21.5,0.0,27.216666666666665,1,28.6,27.4,30.1,32.4,20,0.49999999999999994,0.8660254037844387,0.3375228995941133,0.9413173175128471
2023-01-21,28.6,17.6,22.2,0.0,27.189999999999998,1,24.5,27.6,27.4,30.1,21,0.49999999999999994,0.8660254037844387,0.3536761221763716,0.9353679493131483
2023-01-22,24.5,18.0,21.5,0.1,27.189999999999998,1,30.0,28.6,27.6,27.4,22,0.49999999999999994,0.8660254037844387,0.3697245428906731,0.9291414114031743
2023-01-23,30.0,16.8,22.6,0.0,27.37333333333333,1,23.0,24.5,28.6,27.6,23,0.49999999999999994,0.8660254037844387,0.38566340624360707,0.9226395488404876
2023-01-24,23.0,17.3,19.6,1.5,27.45333333333333,1,24.3,30.0,24.5,28.6,24,0.49999999999999994,0.8660254037844387,0.401487989205973,0.9158642882672872
2023-01-25,24.3,15.5,19.4,0.0,27.323333333333334,1,24.5,23.0,30.0,24.5,25,0.49999999999999994,0.8660254037844387,0.4171936026123168,0.9088176373395029
2023-01-26,24.5,12.8,19.3,0.0,27.243333333333336,1,24.7,24.3,23.0,30.0,26,0.49999999999999994,0.8660254037844387,0.4327755925504312,0.901501684131884
2023-01-27,24.7,17.1,20.8,0.0,27.173333333333332,1,22.8,24.5,24.3,23.0,27,0.49999999999999994,0.8660254037844387,0.4482293417404106,0.893918596519257
2023-01-28,22.8,17.6,19.9,1.3,27.21333333333333,1,28.8,24.7,24.5,24.3,28,0.49999999999999994,0.8660254037844387,0.4635502709028509,0.886070621534138
2023-01-29,28.8,16.0,22.0,0.0,27.206666666666663,1,32.0,22.8,24.7,24.5,29,0.49999999999999994,0.8660254037844387,0.47873384011578846,0.8779600847008882
2023-01-30,32.0,16.7,24.1,0.0,27.18,1,31.5,28.8,22.8,24.7,30,0.49999999999999994,0.8660254037844387,0.49377555015997715,0.869589389346611
2023-01-31,31.5,15.5,23.1,0.0,27.12,1,25.7,32.0,28.8,22.8,31,0.49999999999999994,0.8660254037844387,0.5086709438521044,0.8609610158889943
2023-02-01,25.7,17.5,20.8,0.2,26.87,2,23.4,31.5,32.0,28.8,32,0.8660254037844386,0.5000000000000001,0.5234156073655503,0.8520775211013093
2023-02-02,23.4,17.1,19.9,0.0,26.68,2,26.1,25.7,31.5,32.0,33,0.8660254037844386,0.5000000000000001,0.5380051715382996,0.8429415373547828
2023-02-03,26.1,16.2,20.9,0.0,26.83,2,31.2,23.4,25.7,31.5,34,0.8660254037844386,0.5000000000000001,0.5524353131676196,0.8335557718385699
2023-02-04,31.2,15.0,22.5,0.0,27.163333333333334,2,23.7,26.1,23.4,25.7,35,0.8660254037844386,0.5000000000000001,0.5667017562911176,0.8239230057575542
2023-02-05,23.7,19.2,20.9,1.5,27.116666666666667,2,30.5,31.2,26.1,23.4,36,0.8660254037844386,0.5000000000000001,0.5808002734538009,0.8140460935082178
2023-02-06,30.5,19.2,23.8,0.0,27.19333333333333,2,24.7,23.7,31.2,26.1,37,0.8660254037844386,0.5000000000000001,0.5947266869607634,0.8039279618328213
2023-02-07,24.7,18.7,21.5,0.0,27.080000000000002,2,32.2,30.5,23.7,31.2,38,0.8660254037844386,0.5000000000000001,0.6084768701151261,0.7935716089521474
2023-02-08,32.2,17.5,24.4,0.0,27.209999999999997,2,30.1,24.7,30.5,23.7,39,0.8660254037844386,0.5000000000000001,0.6220467484408675,0.7829801036770629
2023-02-09,30.1,15.4,23.1,0.0,27.30666666666667,2,33.9,32.2,24.7,30.5,40,0.8660254037844386,0.5000000000000001,0.6354323008901774,0.7721565844991642
2023-02-10,33.9,18.6,25.8,0.0,27.596666666666668,2,36.0,30.1,32.2,24.7,41,0.8660254037844386,0.5000000000000001,0.6486295610349814,0.7611042586607747
2023-02-11,36.0,19.0,25.3,0.0,27.96333333333333,2,26.5,33.9,30.1,32.2,42,0.8660254037844386,0.5000000000000001,0.6616346182422783,0.7498264012045686
2023-02-12,26.5,19.0,21.7,0.4,27.973333333333333,2,26.4,36.0,33.9,30.1,43,0.8660254037844386,0.5000000000000001,0.6744436188329455,0.7383263540031065
2023-02-13,26.4,16.8,21.6,0.0,28.05,2,25.1,26.5,36.0,33.9,44,0.8660254037844386,0.5000000000000001,0.6870527672236669,0.7266075247685656
2023-02-14,25.1,18.4,21.5,0.0,27.973333333333333,2,24.4,26.4,26.5,36.0,45,0.8660254037844386,0.5000000000000001,0.699458327051647,0.7146733860429609
2023-02-15,24.4,18.8,21.3,0.0,27.736666666666665,2,29.6,25.1,26.4,26.5,46,0.8660254037844386,0.5000000000000001,0.7116566222817746,0.7025274741691571
2023-02-16,29.6,20.2,23.4,0.0,27.64333333333333,2,26.9,24.4,25.1,26.4,47,0.8660254037844386,0.5000000000000001,0.7236440382959124,0.6901733882429719
2023-02-17,26.9,19.7,22.3,3.9,27.536666666666665,2,26.3,29.6,24.4,25.1,48,0.8660254037844386,0.5000000000000001,0.7354170229639855,0.6776147890466889
2023-02-18,26.3,18.4,21.7,0.0,27.5,2,26.5,26.9,29.6,24.4,49,0.8660254037844386,0.5000000000000001,0.7469720876965552,0.6648553979642865
2023-02-19,26.5,15.5,20.6,0.0,27.46333333333333,2,20.8,26.3,26.9,29.6,50,0.8660254037844386,0.5000000000000001,0.7583058084785624,0.6518989958787126
2023-02-20,20.8,14.1,17.7,21.0,27.203333333333333,2,22.4,26.5,26.3,26.9,51,0.8660254037844386,0.5000000000000001,0.7694148268839378,0.6387494220515272
2023-02-21,22.4,11.2,16.7,0.0,27.133333333333333,2,23.2,20.8,26.5,26.3,52,0.8660254037844386,0.5000000000000001,0.7802958510707755,0.6254105729852463
2023-02-22,23.2,13.7,18.6,0.0,26.90666666666667,2,24.6,22.4,20.8,26.5,53,0.8660254037844386,0.5000000000000001,0.7909456567567772,0.6118864012687243
2023-02-23,24.6,14.5,19.7,0.0,26.96,2,24.3,23.2,22.4,20.8,54,0.8660254037844386,0.5000000000000001,0.8013610881746766,0.5981809144059165
2023-02-24,24.3,17.3,20.2,0.0,26.959999999999997,2,23.0,24.6,23.2,22.4,55,0.8660254037844386,0.5000000000000001,0.8115390590073611,0.5842981736283684
2023-02-25,23.0,16.6,19.5,0.0,26.91,2,27.6,24.3,24.6,23.2,56,0.8660254037844386,0.5000000000000001,0.8214765533024142,0.5702422926917871
2023-02-26,27.6,15.0,20.5,0.0,27.006666666666668,2,28.0,23.0,24.3,24.6,57,0.8660254037844386,0.5000000000000001,0.8311706263658079,0.5560174366570446
2023-02-27,28.0,17.0,21.5,0.0,27.18,2,26.2,27.6,23.0,24.3,58,0.8660254037844386,0.5000000000000001,0.8406184056344782,0.5416278206559814
2023-02-28,26.2,17.7,20.9,0.0,27.093333333333337,2,25.8,28.0,27.6,23.0,59,0.8660254037844386,0.5000000000000001,0.8498170915275278,0.5270777086423722
2023-03-01,25.8,17.4,21.4,0.0,26.886666666666667,3,32.2,26.2,28.0,27.6,60,1.0,6.123233995736766e-17,0.8587639582758029,0.5123714121284237
2023-03-02,32.2,15.5,23.4,0.0,26.910000000000004,3,28.2,25.8,26.2,28.0,61,1.0,6.123233995736766e-17,0.8674563547295969,0.49751328890718066
2023-03-03,28.2,16.2,20.8,0.2,26.993333333333332,3,27.4,32.2,25.8,26.2,62,1.0,6.123233995736766e-17,0.8758917051442429,0.48250774176121847
2023-03-04,27.4,17.0,20.9,5.5,27.126666666666665,3,21.0,28.2,32.2,25.8,63,1.0,6.123233995736766e-17,0.8840675099433636,0.4673592171580022
2023-03-05,21.0,17.5,18.5,19.4,26.956666666666663,3,22.9,27.4,28.2,32.2,64,1.0,6.123233995736766e-17,0.8919813464595485,0.45207220393230435
2023-03-06,22.9,17.1,19.1,5.6,26.680000000000003,3,28.6,21.0,27.4,28.2,65,1.0,6.123233995736766e-17,0.8996308696522433,0.43665123195606403
2023-03-07,28.6,15.7,21.5,0.1,26.84333333333333,3,23.6,22.9,21.0,27.4,66,1.0,6.123233995736766e-17,0.9070138128026359,0.4211008707960896
2023-03-08,23.6,15.4,18.9,0.0,26.613333333333333,3,20.7,28.6,22.9,21.0,67,1.0,6.123233995736766e-17,0.9141279881853337,0.40542572835999735
2023-03-09,20.7,14.6,17.8,3.4,26.48,3,23.3,23.6,28.6,22.9,68,1.0,6.123233995736766e-17,0.9209712877166346,0.38963044953078796
2023-03-10,23.3,11.7,17.5,0.0,26.183333333333334,3,21.8,20.7,23.6,28.6,69,1.0,6.123233995736766e-17,0.9275416835791966,0.37371971479046906
2023-03-11,21.8,15.1,17.8,4.5,25.90666666666667,3,24.7,23.3,20.7,23.6,70,1.0,6.123233995736766e-17,0.9338372288229252,0.35769823883312546
2023-03-12,24.7,11.6,17.9,0.0,25.6,3,24.4,21.8,23.3,20.7,71,1.0,6.123233995736766e-17,0.9398560579418954,0.3415707691678556
2023-03-13,24.4,12.6,18.5,0.0,25.21333333333333,3,27.8,24.7,21.8,23.3,72,1.0,6.123233995736766e-17,0.9455963874271426,0.3253420847119801
2023-03-14,27.8,18.2,21.7,0.0,25.256666666666668,3,33.6,24.4,24.7,21.8,73,1.0,6.123233995736766e-17,0.9510565162951535,0.30901699437494745
2023-03-15,33.6,20.1,24.7,0.0,25.49666666666667,3,32.9,27.8,24.4,24.7,74,1.0,6.123233995736766e-17,0.9562348265919056,0.29260033563334836
2023-03-16,32.9,18.5,24.5,0.0,25.756666666666668,3,25.1,33.6,27.8,24.4,75,1.0,6.123233995736766e-17,0.9611297838723007,0.27609697309746883
2023-03-17,25.1,17.2,20.3,0.0,25.780000000000005,3,23.7,32.9,33.6,27.8,76,1.0,6.123233995736766e-17,0.9657399376548549,0.2595117970697999
2023-03-18,23.7,16.8,19.2,2.1,25.583333333333332,3,25.7,25.1,32.9,33.6,77,1.0,6.123233995736766e-17,0.9700639218515071,0.2428497220959356
2023-03-19,25.7,15.9,19.5,0.0,25.543333333333337,3,22.3,23.7,25.1,32.9,78,1.0,6.123233995736766e-17,0.9741004551724205,0.22611568550828828
2023-03-20,22.3,17.2,19.0,3.6,25.41,3,25.2,25.7,23.7,25.1,79,1.0,6.123233995736766e-17,0.9778483415056568,0.20931464596304847
2023-03-21,25.2,15.7,19.7,3.0,25.366666666666667,3,23.4,22.3,25.7,23.7,80,1.0,6.123233995736766e-17,0.9813064702716093,0.19245158197082998
2023-03-22,23.4,15.2,19.0,0.0,25.453333333333333,3,29.5,25.2,22.3,25.7,81,1.0,6.123233995736766e-17,0.9844738167520922,0.1755314904214282
2023-03-23,29.5,19.0,23.7,4.5,25.69,3,25.4,23.4,25.2,22.3,82,1.0,6.123233995736766e-17,0.9873494423939864,0.15855938510313475
2023-03-24,25.4,16.7,19.6,12.7,25.763333333333332,3,21.7,29.5,23.4,25.2,83,1.0,6.123233995736766e-17,0.989932495087353,0.141540295217043
2023-03-25,21.7,16.7,18.8,5.2,25.666666666666668,3,21.3,25.4,29.5,23.4,84,1.0,6.123233995736766e-17,0.9922222094179323,0.12447926388678915
2023-03-26,21.3,14.5,17.6,0.9,25.566666666666666,3,24.4,21.7,25.4,29.5,85,1.0,6.123233995736766e-17,0.994217906893952,0.10738134666416309
2023-03-27,24.4,10.2,17.3,0.0,25.613333333333333,3,20.8,21.3,21.7,25.4,86,1.0,6.123233995736766e-17,0.995918996147179,0.09025161003104117
2023-03-28,20.8,11.3,17.2,0.3,25.386666666666667,3,19.8,24.4,21.3,21.7,87,1.0,6.123233995736766e-17,0.9973249731081555,0.07309512989807777
2023-03-29,19.8,14.5,16.7,0.0,25.113333333333333,3,21.0,20.8,24.4,21.3,88,1.0,6.123233995736766e-17,0.9984354211555643,0.055916990100603484
2023-03-30,21.0,12.3,17.0,0.0,24.939999999999998,3,23.1,19.8,20.8,24.4,89,1.0,6.123233995736766e-17,0.9992500112396835,0.03872228089217446
2023-03-31,23.1,14.4,18.1,0.0,24.85,3,27.0,21.0,19.8,20.8,90,1.0,6.123233995736766e-17,0.9997685019798909,0.021516097436222254
2023-04-01,27.0,13.1,19.2,0.0,24.676666666666666,4,23.1,23.1,21.0,19.8,91,0.8660254037844387,-0.4999999999999998,0.9999907397361901,0.004303538296244289
2023-04-02,23.1,13.3,17.7,1.4,24.506666666666668,4,22.5,27.0,23.1,21.0,92,0.8660254037844387,-0.4999999999999998,0.9999166586547379,-0.01291029607500882
2023-04-03,22.5,15.2,18.4,1.7,24.343333333333337,4,23.2,23.1,27.0,23.1,93,0.8660254037844387,-0.4999999999999998,0.9995462806873573,-0.030120304846908114
2023-04-04,23.2,13.5,18.1,0.0,24.416666666666668,4,28.0,22.5,23.1,27.0,94,0.8660254037844387,-0.4999999999999998,0.9988797155850336,-0.04732138832243185
2023-04-05,28.0,13.3,19.4,0.0,24.586666666666662,4,29.3,23.2,22.5,23.1,95,0.8660254037844387,-0.4999999999999998,0.9979171608653922,-0.06450844944931623
2023-04-06,29.3,16.4,20.9,0.1,24.610000000000003,4,21.1,28.0,23.2,22.5,96,0.8660254037844387,-0.4999999999999998,0.9966589017541702,-0.08167639533042241
2023-04-07,21.1,16.0,17.7,4.0,24.526666666666667,4,18.1,29.3,28.0,23.2,97,0.8660254037844387,-0.4999999999999998,0.9951053111006976,-0.09882013873287143
2023-04-08,18.1,13.8,16.1,0.0,24.44,4,20.8,21.1,29.3,28.0,98,0.8660254037844387,-0.4999999999999998,0.9932568492674143,-0.11593459959550041
2023-04-09,20.8,11.0,15.8,0.0,24.35666666666667,4,19.3,18.1,21.1,29.3,99,0.8660254037844387,-0.4999999999999998,0.9911140639934547,-0.1330147065341959
2023-04-10,19.3,12.3,16.0,0.5,24.27333333333333,4,19.5,20.8,18.1,21.1,100,0.8660254037844387,-0.4999999999999998,0.9886775902323405,-0.1500553983446526
2023-04-11,19.5,9.7,14.6,0.0,24.1,4,22.1,19.3,20.8,18.1,101,0.8660254037844387,-0.4999999999999998,0.9859481499638304,-0.16705162550211924
2023-04-12,22.1,9.9,15.3,0.1,24.023333333333333,4,22.9,19.5,19.3,20.8,102,0.8660254037844387,-0.4999999999999998,0.9829265519799822,-0.18399835165768005
2023-04-13,22.9,13.1,17.1,1.6,23.86,4,19.6,22.1,19.5,19.3,103,0.8660254037844387,-0.4999999999999998,0.9796136916454901,-0.20089055513063506
2023-04-14,19.6,14.1,16.3,0.5,23.39333333333333,4,21.8,22.9,22.1,19.5,104,0.8660254037844387,-0.4999999999999998,0.9760105506323683,-0.21772323039653177
2023-04-15,21.8,13.0,16.6,0.0,23.023333333333333,4,24.1,19.6,22.9,22.1,105,0.8660254037844387,-0.4999999999999998,0.9721181966290613,-0.23449138957040985
2023-04-16,24.1,11.6,16.5,0.0,22.99,4,21.2,21.8,19.6,22.9,106,0.8660254037844387,-0.4999999999999998,0.9679377830240642,-0.25119006388481935
2023-04-17,21.2,10.6,15.8,0.0,22.90666666666667,4,21.7,24.1,21.8,19.6,107,0.8660254037844387,-0.4999999999999998,0.9634705485641488,-0.2678143051621742
2023-04-18,21.7,12.8,16.4,0.0,22.773333333333333,4,20.9,21.2,24.1,21.8,108,0.8660254037844387,-0.4999999999999998,0.9587178169872964,-0.2843591872810034
2023-04-19,20.9,8.9,15.9,0.0,22.72666666666667,4,18.3,21.7,21.2,24.1,109,0.8660254037844387,-0.4999999999999998,0.9536809966304457,-0.30081980763566735
2023-04-20,18.3,11.9,15.5,16.6,22.496666666666666,4,17.4,20.9,21.7,21.2,110,0.8660254037844387,-0.4999999999999998,0.9483615800121715,-0.3171912885891061
2023-04-21,17.4,9.9,13.8,0.1,22.296666666666667,4,16.2,18.3,20.9,21.7,111,0.8660254037844387,-0.4999999999999998,0.9427611433904207,-0.3334687789181868
2023-04-22,16.2,11.4,13.8,22.6,21.853333333333335,4,20.3,17.4,18.3,20.9,112,0.8660254037844387,-0.4999999999999998,0.9368813462954315,-0.3496474552512284
2023-04-23,20.3,15.1,17.3,13.9,21.683333333333334,4,21.0,16.2,17.4,18.3,113,0.8660254037844387,-0.4999999999999998,0.9307239310379795,-0.36572252349726897
2023-04-24,21.0,13.9,17.6,23.9,21.66,4,21.2,20.3,16.2,17.4,114,0.8660254037844387,-0.4999999999999998,0.9242907221930933,-0.3816892202666588
2023-04-25,21.2,10.9,15.5,0.0,21.65666666666667,4,22.0,21.0,20.3,16.2,115,0.8660254037844387,-0.4999999999999998,0.9175836260593937,-0.39754281428255595
2023-04-26,22.0,10.6,15.5,0.0,21.576666666666668,4,20.5,21.2,21.0,20.3,116,0.8660254037844387,-0.4999999999999998,0.9106046300942162,-0.4132786077829042
2023-04-27,20.5,12.7,15.7,13.6,21.566666666666666,4,20.0,22.0,21.2,21.0,117,0.8660254037844387,-0.4999999999999998,0.9033558023246845,-0.4288919379124835
2023-04-28,20.0,12.3,15.3,0.3,21.573333333333334,4,19.6,20.5,22.0,21.2,118,0.8660254037844387,-0.4999999999999998,0.895839290734909,-0.4443781781046132
2023-04-29,19.6,13.5,15.7,0.7,21.526666666666667,4,20.9,20.0,20.5,22.0,119,0.8660254037844387,-0.4999999999999998,0.8880573226294932,-0.45973273945210397
2023-04-30,20.9,10.2,15.1,0.0,21.453333333333333,4,18.3,19.6,20.0,20.5,120,0.8660254037844387,-0.4999999999999998,0.8800122039735357,-0.47495107206704995
2023-05-01,18.3,13.1,15.5,0.0,21.163333333333334,5,19.4,20.9,19.6,20.0,121,0.49999999999999994,-0.8660254037844387,0.8717063187093218,-0.4900286664290592
2023-05-02,19.4,12.4,16.1,0.2,21.040000000000003,5,19.5,18.3,20.9,19.6,122,0.49999999999999994,-0.8660254037844387,0.8631421280499114,-0.5049610547215204
2023-05-03,19.5,10.9,15.3,0.0,20.94,5,19.9,19.4,18.3,20.9,123,0.49999999999999994,-0.8660254037844387,0.854322169749827,-0.5197438121555155
2023-05-04,19.9,11.5,15.7,0.0,20.830000000000002,5,20.1,19.5,19.4,18.3,124,0.49999999999999994,-0.8660254037844387,0.8452490573530633,-0.5343725582809786
2023-05-05,20.1,10.9,15.4,0.0,20.566666666666666,5,21.4,19.9,19.5,19.4,125,0.49999999999999994,-0.8660254037844387,0.8359254794186372,-0.548842958284719
2023-05-06,21.4,10.8,15.5,2.2,20.303333333333335,5,20.1,20.1,19.9,19.5,126,0.49999999999999994,-0.8660254037844387,0.8263541987239096,-0.5631507242749186
2023-05-07,20.1,13.6,16.4,0.2,20.269999999999996,5,20.8,21.4,20.1,19.9,127,0.49999999999999994,-0.8660254037844387,0.8165380514459161,-0.5772916165517272
2023-05-08,20.8,10.7,14.6,0.0,20.360000000000003,5,20.1,20.1,21.4,20.1,128,0.49999999999999994,-0.8660254037844387,0.8064799463209448,-0.5912614448635781
2023-05-09,20.1,10.8,14.6,0.0,20.336666666666666,5,24.6,20.8,20.1,21.4,129,0.49999999999999994,-0.8660254037844387,0.7961828637826158,-0.6050560696488488
2023-05-10,24.6,9.3,16.3,0.0,20.513333333333335,5,16.4,20.1,20.8,20.1,130,0.49999999999999994,-0.8660254037844387,0.7856498550787147,-0.6186714032625031
2023-05-11,16.4,12.5,14.3,5.9,20.410000000000004,5,17.3,24.6,20.1,20.8,131,0.49999999999999994,-0.8660254037844387,0.7748840413670407,-0.6321034111873487
2023-05-12,17.3,11.5,13.9,0.6,20.25,5,17.9,16.4,24.6,20.1,132,0.49999999999999994,-0.8660254037844387,0.7638886127905428,-0.6453481132295501
2023-05-13,17.9,12.6,14.9,0.0,20.083333333333332,5,20.1,17.3,16.4,24.6,133,0.49999999999999994,-0.8660254037844387,0.7526668275320085,-0.6584015846980488
2023-05-14,20.1,13.4,16.0,0.0,20.1,5,20.4,17.9,17.3,16.4,134,0.49999999999999994,-0.8660254037844387,0.7412220108485958,-0.6712599575675313
2023-05-15,20.4,9.2,14.6,0.0,20.05333333333333,5,18.7,20.1,17.9,17.3,135,0.49999999999999994,-0.8660254037844387,0.7295575540864875,-0.6839194216246106
2023-05-16,18.7,11.2,14.4,0.0,19.873333333333335,5,18.6,20.4,20.1,17.9,136,0.49999999999999994,-0.8660254037844387,0.717676913675962,-0.6963762255968722
2023-05-17,18.6,9.5,14.1,2.6,19.78666666666667,5,17.1,18.7,20.4,20.1,137,0.49999999999999994,-0.8660254037844387,0.705583610107178,-0.7086266782644596
2023-05-18,17.1,9.3,13.5,0.0,19.633333333333333,5,18.3,18.6,18.7,20.4,138,0.49999999999999994,-0.8660254037844387,0.6932812268869777,-0.7206671495538609
2023-05-19,18.3,6.0,11.7,0.9,19.546666666666667,5,18.7,17.1,18.6,18.7,139,0.49999999999999994,-0.8660254037844387,0.6807734094770161,-0.7324940716135789
2023-05-20,18.7,9.3,13.3,0.0,19.560000000000002,5,18.0,18.3,17.1,18.6,140,0.49999999999999994,-0.8660254037844387,0.6680638642135335,-0.7441039398713607
2023-05-21,18.0,11.2,14.9,8.0,19.580000000000002,5,19.0,18.7,18.3,17.1,141,0.49999999999999994,-0.8660254037844387,0.6551563572090853,-0.7554933140726803
2023-05-22,19.0,5.8,13.1,0.0,19.673333333333336,5,19.2,18.0,18.7,18.3,142,0.49999999999999994,-0.8660254037844387,0.6420547132365637,-0.766658819300159
2023-05-23,19.2,8.5,13.5,0.0,19.636666666666667,5,19.6,19.0,18.0,18.7,143,0.49999999999999994,-0.8660254037844387,0.6287628145958344,-0.7775971469736269
2023-05-24,19.6,10.6,14.3,0.1,19.59,5,14.3,19.2,19.0,18.0,144,0.49999999999999994,-0.8660254037844387,0.6152845999633276,-0.7883050558305255
2023-05-25,14.3,9.6,12.4,36.8,19.36,5,16.1,19.6,19.2,19.0,145,0.49999999999999994,-0.8660254037844387,0.6016240632249226,-0.7987793728863649
2023-05-26,16.1,8.9,11.7,0.2,19.163333333333334,5,17.8,14.3,19.6,19.2,146,0.49999999999999994,-0.8660254037844387,0.5877852522924732,-0.8090169943749473
2023-05-27,17.8,7.3,10.9,0.0,19.073333333333334,5,16.7,16.1,14.3,19.6,147,0.49999999999999994,-0.8660254037844387,0.5737722679043246,-0.8190148866680801
2023-05-28,16.7,5.2,11.5,0.0,18.96333333333333,5,19.1,17.8,16.1,14.3,148,0.49999999999999994,-0.8660254037844387,0.5595892624101765,-0.8287700871745038
2023-05-29,19.1,12.1,15.4,12.3,18.946666666666665,5,15.2,16.7,17.8,16.1,149,0.49999999999999994,-0.8660254037844387,0.545240438540651,-0.8382797052177744
2023-05-30,15.2,12.3,13.2,8.6,18.756666666666668,5,18.0,19.1,16.7,17.8,150,0.49999999999999994,-0.8660254037844387,0.5307300481619334,-0.8475409228928311
2023-05-31,18.0,12.9,15.4,4.5,18.74666666666667,5,19.3,15.2,19.1,16.7,151,0.49999999999999994,-0.8660254037844387,0.5160623910158528,-0.8565509959010036
2023-06-01,19.3,11.1,14.6,0.0,18.743333333333332,6,19.2,18.0,15.2,19.1,152,1.2246467991473532e-16,-1.0,0.5012418134457758,-0.865307254363206
2023-06-02,19.2,10.6,14.5,0.2,18.733333333333334,6,16.4,19.3,18.0,15.2,153,1.2246467991473532e-16,-1.0,0.48627270710868997,-0.8738071036110808
2023-06-03,16.4,10.8,14.1,16.7,18.616666666666667,6,15.4,19.2,19.3,18.0,154,1.2246467991473532e-16,-1.0,0.4711595076738638,-0.8820480249558537
2023-06-04,15.4,9.1,11.6,6.7,18.46,6,15.1,16.4,19.2,19.3,155,1.2246467991473532e-16,-1.0,0.4559066935084588,-0.8900275764346767
2023-06-05,15.1,5.9,10.5,0.0,18.25,6,17.8,15.4,16.4,19.2,156,1.2246467991473532e-16,-1.0,0.440518784350495,-0.8977433935342337
2023-06-06,17.8,3.5,9.7,0.0,18.173333333333336,6,14.7,15.1,15.4,16.4,157,1.2246467991473532e-16,-1.0,0.42500033996955416,-0.9051931898913974
2023-06-07,14.7,7.6,11.5,2.5,17.970000000000002,6,16.9,17.8,15.1,15.4,158,1.2246467991473532e-16,-1.0,0.4093559588156213,-0.9123747579707273
2023-06-08,16.9,13.9,15.1,13.3,17.863333333333333,6,17.6,14.7,17.8,15.1,159,1.2246467991473532e-16,-1.0,0.39359027665646673,-0.9192859697186104
2023-06-09,17.6,11.6,14.1,5.2,17.63,6,18.3,16.9,14.7,17.8,160,1.2246467991473532e-16,-1.0,0.3777079652039649,-0.9259247771938498
2023-06-10,18.3,10.4,12.9,0.0,17.693333333333335,6,16.4,17.6,16.9,14.7,161,1.2246467991473532e-16,-1.0,0.36171373072976765,-0.9322892131745133
2023-06-11,16.4,10.0,12.7,5.4,17.663333333333334,6,16.1,18.3,17.6,16.9,162,1.2246467991473532e-16,-1.0,0.3456123126707335,-0.9383773917408641
2023-06-12,16.1,11.5,13.9,2.4,17.603333333333335,6,16.6,16.4,18.3,17.6,163,1.2246467991473532e-16,-1.0,0.3294084822245304,-0.9441875088341993
2023-06-13,16.6,14.4,15.3,5.9,17.486666666666668,6,16.0,16.1,16.4,18.3,164,1.2246467991473532e-16,-1.0,0.3131070409358269,-0.9497178427914316
2023-06-14,16.0,12.5,14.5,28.7,17.339999999999996,6,17.8,16.6,16.1,16.4,165,1.2246467991473532e-16,-1.0,0.29671281927349075,-0.9549667548552551
2023-06-15,17.8,10.0,14.4,16.3,17.31,6,17.4,16.0,16.6,16.1,166,1.2246467991473532e-16,-1.0,0.28023067519921585,-0.9599326896597447
2023-06-16,17.4,10.9,13.8,0.4,17.27,6,16.3,17.8,16.0,16.6,167,1.2246467991473532e-16,-1.0,0.26366549272800704,-0.9646141756912435
2023-06-17,16.3,11.2,14.4,24.5,17.243333333333332,6,15.6,17.4,17.8,16.0,168,1.2246467991473532e-16,-1.0,0.24702218048093552,-0.9690098257244062
2023-06-18,15.6,10.4,12.8,0.8,17.153333333333332,6,15.4,16.3,17.4,17.8,169,1.2246467991473532e-16,-1.0,0.23030567023061221,-0.9731183372332619
2023-06-19,15.4,9.9,12.9,7.4,17.043333333333333,6,15.5,15.6,16.3,17.4,170,1.2246467991473532e-16,-1.0,0.21352091543979612,-0.9769384927771817
2023-06-20,15.5,8.0,11.2,0.1,16.96,6,13.9,15.4,15.6,16.3,171,1.2246467991473532e-16,-1.0,0.19667288979357647,-0.980469160361632
2023-06-21,13.9,9.3,11.7,1.1,16.79,6,16.2,15.5,15.4,15.6,172,1.2246467991473532e-16,-1.0,0.1797665857255624,-0.9837092937736097
2023-06-22,16.2,6.3,12.0,0.0,16.69,6,16.2,13.9,15.5,15.4,173,1.2246467991473532e-16,-1.0,0.16280701293851715,-0.986657932891657
2023-06-23,16.2,7.9,13.2,0.1,16.576666666666668,6,16.0,16.2,13.9,15.5,174,1.2246467991473532e-16,-1.0,0.1457991969198751,-0.9893142039703663
2023-06-24,16.0,12.2,14.0,0.0,16.633333333333333,6,16.9,16.2,16.2,13.9,175,1.2246467991473532e-16,-1.0,0.12874817745258132,-0.99167731989929
2023-06-25,16.9,12.9,14.4,0.0,16.66,6,18.9,16.0,16.2,16.2,176,1.2246467991473532e-16,-1.0,0.11165900712169512,-0.993746580436178
2023-06-26,18.9,10.0,14.5,0.0,16.696666666666665,6,15.7,16.9,16.0,16.2,177,1.2246467991473532e-16,-1.0,0.09453674981719912,-0.9955213724144752
2023-06-27,15.7,11.4,13.7,3.7,16.663333333333334,6,17.2,18.9,16.9,16.0,178,1.2246467991473532e-16,-1.0,0.07738647923346301,-0.9970011699250151
2023-06-28,17.2,7.3,11.6,0.2,16.6,6,15.7,15.7,18.9,16.9,179,1.2246467991473532e-16,-1.0,0.06021327736579302,-0.9981855344718586
2023-06-29,15.7,11.2,13.3,7.1,16.616666666666667,6,16.9,17.2,15.7,18.9,180,1.2246467991473532e-16,-1.0,0.04302223300453059,-0.99907411510223
2023-06-30,16.9,11.1,13.3,0.1,16.58,6,18.5,15.7,17.2,15.7,181,1.2246467991473532e-16,-1.0,0.02581844022713308,-0.9996666485105112
2023-07-01,18.5,8.8,12.3,0.0,16.55333333333333,7,16.3,16.9,15.7,17.2,182,-0.4999999999999997,-0.8660254037844388,0.008606996888688698,-0.9999629591162655
2023-07-02,16.3,7.8,11.4,0.0,16.456666666666667,7,17.2,18.5,16.9,15.7,183,-0.4999999999999997,-0.8660254037844388,-0.008606996888688009,-0.9999629591162655
2023-07-03,17.2,7.6,11.3,0.0,16.48333333333333,7,16.2,16.3,18.5,16.9,184,-0.4999999999999997,-0.8660254037844388,-0.02581844022713239,-0.9996666485105112
2023-07-04,16.2,9.8,12.6,0.0,16.51,7,18.1,17.2,16.3,18.5,185,-0.4999999999999997,-0.8660254037844388,-0.04302223300453034,-0.99907411510223
2023-07-05,18.1,6.9,12.3,0.0,16.61,7,23.7,16.2,17.2,16.3,186,-0.4999999999999997,-0.8660254037844388,-0.060213277365792774,-0.9981855344718586
2023-07-06,23.7,5.4,14.4,0.0,16.806666666666665,7,16.4,18.1,16.2,17.2,187,-0.4999999999999997,-0.8660254037844388,-0.07738647923346322,-0.9970011699250151
2023-07-07,16.4,12.3,13.9,4.6,16.863333333333333,7,13.8,23.7,18.1,16.2,188,-0.4999999999999997,-0.8660254037844388,-0.09453674981719933,-0.9955213724144752
2023-07-08,13.8,7.7,11.4,6.7,16.76,7,14.5,16.4,23.7,18.1,189,-0.4999999999999997,-0.8660254037844388,-0.11165900712169444,-0.9937465804361781
2023-07-09,14.5,6.1,9.5,2.1,16.65666666666667,7,15.0,13.8,16.4,23.7,190,-0.4999999999999997,-0.8660254037844388,-0.12874817745258066,-0.99167731989929
2023-07-10,15.0,3.6,9.5,0.0,16.546666666666667,7,16.9,14.5,13.8,16.4,191,-0.4999999999999997,-0.8660254037844388,-0.14579919691987442,-0.9893142039703664
2023-07-11,16.9,3.1,9.6,0.0,16.563333333333333,7,16.6,15.0,14.5,13.8,192,-0.4999999999999997,-0.8660254037844388,-0.16280701293851646,-0.9866579328916572
2023-07-12,16.6,2.1,10.1,0.0,16.580000000000002,7,22.1,16.9,15.0,14.5,193,-0.4999999999999997,-0.8660254037844388,-0.17976658572556214,-0.9837092937736098
2023-07-13,22.1,3.6,12.2,0.0,16.763333333333332,7,23.8,16.6,16.9,15.0,194,-0.4999999999999997,-0.8660254037844388,-0.19667288979357622,-0.9804691603616321
2023-07-14,23.8,8.8,15.1,0.0,17.023333333333333,7,17.7,22.1,16.6,16.9,195,-0.4999999999999997,-0.8660254037844388,-0.2135209154397959,-0.9769384927771817
2023-07-15,17.7,8.4,12.7,0.8,17.02,7,17.3,23.8,22.1,16.6,196,-0.4999999999999997,-0.8660254037844388,-0.23030567023061196,-0.973118337233262
2023-07-16,17.3,12.7,14.7,1.5,17.016666666666666,7,19.4,17.7,23.8,22.1,197,-0.4999999999999997,-0.8660254037844388,-0.24702218048093527,-0.9690098257244063
2023-07-17,19.4,11.0,14.0,0.0,17.12,7,16.2,17.3,17.7,23.8,198,-0.4999999999999997,-0.8660254037844388,-0.2636654927280072,-0.9646141756912435
2023-07-18,16.2,9.9,12.6,4.3,17.139999999999997,7,13.7,19.4,17.3,17.7,199,-0.4999999999999997,-0.8660254037844388,-0.2802306751992161,-0.9599326896597445
2023-07-19,13.7,7.9,10.6,2.1,17.083333333333332,7,16.4,16.2,19.4,17.3,200,-0.4999999999999997,-0.8660254037844388,-0.2967128192734901,-0.9549667548552553
2023-07-20,16.4,4.7,10.1,0.0,17.113333333333333,7,17.9,13.7,16.2,19.4,201,-0.4999999999999997,-0.8660254037844388,-0.3131070409358267,-0.9497178427914317
2023-07-21,17.9,0.3,8.3,0.0,17.246666666666666,7,16.6,16.4,13.7,16.2,202,-0.4999999999999997,-0.8660254037844388,-0.3294084822245302,-0.9441875088341994
2023-07-22,16.6,4.5,10.4,0.2,17.259999999999998,7,15.2,17.9,16.4,13.7,203,-0.4999999999999997,-0.8660254037844388,-0.3456123126707333,-0.9383773917408642
2023-07-23,15.2,8.3,11.1,0.1,17.226666666666667,7,15.2,16.6,17.9,16.4,204,-0.4999999999999997,-0.8660254037844388,-0.3617137307297674,-0.9322892131745134
2023-07-24,15.2,2.5,9.6,0.0,17.2,7,16.2,15.2,16.6,17.9,205,-0.4999999999999997,-0.8660254037844388,-0.37770796520396466,-0.9259247771938499
2023-07-25,16.2,7.8,11.6,0.0,17.176666666666666,7,16.3,15.2,15.2,16.6,206,-0.4999999999999997,-0.8660254037844388,-0.39359027665646645,-0.9192859697186105
2023-07-26,16.3,7.4,11.1,0.4,17.09,7,17.4,16.2,15.2,15.2,207,-0.4999999999999997,-0.8660254037844388,-0.4093559588156211,-0.9123747579707274
2023-07-27,17.4,7.8,11.5,0.1,17.146666666666665,7,15.8,16.3,16.2,15.2,208,-0.4999999999999997,-0.8660254037844388,-0.42500033996955394,-0.9051931898913975
2023-07-28,15.8,5.9,10.7,10.5,17.1,7,13.3,17.4,16.3,16.2,209,-0.4999999999999997,-0.8660254037844388,-0.4405187843504952,-0.8977433935342336
2023-07-29,13.3,9.8,11.3,17.5,17.02,7,13.6,15.8,17.4,16.3,210,-0.4999999999999997,-0.8660254037844388,-0.455906693508459,-0.8900275764346766
2023-07-30,13.6,5.9,10.5,5.1,16.91,7,15.3,13.3,15.8,17.4,211,-0.4999999999999997,-0.8660254037844388,-0.47115950767386394,-0.8820480249558535
2023-07-31,15.3,7.2,11.3,0.4,16.803333333333335,7,15.5,13.6,13.3,15.8,212,-0.4999999999999997,-0.8660254037844388,-0.4862727071086902,-0.8738071036110807
2023-08-01,15.5,5.3,10.5,0.0,16.776666666666667,8,18.5,15.3,13.6,13.3,213,-0.8660254037844385,-0.5000000000000004,-0.5012418134457756,-0.8653072543632061
2023-08-02,18.5,1.1,10.6,0.0,16.82,8,26.3,15.5,15.3,13.6,214,-0.8660254037844385,-0.5000000000000004,-0.5160623910158526,-0.8565509959010037
2023-08-03,26.3,5.1,15.1,0.0,17.156666666666663,8,20.4,18.5,15.5,15.3,215,-0.8660254037844385,-0.5000000000000004,-0.5307300481619331,-0.8475409228928312
2023-08-04,20.4,10.9,14.1,0.0,17.233333333333334,8,18.1,26.3,18.5,15.5,216,-0.8660254037844385,-0.5000000000000004,-0.5452404385406507,-0.8382797052177745
2023-08-05,18.1,8.5,11.6,0.0,17.046666666666667,8,18.0,20.4,26.3,18.5,217,-0.8660254037844385,-0.5000000000000004,-0.5595892624101763,-0.828770087174504
2023-08-06,18.0,8.2,12.4,0.0,17.1,8,17.6,18.1,20.4,26.3,218,-0.8660254037844385,-0.5000000000000004,-0.5737722679043243,-0.8190148866680802
2023-08-07,17.6,6.8,12.4,0.0,17.226666666666667,8,16.5,18.0,18.1,20.4,219,-0.8660254037844385,-0.5000000000000004,-0.5877852522924734,-0.8090169943749472
2023-08-08,16.5,8.9,12.8,0.3,17.293333333333333,8,18.9,17.6,18.0,18.1,220,-0.8660254037844385,-0.5000000000000004,-0.6016240632249227,-0.7987793728863648
2023-08-09,18.9,5.7,12.5,0.0,17.423333333333332,8,26.8,16.5,17.6,18.0,221,-0.8660254037844385,-0.5000000000000004,-0.6152845999633277,-0.7883050558305253
2023-08-10,26.8,7.3,15.6,0.0,17.753333333333334,8,23.5,18.9,16.5,17.6,222,-0.8660254037844385,-0.5000000000000004,-0.6287628145958345,-0.7775971469736268
2023-08-11,23.5,8.6,15.3,0.0,17.983333333333334,8,17.0,26.8,18.9,16.5,223,-0.8660254037844385,-0.5000000000000004,-0.6420547132365636,-0.7666588193001592
2023-08-12,17.0,9.1,12.8,0.0,17.813333333333333,8,17.4,23.5,26.8,18.9,224,-0.8660254037844385,-0.5000000000000004,-0.655156357209085,-0.7554933140726804
2023-08-13,17.4,8.7,12.3,0.1,17.6,8,15.5,17.0,23.5,26.8,225,-0.8660254037844385,-0.5000000000000004,-0.6680638642135333,-0.7441039398713608
2023-08-14,15.5,6.9,10.9,0.0,17.526666666666664,8,20.4,17.4,17.0,23.5,226,-0.8660254037844385,-0.5000000000000004,-0.6807734094770159,-0.7324940716135792
2023-08-15,20.4,5.8,12.6,0.0,17.63,8,19.4,15.5,17.4,17.0,227,-0.8660254037844385,-0.5000000000000004,-0.6932812268869771,-0.7206671495538615
2023-08-16,19.4,7.6,13.2,0.0,17.63,8,16.7,20.4,15.5,17.4,228,-0.8660254037844385,-0.5000000000000004,-0.7055836101071774,-0.70862667826446
2023-08-17,16.7,10.9,12.9,3.8,17.646666666666665,8,17.6,19.4,20.4,15.5,229,-0.8660254037844385,-0.5000000000000004,-0.7176769136759615,-0.6963762255968726
2023-08-18,17.6,10.3,13.4,1.0,17.776666666666667,8,19.3,16.7,19.4,20.4,230,-0.8660254037844385,-0.5000000000000004,-0.7295575540864876,-0.6839194216246105
2023-08-19,19.3,6.8,12.9,0.0,17.87333333333333,8,16.7,17.6,16.7,19.4,231,-0.8660254037844385,-0.5000000000000004,-0.7412220108485957,-0.6712599575675315
2023-08-20,16.7,10.3,13.1,0.2,17.833333333333332,8,16.7,19.3,17.6,16.7,232,-0.8660254037844385,-0.5000000000000004,-0.7526668275320083,-0.6584015846980489
2023-08-21,16.7,12.4,14.2,10.8,17.836666666666662,8,16.5,16.7,19.3,17.6,233,-0.8660254037844385,-0.5000000000000004,-0.7638886127905429,-0.64534811322955
2023-08-22,16.5,11.1,13.5,25.1,17.88,8,16.1,16.7,16.7,19.3,234,-0.8660254037844385,-0.5000000000000004,-0.7748840413670406,-0.6321034111873488
2023-08-23,16.1,6.5,11.6,0.9,17.91,8,16.6,16.5,16.7,16.7,235,-0.8660254037844385,-0.5000000000000004,-0.7856498550787144,-0.6186714032625032
2023-08-24,16.6,4.0,9.6,0.0,17.923333333333336,8,15.7,16.1,16.5,16.7,236,-0.8660254037844385,-0.5000000000000004,-0.7961828637826154,-0.6050560696488494
2023-08-25,15.7,8.9,11.8,9.5,17.903333333333332,8,14.7,16.6,16.1,16.5,237,-0.8660254037844385,-0.5000000000000004,-0.8064799463209447,-0.5912614448635782
2023-08-26,14.7,8.4,11.6,0.0,17.813333333333333,8,19.8,15.7,16.6,16.1,238,-0.8660254037844385,-0.5000000000000004,-0.8165380514459157,-0.5772916165517278
2023-08-27,19.8,5.8,12.5,0.0,17.94666666666667,8,23.4,14.7,15.7,16.6,239,-0.8660254037844385,-0.5000000000000004,-0.8263541987239094,-0.5631507242749187
2023-08-28,23.4,6.1,15.0,0.0,18.283333333333335,8,30.7,19.8,14.7,15.7,240,-0.8660254037844385,-0.5000000000000004,-0.8359254794186365,-0.5488429582847199
2023-08-29,30.7,10.3,19.5,0.0,18.85333333333333,8,23.6,23.4,19.8,14.7,241,-0.8660254037844385,-0.5000000000000004,-0.8452490573530634,-0.5343725582809785
2023-08-30,23.6,11.9,16.9,0.0,19.13,8,16.2,30.7,23.4,19.8,242,-0.8660254037844385,-0.5000000000000004,-0.8543221697498269,-0.5197438121555157
2023-08-31,16.2,9.9,13.1,1.0,19.153333333333332,8,15.4,23.6,30.7,23.4,243,-0.8660254037844385,-0.5000000000000004,-0.8631421280499115,-0.5049610547215202
2023-09-01,15.4,5.2,10.4,0.0,19.05,9,15.0,16.2,23.6,30.7,244,-1.0,-1.8369701987210297e-16,-0.8717063187093217,-0.4900286664290594
2023-09-02,15.0,6.2,10.5,0.4,18.673333333333336,9,15.8,15.4,16.2,23.6,245,-1.0,-1.8369701987210297e-16,-0.8800122039735356,-0.4749510720670502
2023-09-03,15.8,6.4,11.1,1.7,18.519999999999996,9,15.7,15.0,15.4,16.2,246,-1.0,-1.8369701987210297e-16,-0.888057322629493,-0.4597327394521046
2023-09-04,15.7,6.4,10.7,1.2,18.44,9,15.3,15.8,15.0,15.4,247,-1.0,-1.8369701987210297e-16,-0.8958392907349089,-0.4443781781046134
2023-09-05,15.3,6.1,10.3,1.7,18.35,9,16.0,15.7,15.8,15.0,248,-1.0,-1.8369701987210297e-16,-0.9033558023246842,-0.4288919379124841
2023-09-06,16.0,6.6,11.4,0.0,18.296666666666667,9,18.0,15.3,15.7,15.8,249,-1.0,-1.8369701987210297e-16,-0.9106046300942162,-0.41327860778290443
2023-09-07,18.0,8.1,12.6,0.0,18.346666666666668,9,19.7,16.0,15.3,15.7,250,-1.0,-1.8369701987210297e-16,-0.9175836260593934,-0.3975428142825566
2023-09-08,19.7,6.9,12.2,0.0,18.373333333333335,9,18.8,18.0,16.0,15.3,251,-1.0,-1.8369701987210297e-16,-0.9242907221930934,-0.3816892202666586
2023-09-09,18.8,9.5,13.5,0.8,18.106666666666666,9,15.8,19.7,18.0,16.0,252,-1.0,-1.8369701987210297e-16,-0.9307239310379793,-0.3657225234972692
2023-09-10,15.8,9.1,12.3,13.3,17.85,9,13.6,18.8,19.7,18.0,253,-1.0,-1.8369701987210297e-16,-0.9368813462954315,-0.34964745525122826
2023-09-11,13.6,5.7,9.2,6.7,17.736666666666668,9,14.8,15.8,18.8,19.7,254,-1.0,-1.8369701987210297e-16,-0.9427611433904206,-0.33346877891818705
2023-09-12,14.8,3.0,9.1,0.0,17.65,9,20.3,13.6,15.8,18.8,255,-1.0,-1.8369701987210297e-16,-0.9483615800121716,-0.31719128858910595
2023-09-13,20.3,2.1,11.0,0.0,17.81,9,16.8,14.8,13.6,15.8,256,-1.0,-1.8369701987210297e-16,-0.9536809966304455,-0.300819807635668
2023-09-14,16.8,10.8,13.6,2.9,17.69,9,15.9,20.3,14.8,13.6,257,-1.0,-1.8369701987210297e-16,-0.9587178169872964,-0.2843591872810036
2023-09-15,15.9,9.6,13.6,3.1,17.57333333333333,9,15.1,16.8,20.3,14.8,258,-1.0,-1.8369701987210297e-16,-0.9634705485641486,-0.26781430516217486
2023-09-16,15.1,8.9,12.2,0.5,17.52,9,17.1,15.9,16.8,20.3,259,-1.0,-1.8369701987210297e-16,-0.9679377830240642,-0.25119006388481957
2023-09-17,17.1,7.2,12.0,0.0,17.503333333333334,9,18.3,15.1,15.9,16.8,260,-1.0,-1.8369701987210297e-16,-0.9721181966290612,-0.23449138957041052
2023-09-18,18.3,6.1,11.7,0.1,17.470000000000002,9,17.8,17.1,15.1,15.9,261,-1.0,-1.8369701987210297e-16,-0.9760105506323682,-0.21772323039653224
2023-09-19,17.8,7.7,13.0,4.2,17.506666666666668,9,17.9,18.3,17.1,15.1,262,-1.0,-1.8369701987210297e-16,-0.9796136916454901,-0.20089055513063528
2023-09-20,17.9,9.9,14.1,0.0,17.546666666666667,9,16.9,17.8,18.3,17.1,263,-1.0,-1.8369701987210297e-16,-0.9829265519799822,-0.18399835165767986
2023-09-21,16.9,11.5,14.4,2.6,17.56,9,19.8,17.9,17.8,18.3,264,-1.0,-1.8369701987210297e-16,-0.9859481499638303,-0.1670516255021195
2023-09-22,19.8,10.1,14.8,3.3,17.683333333333334,9,15.2,16.9,17.9,17.8,265,-1.0,-1.8369701987210297e-16,-0.9886775902323404,-0.15005539834465262
2023-09-23,15.2,12.3,13.6,0.6,17.636666666666667,9,17.9,19.8,16.9,17.9,266,-1.0,-1.8369701987210297e-16,-0.9911140639934546,-0.13301470653419636
2023-09-24,17.9,12.8,15.0,27.6,17.709999999999997,9,17.3,15.2,19.8,16.9,267,-1.0,-1.8369701987210297e-16,-0.9932568492674143,-0.11593459959550066
2023-09-25,17.3,14.2,15.3,31.0,17.796666666666667,9,18.3,17.9,15.2,19.8,268,-1.0,-1.8369701987210297e-16,-0.9951053111006974,-0.09882013873287211
2023-09-26,18.3,11.8,15.1,0.0,17.746666666666666,9,22.7,17.3,17.9,15.2,269,-1.0,-1.8369701987210297e-16,-0.99665890175417,-0.08167639533042288
2023-09-27,22.7,6.9,14.6,0.0,17.723333333333336,9,24.9,18.3,17.3,17.9,270,-1.0,-1.8369701987210297e-16,-0.9979171608653922,-0.06450844944931625
2023-09-28,24.9,7.9,16.5,0.0,17.529999999999998,9,24.2,22.7,18.3,17.3,271,-1.0,-1.8369701987210297e-16,-0.9988797155850335,-0.04732138832243232
2023-09-29,24.2,11.9,16.9,0.0,17.55,9,17.6,24.9,22.7,18.3,272,-1.0,-1.8369701987210297e-16,-0.9995462806873573,-0.03012030484690836
2023-09-30,17.6,10.8,14.6,7.2,17.596666666666668,9,20.3,24.2,24.9,22.7,273,-1.0,-1.8369701987210297e-16,-0.9999166586547379,-0.012910296075008843
2023-10-01,20.3,8.3,14.4,0.0,17.76,10,28.9,17.6,24.2,24.9,274,-0.8660254037844386,0.5000000000000001,-0.9999907397361901,0.004303538296243821
2023-10-02,28.9,9.2,18.1,0.0,18.223333333333336,10,21.4,20.3,17.6,24.2,275,-0.8660254037844386,0.5000000000000001,-0.9997685019798909,0.021516097436222233
2023-10-03,21.4,13.9,16.9,0.0,18.41,10,25.4,28.9,20.3,17.6,276,-0.8660254037844386,0.5000000000000001,-0.9992500112396835,0.03872228089217399
2023-10-04,25.4,11.5,17.6,3.0,18.733333333333334,10,21.7,21.4,28.9,20.3,277,-0.8660254037844386,0.5000000000000001,-0.9984354211555643,0.05591699010060302
2023-10-05,21.7,13.3,17.5,0.1,18.946666666666665,10,21.0,25.4,21.4,28.9,278,-0.8660254037844386,0.5000000000000001,-0.9973249731081555,0.07309512989807776
2023-10-06,21.0,15.5,18.0,0.1,19.113333333333333,10,18.2,21.7,25.4,21.4,279,-0.8660254037844386,0.5000000000000001,-0.9959189961471792,0.0902516100310407
2023-10-07,18.2,14.0,16.3,0.0,19.12,10,23.6,21.0,21.7,25.4,280,-0.8660254037844386,0.5000000000000001,-0.994217906893952,0.10738134666416306
2023-10-08,23.6,13.0,17.1,0.0,19.25,10,23.9,18.2,21.0,21.7,281,-0.8660254037844386,0.5000000000000001,-0.9922222094179324,0.12447926388678869
2023-10-09,23.9,11.3,17.1,0.0,19.42,10,24.9,23.6,18.2,21.0,282,-0.8660254037844386,0.5000000000000001,-0.989932495087353,0.141540295217043
2023-10-10,24.9,9.2,17.1,0.0,19.723333333333336,10,23.2,23.9,23.6,18.2,283,-0.8660254037844386,0.5000000000000001,-0.9873494423939864,0.15855938510313475
2023-10-11,23.2,11.2,16.6,0.1,20.043333333333333,10,20.2,24.9,23.9,23.6,284,-0.8660254037844386,0.5000000000000001,-0.9844738167520923,0.17553149042142777
2023-10-12,20.2,12.2,15.2,5.0,20.223333333333336,10,19.7,23.2,24.9,23.9,285,-0.8660254037844386,0.5000000000000001,-0.9813064702716093,0.19245158197082995
2023-10-13,19.7,8.8,15.0,0.1,20.203333333333333,10,27.1,20.2,23.2,24.9,286,-0.8660254037844386,0.5000000000000001,-0.9778483415056567,0.20931464596304888
2023-10-14,27.1,12.5,19.1,0.1,20.546666666666667,10,26.7,19.7,20.2,23.2,287,-0.8660254037844386,0.5000000000000001,-0.9741004551724206,0.22611568550828803
2023-10-15,26.7,13.2,19.2,0.0,20.90666666666667,10,27.7,27.1,19.7,20.2,288,-0.8660254037844386,0.5000000000000001,-0.970063921851507,0.2428497220959358
2023-10-16,27.7,12.9,19.5,0.0,21.326666666666668,10,26.9,26.7,27.1,19.7,289,-0.8660254037844386,0.5000000000000001,-0.965739937654855,0.25951179706979943
2023-10-17,26.9,12.4,18.9,0.0,21.653333333333332,10,25.5,27.7,26.7,27.1,290,-0.8660254037844386,0.5000000000000001,-0.9611297838723007,0.27609697309746883
2023-10-18,25.5,15.1,19.6,0.0,21.893333333333334,10,30.0,26.9,27.7,26.7,291,-0.8660254037844386,0.5000000000000001,-0.9562348265919058,0.2926003356333479
2023-10-19,30.0,11.9,20.8,0.0,22.3,10,22.7,25.5,26.9,27.7,292,-0.8660254037844386,0.5000000000000001,-0.9510565162951536,0.30901699437494723
2023-10-20,22.7,11.8,18.0,0.0,22.459999999999997,10,21.7,30.0,25.5,26.9,293,-0.8660254037844386,0.5000000000000001,-0.9455963874271428,0.3253420847119795
2023-10-21,21.7,16.9,18.7,0.0,22.62,10,26.5,22.7,30.0,25.5,294,-0.8660254037844386,0.5000000000000001,-0.9398560579418953,0.341570769167856
2023-10-22,26.5,13.1,19.8,0.0,22.84333333333333,10,23.8,21.7,22.7,30.0,295,-0.8660254037844386,0.5000000000000001,-0.9338372288229252,0.35769823883312546
2023-10-23,23.8,12.8,18.0,0.0,23.13,10,20.9,26.5,21.7,22.7,296,-0.8660254037844386,0.5000000000000001,-0.9275416835791965,0.3737197147904692
2023-10-24,20.9,14.0,17.1,0.2,23.230000000000004,10,22.4,23.8,26.5,21.7,297,-0.8660254037844386,0.5000000000000001,-0.9209712877166347,0.38963044953078774
2023-10-25,22.4,9.9,16.5,0.0,23.4,10,23.2,20.9,23.8,26.5,298,-0.8660254037844386,0.5000000000000001,-0.9141279881853337,0.4054257283599973
2023-10-26,23.2,12.0,17.0,0.0,23.563333333333333,10,18.9,22.4,20.9,23.8,299,-0.8660254037844386,0.5000000000000001,-0.9070138128026362,0.42110087079608916
2023-10-27,18.9,13.5,16.0,2.7,23.436666666666664,10,19.0,23.2,22.4,20.9,300,-0.8660254037844386,0.5000000000000001,-0.8996308696522434,0.4366512319560638
2023-10-28,19.0,12.9,15.6,0.0,23.24,10,24.8,18.9,23.2,22.4,301,-0.8660254037844386,0.5000000000000001,-0.8919813464595487,0.45207220393230374
2023-10-29,24.8,10.1,16.4,0.0,23.259999999999998,10,26.0,19.0,18.9,23.2,302,-0.8660254037844386,0.5000000000000001,-0.8840675099433637,0.46735921715800205
2023-10-30,26.0,9.2,17.4,0.0,23.540000000000003,10,28.0,24.8,19.0,18.9,303,-0.8660254037844386,0.5000000000000001,-0.8758917051442433,0.48250774176121763
2023-10-31,28.0,11.3,19.3,0.0,23.796666666666667,10,28.4,26.0,24.8,19.0,304,-0.8660254037844386,0.5000000000000001,-0.8674563547295971,0.4975132889071803
2023-11-01,28.4,12.7,20.6,0.0,23.779999999999998,11,30.5,28.0,26.0,24.8,305,-0.5000000000000004,0.8660254037844384,-0.858763958275803,0.5123714121284235
2023-11-02,30.5,15.1,22.9,0.0,24.083333333333332,11,24.8,28.4,28.0,26.0,306,-0.5000000000000004,0.8660254037844384,-0.8498170915275277,0.5270777086423724
2023-11-03,24.8,14.8,19.0,1.4,24.063333333333333,11,21.0,30.5,28.4,28.0,307,-0.5000000000000004,0.8660254037844384,-0.8406184056344783,0.5416278206559811
2023-11-04,21.0,13.8,17.1,1.5,24.04,11,24.7,24.8,30.5,28.4,308,-0.5000000000000004,0.8660254037844384,-0.8311706263658079,0.5560174366570446
2023-11-05,24.7,11.9,18.0,0.0,24.163333333333334,11,22.9,21.0,24.8,30.5,309,-0.5000000000000004,0.8660254037844384,-0.8214765533024145,0.5702422926917867
2023-11-06,22.9,13.1,17.6,0.0,24.319999999999997,11,19.2,24.7,21.0,24.8,310,-0.5000000000000004,0.8660254037844384,-0.8115390590073611,0.5842981736283683
2023-11-07,19.2,13.5,16.6,2.4,24.173333333333336,11,19.8,22.9,24.7,21.0,311,-0.5000000000000004,0.8660254037844384,-0.801361088174677,0.5981809144059158
2023-11-08,19.8,11.0,15.9,0.0,24.036666666666665,11,23.2,19.2,22.9,24.7,312,-0.5000000000000004,0.8660254037844384,-0.7909456567567774,0.6118864012687242
2023-11-09,23.2,13.2,17.7,0.0,23.98,11,23.0,19.8,19.2,22.9,313,-0.5000000000000004,0.8660254037844384,-0.780295851070776,0.6254105729852457
2023-11-10,23.0,12.3,17.7,0.0,23.973333333333336,11,23.4,23.2,19.8,19.2,314,-0.5000000000000004,0.8660254037844384,-0.7694148268839381,0.6387494220515268
2023-11-11,23.4,14.4,18.8,0.2,24.08,11,20.4,23.0,23.2,19.8,315,-0.5000000000000004,0.8660254037844384,-0.7583058084785625,0.6518989958787125
2023-11-12,20.4,12.4,17.1,0.4,24.10333333333333,11,29.0,23.4,23.0,23.2,316,-0.5000000000000004,0.8660254037844384,-0.7469720876965551,0.6648553979642866
2023-11-13,29.0,14.7,21.0,0.0,24.166666666666668,11,31.2,20.4,23.4,23.0,317,-0.5000000000000004,0.8660254037844384,-0.7354170229639858,0.6776147890466887
2023-11-14,31.2,11.3,21.2,0.0,24.316666666666666,11,34.1,29.0,20.4,23.4,318,-0.5000000000000004,0.8660254037844384,-0.7236440382959124,0.690173388242972
2023-11-15,34.1,15.2,23.0,0.0,24.529999999999998,11,27.5,31.2,29.0,20.4,319,-0.5000000000000004,0.8660254037844384,-0.711656622281775,0.7025274741691566
2023-11-16,27.5,15.6,20.1,0.0,24.55,11,25.8,34.1,31.2,29.0,320,-0.5000000000000004,0.8660254037844384,-0.6994583270516471,0.7146733860429608
2023-11-17,25.8,14.4,19.0,0.0,24.56,11,26.7,27.5,34.1,31.2,321,-0.5000000000000004,0.8660254037844384,-0.6870527672236675,0.7266075247685652
2023-11-18,26.7,15.4,20.1,0.0,24.45,11,25.4,25.8,27.5,34.1,322,-0.5000000000000004,0.8660254037844384,-0.6744436188329457,0.7383263540031063
2023-11-19,25.4,13.8,19.5,0.0,24.540000000000003,11,25.2,26.7,25.8,27.5,323,-0.5000000000000004,0.8660254037844384,-0.661634618242279,0.749826401204568
2023-11-20,25.2,17.5,19.7,5.8,24.656666666666663,11,22.4,25.4,26.7,25.8,324,-0.5000000000000004,0.8660254037844384,-0.6486295610349818,0.7611042586607742
2023-11-21,22.4,15.8,18.8,1.9,24.52,11,24.4,25.2,25.4,26.7,325,-0.5000000000000004,0.8660254037844384,-0.6354323008901775,0.7721565844991641
2023-11-22,24.4,14.8,19.0,0.0,24.540000000000003,11,25.8,22.4,25.2,25.4,326,-0.5000000000000004,0.8660254037844384,-0.622046748440868,0.7829801036770624
2023-11-23,25.8,16.1,20.7,0.1,24.70333333333333,11,22.1,24.4,22.4,25.2,327,-0.5000000000000004,0.8660254037844384,-0.6084768701151264,0.7935716089521472
2023-11-24,22.1,14.9,18.3,0.0,24.69333333333333,11,22.4,25.8,24.4,22.4,328,-0.5000000000000004,0.8660254037844384,-0.594726686960764,0.8039279618328208
2023-11-25,22.4,13.5,18.2,0.0,24.666666666666668,11,28.3,22.1,25.8,24.4,329,-0.5000000000000004,0.8660254037844384,-0.5808002734538013,0.8140460935082175
2023-11-26,28.3,13.3,19.5,0.0,24.980000000000004,11,25.1,22.4,22.1,25.8,330,-0.5000000000000004,0.8660254037844384,-0.5667017562911184,0.8239230057575536
2023-11-27,25.1,15.6,19.8,0.0,25.183333333333334,11,24.5,28.3,22.4,22.1,331,-0.5000000000000004,0.8660254037844384,-0.5524353131676203,0.8335557718385695
2023-11-28,24.5,15.9,19.8,0.7,25.173333333333332,11,24.5,25.1,28.3,22.4,332,-0.5000000000000004,0.8660254037844384,-0.5380051715382992,0.8429415373547832
2023-11-29,24.5,15.5,20.1,0.1,25.12333333333333,11,34.4,24.5,25.1,28.3,333,-0.5000000000000004,0.8660254037844384,-0.5234156073655503,0.8520775211013093
2023-11-30,34.4,12.3,23.3,0.0,25.336666666666666,11,25.1,24.5,24.5,25.1,334,-0.5000000000000004,0.8660254037844384,-0.5086709438521042,0.8609610158889945
2023-12-01,25.1,13.5,20.4,0.4,25.226666666666667,12,22.4,34.4,24.5,24.5,335,-2.4492935982947064e-16,1.0,-0.49377555015997737,0.8695893893466109
2023-12-02,22.4,13.4,18.2,0.1,24.956666666666667,12,23.7,25.1,34.4,24.5,336,-2.4492935982947064e-16,1.0,-0.4787338401157883,0.8779600847008883
2023-12-03,23.7,13.7,19.1,0.0,24.92,12,23.1,22.4,25.1,34.4,337,-2.4492935982947064e-16,1.0,-0.4635502709028512,0.8860706215341378
2023-12-04,23.1,13.0,19.0,0.3,24.990000000000002,12,23.9,23.7,22.4,25.1,338,-2.4492935982947064e-16,1.0,-0.4482293417404106,0.893918596519257
2023-12-05,23.9,16.4,20.3,0.0,24.96333333333333,12,32.6,23.1,23.7,22.4,339,-2.4492935982947064e-16,1.0,-0.4327755925504317,0.9015016841318838
2023-12-06,32.6,12.5,23.2,0.0,25.28666666666667,12,31.0,23.9,23.1,23.7,340,-2.4492935982947064e-16,1.0,-0.41719360261231697,0.9088176373395028
2023-12-07,31.0,15.0,22.5,0.0,25.68,12,23.2,32.6,23.9,23.1,341,-2.4492935982947064e-16,1.0,-0.4014879892059737,0.9158642882672868
2023-12-08,23.2,17.1,19.6,8.8,25.793333333333337,12,22.7,31.0,32.6,23.9,342,-2.4492935982947064e-16,1.0,-0.38566340624360745,0.9226395488404875
2023-12-09,22.7,16.4,19.2,0.4,25.776666666666664,12,26.3,23.2,31.0,32.6,343,-2.4492935982947064e-16,1.0,-0.3697245428906732,0.9291414114031743
2023-12-10,26.3,15.5,20.5,0.0,25.886666666666667,12,23.0,22.7,23.2,31.0,344,-2.4492935982947064e-16,1.0,-0.3536761221763721,0.935367949313148
2023-12-11,23.0,13.1,18.9,0.1,25.873333333333335,12,20.7,26.3,22.7,23.2,345,-2.4492935982947064e-16,1.0,-0.33752289959411347,0.941317317512847
2023-12-12,20.7,15.9,18.1,1.9,25.883333333333333,12,23.1,23.0,26.3,22.7,346,-2.4492935982947064e-16,1.0,-0.32126966169236515,0.9469877530760751
2023-12-13,23.1,13.8,18.4,0.0,25.686666666666667,12,21.9,20.7,23.0,26.3,347,-2.4492935982947064e-16,1.0,-0.3049212246562894,0.9523775757303973
2023-12-14,21.9,16.8,18.9,0.0,25.376666666666665,12,24.1,23.1,20.7,23.0,348,-2.4492935982947064e-16,1.0,-0.2884824328806098,0.9574851883550389
2023-12-15,24.1,14.3,19.3,0.0,25.043333333333333,12,25.4,21.9,23.1,20.7,349,-2.4492935982947064e-16,1.0,-0.27195815753410524,0.9623090774541487
2023-12-16,25.4,12.7,19.2,0.0,24.973333333333333,12,24.0,24.1,21.9,23.1,350,-2.4492935982947064e-16,1.0,-0.2553532951161881,0.9668478136052773
2023-12-17,24.0,16.5,19.9,0.0,24.913333333333334,12,22.4,25.4,24.1,21.9,351,-2.4492935982947064e-16,1.0,-0.23867276600594997,0.9711000518829505
2023-12-18,22.4,17.0,19.6,0.0,24.769999999999996,12,24.9,24.0,25.4,24.1,352,-2.4492935982947064e-16,1.0,-0.22192151300416674,0.9750645322571945
2023-12-19,24.9,13.8,19.7,0.0,24.753333333333334,12,22.8,22.4,24.0,25.4,353,-2.4492935982947064e-16,1.0,-0.20510449986861926,0.9787400799669153
2023-12-20,22.8,16.0,19.2,0.0,24.673333333333336,12,27.1,24.9,22.4,24.0,354,-2.4492935982947064e-16,1.0,-0.1882267098432439,0.9821256058680006
2023-12-21,27.1,16.2,21.3,0.0,24.83,12,31.1,22.8,24.9,22.4,355,-2.4492935982947064e-16,1.0,-0.1712931441814778,0.9852201067560606
2023-12-22,31.1,14.6,22.1,0.1,25.053333333333335,12,24.2,27.1,22.8,24.9,356,-2.4492935982947064e-16,1.0,-0.154308820664281,0.9880226656636976
2023-12-23,24.2,19.3,21.2,0.9,25.0,12,29.0,31.1,27.1,22.8,357,-2.4492935982947064e-16,1.0,-0.13727877211326517,0.9905324521322227
2023-12-24,29.0,17.8,22.8,0.0,25.23,12,25.3,24.2,31.1,27.1,358,-2.4492935982947064e-16,1.0,-0.12020804489935275,0.9927487224577402
2023-12-25,25.3,18.2,21.0,0.0,25.326666666666668,12,30.3,29.0,24.2,31.1,359,-2.4492935982947064e-16,1.0,-0.10310169744743544,0.9946708199115211
2023-12-26,30.3,17.9,22.4,0.0,25.39333333333333,12,33.5,25.3,29.0,24.2,360,-2.4492935982947064e-16,1.0,-0.0859647987374467,0.9962981749346077
2023-12-27,33.5,14.1,24.5,0.0,25.673333333333336,12,33.0,30.3,25.3,29.0,361,-2.4492935982947064e-16,1.0,-0.06880242680232064,0.9976303053065857
2023-12-28,33.0,16.6,24.5,0.0,25.956666666666667,12,31.0,33.5,30.3,25.3,362,-2.4492935982947064e-16,1.0,-0.05161966722325418,0.9986668162884759
2023-12-29,31.0,16.3,23.7,0.0,26.173333333333336,12,29.0,33.0,33.5,30.3,363,-2.4492935982947064e-16,1.0,-0.034421611622745804,0.9994074007397048
2023-12-30,29.0,20.3,24.0,0.0,25.993333333333332,12,29.6,31.0,33.0,33.5,364,-2.4492935982947064e-16,1.0,-0.01721335615583528,0.9998518392091162
2023-12-31,29.6,20.5,24.6,1.0,26.143333333333334,12,35.9,29.0,31.0,33.0,365,-2.4492935982947064e-16,1.0,6.432490598706546e-16,1.0
2024-01-01,35.9,18.4,26.7,0.0,26.59333333333333,1,34.5,29.6,29.0,31.0,1,0.49999999999999994,0.8660254037844387,0.017213356155834685,0.9998518392091162
2024-01-02,34.5,18.3,25.7,0.0,26.953333333333333,1,31.2,35.9,29.6,29.0,2,0.49999999999999994,0.8660254037844387,0.03442161162274574,0.9994074007397048
2024-01-03,31.2,16.9,24.7,0.0,27.223333333333336,1,33.7,34.5,35.9,29.6,3,0.49999999999999994,0.8660254037844387,0.051619667223253764,0.998666816288476
2024-01-04,33.7,17.8,26.4,0.0,27.55,1,29.3,31.2,34.5,35.9,4,0.49999999999999994,0.8660254037844387,0.06880242680231986,0.9976303053065857
2024-01-05,29.3,16.0,22.2,0.0,27.44,1,26.2,33.7,31.2,34.5,5,0.49999999999999994,0.8660254037844387,0.08596479873744647,0.9962981749346078
2024-01-06,26.2,18.7,22.0,1.8,27.279999999999998,1,22.2,29.3,33.7,31.2,6,0.49999999999999994,0.8660254037844387,0.10310169744743485,0.9946708199115211
2024-01-07,22.2,17.4,19.3,0.4,27.246666666666666,1,23.7,26.2,29.3,33.7,7,0.49999999999999994,0.8660254037844387,0.1202080448993527,0.9927487224577402
2024-01-08,23.7,16.6,20.4,0.0,27.279999999999998,1,27.1,22.2,26.2,29.3,8,0.49999999999999994,0.8660254037844387,0.13727877211326478,0.9905324521322229
2024-01-09,27.1,15.2,21.1,0.0,27.306666666666665,1,26.6,23.7,22.2,26.2,9,0.49999999999999994,0.8660254037844387,0.15430882066428117,0.9880226656636976
2024-01-10,26.6,19.2,21.9,0.0,27.426666666666666,1,30.4,27.1,23.7,22.2,10,0.49999999999999994,0.8660254037844387,0.1712931441814776,0.9852201067560606
2024-01-11,30.4,15.5,21.9,0.0,27.75,1,24.9,26.6,27.1,23.7,11,0.49999999999999994,0.8660254037844387,0.1882267098432442,0.9821256058680006
2024-01-12,24.9,16.6,20.4,0.0,27.81,1,28.1,30.4,26.6,27.1,12,0.49999999999999994,0.8660254037844387,0.2051044998686192,0.9787400799669153
2024-01-13,28.1,15.7,21.3,0.0,28.016666666666666,1,25.0,24.9,30.4,26.6,13,0.49999999999999994,0.8660254037844387,0.2219215130041655,0.9750645322571948
2024-01-14,25.0,14.8,20.5,0.0,28.046666666666667,1,26.2,28.1,24.9,30.4,14,0.49999999999999994,0.8660254037844387,0.2386727660059501,0.9711000518829505
2024-01-15,26.2,15.4,21.2,0.0,28.073333333333334,1,24.9,25.0,28.1,24.9,15,0.49999999999999994,0.8660254037844387,0.255353295116187,0.9668478136052775
2024-01-16,24.9,18.2,21.2,0.0,28.103333333333335,1,26.4,26.2,25.0,28.1,16,0.49999999999999994,0.8660254037844387,0.2719581575341055,0.9623090774541486
2024-01-17,26.4,17.9,22.3,0.0,28.236666666666668,1,32.6,24.9,26.2,25.0,17,0.49999999999999994,0.8660254037844387,0.288482432880609,0.9574851883550393
2024-01-18,32.6,15.7,24.4,0.0,28.493333333333332,1,36.3,26.4,24.9,26.2,18,0.49999999999999994,0.8660254037844387,0.30492122465628907,0.9523775757303974
2024-01-19,36.3,16.2,26.5,0.0,28.94333333333333,1,34.3,32.6,26.4,24.9,19,0.49999999999999994,0.8660254037844387,0.3212696616923644,0.9469877530760753
2024-01-20,34.3,19.5,26.2,0.0,29.183333333333334,1,26.0,36.3,32.6,26.4,20,0.49999999999999994,0.8660254037844387,0.3375228995941133,0.9413173175128471
2024-01-21,26.0,15.4,21.2,0.0,29.013333333333332,1,28.5,34.3,36.3,32.6,21,0.49999999999999994,0.8660254037844387,0.3536761221763716,0.9353679493131483
2024-01-22,28.5,19.2,22.7,0.0,29.15666666666667,1,34.7,26.0,34.3,36.3,22,0.49999999999999994,0.8660254037844387,0.3697245428906731,0.9291414114031743
2024-01-23,34.7,16.5,25.4,0.0,29.346666666666668,1,32.7,28.5,26.0,34.3,23,0.49999999999999994,0.8660254037844387,0.38566340624360707,0.9226395488404876
2024-01-24,32.7,17.7,25.8,0.0,29.59333333333333,1,34.4,34.7,28.5,26.0,24,0.49999999999999994,0.8660254037844387,0.401487989205973,0.9158642882672872
2024-01-25,34.4,16.3,25.2,0.0,29.73,1,24.7,32.7,34.7,28.5,25,0.49999999999999994,0.8660254037844387,0.4171936026123168,0.9088176373395029
2024-01-26,24.7,15.6,20.3,0.0,29.436666666666667,1,30.0,34.4,32.7,34.7,26,0.49999999999999994,0.8660254037844387,0.4327755925504312,0.901501684131884
2024-01-27,30.0,17.3,23.1,0.0,29.336666666666666,1,27.8,24.7,34.4,32.7,27,0.49999999999999994,0.8660254037844387,0.4482293417404106,0.893918596519257
2024-01-28,27.8,17.9,22.4,0.0,29.23,1,27.6,30.0,24.7,34.4,28,0.49999999999999994,0.8660254037844387,0.4635502709028509,0.886070621534138
2024-01-29,27.6,16.0,21.9,0.0,29.183333333333334,1,29.0,27.8,30.0,24.7,29,0.49999999999999994,0.8660254037844387,0.47873384011578846,0.8779600847008882
2024-01-30,29.0,17.0,21.8,0.0,29.163333333333334,1,30.5,27.6,27.8,30.0,30,0.49999999999999994,0.8660254037844387,0.49377555015997715,0.869589389346611
2024-01-31,30.5,17.0,22.4,0.1,28.983333333333334,1,34.5,29.0,27.6,27.8,31,0.49999999999999994,0.8660254037844387,0.5086709438521044,0.8609610158889943
2024-02-01,34.5,18.9,26.6,0.0,28.983333333333334,2,33.7,30.5,29.0,27.6,32,0.8660254037844386,0.5000000000000001,0.5234156073655503,0.8520775211013093
2024-02-02,33.7,20.4,24.5,0.1,29.066666666666666,2,33.3,34.5,30.5,29.0,33,0.8660254037844386,0.5000000000000001,0.5380051715382996,0.8429415373547828
2024-02-03,33.3,17.9,25.7,0.1,29.053333333333335,2,33.6,33.7,34.5,30.5,34,0.8660254037844386,0.5000000000000001,0.5524353131676196,0.8335557718385699
2024-02-04,33.6,18.9,24.9,0.0,29.196666666666665,2,29.3,33.3,33.7,34.5,35,0.8660254037844386,0.5000000000000001,0.5667017562911176,0.8239230057575542
2024-02-05,29.3,19.3,23.9,0.0,29.3,2,26.4,33.6,33.3,33.7,36,0.8660254037844386,0.5000000000000001,0.5808002734538009,0.8140460935082178
2024-02-06,26.4,19.9,22.6,0.1,29.439999999999998,2,26.6,29.3,33.6,33.3,37,0.8660254037844386,0.5000000000000001,0.5947266869607634,0.8039279618328213
2024-02-07,26.6,17.6,22.1,0.3,29.53666666666667,2,26.3,26.4,29.3,33.6,38,0.8660254037844386,0.5000000000000001,0.6084768701151261,0.7935716089521474
2024-02-08,26.3,15.9,21.1,0.1,29.51,2,25.4,26.6,26.4,29.3,39,0.8660254037844386,0.5000000000000001,0.6220467484408675,0.7829801036770629
2024-02-09,25.4,15.2,20.0,1.0,29.470000000000002,2,23.9,26.3,26.6,26.4,40,0.8660254037844386,0.5000000000000001,0.6354323008901774,0.7721565844991642
2024-02-10,23.9,16.4,20.3,0.1,29.253333333333334,2,32.8,25.4,26.3,26.6,41,0.8660254037844386,0.5000000000000001,0.6486295610349814,0.7611042586607747
2024-02-11,32.8,12.8,23.1,0.0,29.516666666666666,2,34.4,23.9,25.4,26.3,42,0.8660254037844386,0.5000000000000001,0.6616346182422783,0.7498264012045686
2024-02-12,34.4,15.5,23.4,0.0,29.72666666666667,2,26.1,32.8,23.9,25.4,43,0.8660254037844386,0.5000000000000001,0.6744436188329455,0.7383263540031065
2024-02-13,26.1,17.9,21.6,0.0,29.763333333333332,2,24.5,34.4,32.8,23.9,44,0.8660254037844386,0.5000000000000001,0.6870527672236669,0.7266075247685656
2024-02-14,24.5,16.7,20.7,0.0,29.706666666666663,2,23.1,26.1,34.4,32.8,45,0.8660254037844386,0.5000000000000001,0.699458327051647,0.7146733860429609
2024-02-15,23.1,15.6,19.1,1.6,29.646666666666665,2,22.3,24.5,26.1,34.4,46,0.8660254037844386,0.5000000000000001,0.7116566222817746,0.7025274741691571
2024-02-16,22.3,14.3,18.5,1.9,29.51,2,22.7,23.1,24.5,26.1,47,0.8660254037844386,0.5000000000000001,0.7236440382959124,0.6901733882429719
2024-02-17,22.7,15.1,19.0,0.0,29.18,2,30.8,22.3,23.1,24.5,48,0.8660254037844386,0.5000000000000001,0.7354170229639855,0.6776147890466889
2024-02-18,30.8,11.7,21.5,0.0,28.99666666666667,2,33.5,22.7,22.3,23.1,49,0.8660254037844386,0.5000000000000001,0.7469720876965552,0.6648553979642865
2024-02-19,33.5,13.3,23.4,0.0,28.970000000000002,2,29.0,30.8,22.7,22.3,50,0.8660254037844386,0.5000000000000001,0.7583058084785624,0.6518989958787126
2024-02-20,29.0,15.9,22.1,0.0,29.07,2,23.6,33.5,30.8,22.7,51,0.8660254037844386,0.5000000000000001,0.7694148268839378,0.6387494220515272
2024-02-21,23.6,17.6,20.1,0.0,28.906666666666663,2,23.8,29.0,33.5,30.8,52,0.8660254037844386,0.5000000000000001,0.7802958510707755,0.6254105729852463
2024-02-22,23.8,16.4,19.7,0.0,28.543333333333337,2,28.4,23.6,29.0,33.5,53,0.8660254037844386,0.5000000000000001,0.7909456567567772,0.6118864012687243
2024-02-23,28.4,13.5,20.2,0.0,28.4,2,26.0,23.8,23.6,29.0,54,0.8660254037844386,0.5000000000000001,0.8013610881746766,0.5981809144059165
2024-02-24,26.0,16.4,20.0,3.2,28.12,2,21.4,28.4,23.8,23.6,55,0.8660254037844386,0.5000000000000001,0.8115390590073611,0.5842981736283684
2024-02-25,21.4,15.0,18.2,0.6,28.009999999999998,2,28.4,26.0,28.4,23.8,56,0.8660254037844386,0.5000000000000001,0.8214765533024142,0.5702422926917871
2024-02-26,28.4,15.3,20.6,0.0,27.956666666666663,2,34.9,21.4,26.0,28.4,57,0.8660254037844386,0.5000000000000001,0.8311706263658079,0.5560174366570446
2024-02-27,34.9,13.4,23.2,0.0,28.193333333333335,2,35.3,28.4,21.4,26.0,58,0.8660254037844386,0.5000000000000001,0.8406184056344782,0.5416278206559814
2024-02-28,35.3,14.4,24.7,0.0,28.45,2,32.8,34.9,28.4,21.4,59,0.8660254037844386,0.5000000000000001,0.8498170915275278,0.5270777086423722
2024-02-29,32.8,17.2,23.3,0.6,28.576666666666664,2,28.3,35.3,34.9,28.4,60,0.8660254037844386,0.5000000000000001,0.8587639582758029,0.5123714121284237
2024-03-01,28.3,16.0,21.2,0.0,28.503333333333334,3,26.5,32.8,35.3,34.9,61,1.0,6.123233995736766e-17,0.8674563547295969,0.49751328890718066
2024-03-02,26.5,17.8,21.1,0.0,28.236666666666668,3,30.3,28.3,32.8,35.3,62,1.0,6.123233995736766e-17,0.8758917051442429,0.48250774176121847
2024-03-03,30.3,17.8,23.5,0.0,28.12333333333333,3,20.4,26.5,28.3,32.8,63,1.0,6.123233995736766e-17,0.8840675099433636,0.4673592171580022
2024-03-04,20.4,16.0,17.8,14.3,27.69333333333333,3,22.9,30.3,26.5,28.3,64,1.0,6.123233995736766e-17,0.8919813464595485,0.45207220393230435
2024-03-05,22.9,15.0,17.9,1.4,27.336666666666666,3,23.5,20.4,30.3,26.5,65,1.0,6.123233995736766e-17,0.8996308696522433,0.43665123195606403
2024-03-06,23.5,11.6,17.3,0.2,27.143333333333334,3,25.5,22.9,20.4,30.3,66,1.0,6.123233995736766e-17,0.9070138128026359,0.4211008707960896
2024-03-07,25.5,14.4,19.8,0.4,27.113333333333337,3,25.8,23.5,22.9,20.4,67,1.0,6.123233995736766e-17,0.9141279881853337,0.40542572835999735
2024-03-08,25.8,17.1,21.1,1.1,27.086666666666666,3,23.3,25.5,23.5,22.9,68,1.0,6.123233995736766e-17,0.9209712877166346,0.38963044953078796
2024-03-09,23.3,15.4,18.9,0.0,26.986666666666665,3,23.9,25.8,25.5,23.5,69,1.0,6.123233995736766e-17,0.9275416835791966,0.37371971479046906
2024-03-10,23.9,16.3,19.3,0.0,26.936666666666667,3,30.7,23.3,25.8,25.5,70,1.0,6.123233995736766e-17,0.9338372288229252,0.35769823883312546
2024-03-11,30.7,12.6,20.2,0.0,27.163333333333334,3,24.7,23.9,23.3,25.8,71,1.0,6.123233995736766e-17,0.9398560579418954,0.3415707691678556
2024-03-12,24.7,17.1,20.1,0.7,26.893333333333334,3,23.3,30.7,23.9,23.3,72,1.0,6.123233995736766e-17,0.9455963874271426,0.3253420847119801
2024-03-13,23.3,16.3,19.4,0.0,26.52333333333333,3,24.8,24.7,30.7,23.9,73,1.0,6.123233995736766e-17,0.9510565162951535,0.30901699437494745
2024-03-14,24.8,15.5,19.5,0.0,26.480000000000004,3,28.9,23.3,24.7,30.7,74,1.0,6.123233995736766e-17,0.9562348265919056,0.29260033563334836
2024-03-15,28.9,12.1,20.0,0.0,26.62666666666667,3,22.3,24.8,23.3,24.7,75,1.0,6.123233995736766e-17,0.9611297838723007,0.27609697309746883
2024-03-16,22.3,17.0,19.4,0.9,26.6,3,30.4,28.9,24.8,23.3,76,1.0,6.123233995736766e-17,0.9657399376548549,0.2595117970697999
2024-03-17,30.4,14.6,21.6,0.0,26.869999999999997,3,29.7,22.3,28.9,24.8,77,1.0,6.123233995736766e-17,0.9700639218515071,0.2428497220959356
2024-03-18,29.7,13.0,20.4,0.0,27.103333333333335,3,29.5,30.4,22.3,28.9,78,1.0,6.123233995736766e-17,0.9741004551724205,0.22611568550828828
2024-03-19,29.5,16.7,22.4,0.0,27.06,3,32.7,29.7,30.4,22.3,79,1.0,6.123233995736766e-17,0.9778483415056568,0.20931464596304847
2024-03-20,32.7,15.7,23.5,0.0,27.033333333333335,3,31.5,29.5,29.7,30.4,80,1.0,6.123233995736766e-17,0.9813064702716093,0.19245158197082998
2024-03-21,31.5,15.3,22.2,0.0,27.116666666666667,3,25.0,32.7,29.5,29.7,81,1.0,6.123233995736766e-17,0.9844738167520922,0.1755314904214282
2024-03-22,25.0,14.2,19.6,0.8,27.163333333333338,3,20.1,31.5,32.7,29.5,82,1.0,6.123233995736766e-17,0.9873494423939864,0.15855938510313475
2024-03-23,20.1,16.8,18.4,0.0,27.04,3,25.6,25.0,31.5,32.7,83,1.0,6.123233995736766e-17,0.989932495087353,0.141540295217043
2024-03-24,25.6,15.5,19.3,0.2,26.946666666666665,3,25.2,20.1,25.0,31.5,84,1.0,6.123233995736766e-17,0.9922222094179323,0.12447926388678915
2024-03-25,25.2,16.1,20.0,0.0,26.92,3,23.6,25.6,20.1,25.0,85,1.0,6.123233995736766e-17,0.994217906893952,0.10738134666416309
2024-03-26,23.6,15.8,19.0,0.0,26.993333333333336,3,27.4,25.2,25.6,20.1,86,1.0,6.123233995736766e-17,0.995918996147179,0.09025161003104117
2024-03-27,27.4,16.9,21.1,0.0,26.96,3,23.9,23.6,25.2,25.6,87,1.0,6.123233995736766e-17,0.9973249731081555,0.07309512989807777
2024-03-28,23.9,14.0,19.1,0.0,26.59333333333333,3,26.8,27.4,23.6,25.2,88,1.0,6.123233995736766e-17,0.9984354211555643,0.055916990100603484
2024-03-29,26.8,16.5,20.8,0.0,26.31,3,31.7,23.9,27.4,23.6,89,1.0,6.123233995736766e-17,0.9992500112396835,0.03872228089217446
2024-03-30,31.7,13.4,21.7,0.0,26.273333333333333,3,24.1,26.8,23.9,27.4,90,1.0,6.123233995736766e-17,0.9997685019798909,0.021516097436222254
2024-03-31,24.1,16.7,20.1,0.4,26.133333333333333,3,22.6,31.7,26.8,23.9,91,1.0,6.123233995736766e-17,0.9999907397361901,0.004303538296244289
2024-04-01,22.6,13.0,17.7,0.7,26.003333333333334,4,22.1,24.1,31.7,26.8,92,0.8660254037844387,-0.4999999999999998,0.9999166586547379,-0.01291029607500882
2024-04-02,22.1,14.5,18.0,0.6,25.73,4,27.4,22.6,24.1,31.7,93,0.8660254037844387,-0.4999999999999998,0.9995462806873573,-0.030120304846908114
2024-04-03,27.4,13.1,19.4,0.0,25.963333333333335,4,22.4,22.1,22.6,24.1,94,0.8660254037844387,-0.4999999999999998,0.9988797155850336,-0.04732138832243185
2024-04-04,22.4,11.8,17.0,0.5,25.946666666666665,4,23.0,27.4,22.1,22.6,95,0.8660254037844387,-0.4999999999999998,0.9979171608653922,-0.06450844944931623
2024-04-05,23.0,15.2,18.1,0.1,25.93,4,24.4,22.4,27.4,22.1,96,0.8660254037844387,-0.4999999999999998,0.9966589017541702,-0.08167639533042241
2024-04-06,24.4,14.3,18.6,0.0,25.89333333333333,4,22.6,23.0,22.4,27.4,97,0.8660254037844387,-0.4999999999999998,0.9951053111006976,-0.09882013873287143
2024-04-07,22.6,17.5,18.8,9.7,25.78666666666667,4,19.9,24.4,23.0,22.4,98,0.8660254037844387,-0.4999999999999998,0.9932568492674143,-0.11593459959550041
2024-04-08,19.9,16.6,17.8,30.4,25.673333333333336,4,20.1,22.6,24.4,23.0,99,0.8660254037844387,-0.4999999999999998,0.9911140639934547,-0.1330147065341959
2024-04-09,20.1,13.9,17.1,1.7,25.546666666666667,4,20.2,19.9,22.6,24.4,100,0.8660254037844387,-0.4999999999999998,0.9886775902323405,-0.1500553983446526
2024-04-10,20.2,14.0,16.6,0.1,25.196666666666665,4,23.4,20.1,19.9,22.6,101,0.8660254037844387,-0.4999999999999998,0.9859481499638304,-0.16705162550211924
2024-04-11,23.4,11.4,16.6,0.0,25.153333333333332,4,24.6,20.2,20.1,19.9,102,0.8660254037844387,-0.4999999999999998,0.9829265519799822,-0.18399835165768005
2024-04-12,24.6,7.2,14.9,0.0,25.196666666666665,4,25.2,23.4,20.2,20.1,103,0.8660254037844387,-0.4999999999999998,0.9796136916454901,-0.20089055513063506
2024-04-13,25.2,9.4,16.0,0.0,25.209999999999997,4,26.7,24.6,23.4,20.2,104,0.8660254037844387,-0.4999999999999998,0.9760105506323683,-0.21772323039653177
2024-04-14,26.7,12.5,17.8,0.0,25.136666666666667,4,26.5,25.2,24.6,23.4,105,0.8660254037844387,-0.4999999999999998,0.9721181966290613,-0.23449138957040985
2024-04-15,26.5,12.2,18.0,0.0,25.276666666666667,4,25.6,26.7,25.2,24.6,106,0.8660254037844387,-0.4999999999999998,0.9679377830240642,-0.25119006388481935
2024-04-16,25.6,13.6,17.9,0.0,25.116666666666667,4,22.7,26.5,26.7,25.2,107,0.8660254037844387,-0.4999999999999998,0.9634705485641488,-0.2678143051621742
2024-04-17,22.7,11.4,15.8,0.0,24.883333333333333,4,19.4,25.6,26.5,26.7,108,0.8660254037844387,-0.4999999999999998,0.9587178169872964,-0.2843591872810034
2024-04-18,19.4,11.7,14.6,0.0,24.546666666666667,4,24.0,22.7,25.6,26.5,109,0.8660254037844387,-0.4999999999999998,0.9536809966304457,-0.30081980763566735
2024-04-19,24.0,11.1,15.1,0.0,24.256666666666664,4,18.2,19.4,22.7,25.6,110,0.8660254037844387,-0.4999999999999998,0.9483615800121715,-0.3171912885891061
2024-04-20,18.2,10.0,13.6,0.2,23.813333333333333,4,22.6,24.0,19.4,22.7,111,0.8660254037844387,-0.4999999999999998,0.9427611433904207,-0.3334687789181868
2024-04-21,22.6,10.1,14.7,0.0,23.733333333333334,4,23.3,18.2,24.0,19.4,112,0.8660254037844387,-0.4999999999999998,0.9368813462954315,-0.3496474552512284
2024-04-22,23.3,12.4,17.0,0.0,23.84,4,22.1,22.6,18.2,24.0,113,0.8660254037844387,-0.4999999999999998,0.9307239310379795,-0.36572252349726897
2024-04-23,22.1,11.4,15.3,0.0,23.723333333333336,4,22.3,23.3,22.6,18.2,114,0.8660254037844387,-0.4999999999999998,0.9242907221930933,-0.3816892202666588
2024-04-24,22.3,12.4,15.8,0.0,23.626666666666665,4,22.2,22.1,23.3,22.6,115,0.8660254037844387,-0.4999999999999998,0.9175836260593937,-0.39754281428255595
2024-04-25,22.2,13.8,17.2,0.0,23.58,4,27.4,22.3,22.1,23.3,116,0.8660254037844387,-0.4999999999999998,0.9106046300942162,-0.4132786077829042
2024-04-26,27.4,16.0,19.9,0.0,23.58,4,29.9,22.2,22.3,22.1,117,0.8660254037844387,-0.4999999999999998,0.9033558023246845,-0.4288919379124835
2024-04-27,29.9,13.6,20.8,0.0,23.779999999999998,4,25.2,27.4,22.2,22.3,118,0.8660254037844387,-0.4999999999999998,0.895839290734909,-0.4443781781046132
2024-04-28,25.2,14.2,19.1,0.0,23.72666666666667,4,28.4,29.9,27.4,22.2,119,0.8660254037844387,-0.4999999999999998,0.8880573226294932,-0.45973273945210397
2024-04-29,28.4,13.1,17.7,0.0,23.616666666666667,4,22.0,25.2,29.9,27.4,120,0.8660254037844387,-0.4999999999999998,0.8800122039735357,-0.47495107206704995
2024-04-30,22.0,13.1,16.9,0.0,23.546666666666667,4,23.6,28.4,25.2,29.9,121,0.8660254037844387,-0.4999999999999998,0.8717063187093218,-0.4900286664290592
2024-05-01,23.6,12.1,17.1,0.0,23.58,5,28.9,22.0,28.4,25.2,122,0.49999999999999994,-0.8660254037844387,0.8631421280499114,-0.5049610547215204
2024-05-02,28.9,9.7,17.5,0.0,23.80666666666667,5,28.8,23.6,22.0,28.4,123,0.49999999999999994,-0.8660254037844387,0.854322169749827,-0.5197438121555155
2024-05-03,28.8,12.6,17.7,0.1,23.85333333333333,5,20.4,28.9,23.6,22.0,124,0.49999999999999994,-0.8660254037844387,0.8452490573530633,-0.5343725582809786
2024-05-04,20.4,14.3,16.8,8.8,23.78666666666667,5,20.8,28.8,28.9,23.6,125,0.49999999999999994,-0.8660254037844387,0.8359254794186372,-0.548842958284719
2024-05-05,20.8,12.5,15.7,0.0,23.71333333333333,5,22.6,20.4,28.8,28.9,126,0.49999999999999994,-0.8660254037844387,0.8263541987239096,-0.5631507242749186
2024-05-06,22.6,13.8,16.7,0.0,23.653333333333332,5,21.1,20.8,20.4,28.8,127,0.49999999999999994,-0.8660254037844387,0.8165380514459161,-0.5772916165517272
2024-05-07,21.1,14.7,17.3,1.2,23.603333333333335,5,19.3,22.6,20.8,20.4,128,0.49999999999999994,-0.8660254037844387,0.8064799463209448,-0.5912614448635781
2024-05-08,19.3,11.3,14.8,0.5,23.583333333333332,5,20.8,21.1,22.6,20.8,129,0.49999999999999994,-0.8660254037844387,0.7961828637826158,-0.6050560696488488
2024-05-09,20.8,7.2,14.2,0.0,23.606666666666666,5,18.4,19.3,21.1,22.6,130,0.49999999999999994,-0.8660254037844387,0.7856498550787147,-0.6186714032625031
2024-05-10,18.4,10.6,14.2,8.8,23.54666666666667,5,18.6,20.8,19.3,21.1,131,0.49999999999999994,-0.8660254037844387,0.7748840413670407,-0.6321034111873487
2024-05-11,18.6,9.4,13.1,0.0,23.386666666666663,5,20.7,18.4,20.8,19.3,132,0.49999999999999994,-0.8660254037844387,0.7638886127905428,-0.6453481132295501
2024-05-12,20.7,9.7,14.4,0.0,23.256666666666668,5,24.4,18.6,18.4,20.8,133,0.49999999999999994,-0.8660254037844387,0.7526668275320085,-0.6584015846980488
2024-05-13,24.4,9.6,15.1,0.0,23.23,5,29.6,20.7,18.6,18.4,134,0.49999999999999994,-0.8660254037844387,0.7412220108485958,-0.6712599575675313
2024-05-14,29.6,7.5,15.8,0.0,23.326666666666664,5,22.0,24.4,20.7,18.6,135,0.49999999999999994,-0.8660254037844387,0.7295575540864875,-0.6839194216246106
2024-05-15,22.0,10.8,14.9,0.0,23.176666666666666,5,21.1,29.6,24.4,20.7,136,0.49999999999999994,-0.8660254037844387,0.717676913675962,-0.6963762255968722
2024-05-16,21.1,9.5,14.2,0.0,23.026666666666667,5,21.2,22.0,29.6,24.4,137,0.49999999999999994,-0.8660254037844387,0.705583610107178,-0.7086266782644596
2024-05-17,21.2,10.7,15.8,0.0,22.976666666666667,5,24.3,21.1,22.0,29.6,138,0.49999999999999994,-0.8660254037844387,0.6932812268869777,-0.7206671495538609
2024-05-18,24.3,10.7,15.5,0.0,23.14,5,22.7,21.2,21.1,22.0,139,0.49999999999999994,-0.8660254037844387,0.6807734094770161,-0.7324940716135789
2024-05-19,22.7,9.3,14.3,0.0,23.096666666666668,5,24.8,24.3,21.2,21.1,140,0.49999999999999994,-0.8660254037844387,0.6680638642135335,-0.7441039398713607
2024-05-20,24.8,12.5,15.7,0.0,23.316666666666666,5,21.4,22.7,24.3,21.2,141,0.49999999999999994,-0.8660254037844387,0.6551563572090853,-0.7554933140726803
2024-05-21,21.4,13.7,16.5,0.0,23.276666666666664,5,21.6,24.8,22.7,24.3,142,0.49999999999999994,-0.8660254037844387,0.6420547132365637,-0.766658819300159
2024-05-22,21.6,13.0,16.8,0.0,23.220000000000002,5,19.7,21.4,24.8,22.7,143,0.49999999999999994,-0.8660254037844387,0.6287628145958344,-0.7775971469736269
2024-05-23,19.7,15.0,17.0,0.0,23.139999999999997,5,23.4,21.6,21.4,24.8,144,0.49999999999999994,-0.8660254037844387,0.6152845999633276,-0.7883050558305255
2024-05-24,23.4,11.5,17.2,0.0,23.17666666666667,5,19.7,19.7,21.6,21.4,145,0.49999999999999994,-0.8660254037844387,0.6016240632249226,-0.7987793728863649
2024-05-25,19.7,10.2,14.9,0.0,23.09333333333333,5,20.4,23.4,19.7,21.6,146,0.49999999999999994,-0.8660254037844387,0.5877852522924732,-0.8090169943749473
2024-05-26,20.4,10.9,15.7,0.0,22.86,5,22.0,19.7,23.4,19.7,147,0.49999999999999994,-0.8660254037844387,0.5737722679043246,-0.8190148866680801
2024-05-27,22.0,11.8,15.6,0.0,22.596666666666668,5,27.3,20.4,19.7,23.4,148,0.49999999999999994,-0.8660254037844387,0.5595892624101765,-0.8287700871745038
2024-05-28,27.3,10.3,17.0,0.0,22.666666666666668,5,32.5,22.0,20.4,19.7,149,0.49999999999999994,-0.8660254037844387,0.545240438540651,-0.8382797052177744
2024-05-29,32.5,9.9,20.1,0.0,22.803333333333335,5,17.3,27.3,22.0,20.4,150,0.49999999999999994,-0.8660254037844387,0.5307300481619334,-0.8475409228928311
2024-05-30,17.3,10.5,15.1,8.5,22.646666666666665,5,17.3,32.5,27.3,22.0,151,0.49999999999999994,-0.8660254037844387,0.5160623910158528,-0.8565509959010036
2024-05-31,17.3,7.5,11.4,0.0,22.436666666666667,5,18.7,17.3,32.5,27.3,152,0.49999999999999994,-0.8660254037844387,0.5012418134457758,-0.865307254363206
2024-06-01,18.7,3.5,11.0,0.0,22.096666666666668,6,18.4,17.3,17.3,32.5,153,1.2246467991473532e-16,-1.0,0.48627270710868997,-0.8738071036110808
2024-06-02,18.4,7.4,12.8,0.0,21.75,6,15.1,18.7,17.3,17.3,154,1.2246467991473532e-16,-1.0,0.4711595076738638,-0.8820480249558537
2024-06-03,15.1,10.5,13.0,3.1,21.57333333333333,6,19.3,18.4,18.7,17.3,155,1.2246467991473532e-16,-1.0,0.4559066935084588,-0.8900275764346767
2024-06-04,19.3,13.6,16.2,16.5,21.523333333333333,6,17.5,15.1,18.4,18.7,156,1.2246467991473532e-16,-1.0,0.440518784350495,-0.8977433935342337
2024-06-05,17.5,13.3,14.6,9.6,21.353333333333335,6,17.2,19.3,15.1,18.4,157,1.2246467991473532e-16,-1.0,0.42500033996955416,-0.9051931898913974
2024-06-06,17.2,11.7,13.5,10.2,21.223333333333333,6,17.2,17.5,19.3,15.1,158,1.2246467991473532e-16,-1.0,0.4093559588156213,-0.9123747579707273
2024-06-07,17.2,8.8,13.9,1.6,21.153333333333332,6,17.8,17.2,17.5,19.3,159,1.2246467991473532e-16,-1.0,0.39359027665646673,-0.9192859697186104
2024-06-08,17.8,5.3,11.6,0.0,21.053333333333335,6,17.2,17.2,17.2,17.5,160,1.2246467991473532e-16,-1.0,0.3777079652039649,-0.9259247771938498
2024-06-09,17.2,9.6,12.8,0.0,21.013333333333332,6,25.6,17.8,17.2,17.2,161,1.2246467991473532e-16,-1.0,0.36171373072976765,-0.9322892131745133
2024-06-10,25.6,6.0,15.0,0.0,21.24666666666667,6,24.3,17.2,17.8,17.2,162,1.2246467991473532e-16,-1.0,0.3456123126707335,-0.9383773917408641
2024-06-11,24.3,14.7,18.3,4.3,21.366666666666667,6,19.2,25.6,17.2,17.8,163,1.2246467991473532e-16,-1.0,0.3294084822245304,-0.9441875088341993
2024-06-12,19.2,10.7,14.7,1.8,21.193333333333335,6,18.9,24.3,25.6,17.2,164,1.2246467991473532e-16,-1.0,0.3131070409358269,-0.9497178427914316
2024-06-13,18.9,7.4,11.7,0.0,20.836666666666666,6,19.6,19.2,24.3,25.6,165,1.2246467991473532e-16,-1.0,0.29671281927349075,-0.9549667548552551
2024-06-14,19.6,6.9,13.3,0.0,20.756666666666668,6,20.7,18.9,19.2,24.3,166,1.2246467991473532e-16,-1.0,0.28023067519921585,-0.9599326896597447
2024-06-15,20.7,9.0,14.0,0.0,20.743333333333332,6,22.2,19.6,18.9,19.2,167,1.2246467991473532e-16,-1.0,0.26366549272800704,-0.9646141756912435
2024-06-16,22.2,7.8,14.3,0.0,20.776666666666667,6,20.2,20.7,19.6,18.9,168,1.2246467991473532e-16,-1.0,0.24702218048093552,-0.9690098257244062
2024-06-17,20.2,11.7,15.4,0.0,20.639999999999997,6,18.3,22.2,20.7,19.6,169,1.2246467991473532e-16,-1.0,0.23030567023061221,-0.9731183372332619
2024-06-18,18.3,13.8,15.4,11.5,20.493333333333336,6,16.6,20.2,22.2,20.7,170,1.2246467991473532e-16,-1.0,0.21352091543979612,-0.9769384927771817
2024-06-19,16.6,11.4,13.6,2.9,20.220000000000002,6,17.0,18.3,20.2,22.2,171,1.2246467991473532e-16,-1.0,0.19667288979357647,-0.980469160361632
2024-06-20,17.0,7.8,12.3,0.0,20.073333333333334,6,18.2,16.6,18.3,20.2,172,1.2246467991473532e-16,-1.0,0.1797665857255624,-0.9837092937736097
2024-06-21,18.2,10.5,14.2,13.8,19.959999999999997,6,19.2,17.0,16.6,18.3,173,1.2246467991473532e-16,-1.0,0.16280701293851715,-0.986657932891657
2024-06-22,19.2,11.0,13.4,0.1,19.943333333333335,6,20.8,18.2,17.0,16.6,174,1.2246467991473532e-16,-1.0,0.1457991969198751,-0.9893142039703663
2024-06-23,20.8,8.9,13.4,0.0,19.856666666666666,6,17.8,19.2,18.2,17.0,175,1.2246467991473532e-16,-1.0,0.12874817745258132,-0.99167731989929
2024-06-24,17.8,10.6,14.3,0.0,19.793333333333337,6,17.7,20.8,19.2,18.2,176,1.2246467991473532e-16,-1.0,0.11165900712169512,-0.993746580436178
2024-06-25,17.7,8.2,12.8,0.0,19.703333333333333,6,20.3,17.8,20.8,19.2,177,1.2246467991473532e-16,-1.0,0.09453674981719912,-0.9955213724144752
2024-06-26,20.3,8.9,14.0,0.0,19.64666666666667,6,25.2,17.7,17.8,20.8,178,1.2246467991473532e-16,-1.0,0.07738647923346301,-0.9970011699250151
2024-06-27,25.2,6.1,15.3,0.0,19.576666666666664,6,26.7,20.3,17.7,17.8,179,1.2246467991473532e-16,-1.0,0.06021327736579302,-0.9981855344718586
2024-06-28,26.7,9.5,17.7,0.0,19.383333333333333,6,21.4,25.2,20.3,17.7,180,1.2246467991473532e-16,-1.0,0.04302223300453059,-0.99907411510223
2024-06-29,21.4,14.3,17.2,0.0,19.52,6,19.6,26.7,25.2,20.3,181,1.2246467991473532e-16,-1.0,0.02581844022713308,-0.9996666485105112
2024-06-30,19.6,11.6,15.3,0.2,19.596666666666668,6,17.0,21.4,26.7,25.2,182,1.2246467991473532e-16,-1.0,0.008606996888688698,-0.9999629591162655
2024-07-01,17.0,9.5,12.3,0.0,19.540000000000003,7,17.0,19.6,21.4,26.7,183,-0.4999999999999997,-0.8660254037844388,-0.008606996888688009,-0.9999629591162655
2024-07-02,17.0,8.2,11.9,0.1,19.493333333333336,7,15.5,17.0,19.6,21.4,184,-0.4999999999999997,-0.8660254037844388,-0.02581844022713239,-0.9996666485105112
2024-07-03,15.5,9.9,12.4,15.5,19.506666666666668,7,16.6,17.0,17.0,19.6,185,-0.4999999999999997,-0.8660254037844388,-0.04302223300453034,-0.99907411510223
2024-07-04,16.6,8.7,12.3,9.1,19.416666666666668,7,17.0,15.5,17.0,17.0,186,-0.4999999999999997,-0.8660254037844388,-0.060213277365792774,-0.9981855344718586
2024-07-05,17.0,5.1,11.9,0.4,19.4,7,21.8,16.6,15.5,17.0,187,-0.4999999999999997,-0.8660254037844388,-0.07738647923346322,-0.9970011699250151
2024-07-06,21.8,3.0,12.3,0.0,19.553333333333335,7,14.6,17.0,16.6,15.5,188,-0.4999999999999997,-0.8660254037844388,-0.09453674981719933,-0.9955213724144752
2024-07-07,14.6,8.6,11.7,32.2,19.466666666666665,7,13.2,21.8,17.0,16.6,189,-0.4999999999999997,-0.8660254037844388,-0.11165900712169444,-0.9937465804361781
2024-07-08,13.2,7.0,10.3,1.0,19.313333333333333,7,15.4,14.6,21.8,17.0,190,-0.4999999999999997,-0.8660254037844388,-0.12874817745258066,-0.99167731989929
2024-07-09,15.4,10.7,12.4,30.5,19.253333333333334,7,17.0,13.2,14.6,21.8,191,-0.4999999999999997,-0.8660254037844388,-0.14579919691987442,-0.9893142039703664
2024-07-10,17.0,12.2,13.8,6.1,18.966666666666665,7,17.2,15.4,13.2,14.6,192,-0.4999999999999997,-0.8660254037844388,-0.16280701293851646,-0.9866579328916572
2024-07-11,17.2,12.1,14.6,21.8,18.73,7,15.2,17.0,15.4,13.2,193,-0.4999999999999997,-0.8660254037844388,-0.17976658572556214,-0.9837092937736098
2024-07-12,15.2,9.5,12.5,2.8,18.596666666666668,7,13.4,17.2,17.0,15.4,194,-0.4999999999999997,-0.8660254037844388,-0.19667288979357622,-0.9804691603616321
2024-07-13,13.4,9.5,10.7,7.3,18.413333333333334,7,15.1,15.2,17.2,17.0,195,-0.4999999999999997,-0.8660254037844388,-0.2135209154397959,-0.9769384927771817
2024-07-14,15.1,7.9,11.0,1.5,18.263333333333332,7,16.3,13.4,15.2,17.2,196,-0.4999999999999997,-0.8660254037844388,-0.23030567023061196,-0.973118337233262
2024-07-15,16.3,9.1,11.9,1.1,18.116666666666667,7,15.5,15.1,13.4,15.2,197,-0.4999999999999997,-0.8660254037844388,-0.24702218048093527,-0.9690098257244063
2024-07-16,15.5,10.4,12.2,5.3,17.89333333333333,7,14.9,16.3,15.1,13.4,198,-0.4999999999999997,-0.8660254037844388,-0.2636654927280072,-0.9646141756912435
2024-07-17,14.9,10.4,12.4,0.0,17.716666666666665,7,15.3,15.5,16.3,15.1,199,-0.4999999999999997,-0.8660254037844388,-0.2802306751992161,-0.9599326896597445
2024-07-18,15.3,10.2,12.7,16.7,17.616666666666667,7,16.2,14.9,15.5,16.3,200,-0.4999999999999997,-0.8660254037844388,-0.2967128192734901,-0.9549667548552553
2024-07-19,16.2,10.4,12.5,6.7,17.603333333333335,7,14.5,15.3,14.9,15.5,201,-0.4999999999999997,-0.8660254037844388,-0.3131070409358267,-0.9497178427914317
2024-07-20,14.5,8.2,11.1,1.3,17.52,7,14.3,16.2,15.3,14.9,202,-0.4999999999999997,-0.8660254037844388,-0.3294084822245302,-0.9441875088341994
2024-07-21,14.3,5.0,9.1,0.0,17.39,7,16.1,14.5,16.2,15.3,203,-0.4999999999999997,-0.8660254037844388,-0.3456123126707333,-0.9383773917408642
2024-07-22,16.1,6.1,10.9,0.0,17.28666666666667,7,15.5,14.3,14.5,16.2,204,-0.4999999999999997,-0.8660254037844388,-0.3617137307297674,-0.9322892131745134
2024-07-23,15.5,3.9,9.7,1.4,17.110000000000003,7,15.2,16.1,14.3,14.5,205,-0.4999999999999997,-0.8660254037844388,-0.37770796520396466,-0.9259247771938499
2024-07-24,15.2,9.6,12.2,1.5,17.023333333333333,7,18.7,15.5,16.1,14.3,206,-0.4999999999999997,-0.8660254037844388,-0.39359027665646645,-0.9192859697186105
2024-07-25,18.7,5.3,11.5,0.0,17.05666666666667,7,16.9,15.2,15.5,16.1,207,-0.4999999999999997,-0.8660254037844388,-0.4093559588156211,-0.9123747579707274
2024-07-26,16.9,11.4,13.5,6.1,16.943333333333335,7,14.4,18.7,15.2,15.5,208,-0.4999999999999997,-0.8660254037844388,-0.42500033996955394,-0.9051931898913975
2024-07-27,14.4,8.7,12.5,14.0,16.583333333333332,7,13.4,16.9,18.7,15.2,209,-0.4999999999999997,-0.8660254037844388,-0.4405187843504952,-0.8977433935342336
2024-07-28,13.4,7.1,9.5,2.2,16.14,7,14.4,14.4,16.9,18.7,210,-0.4999999999999997,-0.8660254037844388,-0.455906693508459,-0.8900275764346766
2024-07-29,14.4,6.9,10.4,3.3,15.906666666666666,7,13.9,13.4,14.4,16.9,211,-0.4999999999999997,-0.8660254037844388,-0.47115950767386394,-0.8820480249558535
2024-07-30,13.9,7.3,10.6,0.9,15.716666666666669,7,14.0,14.4,13.4,14.4,212,-0.4999999999999997,-0.8660254037844388,-0.4862727071086902,-0.8738071036110807
2024-07-31,14.0,5.5,9.4,0.0,15.616666666666667,7,15.6,13.9,14.4,13.4,213,-0.4999999999999997,-0.8660254037844388,-0.5012418134457756,-0.8653072543632061
2024-08-01,15.6,5.9,10.1,0.0,15.569999999999999,8,15.5,14.0,13.9,14.4,214,-0.8660254037844385,-0.5000000000000004,-0.5160623910158526,-0.8565509959010037
2024-08-02,15.5,4.4,9.6,0.0,15.57,8,20.0,15.6,14.0,13.9,215,-0.8660254037844385,-0.5000000000000004,-0.5307300481619331,-0.8475409228928312
2024-08-03,20.0,3.1,9.9,0.0,15.683333333333334,8,13.8,15.5,15.6,14.0,216,-0.8660254037844385,-0.5000000000000004,-0.5452404385406507,-0.8382797052177745
2024-08-04,13.8,7.2,11.2,10.9,15.576666666666666,8,14.9,20.0,15.5,15.6,217,-0.8660254037844385,-0.5000000000000004,-0.5595892624101763,-0.828770087174504
2024-08-05,14.9,6.8,10.9,0.0,15.346666666666666,8,18.3,13.8,20.0,15.5,218,-0.8660254037844385,-0.5000000000000004,-0.5737722679043243,-0.8190148866680802
2024-08-06,18.3,9.0,12.9,0.0,15.469999999999999,8,17.0,14.9,13.8,20.0,219,-0.8660254037844385,-0.5000000000000004,-0.5877852522924734,-0.8090169943749472
2024-08-07,17.0,7.2,11.3,0.0,15.596666666666666,8,14.5,18.3,14.9,13.8,220,-0.8660254037844385,-0.5000000000000004,-0.6016240632249227,-0.7987793728863648
2024-08-08,14.5,9.8,12.1,9.3,15.566666666666666,8,16.0,17.0,18.3,14.9,221,-0.8660254037844385,-0.5000000000000004,-0.6152845999633277,-0.7883050558305253
2024-08-09,16.0,12.4,13.7,2.4,15.533333333333333,8,17.0,14.5,17.0,18.3,222,-0.8660254037844385,-0.5000000000000004,-0.6287628145958345,-0.7775971469736268
2024-08-10,17.0,12.2,13.8,26.7,15.526666666666667,8,16.5,16.0,14.5,17.0,223,-0.8660254037844385,-0.5000000000000004,-0.6420547132365636,-0.7666588193001592
2024-08-11,16.5,9.4,12.4,1.1,15.57,8,16.8,17.0,16.0,14.5,224,-0.8660254037844385,-0.5000000000000004,-0.655156357209085,-0.7554933140726804
2024-08-12,16.8,7.9,11.4,0.0,15.683333333333334,8,16.4,16.5,17.0,16.0,225,-0.8660254037844385,-0.5000000000000004,-0.6680638642135333,-0.7441039398713608
2024-08-13,16.4,8.5,12.1,18.1,15.726666666666665,8,13.9,16.8,16.5,17.0,226,-0.8660254037844385,-0.5000000000000004,-0.6807734094770159,-0.7324940716135792
2024-08-14,13.9,7.1,11.0,0.0,15.646666666666668,8,18.4,16.4,16.8,16.5,227,-0.8660254037844385,-0.5000000000000004,-0.6932812268869771,-0.7206671495538615
2024-08-15,18.4,3.2,9.9,0.0,15.743333333333334,8,17.4,13.9,16.4,16.8,228,-0.8660254037844385,-0.5000000000000004,-0.7055836101071774,-0.70862667826446
2024-08-16,17.4,6.7,11.5,0.0,15.826666666666664,8,15.4,18.4,13.9,16.4,229,-0.8660254037844385,-0.5000000000000004,-0.7176769136759615,-0.6963762255968726
2024-08-17,15.4,9.2,12.4,1.7,15.83,8,18.0,17.4,18.4,13.9,230,-0.8660254037844385,-0.5000000000000004,-0.7295575540864876,-0.6839194216246105
2024-08-18,18.0,8.5,13.0,0.7,15.889999999999999,8,21.1,15.4,17.4,18.4,231,-0.8660254037844385,-0.5000000000000004,-0.7412220108485957,-0.6712599575675315
2024-08-19,21.1,4.4,11.7,0.0,16.11,8,19.9,18.0,15.4,17.4,232,-0.8660254037844385,-0.5000000000000004,-0.7526668275320083,-0.6584015846980489
2024-08-20,19.9,5.4,11.5,0.0,16.296666666666667,8,14.7,21.1,18.0,15.4,233,-0.8660254037844385,-0.5000000000000004,-0.7638886127905429,-0.64534811322955
2024-08-21,14.7,8.9,12.3,9.2,16.25,8,18.0,19.9,21.1,18.0,234,-0.8660254037844385,-0.5000000000000004,-0.7748840413670406,-0.6321034111873488
2024-08-22,18.0,6.1,11.4,0.0,16.333333333333332,8,24.5,14.7,19.9,21.1,235,-0.8660254037844385,-0.5000000000000004,-0.7856498550787144,-0.6186714032625032
2024-08-23,24.5,4.9,12.9,0.0,16.643333333333334,8,17.1,18.0,14.7,19.9,236,-0.8660254037844385,-0.5000000000000004,-0.7961828637826154,-0.6050560696488494
2024-08-24,17.1,10.7,14.0,5.4,16.59,8,17.0,24.5,18.0,14.7,237,-0.8660254037844385,-0.5000000000000004,-0.8064799463209447,-0.5912614448635782
2024-08-25,17.0,9.9,12.7,0.1,16.593333333333334,8,16.3,17.1,24.5,18.0,238,-0.8660254037844385,-0.5000000000000004,-0.8165380514459157,-0.5772916165517278
2024-08-26,16.3,11.3,13.5,6.2,16.65666666666667,8,14.2,17.0,17.1,24.5,239,-0.8660254037844385,-0.5000000000000004,-0.8263541987239094,-0.5631507242749187
2024-08-27,14.2,9.1,12.4,8.0,16.683333333333334,8,11.8,16.3,17.0,17.1,240,-0.8660254037844385,-0.5000000000000004,-0.8359254794186365,-0.5488429582847199
2024-08-28,11.8,6.4,8.9,1.2,16.596666666666668,8,13.0,14.2,16.3,17.0,241,-0.8660254037844385,-0.5000000000000004,-0.8452490573530634,-0.5343725582809785
2024-08-29,13.0,0.0,8.3,0.0,16.566666666666666,8,17.3,11.8,14.2,16.3,242,-0.8660254037844385,-0.5000000000000004,-0.8543221697498269,-0.5197438121555157
2024-08-30,17.3,0.1,9.9,0.0,16.676666666666666,8,25.0,13.0,11.8,14.2,243,-0.8660254037844385,-0.5000000000000004,-0.8631421280499115,-0.5049610547215202
2024-08-31,25.0,4.1,13.0,0.0,16.99,8,19.1,17.3,13.0,11.8,244,-0.8660254037844385,-0.5000000000000004,-0.8717063187093217,-0.4900286664290594
2024-09-01,19.1,6.0,12.1,0.1,17.11,9,29.4,25.0,17.3,13.0,245,-1.0,-1.8369701987210297e-16,-0.8800122039735356,-0.4749510720670502
2024-09-02,29.4,5.5,16.1,0.0,17.423333333333336,9,20.3,19.1,25.0,17.3,246,-1.0,-1.8369701987210297e-16,-0.888057322629493,-0.4597327394521046
2024-09-03,20.3,11.4,14.9,0.8,17.64,9,17.6,29.4,19.1,25.0,247,-1.0,-1.8369701987210297e-16,-0.8958392907349089,-0.4443781781046134
2024-09-04,17.6,12.1,14.0,0.1,17.73,9,14.6,20.3,29.4,19.1,248,-1.0,-1.8369701987210297e-16,-0.9033558023246842,-0.4288919379124841
2024-09-05,14.6,7.9,11.3,1.1,17.606666666666666,9,16.6,17.6,20.3,29.4,249,-1.0,-1.8369701987210297e-16,-0.9106046300942162,-0.41327860778290443
2024-09-06,16.6,6.7,11.8,0.0,17.59333333333333,9,15.8,14.6,17.6,20.3,250,-1.0,-1.8369701987210297e-16,-0.9175836260593934,-0.3975428142825566
2024-09-07,15.8,6.9,11.7,0.0,17.636666666666667,9,14.7,16.6,14.6,17.6,251,-1.0,-1.8369701987210297e-16,-0.9242907221930934,-0.3816892202666586
2024-09-08,14.7,9.0,12.0,1.1,17.59333333333333,9,19.0,15.8,16.6,14.6,252,-1.0,-1.8369701987210297e-16,-0.9307239310379793,-0.3657225234972692
2024-09-09,19.0,9.4,13.3,0.0,17.66,9,20.8,14.7,15.8,16.6,253,-1.0,-1.8369701987210297e-16,-0.9368813462954315,-0.34964745525122826
2024-09-10,20.8,3.8,12.5,0.0,17.803333333333335,9,23.8,19.0,14.7,15.8,254,-1.0,-1.8369701987210297e-16,-0.9427611433904206,-0.33346877891818705
2024-09-11,23.8,6.1,13.9,0.0,18.03666666666667,9,19.6,20.8,19.0,14.7,255,-1.0,-1.8369701987210297e-16,-0.9483615800121716,-0.31719128858910595
2024-09-12,19.6,9.2,13.3,0.3,18.14333333333333,9,17.8,23.8,20.8,19.0,256,-1.0,-1.8369701987210297e-16,-0.9536809966304455,-0.300819807635668
2024-09-13,17.8,7.8,12.6,0.2,18.273333333333333,9,19.5,19.6,23.8,20.8,257,-1.0,-1.8369701987210297e-16,-0.9587178169872964,-0.2843591872810036
2024-09-14,19.5,8.5,13.6,0.0,18.310000000000002,9,18.1,17.8,19.6,23.8,258,-1.0,-1.8369701987210297e-16,-0.9634705485641486,-0.26781430516217486
2024-09-15,18.1,10.4,13.9,0.2,18.333333333333332,9,17.3,19.5,17.8,19.6,259,-1.0,-1.8369701987210297e-16,-0.9679377830240642,-0.25119006388481957
2024-09-16,17.3,11.0,13.7,0.0,18.39666666666667,9,16.6,18.1,19.5,17.8,260,-1.0,-1.8369701987210297e-16,-0.9721181966290612,-0.23449138957041052
2024-09-17,16.6,7.5,12.2,0.0,18.350000000000005,9,15.9,17.3,18.1,19.5,261,-1.0,-1.8369701987210297e-16,-0.9760105506323682,-0.21772323039653224
2024-09-18,15.9,6.9,11.7,4.4,18.17666666666667,9,15.9,16.6,17.3,18.1,262,-1.0,-1.8369701987210297e-16,-0.9796136916454901,-0.20089055513063528
2024-09-19,15.9,10.2,12.8,0.4,18.043333333333337,9,20.1,15.9,16.6,17.3,263,-1.0,-1.8369701987210297e-16,-0.9829265519799822,-0.18399835165767986
2024-09-20,20.1,10.3,14.2,0.0,18.223333333333336,9,22.5,15.9,15.9,16.6,264,-1.0,-1.8369701987210297e-16,-0.9859481499638303,-0.1670516255021195
2024-09-21,22.5,6.2,13.8,0.0,18.373333333333335,9,26.0,20.1,15.9,15.9,265,-1.0,-1.8369701987210297e-16,-0.9886775902323404,-0.15005539834465262
2024-09-22,26.0,9.6,16.9,0.0,18.423333333333336,9,26.1,22.5,20.1,15.9,266,-1.0,-1.8369701987210297e-16,-0.9911140639934546,-0.13301470653419636
2024-09-23,26.1,12.0,18.1,0.0,18.723333333333336,9,20.9,26.0,22.5,20.1,267,-1.0,-1.8369701987210297e-16,-0.9932568492674143,-0.11593459959550066
2024-09-24,20.9,11.0,14.7,0.0,18.853333333333335,9,17.4,26.1,26.0,22.5,268,-1.0,-1.8369701987210297e-16,-0.9951053111006974,-0.09882013873287211
2024-09-25,17.4,9.4,13.2,0.3,18.89,9,19.8,20.9,26.1,26.0,269,-1.0,-1.8369701987210297e-16,-0.99665890175417,-0.08167639533042288
2024-09-26,19.8,8.8,14.3,0.0,19.076666666666664,9,17.5,17.4,20.9,26.1,270,-1.0,-1.8369701987210297e-16,-0.9979171608653922,-0.06450844944931625
2024-09-27,17.5,10.5,14.1,0.0,19.266666666666666,9,17.1,19.8,17.4,20.9,271,-1.0,-1.8369701987210297e-16,-0.9988797155850335,-0.04732138832243232
2024-09-28,17.1,8.3,12.6,10.0,19.403333333333332,9,14.6,17.5,19.8,17.4,272,-1.0,-1.8369701987210297e-16,-0.9995462806873573,-0.03012030484690836
2024-09-29,14.6,8.1,11.1,0.8,19.313333333333333,9,14.4,17.1,17.5,19.8,273,-1.0,-1.8369701987210297e-16,-0.9999166586547379,-0.012910296075008843
2024-09-30,14.4,8.7,11.2,4.2,18.959999999999997,9,15.1,14.6,17.1,17.5,274,-1.0,-1.8369701987210297e-16,-0.9999907397361901,0.004303538296243821
2024-10-01,15.1,3.1,10.8,0.0,18.826666666666668,10,22.9,14.4,14.6,17.1,275,-0.8660254037844386,0.5000000000000001,-0.9997685019798909,0.021516097436222233
2024-10-02,22.9,8.6,15.3,0.0,18.61,10,28.8,15.1,14.4,14.6,276,-0.8660254037844386,0.5000000000000001,-0.9992500112396835,0.03872228089217399
2024-10-03,28.8,9.6,18.2,0.0,18.893333333333334,10,28.7,22.9,15.1,14.4,277,-0.8660254037844386,0.5000000000000001,-0.9984354211555643,0.05591699010060302
2024-10-04,28.7,11.1,19.9,0.0,19.263333333333332,10,26.6,28.8,22.9,15.1,278,-0.8660254037844386,0.5000000000000001,-0.9973249731081555,0.07309512989807776
2024-10-05,26.6,13.7,20.1,0.0,19.663333333333334,10,26.3,28.7,28.8,22.9,279,-0.8660254037844386,0.5000000000000001,-0.9959189961471792,0.0902516100310407
2024-10-06,26.3,13.4,18.6,0.0,19.986666666666665,10,30.8,26.6,28.7,28.8,280,-0.8660254037844386,0.5000000000000001,-0.994217906893952,0.10738134666416306
2024-10-07,30.8,15.1,21.8,0.0,20.486666666666668,10,24.0,26.3,26.6,28.7,281,-0.8660254037844386,0.5000000000000001,-0.9922222094179324,0.12447926388678869
2024-10-08,24.0,14.6,18.1,0.0,20.79666666666667,10,22.3,30.8,26.3,26.6,282,-0.8660254037844386,0.5000000000000001,-0.989932495087353,0.141540295217043
2024-10-09,22.3,12.7,17.1,0.0,20.90666666666667,10,19.6,24.0,30.8,26.3,283,-0.8660254037844386,0.5000000000000001,-0.9873494423939864,0.15855938510313475
2024-10-10,19.6,11.6,15.4,0.1,20.866666666666667,10,20.9,22.3,24.0,30.8,284,-0.8660254037844386,0.5000000000000001,-0.9844738167520923,0.17553149042142777
2024-10-11,20.9,9.3,14.9,0.0,20.77,10,22.2,19.6,22.3,24.0,285,-0.8660254037844386,0.5000000000000001,-0.9813064702716093,0.19245158197082995
2024-10-12,22.2,11.8,16.0,0.3,20.85666666666667,10,21.7,20.9,19.6,22.3,286,-0.8660254037844386,0.5000000000000001,-0.9778483415056567,0.20931464596304888
2024-10-13,21.7,10.3,16.2,0.0,20.986666666666665,10,19.5,22.2,20.9,19.6,287,-0.8660254037844386,0.5000000000000001,-0.9741004551724206,0.22611568550828803
2024-10-14,19.5,14.5,16.5,0.1,20.986666666666665,10,28.6,21.7,22.2,20.9,288,-0.8660254037844386,0.5000000000000001,-0.970063921851507,0.2428497220959358
2024-10-15,28.6,10.0,18.0,0.0,21.336666666666666,10,29.5,19.5,21.7,22.2,289,-0.8660254037844386,0.5000000000000001,-0.965739937654855,0.25951179706979943
2024-10-16,29.5,8.9,18.7,0.0,21.743333333333332,10,22.1,28.6,19.5,21.7,290,-0.8660254037844386,0.5000000000000001,-0.9611297838723007,0.27609697309746883
2024-10-17,22.1,12.9,16.7,0.3,21.926666666666666,10,19.7,29.5,28.6,19.5,291,-0.8660254037844386,0.5000000000000001,-0.9562348265919058,0.2926003356333479
2024-10-18,19.7,13.7,16.4,0.0,22.053333333333335,10,18.3,22.1,29.5,28.6,292,-0.8660254037844386,0.5000000000000001,-0.9510565162951536,0.30901699437494723
2024-10-19,18.3,12.6,15.1,0.0,22.133333333333333,10,21.3,19.7,22.1,29.5,293,-0.8660254037844386,0.5000000000000001,-0.9455963874271428,0.3253420847119795
2024-10-20,21.3,13.0,16.9,0.0,22.173333333333332,10,25.8,18.3,19.7,22.1,294,-0.8660254037844386,0.5000000000000001,-0.9398560579418953,0.341570769167856
2024-10-21,25.8,12.2,18.7,0.1,22.283333333333335,10,27.5,21.3,18.3,19.7,295,-0.8660254037844386,0.5000000000000001,-0.9338372288229252,0.35769823883312546
2024-10-22,27.5,9.6,19.1,0.0,22.333333333333332,10,29.7,25.8,21.3,18.3,296,-0.8660254037844386,0.5000000000000001,-0.9275416835791965,0.3737197147904692
2024-10-23,29.7,11.3,21.0,0.0,22.45333333333333,10,20.8,27.5,25.8,21.3,297,-0.8660254037844386,0.5000000000000001,-0.9209712877166347,0.38963044953078774
2024-10-24,20.8,12.8,17.9,0.0,22.45,10,20.7,29.7,27.5,25.8,298,-0.8660254037844386,0.5000000000000001,-0.9141279881853337,0.4054257283599973
2024-10-25,20.7,13.5,16.7,0.0,22.56,10,27.6,20.8,29.7,27.5,299,-0.8660254037844386,0.5000000000000001,-0.9070138128026362,0.42110087079608916
2024-10-26,27.6,9.2,18.3,0.0,22.82,10,18.4,20.7,20.8,29.7,300,-0.8660254037844386,0.5000000000000001,-0.8996308696522434,0.4366512319560638
2024-10-27,18.4,12.3,15.3,9.3,22.85,10,20.3,27.6,20.7,20.8,301,-0.8660254037844386,0.5000000000000001,-0.8919813464595487,0.45207220393230374
2024-10-28,20.3,16.3,17.8,10.2,22.956666666666667,10,20.2,18.4,27.6,20.7,302,-0.8660254037844386,0.5000000000000001,-0.8840675099433637,0.46735921715800205
2024-10-29,20.2,15.1,17.3,0.0,23.14333333333333,10,23.0,20.3,18.4,27.6,303,-0.8660254037844386,0.5000000000000001,-0.8758917051442433,0.48250774176121763
2024-10-30,23.0,14.2,18.1,0.0,23.43,10,25.6,20.2,20.3,18.4,304,-0.8660254037844386,0.5000000000000001,-0.8674563547295971,0.4975132889071803
2024-10-31,25.6,11.7,18.6,0.0,23.779999999999998,10,25.3,23.0,20.2,20.3,305,-0.8660254037844386,0.5000000000000001,-0.858763958275803,0.5123714121284235
2024-11-01,25.3,14.3,18.9,0.0,23.860000000000003,11,23.9,25.6,23.0,20.2,306,-0.5000000000000004,0.8660254037844384,-0.8498170915275277,0.5270777086423724
2024-11-02,23.9,13.9,18.8,0.2,23.696666666666665,11,21.8,25.3,25.6,23.0,307,-0.5000000000000004,0.8660254037844384,-0.8406184056344783,0.5416278206559811
2024-11-03,21.8,11.4,16.6,0.0,23.466666666666665,11,15.4,23.9,25.3,25.6,308,-0.5000000000000004,0.8660254037844384,-0.8311706263658079,0.5560174366570446
2024-11-04,15.4,11.6,13.3,5.4,23.09333333333333,11,19.8,21.8,23.9,25.3,309,-0.5000000000000004,0.8660254037844384,-0.8214765533024145,0.5702422926917867
2024-11-05,19.8,11.3,15.6,0.0,22.87666666666667,11,24.2,15.4,21.8,23.9,310,-0.5000000000000004,0.8660254037844384,-0.8115390590073611,0.5842981736283683
2024-11-06,24.2,9.7,17.2,0.0,22.656666666666663,11,30.0,19.8,15.4,21.8,311,-0.5000000000000004,0.8660254037844384,-0.801361088174677,0.5981809144059158
2024-11-07,30.0,10.5,20.8,0.0,22.856666666666666,11,25.0,24.2,19.8,15.4,312,-0.5000000000000004,0.8660254037844384,-0.7909456567567774,0.6118864012687242
2024-11-08,25.0,12.8,18.8,0.0,22.946666666666665,11,26.1,30.0,24.2,19.8,313,-0.5000000000000004,0.8660254037844384,-0.780295851070776,0.6254105729852457
2024-11-09,26.1,15.8,20.7,0.0,23.163333333333334,11,23.0,25.0,30.0,24.2,314,-0.5000000000000004,0.8660254037844384,-0.7694148268839381,0.6387494220515268
2024-11-10,23.0,15.5,18.7,0.0,23.233333333333334,11,26.9,26.1,25.0,30.0,315,-0.5000000000000004,0.8660254037844384,-0.7583058084785625,0.6518989958787125
2024-11-11,26.9,13.8,20.2,0.0,23.389999999999997,11,21.3,23.0,26.1,25.0,316,-0.5000000000000004,0.8660254037844384,-0.7469720876965551,0.6648553979642866
2024-11-12,21.3,12.1,17.4,0.0,23.37666666666667,11,23.1,26.9,23.0,26.1,317,-0.5000000000000004,0.8660254037844384,-0.7354170229639858,0.6776147890466887
2024-11-13,23.1,16.5,19.3,0.4,23.49666666666667,11,27.5,21.3,26.9,23.0,318,-0.5000000000000004,0.8660254037844384,-0.7236440382959124,0.690173388242972
2024-11-14,27.5,14.2,20.3,0.0,23.46,11,25.2,23.1,21.3,26.9,319,-0.5000000000000004,0.8660254037844384,-0.711656622281775,0.7025274741691566
2024-11-15,25.2,14.2,18.7,0.0,23.316666666666666,11,21.5,27.5,23.1,21.3,320,-0.5000000000000004,0.8660254037844384,-0.6994583270516471,0.7146733860429608
2024-11-16,21.5,14.7,18.2,0.0,23.296666666666667,11,27.4,25.2,27.5,23.1,321,-0.5000000000000004,0.8660254037844384,-0.6870527672236675,0.7266075247685652
2024-11-17,27.4,14.1,19.5,0.0,23.55333333333333,11,22.6,21.5,25.2,27.5,322,-0.5000000000000004,0.8660254037844384,-0.6744436188329457,0.7383263540031063
2024-11-18,22.6,15.9,19.0,0.0,23.696666666666665,11,24.9,27.4,21.5,25.2,323,-0.5000000000000004,0.8660254037844384,-0.661634618242279,0.749826401204568
2024-11-19,24.9,16.2,19.9,0.0,23.816666666666666,11,25.7,22.6,27.4,21.5,324,-0.5000000000000004,0.8660254037844384,-0.6486295610349818,0.7611042586607742
2024-11-20,25.7,16.3,20.4,1.4,23.813333333333333,11,24.9,24.9,22.6,27.4,325,-0.5000000000000004,0.8660254037844384,-0.6354323008901775,0.7721565844991641
2024-11-21,24.9,17.5,21.2,0.0,23.726666666666667,11,24.2,25.7,24.9,22.6,326,-0.5000000000000004,0.8660254037844384,-0.622046748440868,0.7829801036770624
2024-11-22,24.2,15.8,19.8,0.0,23.543333333333337,11,24.9,24.9,25.7,24.9,327,-0.5000000000000004,0.8660254037844384,-0.6084768701151264,0.7935716089521472
2024-11-23,24.9,13.3,19.1,0.0,23.68,11,28.5,24.2,24.9,25.7,328,-0.5000000000000004,0.8660254037844384,-0.594726686960764,0.8039279618328208
2024-11-24,28.5,15.1,20.1,0.0,23.94,11,23.8,24.9,24.2,24.9,329,-0.5000000000000004,0.8660254037844384,-0.5808002734538013,0.8140460935082175
2024-11-25,23.8,15.6,18.9,0.4,23.813333333333333,11,19.5,28.5,24.9,24.2,330,-0.5000000000000004,0.8660254037844384,-0.5667017562911184,0.8239230057575536
2024-11-26,19.5,15.3,16.8,3.0,23.85,11,20.5,23.8,28.5,24.9,331,-0.5000000000000004,0.8660254037844384,-0.5524353131676203,0.8335557718385695
2024-11-27,20.5,13.5,16.8,1.8,23.856666666666666,11,24.5,19.5,23.8,28.5,332,-0.5000000000000004,0.8660254037844384,-0.5380051715382992,0.8429415373547832
2024-11-28,24.5,15.2,19.5,0.0,24.0,11,27.5,20.5,19.5,23.8,333,-0.5000000000000004,0.8660254037844384,-0.5234156073655503,0.8520775211013093
2024-11-29,27.5,13.2,20.0,0.0,24.15,11,23.3,24.5,20.5,19.5,334,-0.5000000000000004,0.8660254037844384,-0.5086709438521042,0.8609610158889945
2024-11-30,23.3,16.2,19.6,0.0,24.073333333333334,11,23.3,27.5,24.5,20.5,335,-0.5000000000000004,0.8660254037844384,-0.49377555015997737,0.8695893893466109
2024-12-01,23.3,16.5,19.5,0.0,24.006666666666664,12,27.8,23.3,27.5,24.5,336,-2.4492935982947064e-16,1.0,-0.4787338401157883,0.8779600847008883
2024-12-02,27.8,15.6,21.3,0.1,24.136666666666667,12,25.6,23.3,23.3,27.5,337,-2.4492935982947064e-16,1.0,-0.4635502709028512,0.8860706215341378
2024-12-03,25.6,17.4,20.8,1.0,24.263333333333332,12,27.0,27.8,23.3,23.3,338,-2.4492935982947064e-16,1.0,-0.4482293417404106,0.893918596519257
2024-12-04,27.0,15.2,20.5,0.0,24.65,12,23.7,25.6,27.8,23.3,339,-2.4492935982947064e-16,1.0,-0.4327755925504317,0.9015016841318838
2024-12-05,23.7,16.5,19.9,0.4,24.779999999999998,12,20.9,27.0,25.6,27.8,340,-2.4492935982947064e-16,1.0,-0.41719360261231697,0.9088176373395028
2024-12-06,20.9,16.5,18.6,2.7,24.67,12,24.8,23.7,27.0,25.6,341,-2.4492935982947064e-16,1.0,-0.4014879892059737,0.9158642882672868
2024-12-07,24.8,11.6,18.8,0.0,24.49666666666667,12,23.6,20.9,23.7,27.0,342,-2.4492935982947064e-16,1.0,-0.38566340624360745,0.9226395488404875
2024-12-08,23.6,15.3,19.5,0.0,24.45,12,29.6,24.8,20.9,23.7,343,-2.4492935982947064e-16,1.0,-0.3697245428906732,0.9291414114031743
2024-12-09,29.6,14.1,20.7,0.0,24.566666666666666,12,27.3,23.6,24.8,20.9,344,-2.4492935982947064e-16,1.0,-0.3536761221763721,0.935367949313148
2024-12-10,27.3,17.4,21.9,0.1,24.71,12,26.6,29.6,23.6,24.8,345,-2.4492935982947064e-16,1.0,-0.33752289959411347,0.941317317512847
2024-12-11,26.6,18.2,21.4,0.2,24.7,12,25.0,27.3,29.6,23.6,346,-2.4492935982947064e-16,1.0,-0.32126966169236515,0.9469877530760751
2024-12-12,25.0,16.0,20.0,0.8,24.823333333333334,12,22.3,26.6,27.3,29.6,347,-2.4492935982947064e-16,1.0,-0.3049212246562894,0.9523775757303973
2024-12-13,22.3,15.0,18.8,1.6,24.796666666666667,12,24.7,25.0,26.6,27.3,348,-2.4492935982947064e-16,1.0,-0.2884824328806098,0.9574851883550389
2024-12-14,24.7,14.7,19.0,0.0,24.70333333333333,12,20.4,22.3,25.0,26.6,349,-2.4492935982947064e-16,1.0,-0.27195815753410524,0.9623090774541487
2024-12-15,20.4,13.5,16.9,3.0,24.543333333333337,12,22.6,24.7,22.3,25.0,350,-2.4492935982947064e-16,1.0,-0.2553532951161881,0.9668478136052773
2024-12-16,22.6,11.9,17.1,0.0,24.580000000000002,12,22.8,20.4,24.7,22.3,351,-2.4492935982947064e-16,1.0,-0.23867276600594997,0.9711000518829505
2024-12-17,22.8,13.1,18.1,0.0,24.42666666666667,12,23.2,22.6,20.4,24.7,352,-2.4492935982947064e-16,1.0,-0.22192151300416674,0.9750645322571945
2024-12-18,23.2,16.4,19.4,0.0,24.44666666666667,12,25.8,22.8,22.6,20.4,353,-2.4492935982947064e-16,1.0,-0.20510449986861926,0.9787400799669153
2024-12-19,25.8,13.4,19.6,0.0,24.47666666666667,12,25.0,23.2,22.8,22.6,354,-2.4492935982947064e-16,1.0,-0.1882267098432439,0.9821256058680006
2024-12-20,25.0,17.3,20.8,0.0,24.453333333333333,12,26.1,25.8,23.2,22.8,355,-2.4492935982947064e-16,1.0,-0.1712931441814778,0.9852201067560606
2024-12-21,26.1,18.7,21.8,0.0,24.493333333333336,12,26.6,25.0,25.8,23.2,356,-2.4492935982947064e-16,1.0,-0.154308820664281,0.9880226656636976
2024-12-22,26.6,17.6,21.1,0.0,24.573333333333334,12,22.9,26.1,25.0,25.8,357,-2.4492935982947064e-16,1.0,-0.13727877211326517,0.9905324521322227
2024-12-23,22.9,17.6,19.9,0.0,24.506666666666668,12,28.2,26.6,26.1,25.0,358,-2.4492935982947064e-16,1.0,-0.12020804489935275,0.9927487224577402
2024-12-24,28.2,16.4,22.4,0.0,24.496666666666666,12,33.6,22.9,26.6,26.1,359,-2.4492935982947064e-16,1.0,-0.10310169744743544,0.9946708199115211
2024-12-25,33.6,16.6,25.3,0.0,24.823333333333334,12,35.6,28.2,22.9,26.6,360,-2.4492935982947064e-16,1.0,-0.0859647987374467,0.9962981749346077
2024-12-26,35.6,19.6,26.9,0.0,25.360000000000003,12,26.1,33.6,28.2,22.9,361,-2.4492935982947064e-16,1.0,-0.06880242680232064,0.9976303053065857
2024-12-27,26.1,18.6,21.6,0.1,25.54666666666667,12,27.9,35.6,33.6,28.2,362,-2.4492935982947064e-16,1.0,-0.05161966722325418,0.9986668162884759
2024-12-28,27.9,18.4,22.9,0.0,25.660000000000004,12,27.3,26.1,35.6,33.6,363,-2.4492935982947064e-16,1.0,-0.034421611622745804,0.9994074007397048
2024-12-29,27.3,18.1,22.0,1.0,25.653333333333332,12,26.9,27.9,26.1,35.6,364,-2.4492935982947064e-16,1.0,-0.01721335615583528,0.9998518392091162
2024-12-30,26.9,15.6,20.4,1.2,25.773333333333333,12,25.7,27.3,27.9,26.1,365,-2.4492935982947064e-16,1.0,6.432490598706546e-16,1.0
2024-12-31,25.7,15.8,20.6,0.0,25.853333333333335,12,25.7,26.9,27.3,27.9,366,-2.4492935982947064e-16,1.0,0.017213356155833904,0.9998518392091162
2025-01-01,25.7,15.8,20.8,0.0,25.783333333333335,1,23.6,25.7,26.9,27.3,1,0.49999999999999994,0.8660254037844387,0.017213356155834685,0.9998518392091162
2025-01-02,23.6,18.4,21.0,0.0,25.716666666666672,1,26.1,25.7,25.7,26.9,2,0.49999999999999994,0.8660254037844387,0.03442161162274574,0.9994074007397048
2025-01-03,26.1,18.4,21.6,0.0,25.686666666666667,1,29.0,23.6,25.7,25.7,3,0.49999999999999994,0.8660254037844387,0.051619667223253764,0.998666816288476
2025-01-04,29.0,15.8,22.0,0.0,25.863333333333333,1,22.4,26.1,23.6,25.7,4,0.49999999999999994,0.8660254037844387,0.06880242680231986,0.9976303053065857
2025-01-05,22.4,18.0,20.0,0.8,25.913333333333338,1,22.8,29.0,26.1,23.6,5,0.49999999999999994,0.8660254037844387,0.08596479873744647,0.9962981749346078
2025-01-06,22.8,16.6,19.6,0.0,25.846666666666668,1,24.8,22.4,29.0,26.1,6,0.49999999999999994,0.8660254037844387,0.10310169744743485,0.9946708199115211
2025-01-07,24.8,17.0,20.4,0.0,25.886666666666667,1,24.9,22.8,22.4,29.0,7,0.49999999999999994,0.8660254037844387,0.1202080448993527,0.9927487224577402
2025-01-08,24.9,16.0,20.8,0.0,25.730000000000004,1,26.0,24.8,22.8,22.4,8,0.49999999999999994,0.8660254037844387,0.13727877211326478,0.9905324521322229
2025-01-09,26.0,15.9,21.5,0.1,25.686666666666667,1,24.0,24.9,24.8,22.8,9,0.49999999999999994,0.8660254037844387,0.15430882066428117,0.9880226656636976
2025-01-10,24.0,18.4,20.6,0.0,25.6,1,26.4,26.0,24.9,24.8,10,0.49999999999999994,0.8660254037844387,0.1712931441814776,0.9852201067560606
2025-01-11,26.4,16.8,21.4,0.1,25.646666666666665,1,25.3,24.0,26.0,24.9,11,0.49999999999999994,0.8660254037844387,0.1882267098432442,0.9821256058680006
2025-01-12,25.3,18.5,21.7,0.1,25.746666666666666,1,31.2,26.4,24.0,26.0,12,0.49999999999999994,0.8660254037844387,0.2051044998686192,0.9787400799669153
2025-01-13,31.2,15.6,22.6,0.0,25.963333333333335,1,24.5,25.3,26.4,24.0,13,0.49999999999999994,0.8660254037844387,0.2219215130041655,0.9750645322571948
2025-01-14,24.5,16.5,19.8,3.9,26.1,1,21.3,31.2,25.3,26.4,14,0.49999999999999994,0.8660254037844387,0.2386727660059501,0.9711000518829505
2025-01-15,21.3,14.5,17.8,0.5,26.05666666666667,1,25.4,24.5,31.2,25.3,15,0.49999999999999994,0.8660254037844387,0.255353295116187,0.9668478136052775
2025-01-16,25.4,12.9,19.2,0.0,26.14333333333333,1,29.0,21.3,24.5,31.2,16,0.49999999999999994,0.8660254037844387,0.2719581575341055,0.9623090774541486
2025-01-17,29.0,14.7,21.3,0.0,26.336666666666662,1,23.9,25.4,21.3,24.5,17,0.49999999999999994,0.8660254037844387,0.288482432880609,0.9574851883550393
2025-01-18,23.9,17.9,20.5,0.0,26.273333333333333,1,25.6,29.0,25.4,21.3,18,0.49999999999999994,0.8660254037844387,0.30492122465628907,0.9523775757303974
2025-01-19,25.6,14.9,20.8,0.0,26.293333333333333,1,24.1,23.9,29.0,25.4,19,0.49999999999999994,0.8660254037844387,0.3212696616923644,0.9469877530760753
2025-01-20,24.1,18.6,21.0,0.1,26.226666666666667,1,34.7,25.6,23.9,29.0,20,0.49999999999999994,0.8660254037844387,0.3375228995941133,0.9413173175128471
2025-01-21,34.7,15.8,24.8,0.0,26.496666666666666,1,35.8,24.1,25.6,23.9,21,0.49999999999999994,0.8660254037844387,0.3536761221763716,0.9353679493131483
2025-01-22,35.8,18.6,27.0,0.0,26.926666666666666,1,28.8,34.7,24.1,25.6,22,0.49999999999999994,0.8660254037844387,0.3697245428906731,0.9291414114031743
2025-01-23,28.8,19.0,23.5,0.9,26.94666666666667,1,28.5,35.8,34.7,24.1,23,0.49999999999999994,0.8660254037844387,0.38566340624360707,0.9226395488404876
2025-01-24,28.5,19.4,23.4,0.4,26.776666666666667,1,30.5,28.8,35.8,34.7,24,0.49999999999999994,0.8660254037844387,0.401487989205973,0.9158642882672872
2025-01-25,30.5,19.6,24.0,0.0,26.60666666666667,1,26.6,28.5,28.8,35.8,25,0.49999999999999994,0.8660254037844387,0.4171936026123168,0.9088176373395029
2025-01-26,26.6,20.3,23.0,0.0,26.62333333333333,1,27.5,30.5,28.5,28.8,26,0.49999999999999994,0.8660254037844387,0.4327755925504312,0.901501684131884
2025-01-27,27.5,20.3,23.4,0.0,26.61,1,35.8,26.6,30.5,28.5,27,0.49999999999999994,0.8660254037844387,0.4482293417404106,0.893918596519257
2025-01-28,35.8,20.6,27.9,0.0,26.893333333333334,1,31.4,27.5,26.6,30.5,28,0.49999999999999994,0.8660254037844387,0.4635502709028509,0.886070621534138
2025-01-29,31.4,20.5,25.2,0.0,27.043333333333333,1,25.8,35.8,27.5,26.6,29,0.49999999999999994,0.8660254037844387,0.47873384011578846,0.8779600847008882
2025-01-30,25.8,19.6,22.2,0.2,27.046666666666667,1,24.0,31.4,35.8,27.5,30,0.49999999999999994,0.8660254037844387,0.49377555015997715,0.869589389346611
2025-01-31,24.0,17.6,20.6,1.7,26.99,1,24.9,25.8,31.4,35.8,31,0.49999999999999994,0.8660254037844387,0.5086709438521044,0.8609610158889943
2025-02-01,24.9,16.3,20.6,0.0,27.033333333333335,2,25.6,24.0,25.8,31.4,32,0.8660254037844386,0.5000000000000001,0.5234156073655503,0.8520775211013093
2025-02-02,25.6,17.2,21.1,0.0,27.016666666666666,2,25.3,24.9,24.0,25.8,33,0.8660254037844386,0.5000000000000001,0.5380051715382996,0.8429415373547828
2025-02-03,25.3,16.8,20.8,0.0,26.893333333333334,2,25.2,25.6,24.9,24.0,34,0.8660254037844386,0.5000000000000001,0.5524353131676196,0.8335557718385699
2025-02-04,25.2,17.4,20.9,0.0,26.986666666666665,2,21.2,25.3,25.6,24.9,35,0.8660254037844386,0.5000000000000001,0.5667017562911176,0.8239230057575542
2025-02-05,21.2,17.4,19.2,1.8,26.933333333333334,2,27.4,25.2,25.3,25.6,36,0.8660254037844386,0.5000000000000001,0.5808002734538009,0.8140460935082178
2025-02-06,27.4,17.1,21.9,0.0,27.02,2,36.2,21.2,25.2,25.3,37,0.8660254037844386,0.5000000000000001,0.5947266869607634,0.8039279618328213
2025-02-07,36.2,15.1,25.0,0.0,27.396666666666665,2,26.8,27.4,21.2,25.2,38,0.8660254037844386,0.5000000000000001,0.6084768701151261,0.7935716089521474
2025-02-08,26.8,19.5,22.4,0.9,27.423333333333332,2,23.5,36.2,27.4,21.2,39,0.8660254037844386,0.5000000000000001,0.6220467484408675,0.7829801036770629
2025-02-09,23.5,17.3,20.4,0.0,27.406666666666663,2,27.6,26.8,36.2,27.4,40,0.8660254037844386,0.5000000000000001,0.6354323008901774,0.7721565844991642
2025-02-10,27.6,16.3,21.2,0.0,27.446666666666665,2,30.7,23.5,26.8,36.2,41,0.8660254037844386,0.5000000000000001,0.6486295610349814,0.7611042586607747
2025-02-11,30.7,16.9,23.1,0.0,27.62666666666667,2,31.9,27.6,23.5,26.8,42,0.8660254037844386,0.5000000000000001,0.6616346182422783,0.7498264012045686
2025-02-12,31.9,16.2,22.3,0.1,27.65,2,22.4,30.7,27.6,23.5,43,0.8660254037844386,0.5000000000000001,0.6744436188329455,0.7383263540031065
2025-02-13,22.4,18.1,19.9,0.8,27.58,2,22.9,31.9,30.7,27.6,44,0.8660254037844386,0.5000000000000001,0.6870527672236669,0.7266075247685656
2025-02-14,22.9,16.9,19.7,0.0,27.633333333333333,2,26.2,22.4,31.9,30.7,45,0.8660254037844386,0.5000000000000001,0.699458327051647,0.7146733860429609
2025-02-15,26.2,18.6,21.8,0.0,27.660000000000004,2,25.5,22.9,22.4,31.9,46,0.8660254037844386,0.5000000000000001,0.7116566222817746,0.7025274741691571
2025-02-16,25.5,18.2,21.5,0.0,27.543333333333337,2,27.4,26.2,22.9,22.4,47,0.8660254037844386,0.5000000000000001,0.7236440382959124,0.6901733882429719
2025-02-17,27.4,17.3,22.0,0.0,27.660000000000004,2,26.3,25.5,26.2,22.9,48,0.8660254037844386,0.5000000000000001,0.7354170229639855,0.6776147890466889
2025-02-18,26.3,18.7,21.9,0.0,27.683333333333334,2,33.8,27.4,25.5,26.2,49,0.8660254037844386,0.5000000000000001,0.7469720876965552,0.6648553979642865
2025-02-19,33.8,19.5,26.7,0.0,28.006666666666668,2,34.7,26.3,27.4,25.5,50,0.8660254037844386,0.5000000000000001,0.7583058084785624,0.6518989958787126
2025-02-20,34.7,20.2,25.7,0.0,28.006666666666664,2,27.7,33.8,26.3,27.4,51,0.8660254037844386,0.5000000000000001,0.7694148268839378,0.6387494220515272
2025-02-21,27.7,19.0,21.9,0.4,27.736666666666668,2,28.8,34.7,33.8,26.3,52,0.8660254037844386,0.5000000000000001,0.7802958510707755,0.6254105729852463
2025-02-22,28.8,16.6,22.3,0.0,27.736666666666665,2,23.7,27.7,34.7,33.8,53,0.8660254037844386,0.5000000000000001,0.7909456567567772,0.6118864012687243
2025-02-23,23.7,17.7,20.8,0.0,27.576666666666664,2,25.8,28.8,27.7,34.7,54,0.8660254037844386,0.5000000000000001,0.8013610881746766,0.5981809144059165
2025-02-24,25.8,17.2,21.1,0.0,27.419999999999998,2,26.5,23.7,28.8,27.7,55,0.8660254037844386,0.5000000000000001,0.8115390590073611,0.5842981736283684
2025-02-25,26.5,19.6,22.4,0.0,27.416666666666668,2,31.7,25.8,23.7,28.8,56,0.8660254037844386,0.5000000000000001,0.8214765533024142,0.5702422926917871
2025-02-26,31.7,17.0,24.3,0.0,27.55666666666667,2,28.2,26.5,25.8,23.7,57,0.8660254037844386,0.5000000000000001,0.8311706263658079,0.5560174366570446
2025-02-27,28.2,17.9,23.5,0.0,27.30333333333333,2,28.1,31.7,26.5,25.8,58,0.8660254037844386,0.5000000000000001,0.8406184056344782,0.5416278206559814
2025-02-28,28.1,19.0,22.8,0.0,27.19333333333333,2,25.8,28.2,31.7,26.5,59,0.8660254037844386,0.5000000000000001,0.8498170915275278,0.5270777086423722
2025-03-01,25.8,17.6,21.3,0.0,27.193333333333335,3,34.6,28.1,28.2,31.7,60,1.0,6.123233995736766e-17,0.8587639582758029,0.5123714121284237
2025-03-02,34.6,18.4,25.9,0.0,27.54666666666667,3,35.2,25.8,28.1,28.2,61,1.0,6.123233995736766e-17,0.8674563547295969,0.49751328890718066
2025-03-03,35.2,19.7,26.3,0.0,27.889999999999997,3,26.5,34.6,25.8,28.1,62,1.0,6.123233995736766e-17,0.8758917051442429,0.48250774176121847
2025-03-04,26.5,20.3,22.7,1.0,27.92,3,27.9,35.2,34.6,25.8,63,1.0,6.123233995736766e-17,0.8840675099433636,0.4673592171580022
2025-03-05,27.9,17.7,21.5,0.0,28.006666666666664,3,25.3,26.5,35.2,34.6,64,1.0,6.123233995736766e-17,0.8919813464595485,0.45207220393230435
2025-03-06,25.3,17.1,20.3,0.1,28.01,3,27.8,27.9,26.5,35.2,65,1.0,6.123233995736766e-17,0.8996308696522433,0.43665123195606403
2025-03-07,27.8,15.5,22.0,0.0,28.23,3,31.5,25.3,27.9,26.5,66,1.0,6.123233995736766e-17,0.9070138128026359,0.4211008707960896
2025-03-08,31.5,16.3,23.1,0.0,28.366666666666667,3,25.5,27.8,25.3,27.9,67,1.0,6.123233995736766e-17,0.9141279881853337,0.40542572835999735
2025-03-09,25.5,19.0,21.3,0.7,28.009999999999998,3,22.6,31.5,27.8,25.3,68,1.0,6.123233995736766e-17,0.9209712877166346,0.38963044953078796
2025-03-10,22.6,16.3,19.5,0.0,27.87,3,26.6,25.5,31.5,27.8,69,1.0,6.123233995736766e-17,0.9275416835791966,0.37371971479046906
2025-03-11,26.6,16.2,21.0,0.0,27.973333333333336,3,28.5,22.6,25.5,31.5,70,1.0,6.123233995736766e-17,0.9338372288229252,0.35769823883312546
2025-03-12,28.5,15.7,21.6,0.0,28.003333333333334,3,29.3,26.6,22.6,25.5,71,1.0,6.123233995736766e-17,0.9398560579418954,0.3415707691678556
2025-03-13,29.3,19.7,23.6,0.0,27.956666666666663,3,35.9,28.5,26.6,22.6,72,1.0,6.123233995736766e-17,0.9455963874271426,0.3253420847119801
2025-03-14,35.9,19.8,27.0,0.0,28.089999999999996,3,29.0,29.3,28.5,26.6,73,1.0,6.123233995736766e-17,0.9510565162951535,0.30901699437494745
2025-03-15,29.0,17.6,22.8,0.0,28.31,3,26.7,35.9,29.3,28.5,74,1.0,6.123233995736766e-17,0.9562348265919056,0.29260033563334836
2025-03-16,26.7,17.0,20.5,0.1,28.436666666666667,3,27.1,29.0,35.9,29.3,75,1.0,6.123233995736766e-17,0.9611297838723007,0.27609697309746883
2025-03-17,27.1,17.0,21.5,0.0,28.466666666666665,3,31.7,26.7,29.0,35.9,76,1.0,6.123233995736766e-17,0.9657399376548549,0.2595117970697999
2025-03-18,31.7,15.1,23.3,0.0,28.673333333333332,3,32.8,27.1,26.7,29.0,77,1.0,6.123233995736766e-17,0.9700639218515071,0.2428497220959356
2025-03-19,32.8,17.5,23.5,0.0,28.853333333333335,3,29.1,31.7,27.1,26.7,78,1.0,6.123233995736766e-17,0.9741004551724205,0.22611568550828828
2025-03-20,29.1,15.9,21.1,9.7,28.94666666666667,3,26.2,32.8,31.7,27.1,79,1.0,6.123233995736766e-17,0.9778483415056568,0.20931464596304847
2025-03-21,26.2,18.3,21.8,0.9,28.69333333333333,3,24.7,29.1,32.8,31.7,80,1.0,6.123233995736766e-17,0.9813064702716093,0.19245158197082998
2025-03-22,24.7,20.0,21.6,2.0,28.360000000000003,3,22.3,26.2,29.1,32.8,81,1.0,6.123233995736766e-17,0.9844738167520922,0.1755314904214282
2025-03-23,22.3,17.4,19.6,2.9,28.18,3,23.7,24.7,26.2,29.1,82,1.0,6.123233995736766e-17,0.9873494423939864,0.15855938510313475
2025-03-24,23.7,16.7,19.3,0.0,28.01,3,23.5,22.3,24.7,26.2,83,1.0,6.123233995736766e-17,0.989932495087353,0.141540295217043
2025-03-25,23.5,16.4,19.1,2.2,28.003333333333334,3,22.5,23.7,22.3,24.7,84,1.0,6.123233995736766e-17,0.9922222094179323,0.12447926388678915
2025-03-26,22.5,14.5,18.4,0.0,27.893333333333334,3,29.7,23.5,23.7,22.3,85,1.0,6.123233995736766e-17,0.994217906893952,0.10738134666416309
2025-03-27,29.7,14.7,21.7,0.0,28.0,3,30.9,22.5,23.5,23.7,86,1.0,6.123233995736766e-17,0.995918996147179,0.09025161003104117
2025-03-28,30.9,14.0,22.2,0.0,27.973333333333336,3,24.7,29.7,22.5,23.5,87,1.0,6.123233995736766e-17,0.9973249731081555,0.07309512989807777
2025-03-29,24.7,14.5,19.4,0.2,27.856666666666666,3,23.1,30.9,29.7,22.5,88,1.0,6.123233995736766e-17,0.9984354211555643,0.055916990100603484
2025-03-30,23.1,16.1,19.2,0.1,27.69,3,25.8,24.7,30.9,29.7,89,1.0,6.123233995736766e-17,0.9992500112396835,0.03872228089217446
2025-03-31,25.8,14.6,19.3,0.3,27.689999999999998,3,22.1,23.1,24.7,30.9,90,1.0,6.123233995736766e-17,0.9997685019798909,0.021516097436222254
2025-04-01,22.1,14.9,18.7,0.4,27.27333333333333,4,24.5,25.8,23.1,24.7,91,0.8660254037844387,-0.4999999999999998,0.9999907397361901,0.004303538296244289
2025-04-02,24.5,15.4,19.5,0.0,26.916666666666668,4,29.9,22.1,25.8,23.1,92,0.8660254037844387,-0.4999999999999998,0.9999166586547379,-0.01291029607500882
2025-04-03,29.9,13.1,21.3,0.0,27.029999999999998,4,29.9,24.5,22.1,25.8,93,0.8660254037844387,-0.4999999999999998,0.9995462806873573,-0.030120304846908114
2025-04-04,29.9,16.1,22.9,0.0,27.09666666666667,4,31.7,29.9,24.5,22.1,94,0.8660254037844387,-0.4999999999999998,0.9988797155850336,-0.04732138832243185
2025-04-05,31.7,16.9,23.9,0.0,27.31,4,31.8,29.9,29.9,24.5,95,0.8660254037844387,-0.4999999999999998,0.9979171608653922,-0.06450844944931623
2025-04-06,31.8,17.7,25.2,0.0,27.443333333333335,4,30.9,31.7,29.9,29.9,96,0.8660254037844387,-0.4999999999999998,0.9966589017541702,-0.08167639533042241
2025-04-07,30.9,21.1,24.2,0.0,27.423333333333336,4,21.4,31.8,31.7,29.9,97,0.8660254037844387,-0.4999999999999998,0.9951053111006976,-0.09882013873287143
2025-04-08,21.4,18.3,19.5,21.0,27.28666666666667,4,22.7,30.9,31.8,31.7,98,0.8660254037844387,-0.4999999999999998,0.9932568492674143,-0.11593459959550041
2025-04-09,22.7,16.7,18.9,0.3,27.290000000000003,4,24.5,21.4,30.9,31.8,99,0.8660254037844387,-0.4999999999999998,0.9911140639934547,-0.1330147065341959
2025-04-10,24.5,14.1,18.9,0.0,27.219999999999995,4,27.7,22.7,21.4,30.9,100,0.8660254037844387,-0.4999999999999998,0.9886775902323405,-0.1500553983446526
2025-04-11,27.7,14.2,20.0,0.0,27.19333333333333,4,19.8,24.5,22.7,21.4,101,0.8660254037844387,-0.4999999999999998,0.9859481499638304,-0.16705162550211924
2025-04-12,19.8,16.0,17.4,3.0,26.876666666666665,4,19.5,27.7,24.5,22.7,102,0.8660254037844387,-0.4999999999999998,0.9829265519799822,-0.18399835165768005
2025-04-13,19.5,14.6,16.6,0.3,26.330000000000002,4,19.5,19.8,27.7,24.5,103,0.8660254037844387,-0.4999999999999998,0.9796136916454901,-0.20089055513063506
2025-04-14,19.5,13.5,16.3,0.0,26.013333333333335,4,23.4,19.5,19.8,27.7,104,0.8660254037844387,-0.4999999999999998,0.9760105506323683,-0.21772323039653177
2025-04-15,23.4,12.5,17.3,0.0,25.903333333333332,4,24.9,19.5,19.5,19.8,105,0.8660254037844387,-0.4999999999999998,0.9721181966290613,-0.23449138957040985
2025-04-16,24.9,11.3,17.8,0.0,25.83,4,27.3,23.4,19.5,19.5,106,0.8660254037844387,-0.4999999999999998,0.9679377830240642,-0.25119006388481935
2025-04-17,27.3,11.1,19.0,0.0,25.683333333333334,4,31.0,24.9,23.4,19.5,107,0.8660254037844387,-0.4999999999999998,0.9634705485641488,-0.2678143051621742
2025-04-18,31.0,11.7,20.5,0.0,25.62333333333333,4,22.7,27.3,24.9,23.4,108,0.8660254037844387,-0.4999999999999998,0.9587178169872964,-0.2843591872810034
2025-04-19,22.7,15.6,18.2,0.2,25.41,4,22.5,31.0,27.3,24.9,109,0.8660254037844387,-0.4999999999999998,0.9536809966304457,-0.30081980763566735
2025-04-20,22.5,16.9,18.7,0.0,25.28666666666667,4,21.3,22.7,31.0,27.3,110,0.8660254037844387,-0.4999999999999998,0.9483615800121715,-0.3171912885891061
2025-04-21,21.3,16.3,18.0,0.0,25.173333333333332,4,25.0,22.5,22.7,31.0,111,0.8660254037844387,-0.4999999999999998,0.9427611433904207,-0.3334687789181868
2025-04-22,25.0,16.2,19.2,0.0,25.263333333333332,4,24.3,21.3,22.5,22.7,112,0.8660254037844387,-0.4999999999999998,0.9368813462954315,-0.3496474552512284
2025-04-23,24.3,12.5,17.9,0.0,25.283333333333335,4,24.8,25.0,21.3,22.5,113,0.8660254037844387,-0.4999999999999998,0.9307239310379795,-0.36572252349726897
2025-04-24,24.8,11.1,16.7,0.0,25.326666666666664,4,24.2,24.3,25.0,21.3,114,0.8660254037844387,-0.4999999999999998,0.9242907221930933,-0.3816892202666588
2025-04-25,24.2,9.7,16.1,0.0,25.383333333333333,4,26.6,24.8,24.3,25.0,115,0.8660254037844387,-0.4999999999999998,0.9175836260593937,-0.39754281428255595
2025-04-26,26.6,11.2,18.6,0.0,25.280000000000005,4,34.4,24.2,24.8,24.3,116,0.8660254037844387,-0.4999999999999998,0.9106046300942162,-0.4132786077829042
2025-04-27,34.4,14.9,23.2,0.0,25.396666666666665,4,22.9,26.6,24.2,24.8,117,0.8660254037844387,-0.4999999999999998,0.9033558023246845,-0.4288919379124835
2025-04-28,22.9,15.4,19.1,0.0,25.336666666666666,4,20.0,34.4,26.6,24.2,118,0.8660254037844387,-0.4999999999999998,0.895839290734909,-0.4443781781046132
2025-04-29,20.0,11.1,15.5,0.0,25.233333333333334,4,19.1,22.9,34.4,26.6,119,0.8660254037844387,-0.4999999999999998,0.8880573226294932,-0.45973273945210397
2025-04-30,19.1,14.4,16.3,0.4,25.01,4,15.9,20.0,22.9,34.4,120,0.8660254037844387,-0.4999999999999998,0.8800122039735357,-0.47495107206704995
2025-05-01,15.9,10.9,13.1,7.8,24.803333333333335,5,16.5,19.1,20.0,22.9,121,0.49999999999999994,-0.8660254037844387,0.8717063187093218,-0.4900286664290592
2025-05-02,16.5,8.5,12.4,0.2,24.53666666666667,5,19.7,15.9,19.1,20.0,122,0.49999999999999994,-0.8660254037844387,0.8631421280499114,-0.5049610547215204
2025-05-03,19.7,8.1,13.5,0.0,24.196666666666665,5,25.0,16.5,15.9,19.1,123,0.49999999999999994,-0.8660254037844387,0.854322169749827,-0.5197438121555155
2025-05-04,25.0,5.5,14.1,0.0,24.033333333333328,5,21.2,19.7,16.5,15.9,124,0.49999999999999994,-0.8660254037844387,0.8452490573530633,-0.5343725582809786
2025-05-05,21.2,10.7,15.0,0.0,23.683333333333334,5,20.5,25.0,19.7,16.5,125,0.49999999999999994,-0.8660254037844387,0.8359254794186372,-0.548842958284719
2025-05-06,20.5,11.6,15.7,0.0,23.306666666666665,5,19.8,21.2,25.0,19.7,126,0.49999999999999994,-0.8660254037844387,0.8263541987239096,-0.5631507242749186
2025-05-07,19.8,11.7,15.2,0.0,22.936666666666664,5,19.8,20.5,21.2,25.0,127,0.49999999999999994,-0.8660254037844387,0.8165380514459161,-0.5772916165517272
2025-05-08,19.8,11.0,14.7,0.0,22.883333333333333,5,20.6,19.8,20.5,21.2,128,0.49999999999999994,-0.8660254037844387,0.8064799463209448,-0.5912614448635781
2025-05-09,20.6,9.7,14.5,0.0,22.813333333333333,5,17.8,19.8,19.8,20.5,129,0.49999999999999994,-0.8660254037844387,0.7961828637826158,-0.6050560696488488
2025-05-10,17.8,11.6,14.5,16.2,22.59,5,18.1,20.6,19.8,19.8,130,0.49999999999999994,-0.8660254037844387,0.7856498550787147,-0.6186714032625031
2025-05-11,18.1,10.4,13.4,0.9,22.27,5,20.1,17.8,20.6,19.8,131,0.49999999999999994,-0.8660254037844387,0.7748840413670407,-0.6321034111873487
2025-05-12,20.1,10.8,14.5,0.0,22.279999999999998,5,21.1,18.1,17.8,20.6,132,0.49999999999999994,-0.8660254037844387,0.7638886127905428,-0.6453481132295501
2025-05-13,21.1,11.6,15.7,0.0,22.333333333333336,5,21.5,20.1,18.1,17.8,133,0.49999999999999994,-0.8660254037844387,0.7526668275320085,-0.6584015846980488
2025-05-14,21.5,10.5,15.1,0.0,22.4,5,23.6,21.1,20.1,18.1,134,0.49999999999999994,-0.8660254037844387,0.7412220108485958,-0.6712599575675313
2025-05-15,23.6,11.2,16.6,0.0,22.406666666666663,5,26.7,21.5,21.1,20.1,135,0.49999999999999994,-0.8660254037844387,0.7295575540864875,-0.6839194216246106
2025-05-16,26.7,12.4,18.9,0.0,22.466666666666665,5,23.3,23.6,21.5,21.1,136,0.49999999999999994,-0.8660254037844387,0.717676913675962,-0.6963762255968722
2025-05-17,23.3,12.3,17.1,0.0,22.333333333333332,5,24.7,26.7,23.6,21.5,137,0.49999999999999994,-0.8660254037844387,0.705583610107178,-0.7086266782644596
2025-05-18,24.7,16.9,19.4,0.1,22.123333333333335,5,19.9,23.3,26.7,23.6,138,0.49999999999999994,-0.8660254037844387,0.6932812268869777,-0.7206671495538609
2025-05-19,19.9,15.5,17.3,0.5,22.029999999999998,5,15.3,24.7,23.3,26.7,139,0.49999999999999994,-0.8660254037844387,0.6807734094770161,-0.7324940716135789
2025-05-20,15.3,9.7,13.0,19.2,21.790000000000003,5,16.4,19.9,24.7,23.3,140,0.49999999999999994,-0.8660254037844387,0.6680638642135335,-0.7441039398713607
2025-05-21,16.4,8.6,12.4,0.4,21.62666666666667,5,19.3,15.3,19.9,24.7,141,0.49999999999999994,-0.8660254037844387,0.6551563572090853,-0.7554933140726803
2025-05-22,19.3,12.6,15.0,0.0,21.436666666666667,5,18.9,16.4,15.3,19.9,142,0.49999999999999994,-0.8660254037844387,0.6420547132365637,-0.766658819300159
2025-05-23,18.9,8.5,13.3,0.0,21.256666666666664,5,26.6,19.3,16.4,15.3,143,0.49999999999999994,-0.8660254037844387,0.6287628145958344,-0.7775971469736269
2025-05-24,26.6,10.4,17.4,0.0,21.316666666666666,5,21.4,18.9,19.3,16.4,144,0.49999999999999994,-0.8660254037844387,0.6152845999633276,-0.7883050558305255
2025-05-25,21.4,12.9,16.5,0.0,21.223333333333333,5,16.7,26.6,18.9,19.3,145,0.49999999999999994,-0.8660254037844387,0.6016240632249226,-0.7987793728863649
2025-05-26,16.7,11.1,13.9,2.2,20.89333333333333,5,20.2,21.4,26.6,18.9,146,0.49999999999999994,-0.8660254037844387,0.5877852522924732,-0.8090169943749473
2025-05-27,20.2,8.7,14.1,0.0,20.419999999999998,5,18.5,16.7,21.4,26.6,147,0.49999999999999994,-0.8660254037844387,0.5737722679043246,-0.8190148866680801
2025-05-28,18.5,12.1,14.9,6.8,20.273333333333333,5,18.4,20.2,16.7,21.4,148,0.49999999999999994,-0.8660254037844387,0.5595892624101765,-0.8287700871745038
2025-05-29,18.4,13.5,15.5,4.6,20.220000000000002,5,18.1,18.5,20.2,16.7,149,0.49999999999999994,-0.8660254037844387,0.545240438540651,-0.8382797052177744
2025-05-30,18.1,12.7,14.7,0.9,20.186666666666664,5,18.3,18.4,18.5,20.2,150,0.49999999999999994,-0.8660254037844387,0.5307300481619334,-0.8475409228928311
2025-05-31,18.3,11.6,14.0,0.1,20.266666666666666,5,18.6,18.1,18.4,18.5,151,0.49999999999999994,-0.8660254037844387,0.5160623910158528,-0.8565509959010036
2025-06-01,18.6,11.0,13.9,0.0,20.336666666666666,6,17.5,18.3,18.1,18.4,152,1.2246467991473532e-16,-1.0,0.5012418134457758,-0.865307254363206
2025-06-02,17.5,7.6,12.7,0.0,20.263333333333335,6,15.7,18.6,18.3,18.1,153,1.2246467991473532e-16,-1.0,0.48627270710868997,-0.8738071036110808
2025-06-03,15.7,12.4,13.9,4.7,19.953333333333333,6,17.7,17.5,18.6,18.3,154,1.2246467991473532e-16,-1.0,0.4711595076738638,-0.8820480249558537
2025-06-04,17.7,8.6,13.1,0.0,19.836666666666666,6,18.7,15.7,17.5,18.6,155,1.2246467991473532e-16,-1.0,0.4559066935084588,-0.8900275764346767
2025-06-05,18.7,3.3,10.8,0.0,19.776666666666664,6,16.6,17.7,15.7,17.5,156,1.2246467991473532e-16,-1.0,0.440518784350495,-0.8977433935342337
2025-06-06,16.6,9.6,13.1,0.2,19.67,6,14.8,18.7,17.7,15.7,157,1.2246467991473532e-16,-1.0,0.42500033996955416,-0.9051931898913974
2025-06-07,14.8,10.2,13.2,32.1,19.503333333333334,6,13.9,16.6,18.7,17.7,158,1.2246467991473532e-16,-1.0,0.4093559588156213,-0.9123747579707273
2025-06-08,13.9,8.5,11.1,8.2,19.279999999999998,6,15.5,14.8,16.6,18.7,159,1.2246467991473532e-16,-1.0,0.39359027665646673,-0.9192859697186104
2025-06-09,15.5,9.5,12.0,0.1,19.203333333333333,6,16.4,13.9,14.8,16.6,160,1.2246467991473532e-16,-1.0,0.3777079652039649,-0.9259247771938498
2025-06-10,16.4,7.1,12.0,0.0,19.146666666666665,6,18.1,15.5,13.9,14.8,161,1.2246467991473532e-16,-1.0,0.36171373072976765,-0.9322892131745133
2025-06-11,18.1,4.5,10.9,0.0,19.08,6,18.9,16.4,15.5,13.9,162,1.2246467991473532e-16,-1.0,0.3456123126707335,-0.9383773917408641
2025-06-12,18.9,5.1,10.9,0.0,19.006666666666664,6,22.5,18.1,16.4,15.5,163,1.2246467991473532e-16,-1.0,0.3294084822245304,-0.9441875088341993
2025-06-13,22.5,6.0,12.8,0.0,19.04,6,25.1,18.9,18.1,16.4,164,1.2246467991473532e-16,-1.0,0.3131070409358269,-0.9497178427914316
2025-06-14,25.1,9.4,17.0,0.0,19.09,6,25.0,22.5,18.9,18.1,165,1.2246467991473532e-16,-1.0,0.29671281927349075,-0.9549667548552551
2025-06-15,25.0,14.1,19.0,0.0,19.033333333333335,6,15.7,25.1,22.5,18.9,166,1.2246467991473532e-16,-1.0,0.28023067519921585,-0.9599326896597447
2025-06-16,15.7,11.0,13.4,4.5,18.780000000000005,6,15.3,25.0,25.1,22.5,167,1.2246467991473532e-16,-1.0,0.26366549272800704,-0.9646141756912435
2025-06-17,15.3,8.5,11.8,0.5,18.466666666666665,6,17.2,15.7,25.0,25.1,168,1.2246467991473532e-16,-1.0,0.24702218048093552,-0.9690098257244062
2025-06-18,17.2,10.9,13.2,5.3,18.37666666666667,6,16.1,15.3,15.7,25.0,169,1.2246467991473532e-16,-1.0,0.23030567023061221,-0.9731183372332619
2025-06-19,16.1,9.4,12.4,0.7,18.40333333333333,6,18.3,17.2,15.3,15.7,170,1.2246467991473532e-16,-1.0,0.21352091543979612,-0.9769384927771817
2025-06-20,18.3,12.6,14.7,2.9,18.466666666666665,6,19.8,16.1,17.2,15.3,171,1.2246467991473532e-16,-1.0,0.19667288979357647,-0.980469160361632
2025-06-21,19.8,11.7,14.7,0.3,18.483333333333334,6,15.2,18.3,16.1,17.2,172,1.2246467991473532e-16,-1.0,0.1797665857255624,-0.9837092937736097
2025-06-22,15.2,11.1,12.9,5.3,18.360000000000003,6,17.3,19.8,18.3,16.1,173,1.2246467991473532e-16,-1.0,0.16280701293851715,-0.986657932891657
2025-06-23,17.3,11.4,13.6,0.6,18.05,6,17.3,15.2,19.8,18.3,174,1.2246467991473532e-16,-1.0,0.1457991969198751,-0.9893142039703663
2025-06-24,17.3,9.7,12.9,0.0,17.913333333333338,6,13.1,17.3,15.2,19.8,175,1.2246467991473532e-16,-1.0,0.12874817745258132,-0.99167731989929
2025-06-25,13.1,11.1,12.1,29.6,17.793333333333333,6,13.4,17.3,17.3,15.2,176,1.2246467991473532e-16,-1.0,0.11165900712169512,-0.993746580436178
2025-06-26,13.4,8.3,10.7,12.7,17.566666666666666,6,13.3,13.1,17.3,17.3,177,1.2246467991473532e-16,-1.0,0.09453674981719912,-0.9955213724144752
2025-06-27,13.3,9.3,11.1,4.8,17.39333333333333,6,14.7,13.4,13.1,17.3,178,1.2246467991473532e-16,-1.0,0.07738647923346301,-0.9970011699250151
2025-06-28,14.7,11.6,12.7,6.9,17.27,6,18.4,13.3,13.4,13.1,179,1.2246467991473532e-16,-1.0,0.06021327736579302,-0.9981855344718586
2025-06-29,18.4,10.1,13.5,2.3,17.279999999999998,6,18.0,14.7,13.3,13.4,180,1.2246467991473532e-16,-1.0,0.04302223300453059,-0.99907411510223
2025-06-30,18.0,5.6,11.7,0.0,17.27,6,15.9,18.4,14.7,13.3,181,1.2246467991473532e-16,-1.0,0.02581844022713308,-0.9996666485105112
2025-07-01,15.9,9.9,12.9,0.0,17.18,7,16.5,18.0,18.4,14.7,182,-0.4999999999999997,-0.8660254037844388,0.008606996888688698,-0.9999629591162655
2025-07-02,16.5,12.2,14.0,7.9,17.146666666666665,7,14.0,15.9,18.0,18.4,183,-0.4999999999999997,-0.8660254037844388,-0.008606996888688009,-0.9999629591162655
2025-07-03,14.0,10.1,11.8,32.7,17.089999999999996,7,13.7,16.5,15.9,18.0,184,-0.4999999999999997,-0.8660254037844388,-0.02581844022713239,-0.9996666485105112
2025-07-04,13.7,9.5,11.3,21.0,16.956666666666667,7,14.3,14.0,16.5,15.9,185,-0.4999999999999997,-0.8660254037844388,-0.04302223300453034,-0.99907411510223
2025-07-05,14.3,9.2,11.1,3.5,16.81,7,14.7,13.7,14.0,16.5,186,-0.4999999999999997,-0.8660254037844388,-0.060213277365792774,-0.9981855344718586
2025-07-06,14.7,8.1,10.6,7.2,16.746666666666666,7,15.4,14.3,13.7,14.0,187,-0.4999999999999997,-0.8660254037844388,-0.07738647923346322,-0.9970011699250151
2025-07-07,15.4,7.2,10.5,0.0,16.766666666666666,7,18.6,14.7,14.3,13.7,188,-0.4999999999999997,-0.8660254037844388,-0.09453674981719933,-0.9955213724144752
2025-07-08,18.6,3.7,10.2,0.0,16.923333333333332,7,16.8,15.4,14.7,14.3,189,-0.4999999999999997,-0.8660254037844388,-0.11165900712169444,-0.9937465804361781
2025-07-09,16.8,8.4,12.5,0.0,16.966666666666665,7,16.8,18.6,15.4,14.7,190,-0.4999999999999997,-0.8660254037844388,-0.12874817745258066,-0.99167731989929
2025-07-10,16.8,11.9,13.7,3.9,16.98,7,13.8,16.8,18.6,15.4,191,-0.4999999999999997,-0.8660254037844388,-0.14579919691987442,-0.9893142039703664
2025-07-11,13.8,9.5,12.3,7.7,16.836666666666666,7,14.9,16.8,16.8,18.6,192,-0.4999999999999997,-0.8660254037844388,-0.16280701293851646,-0.9866579328916572
2025-07-12,14.9,2.8,8.9,0.0,16.703333333333333,7,15.2,13.8,16.8,16.8,193,-0.4999999999999997,-0.8660254037844388,-0.17976658572556214,-0.9837092937736098
2025-07-13,15.2,3.8,9.3,0.1,16.46,7,15.9,14.9,13.8,16.8,194,-0.4999999999999997,-0.8660254037844388,-0.19667288979357622,-0.9804691603616321
2025-07-14,15.9,7.4,10.7,0.0,16.153333333333332,7,16.5,15.2,14.9,13.8,195,-0.4999999999999997,-0.8660254037844388,-0.2135209154397959,-0.9769384927771817
2025-07-15,16.5,9.2,12.0,0.0,15.870000000000001,7,17.0,15.9,15.2,14.9,196,-0.4999999999999997,-0.8660254037844388,-0.23030567023061196,-0.973118337233262
2025-07-16,17.0,8.6,12.3,0.0,15.913333333333334,7,16.3,16.5,15.9,15.2,197,-0.4999999999999997,-0.8660254037844388,-0.24702218048093527,-0.9690098257244063
2025-07-17,16.3,10.4,12.8,12.9,15.946666666666665,7,15.0,17.0,16.5,15.9,198,-0.4999999999999997,-0.8660254037844388,-0.2636654927280072,-0.9646141756912435
2025-07-18,15.0,7.4,11.0,0.0,15.873333333333333,7,16.4,16.3,17.0,16.5,199,-0.4999999999999997,-0.8660254037844388,-0.2802306751992161,-0.9599326896597445
2025-07-19,16.4,1.9,9.3,0.0,15.883333333333333,7,18.7,15.0,16.3,17.0,200,-0.4999999999999997,-0.8660254037844388,-0.2967128192734901,-0.9549667548552553
2025-07-20,18.7,4.0,11.1,0.0,15.896666666666668,7,14.8,16.4,15.0,16.3,201,-0.4999999999999997,-0.8660254037844388,-0.3131070409358267,-0.9497178427914317
2025-07-21,14.8,8.9,11.5,1.3,15.73,7,16.9,18.7,16.4,15.0,202,-0.4999999999999997,-0.8660254037844388,-0.3294084822245302,-0.9441875088341994
2025-07-22,16.9,5.8,11.1,0.0,15.786666666666667,7,17.2,14.8,18.7,16.4,203,-0.4999999999999997,-0.8660254037844388,-0.3456123126707333,-0.9383773917408642
2025-07-23,17.2,6.6,11.8,0.0,15.783333333333333,7,16.7,16.9,14.8,18.7,204,-0.4999999999999997,-0.8660254037844388,-0.3617137307297674,-0.9322892131745134
2025-07-24,16.7,12.7,14.2,0.8,15.763333333333332,7,14.6,17.2,16.9,14.8,205,-0.4999999999999997,-0.8660254037844388,-0.37770796520396466,-0.9259247771938499
2025-07-25,14.6,10.3,12.3,2.1,15.813333333333333,7,15.1,16.7,17.2,16.9,206,-0.4999999999999997,-0.8660254037844388,-0.39359027665646645,-0.9192859697186105
2025-07-26,15.1,10.4,12.5,0.0,15.870000000000001,7,19.0,14.6,16.7,17.2,207,-0.4999999999999997,-0.8660254037844388,-0.4093559588156211,-0.9123747579707274
2025-07-27,19.0,6.0,12.2,0.0,16.06,7,21.0,15.1,14.6,16.7,208,-0.4999999999999997,-0.8660254037844388,-0.42500033996955394,-0.9051931898913975
2025-07-28,21.0,3.7,12.1,0.0,16.27,7,26.6,19.0,15.1,14.6,209,-0.4999999999999997,-0.8660254037844388,-0.4405187843504952,-0.8977433935342336
2025-07-29,26.6,9.9,19.3,0.0,16.543333333333333,7,15.9,21.0,19.0,15.1,210,-0.4999999999999997,-0.8660254037844388,-0.455906693508459,-0.8900275764346766
2025-07-30,15.9,13.4,14.4,14.6,16.473333333333333,7,13.3,26.6,21.0,19.0,211,-0.4999999999999997,-0.8660254037844388,-0.47115950767386394,-0.8820480249558535
2025-07-31,13.3,8.3,11.9,4.5,16.386666666666667,7,15.6,15.9,26.6,21.0,212,-0.4999999999999997,-0.8660254037844388,-0.4862727071086902,-0.8738071036110807
2025-08-01,15.6,4.5,9.9,0.0,16.356666666666666,8,23.0,13.3,15.9,26.6,213,-0.8660254037844385,-0.5000000000000004,-0.5012418134457756,-0.8653072543632061
2025-08-02,23.0,3.3,12.7,0.0,16.656666666666666,8,21.2,15.6,13.3,15.9,214,-0.8660254037844385,-0.5000000000000004,-0.5160623910158526,-0.8565509959010037
2025-08-03,21.2,14.1,17.2,0.0,16.906666666666666,8,14.5,23.0,15.6,13.3,215,-0.8660254037844385,-0.5000000000000004,-0.5307300481619331,-0.8475409228928312
2025-08-04,14.5,11.9,13.5,16.9,16.913333333333334,8,14.8,21.2,23.0,15.6,216,-0.8660254037844385,-0.5000000000000004,-0.5452404385406507,-0.8382797052177745
2025-08-05,14.8,9.0,11.6,4.3,16.916666666666668,8,15.1,14.5,21.2,23.0,217,-0.8660254037844385,-0.5000000000000004,-0.5595892624101763,-0.828770087174504
2025-08-06,15.1,7.2,10.5,1.1,16.90666666666667,8,17.0,14.8,14.5,21.2,218,-0.8660254037844385,-0.5000000000000004,-0.5737722679043243,-0.8190148866680802
2025-08-07,17.0,8.2,11.8,0.0,16.853333333333335,8,17.2,15.1,14.8,14.5,219,-0.8660254037844385,-0.5000000000000004,-0.5877852522924734,-0.8090169943749472
2025-08-08,17.2,8.8,12.2,0.0,16.866666666666667,8,14.4,17.0,15.1,14.8,220,-0.8660254037844385,-0.5000000000000004,-0.6016240632249227,-0.7987793728863648
2025-08-09,14.4,9.5,11.7,7.8,16.786666666666665,8,15.2,17.2,17.0,15.1,221,-0.8660254037844385,-0.5000000000000004,-0.6152845999633277,-0.7883050558305253
2025-08-10,15.2,8.9,12.6,3.9,16.833333333333332,8,15.9,14.4,17.2,17.0,222,-0.8660254037844385,-0.5000000000000004,-0.6287628145958345,-0.7775971469736268
2025-08-11,15.9,2.5,10.0,0.0,16.866666666666667,8,16.6,15.2,14.4,17.2,223,-0.8660254037844385,-0.5000000000000004,-0.6420547132365636,-0.7666588193001592
2025-08-12,16.6,7.4,11.9,0.0,16.913333333333334,8,16.4,15.9,15.2,14.4,224,-0.8660254037844385,-0.5000000000000004,-0.655156357209085,-0.7554933140726804
2025-08-13,16.4,5.1,10.6,0.0,16.93,8,15.0,16.6,15.9,15.2,225,-0.8660254037844385,-0.5000000000000004,-0.6680638642135333,-0.7441039398713608
2025-08-14,15.0,5.8,10.8,0.0,16.88,8,16.6,16.4,16.6,15.9,226,-0.8660254037844385,-0.5000000000000004,-0.6807734094770159,-0.7324940716135792
2025-08-15,16.6,9.1,12.5,0.3,16.866666666666667,8,16.9,15.0,16.4,16.6,227,-0.8660254037844385,-0.5000000000000004,-0.6932812268869771,-0.7206671495538615
2025-08-16,16.9,11.3,13.6,2.3,16.886666666666667,8,19.5,16.6,15.0,16.4,228,-0.8660254037844385,-0.5000000000000004,-0.7055836101071774,-0.70862667826446
2025-08-17,19.5,11.3,14.7,0.0,17.03666666666667,8,19.7,16.9,16.6,15.0,229,-0.8660254037844385,-0.5000000000000004,-0.7176769136759615,-0.6963762255968726
2025-08-18,19.7,7.6,13.8,0.0,17.146666666666665,8,18.9,19.5,16.9,16.6,230,-0.8660254037844385,-0.5000000000000004,-0.7295575540864876,-0.6839194216246105
2025-08-19,18.9,11.2,14.7,3.6,17.153333333333332,8,17.7,19.7,19.5,16.9,231,-0.8660254037844385,-0.5000000000000004,-0.7412220108485957,-0.6712599575675315
2025-08-20,17.7,8.6,12.7,4.4,17.25,8,17.3,18.9,19.7,19.5,232,-0.8660254037844385,-0.5000000000000004,-0.7526668275320083,-0.6584015846980489
2025-08-21,17.3,11.3,13.8,1.2,17.263333333333332,8,17.2,17.7,18.9,19.7,233,-0.8660254037844385,-0.5000000000000004,-0.7638886127905429,-0.64534811322955
2025-08-22,17.2,12.0,14.0,2.1,17.263333333333332,8,15.4,17.3,17.7,18.9,234,-0.8660254037844385,-0.5000000000000004,-0.7748840413670406,-0.6321034111873488
2025-08-23,15.4,11.0,13.3,1.5,17.220000000000002,8,16.3,17.2,17.3,17.7,235,-0.8660254037844385,-0.5000000000000004,-0.7856498550787144,-0.6186714032625032
2025-08-24,16.3,9.1,12.0,1.6,17.276666666666664,8,16.3,15.4,17.2,17.3,236,-0.8660254037844385,-0.5000000000000004,-0.7961828637826154,-0.6050560696488494
2025-08-25,16.3,6.7,12.0,0.0,17.316666666666666,8,19.0,16.3,15.4,17.2,237,-0.8660254037844385,-0.5000000000000004,-0.8064799463209447,-0.5912614448635782
2025-08-26,19.0,7.7,13.2,0.0,17.316666666666666,8,18.4,16.3,16.3,15.4,238,-0.8660254037844385,-0.5000000000000004,-0.8165380514459157,-0.5772916165517278
2025-08-27,18.4,10.5,13.9,0.0,17.23,8,19.0,19.0,16.3,16.3,239,-0.8660254037844385,-0.5000000000000004,-0.8263541987239094,-0.5631507242749187
2025-08-28,19.0,11.1,14.8,0.0,16.976666666666667,8,20.0,18.4,19.0,16.3,240,-0.8660254037844385,-0.5000000000000004,-0.8359254794186365,-0.5488429582847199
2025-08-29,20.0,10.5,14.6,0.0,17.113333333333333,8,19.4,19.0,18.4,19.0,241,-0.8660254037844385,-0.5000000000000004,-0.8452490573530634,-0.5343725582809785
2025-08-30,19.4,11.3,14.7,0.0,17.316666666666666,8,18.7,20.0,19.0,18.4,242,-0.8660254037844385,-0.5000000000000004,-0.8543221697498269,-0.5197438121555157
2025-08-31,18.7,8.9,13.5,0.0,17.42,8,21.5,19.4,20.0,19.0,243,-0.8660254037844385,-0.5000000000000004,-0.8631421280499115,-0.5049610547215202
2025-09-01,21.5,10.2,15.3,0.0,17.37,9,20.6,18.7,19.4,20.0,244,-1.0,-1.8369701987210297e-16,-0.8717063187093217,-0.4900286664290594
2025-09-02,20.6,10.1,14.5,0.0,17.35,9,19.3,21.5,18.7,19.4,245,-1.0,-1.8369701987210297e-16,-0.8800122039735356,-0.4749510720670502
2025-09-03,19.3,7.9,13.4,0.0,17.51,9,18.9,20.6,21.5,18.7,246,-1.0,-1.8369701987210297e-16,-0.888057322629493,-0.4597327394521046
2025-09-04,18.9,11.0,14.5,0.3,17.646666666666665,9,17.8,19.3,20.6,21.5,247,-1.0,-1.8369701987210297e-16,-0.8958392907349089,-0.4443781781046134
2025-09-05,17.8,12.8,15.0,0.4,17.736666666666668,9,17.1,18.9,19.3,20.6,248,-1.0,-1.8369701987210297e-16,-0.9033558023246842,-0.4288919379124841
2025-09-06,17.1,9.1,13.6,0.0,17.74,9,19.1,17.8,18.9,19.3,249,-1.0,-1.8369701987210297e-16,-0.9106046300942162,-0.41327860778290443
2025-09-07,19.1,10.5,14.4,0.0,17.803333333333335,9,26.5,17.1,17.8,18.9,250,-1.0,-1.8369701987210297e-16,-0.9175836260593934,-0.3975428142825566
2025-09-08,26.5,9.2,17.3,0.0,18.206666666666663,9,25.7,19.1,17.1,17.8,251,-1.0,-1.8369701987210297e-16,-0.9242907221930934,-0.3816892202666586
2025-09-09,25.7,12.3,16.8,0.0,18.55666666666667,9,19.5,26.5,19.1,17.1,252,-1.0,-1.8369701987210297e-16,-0.9307239310379793,-0.3657225234972692
2025-09-10,19.5,12.5,15.1,0.0,18.67666666666667,9,19.2,25.7,26.5,19.1,253,-1.0,-1.8369701987210297e-16,-0.9368813462954315,-0.34964745525122826
2025-09-11,19.2,13.7,15.3,0.9,18.763333333333332,9,18.7,19.5,25.7,26.5,254,-1.0,-1.8369701987210297e-16,-0.9427611433904206,-0.33346877891818705
2025-09-12,18.7,9.1,14.6,0.0,18.84,9,20.1,19.2,19.5,25.7,255,-1.0,-1.8369701987210297e-16,-0.9483615800121716,-0.31719128858910595
2025-09-13,20.1,14.0,16.1,0.0,19.01,9,21.4,18.7,19.2,19.5,256,-1.0,-1.8369701987210297e-16,-0.9536809966304455,-0.300819807635668
2025-09-14,21.4,9.6,15.0,0.0,19.17,9,17.9,20.1,18.7,19.2,257,-1.0,-1.8369701987210297e-16,-0.9587178169872964,-0.2843591872810036
2025-09-15,17.9,9.4,13.8,6.7,19.203333333333333,9,17.1,21.4,20.1,18.7,258,-1.0,-1.8369701987210297e-16,-0.9634705485641486,-0.26781430516217486
2025-09-16,17.1,11.8,14.2,4.6,19.123333333333335,9,15.7,17.9,21.4,20.1,259,-1.0,-1.8369701987210297e-16,-0.9679377830240642,-0.25119006388481957
2025-09-17,15.7,8.3,12.2,0.0,18.990000000000002,9,16.8,17.1,17.9,21.4,260,-1.0,-1.8369701987210297e-16,-0.9721181966290612,-0.23449138957041052
2025-09-18,16.8,6.7,12.4,0.0,18.92,9,22.3,15.7,17.1,17.9,261,-1.0,-1.8369701987210297e-16,-0.9760105506323682,-0.21772323039653224
2025-09-19,22.3,6.5,14.5,0.0,19.07333333333333,9,20.4,16.8,15.7,17.1,262,-1.0,-1.8369701987210297e-16,-0.9796136916454901,-0.20089055513063528
2025-09-20,20.4,12.0,16.2,0.0,19.17666666666667,9,17.8,22.3,16.8,15.7,263,-1.0,-1.8369701987210297e-16,-0.9829265519799822,-0.18399835165767986
2025-09-21,17.8,10.7,14.1,0.4,19.196666666666665,9,19.4,20.4,22.3,16.8,264,-1.0,-1.8369701987210297e-16,-0.9859481499638303,-0.1670516255021195
2025-09-22,19.4,9.4,14.1,0.6,19.33,9,16.4,17.8,20.4,22.3,265,-1.0,-1.8369701987210297e-16,-0.9886775902323404,-0.15005539834465262
2025-09-23,16.4,6.5,12.4,1.0,19.333333333333332,9,18.6,19.4,17.8,20.4,266,-1.0,-1.8369701987210297e-16,-0.9911140639934546,-0.13301470653419636
2025-09-24,18.6,12.1,14.6,0.0,19.41,9,19.4,16.4,19.4,17.8,267,-1.0,-1.8369701987210297e-16,-0.9932568492674143,-0.11593459959550066
2025-09-25,19.4,7.8,14.0,0.0,19.423333333333332,9,26.6,18.6,16.4,19.4,268,-1.0,-1.8369701987210297e-16,-0.9951053111006974,-0.09882013873287211
2025-09-26,26.6,10.2,17.9,0.0,19.696666666666665,9,23.6,19.4,18.6,16.4,269,-1.0,-1.8369701987210297e-16,-0.99665890175417,-0.08167639533042288
2025-09-27,23.6,11.2,16.6,0.0,19.85,9,19.9,26.6,19.4,18.6,270,-1.0,-1.8369701987210297e-16,-0.9979171608653922,-0.06450844944931625
2025-09-28,19.9,13.8,16.8,0.1,19.846666666666668,9,24.1,23.6,26.6,19.4,271,-1.0,-1.8369701987210297e-16,-0.9988797155850335,-0.04732138832243232
2025-09-29,24.1,14.4,18.2,0.0,20.003333333333334,9,34.6,19.9,23.6,26.6,272,-1.0,-1.8369701987210297e-16,-0.9995462806873573,-0.03012030484690836
2025-09-30,34.6,9.7,21.2,0.0,20.533333333333335,9,20.8,24.1,19.9,23.6,273,-1.0,-1.8369701987210297e-16,-0.9999166586547379,-0.012910296075008843
2025-10-01,20.8,13.4,15.9,2.4,20.509999999999998,10,18.4,34.6,24.1,19.9,274,-0.8660254037844386,0.5000000000000001,-0.9999907397361901,0.004303538296243821
2025-10-02,18.4,12.1,14.6,0.0,20.436666666666664,10,25.7,20.8,34.6,24.1,275,-0.8660254037844386,0.5000000000000001,-0.9997685019798909,0.021516097436222233
2025-10-03,25.7,8.8,17.2,0.0,20.65,10,22.4,18.4,20.8,34.6,276,-0.8660254037844386,0.5000000000000001,-0.9992500112396835,0.03872228089217399
2025-10-04,22.4,10.6,16.5,0.2,20.766666666666666,10,19.1,25.7,18.4,20.8,277,-0.8660254037844386,0.5000000000000001,-0.9984354211555643,0.05591699010060302
2025-10-05,19.1,12.2,15.5,0.1,20.81,10,19.5,22.4,25.7,18.4,278,-0.8660254037844386,0.5000000000000001,-0.9973249731081555,0.07309512989807776
2025-10-06,19.5,13.8,16.1,2.3,20.89,10,20.6,19.1,22.4,25.7,279,-0.8660254037844386,0.5000000000000001,-0.9959189961471792,0.0902516100310407
2025-10-07,20.6,12.2,15.9,0.0,20.94,10,20.9,19.5,19.1,22.4,280,-0.8660254037844386,0.5000000000000001,-0.994217906893952,0.10738134666416306
2025-10-08,20.9,9.3,15.2,0.0,20.753333333333334,10,27.3,20.6,19.5,19.1,281,-0.8660254037844386,0.5000000000000001,-0.9922222094179324,0.12447926388678869
2025-10-09,27.3,11.1,18.5,0.0,20.806666666666665,10,27.0,20.9,20.6,19.5,282,-0.8660254037844386,0.5000000000000001,-0.989932495087353,0.141540295217043
2025-10-10,27.0,13.2,18.7,0.0,21.056666666666665,10,24.1,27.3,20.9,20.6,283,-0.8660254037844386,0.5000000000000001,-0.9873494423939864,0.15855938510313475
2025-10-11,24.1,14.6,17.9,0.0,21.220000000000002,10,23.7,27.0,27.3,20.9,284,-0.8660254037844386,0.5000000000000001,-0.9844738167520923,0.17553149042142777
2025-10-12,23.7,15.9,19.1,0.0,21.386666666666667,10,22.2,24.1,27.0,27.3,285,-0.8660254037844386,0.5000000000000001,-0.9813064702716093,0.19245158197082995
2025-10-13,22.2,13.5,18.1,0.0,21.456666666666663,10,19.8,23.7,24.1,27.0,286,-0.8660254037844386,0.5000000000000001,-0.9778483415056567,0.20931464596304888
2025-10-14,19.8,14.4,16.8,2.2,21.403333333333332,10,19.1,22.2,23.7,24.1,287,-0.8660254037844386,0.5000000000000001,-0.9741004551724206,0.22611568550828803
2025-10-15,19.1,12.0,15.6,0.2,21.443333333333335,10,18.7,19.8,22.2,23.7,288,-0.8660254037844386,0.5000000000000001,-0.970063921851507,0.2428497220959358
2025-10-16,18.7,12.5,15.7,2.8,21.496666666666666,10,27.8,19.1,19.8,22.2,289,-0.8660254037844386,0.5000000000000001,-0.965739937654855,0.25951179706979943
2025-10-17,27.8,7.0,17.7,0.0,21.9,10,19.6,18.7,19.1,19.8,290,-0.8660254037844386,0.5000000000000001,-0.9611297838723007,0.27609697309746883
2025-10-18,19.6,15.1,16.8,1.1,21.993333333333332,10,24.5,27.8,18.7,19.1,291,-0.8660254037844386,0.5000000000000001,-0.9562348265919058,0.2926003356333479
2025-10-19,24.5,14.1,18.6,0.0,22.066666666666666,10,28.8,19.6,27.8,18.7,292,-0.8660254037844386,0.5000000000000001,-0.9510565162951536,0.30901699437494723
2025-10-20,28.8,12.1,20.3,0.0,22.346666666666668,10,31.4,24.5,19.6,27.8,293,-0.8660254037844386,0.5000000000000001,-0.9455963874271428,0.3253420847119795
2025-10-21,31.4,14.3,22.4,0.0,22.8,10,31.6,28.8,24.5,19.6,294,-0.8660254037844386,0.5000000000000001,-0.9398560579418953,0.341570769167856
2025-10-22,31.6,13.9,21.2,0.0,23.206666666666667,10,22.6,31.4,28.8,24.5,295,-0.8660254037844386,0.5000000000000001,-0.9338372288229252,0.35769823883312546
2025-10-23,22.6,13.8,18.0,0.0,23.413333333333338,10,20.4,31.6,31.4,28.8,296,-0.8660254037844386,0.5000000000000001,-0.9275416835791965,0.3737197147904692
2025-10-24,20.4,14.7,17.0,0.0,23.473333333333336,10,19.5,22.6,31.6,31.4,297,-0.8660254037844386,0.5000000000000001,-0.9209712877166347,0.38963044953078774
2025-10-25,19.5,12.5,16.2,2.8,23.47666666666667,10,17.6,20.4,22.6,31.6,298,-0.8660254037844386,0.5000000000000001,-0.9141279881853337,0.4054257283599973
2025-10-26,17.6,11.7,14.4,3.7,23.17666666666667,10,20.4,19.5,20.4,22.6,299,-0.8660254037844386,0.5000000000000001,-0.9070138128026362,0.42110087079608916
2025-10-27,20.4,10.4,15.3,0.0,23.07,10,20.5,17.6,19.5,20.4,300,-0.8660254037844386,0.5000000000000001,-0.8996308696522434,0.4366512319560638
2025-10-28,20.5,12.1,16.6,0.0,23.09,10,21.7,20.4,17.6,19.5,301,-0.8660254037844386,0.5000000000000001,-0.8919813464595487,0.45207220393230374
2025-10-29,21.7,15.4,18.1,0.0,23.009999999999998,10,31.6,20.5,20.4,17.6,302,-0.8660254037844386,0.5000000000000001,-0.8840675099433637,0.46735921715800205
2025-10-30,31.6,13.5,21.6,0.0,22.91,10,22.3,21.7,20.5,20.4,303,-0.8660254037844386,0.5000000000000001,-0.8758917051442433,0.48250774176121763
2025-10-31,22.3,16.0,18.8,0.7,22.96,10,20.6,31.6,21.7,20.5,304,-0.8660254037844386,0.5000000000000001,-0.8674563547295971,0.4975132889071803
2025-11-01,20.6,13.9,16.9,1.9,23.03333333333334,11,21.0,22.3,31.6,21.7,305,-0.5000000000000004,0.8660254037844384,-0.858763958275803,0.5123714121284235
2025-11-02,21.0,11.4,16.7,0.0,22.87666666666667,11,23.3,20.6,22.3,31.6,306,-0.5000000000000004,0.8660254037844384,-0.8498170915275277,0.5270777086423724
2025-11-03,23.3,10.8,16.9,0.0,22.90666666666667,11,22.4,21.0,20.6,22.3,307,-0.5000000000000004,0.8660254037844384,-0.8406184056344783,0.5416278206559811
2025-11-04,22.4,15.6,18.5,0.0,23.016666666666666,11,27.2,23.3,21.0,20.6,308,-0.5000000000000004,0.8660254037844384,-0.8311706263658079,0.5560174366570446
2025-11-05,27.2,15.2,20.9,0.0,23.273333333333333,11,29.9,22.4,23.3,21.0,309,-0.5000000000000004,0.8660254037844384,-0.8214765533024145,0.5702422926917867
2025-11-06,29.9,17.9,22.9,0.0,23.583333333333332,11,34.4,27.2,22.4,23.3,310,-0.5000000000000004,0.8660254037844384,-0.8115390590073611,0.5842981736283683
2025-11-07,34.4,16.0,25.2,0.0,24.033333333333335,11,30.9,29.9,27.2,22.4,311,-0.5000000000000004,0.8660254037844384,-0.801361088174677,0.5981809144059158
2025-11-08,30.9,18.5,25.3,0.0,24.153333333333332,11,29.9,34.4,29.9,27.2,312,-0.5000000000000004,0.8660254037844384,-0.7909456567567774,0.6118864012687242
2025-11-09,29.9,20.1,24.9,0.0,24.25,11,28.6,30.9,34.4,29.9,313,-0.5000000000000004,0.8660254037844384,-0.780295851070776,0.6254105729852457
2025-11-10,28.6,16.5,20.8,0.0,24.4,11,25.9,29.9,30.9,34.4,314,-0.5000000000000004,0.8660254037844384,-0.7694148268839381,0.6387494220515268
2025-11-11,25.9,17.3,20.8,0.1,24.473333333333336,11,25.3,28.6,29.9,30.9,315,-0.5000000000000004,0.8660254037844384,-0.7583058084785625,0.6518989958787125
2025-11-12,25.3,16.6,20.5,0.0,24.576666666666668,11,28.0,25.9,28.6,29.9,316,-0.5000000000000004,0.8660254037844384,-0.7469720876965551,0.6648553979642866
2025-11-13,28.0,16.2,21.8,0.0,24.85,11,25.5,25.3,25.9,28.6,317,-0.5000000000000004,0.8660254037844384,-0.7354170229639858,0.6776147890466887
2025-11-14,25.5,15.8,20.0,0.0,25.063333333333333,11,22.1,28.0,25.3,25.9,318,-0.5000000000000004,0.8660254037844384,-0.7236440382959124,0.690173388242972
2025-11-15,22.1,16.8,19.1,0.0,25.17666666666667,11,25.8,25.5,28.0,25.3,319,-0.5000000000000004,0.8660254037844384,-0.711656622281775,0.7025274741691566
2025-11-16,25.8,16.3,20.4,0.0,25.11,11,30.5,22.1,25.5,28.0,320,-0.5000000000000004,0.8660254037844384,-0.6994583270516471,0.7146733860429608
2025-11-17,30.5,13.8,21.8,0.0,25.473333333333336,11,24.6,25.8,22.1,25.5,321,-0.5000000000000004,0.8660254037844384,-0.6870527672236675,0.7266075247685652
2025-11-18,24.6,15.1,19.9,0.0,25.47666666666667,11,25.4,30.5,25.8,22.1,322,-0.5000000000000004,0.8660254037844384,-0.6744436188329457,0.7383263540031063
2025-11-19,25.4,16.5,20.4,0.0,25.363333333333333,11,25.1,24.6,30.5,25.8,323,-0.5000000000000004,0.8660254037844384,-0.661634618242279,0.749826401204568
2025-11-20,25.1,15.6,20.0,0.0,25.153333333333332,11,27.6,25.4,24.6,30.5,324,-0.5000000000000004,0.8660254037844384,-0.6486295610349818,0.7611042586607742
2025-11-21,27.6,17.4,21.9,0.0,25.02,11,29.9,25.1,25.4,24.6,325,-0.5000000000000004,0.8660254037844384,-0.6354323008901775,0.7721565844991641
2025-11-22,29.9,16.4,22.4,0.0,25.263333333333332,11,25.4,27.6,25.1,25.4,326,-0.5000000000000004,0.8660254037844384,-0.622046748440868,0.7829801036770624
2025-11-23,25.4,18.3,21.2,0.0,25.43,11,24.6,29.9,27.6,25.1,327,-0.5000000000000004,0.8660254037844384,-0.6084768701151264,0.7935716089521472
2025-11-24,24.6,15.3,20.1,0.0,25.6,11,34.5,25.4,29.9,27.6,328,-0.5000000000000004,0.8660254037844384,-0.594726686960764,0.8039279618328208
2025-11-25,34.5,13.3,23.3,0.0,26.163333333333334,11,25.9,24.6,25.4,29.9,329,-0.5000000000000004,0.8660254037844384,-0.5808002734538013,0.8140460935082175
2025-11-26,25.9,17.2,21.2,0.0,26.346666666666668,11,32.6,34.5,24.6,25.4,330,-0.5000000000000004,0.8660254037844384,-0.5667017562911184,0.8239230057575536
2025-11-27,32.6,18.5,25.0,0.0,26.75,11,27.5,25.9,34.5,24.6,331,-0.5000000000000004,0.8660254037844384,-0.5524353131676203,0.8335557718385695
2025-11-28,27.5,16.9,21.9,1.4,26.94333333333333,11,24.1,32.6,25.9,34.5,332,-0.5000000000000004,0.8660254037844384,-0.5380051715382992,0.8429415373547832
2025-11-29,24.1,17.7,20.1,1.9,26.693333333333335,11,27.2,27.5,32.6,25.9,333,-0.5000000000000004,0.8660254037844384,-0.5234156073655503,0.8520775211013093
2025-11-30,27.2,16.8,21.1,0.0,26.856666666666666,11,26.1,24.1,27.5,32.6,334,-0.5000000000000004,0.8660254037844384,-0.5086709438521042,0.8609610158889945
2025-12-01,26.1,15.6,20.7,0.0,27.04,12,24.7,27.2,24.1,27.5,335,-2.4492935982947064e-16,1.0,-0.49377555015997737,0.8695893893466109
2025-12-02,24.7,18.3,21.0,0.0,27.163333333333334,12,29.6,26.1,27.2,24.1,336,-2.4492935982947064e-16,1.0,-0.4787338401157883,0.8779600847008883
2025-12-03,29.6,17.1,23.1,0.0,27.373333333333335,12,32.4,24.7,26.1,27.2,337,-2.4492935982947064e-16,1.0,-0.4635502709028512,0.8860706215341378
2025-12-04,32.4,15.9,22.4,0.0,27.706666666666667,12,24.9,29.6,24.7,26.1,338,-2.4492935982947064e-16,1.0,-0.4482293417404106,0.893918596519257
2025-12-05,24.9,17.5,20.4,0.0,27.63,12,23.6,32.4,29.6,24.7,339,-2.4492935982947064e-16,1.0,-0.4327755925504317,0.9015016841318838
2025-12-06,23.6,17.8,20.5,0.0,27.42,12,27.5,24.9,32.4,29.6,340,-2.4492935982947064e-16,1.0,-0.41719360261231697,0.9088176373395028
2025-12-07,27.5,15.4,20.6,0.0,27.19,12,23.8,23.6,24.9,32.4,341,-2.4492935982947064e-16,1.0,-0.4014879892059737,0.9158642882672868
2025-12-08,23.8,16.1,20.2,0.0,26.953333333333333,12,24.4,27.5,23.6,24.9,342,-2.4492935982947064e-16,1.0,-0.38566340624360745,0.9226395488404875
2025-12-09,24.4,16.9,20.4,0.0,26.77,12,30.8,23.8,27.5,23.6,343,-2.4492935982947064e-16,1.0,-0.3697245428906732,0.9291414114031743
2025-12-10,30.8,16.5,23.5,0.0,26.843333333333337,12,33.6,24.4,23.8,27.5,344,-2.4492935982947064e-16,1.0,-0.3536761221763721,0.935367949313148
2025-12-11,33.6,15.4,23.3,0.0,27.100000000000005,12,24.4,30.8,24.4,23.8,345,-2.4492935982947064e-16,1.0,-0.33752289959411347,0.941317317512847
2025-12-12,24.4,16.1,19.7,2.5,27.07,12,20.6,33.6,30.8,24.4,346,-2.4492935982947064e-16,1.0,-0.32126966169236515,0.9469877530760751
2025-12-13,20.6,12.5,17.2,0.8,26.823333333333334,12,23.7,24.4,33.6,30.8,347,-2.4492935982947064e-16,1.0,-0.3049212246562894,0.9523775757303973
2025-12-14,23.7,12.6,18.1,0.0,26.763333333333332,12,24.7,20.6,24.4,33.6,348,-2.4492935982947064e-16,1.0,-0.2884824328806098,0.9574851883550389
2025-12-15,24.7,15.8,20.2,0.0,26.85,12,27.0,23.7,20.6,24.4,349,-2.4492935982947064e-16,1.0,-0.27195815753410524,0.9623090774541487
2025-12-16,27.0,15.7,21.4,1.4,26.89,12,21.3,24.7,23.7,20.6,350,-2.4492935982947064e-16,1.0,-0.2553532951161881,0.9668478136052773
2025-12-17,21.3,17.0,18.9,0.9,26.583333333333332,12,23.2,27.0,24.7,23.7,351,-2.4492935982947064e-16,1.0,-0.23867276600594997,0.9711000518829505
2025-12-18,23.2,15.2,19.2,0.0,26.53666666666667,12,23.5,21.3,27.0,24.7,352,-2.4492935982947064e-16,1.0,-0.22192151300416674,0.9750645322571945
2025-12-19,23.5,16.0,19.8,0.0,26.473333333333336,12,30.3,23.2,21.3,27.0,353,-2.4492935982947064e-16,1.0,-0.20510449986861926,0.9787400799669153
2025-12-20,30.3,15.7,22.8,0.0,26.646666666666665,12,34.5,23.5,23.2,21.3,354,-2.4492935982947064e-16,1.0,-0.1882267098432439,0.9821256058680006
2025-12-21,34.5,16.5,25.6,0.0,26.876666666666665,12,30.8,30.3,23.5,23.2,355,-2.4492935982947064e-16,1.0,-0.1712931441814778,0.9852201067560606
2025-12-22,30.8,18.9,24.0,0.0,26.90666666666667,12,23.6,34.5,30.3,23.5,356,-2.4492935982947064e-16,1.0,-0.154308820664281,0.9880226656636976
2025-12-23,23.6,19.1,21.3,0.6,26.846666666666668,12,27.9,30.8,34.5,30.3,357,-2.4492935982947064e-16,1.0,-0.13727877211326517,0.9905324521322227
2025-12-24,27.9,18.5,22.3,0.0,26.956666666666667,12,29.0,23.6,30.8,34.5,358,-2.4492935982947064e-16,1.0,-0.12020804489935275,0.9927487224577402
2025-12-25,29.0,17.1,22.7,0.0,26.773333333333333,12,28.8,27.9,23.6,30.8,359,-2.4492935982947064e-16,1.0,-0.10310169744743544,0.9946708199115211
2025-12-26,28.8,17.5,22.6,0.0,26.87,12,27.9,29.0,27.9,23.6,360,-2.4492935982947064e-16,1.0,-0.0859647987374467,0.9962981749346077
2025-12-27,27.9,17.0,22.4,0.0,26.71333333333333,12,30.5,28.8,29.0,27.9,361,-2.4492935982947064e-16,1.0,-0.06880242680232064,0.9976303053065857
2025-12-28,30.5,16.8,23.7,0.0,26.813333333333333,12,35.6,27.9,28.8,29.0,362,-2.4492935982947064e-16,1.0,-0.05161966722325418,0.9986668162884759
2025-12-29,35.6,17.9,27.1,0.0,27.196666666666665,12,30.3,30.5,27.9,28.8,363,-2.4492935982947064e-16,1.0,-0.034421611622745804,0.9994074007397048
2025-12-30,30.3,19.1,22.9,0.0,27.3,12,26.8,35.6,30.5,27.9,364,-2.4492935982947064e-16,1.0,-0.01721335615583528,0.9998518392091162
